{
"type": "FeatureCollection",
"name": "mumbai_survey_points",
"crs": { "type": "name", "properties": { "name": "urn:ogc:def:crs:OGC:1.3:CRS84" } },
"features": [
{"type":"Feature","properties":{"ID":"A1","Northing":2111862.529,"Easting":277144.357,"Elevation":32.724,"Code":"S","row_number":1,"Code_group":"Other / rare"},"geometry":{"type":"Point","coordinates":[72.881876021829981,19.087552926474512]}},
{"type":"Feature","properties":{"ID":"500","Northing":2111928.874,"Easting":277083.571,"Elevation":34.517,"Code":"FT","row_number":2,"Code_group":"FT"},"geometry":{"type":"Point","coordinates":[72.881290951266834,19.088145473274629]}},
{"type":"Feature","properties":{"ID":"501","Northing":2111920.634,"Easting":277082.604,"Elevation":34.584,"Code":"FT","row_number":3,"Code_group":"FT"},"geometry":{"type":"Point","coordinates":[72.881282712107449,19.088070948976764]}},
{"type":"Feature","properties":{"ID":"502","Northing":2111914.33,"Easting":277082.16,"Elevation":34.568,"Code":"FT","row_number":4,"Code_group":"FT"},"geometry":{"type":"Point","coordinates":[72.881279218774836,19.088013966591909]}},
{"type":"Feature","properties":{"ID":"503","Northing":2111913.741,"Easting":277084.527,"Elevation":34.602,"Code":"FT","row_number":5,"Code_group":"FT"},"geometry":{"type":"Point","coordinates":[72.881301772194163,19.088008905733272]}},
{"type":"Feature","properties":{"ID":"504","Northing":2111913.641,"Easting":277084.812,"Elevation":34.605,"Code":"FT","row_number":6,"Code_group":"FT"},"geometry":{"type":"Point","coordinates":[72.881304491093815,19.088008033734628]}},
{"type":"Feature","properties":{"ID":"505","Northing":2111913.31,"Easting":277085.098,"Elevation":34.631,"Code":"FT","row_number":7,"Code_group":"FT"},"geometry":{"type":"Point","coordinates":[72.881307246041715,19.088005075594495]}},
{"type":"Feature","properties":{"ID":"506","Northing":2111912.692,"Easting":277085.302,"Elevation":34.583,"Code":"FT","row_number":8,"Code_group":"FT"},"geometry":{"type":"Point","coordinates":[72.881309255000957,19.087999516486228]}},
{"type":"Feature","properties":{"ID":"507","Northing":2111911.707,"Easting":277085.4,"Elevation":34.727,"Code":"FT","row_number":9,"Code_group":"FT"},"geometry":{"type":"Point","coordinates":[72.881310299173677,19.087990631276469]}},
{"type":"Feature","properties":{"ID":"508","Northing":2111912.851,"Easting":277085.879,"Elevation":34.906,"Code":"CH","row_number":10,"Code_group":"CH"},"geometry":{"type":"Point","coordinates":[72.881314718038226,19.088001015521922]}},
{"type":"Feature","properties":{"ID":"509","Northing":2111912.831,"Easting":277087.041,"Elevation":34.997,"Code":"CH","row_number":11,"Code_group":"CH"},"geometry":{"type":"Point","coordinates":[72.881325758956137,19.088000961857649]}},
{"type":"Feature","properties":{"ID":"510","Northing":2111911.75,"Easting":277087.002,"Elevation":34.932,"Code":"CH","row_number":12,"Code_group":"CH"},"geometry":{"type":"Point","coordinates":[72.881325512706013,19.087991194665445]}},
{"type":"Feature","properties":{"ID":"511","Northing":2111912.82,"Easting":277086.387,"Elevation":34.927,"Code":"CH TOP","row_number":13,"Code_group":"Other / rare"},"geometry":{"type":"Point","coordinates":[72.881319547434572,19.088000791054519]}},
{"type":"Feature","properties":{"ID":"512","Northing":2111902.07,"Easting":277085.481,"Elevation":34.651,"Code":"FT","row_number":14,"Code_group":"FT"},"geometry":{"type":"Point","coordinates":[72.881312176211893,19.087903604636221]}},
{"type":"Feature","properties":{"ID":"513","Northing":2111894.494,"Easting":277085.524,"Elevation":34.796,"Code":"FT","row_number":15,"Code_group":"FT"},"geometry":{"type":"Point","coordinates":[72.881313455390597,19.087835187534917]}},
{"type":"Feature","properties":{"ID":"514","Northing":2111883.431,"Easting":277084.868,"Elevation":34.633,"Code":"FT","row_number":16,"Code_group":"FT"},"geometry":{"type":"Point","coordinates":[72.881308495055038,19.087735201606691]}},
{"type":"Feature","properties":{"ID":"515","Northing":2111872.26,"Easting":277084.339,"Elevation":34.679,"Code":"FT","row_number":17,"Code_group":"FT"},"geometry":{"type":"Point","coordinates":[72.881304753586889,19.087634254164151]}},
{"type":"Feature","properties":{"ID":"516","Northing":2111858.585,"Easting":277083.697,"Elevation":34.678,"Code":"FT","row_number":18,"Code_group":"FT"},"geometry":{"type":"Point","coordinates":[72.881300226432103,19.087510679776841]}},
{"type":"Feature","properties":{"ID":"517","Northing":2111850.768,"Easting":277083.002,"Elevation":34.805,"Code":"FT","row_number":19,"Code_group":"FT"},"geometry":{"type":"Point","coordinates":[72.88129452255798,19.087440005473773]}},
{"type":"Feature","properties":{"ID":"518","Northing":2111840.567,"Easting":277082.186,"Elevation":34.754,"Code":"FT","row_number":20,"Code_group":"FT"},"geometry":{"type":"Point","coordinates":[72.881287943212783,19.087347787118784]}},
{"type":"Feature","properties":{"ID":"519","Northing":2111830.45,"Easting":277081.431,"Elevation":34.723,"Code":"FT","row_number":21,"Code_group":"FT"},"geometry":{"type":"Point","coordinates":[72.881281933693103,19.087256334064982]}},
{"type":"Feature","properties":{"ID":"520","Northing":2111836.021,"Easting":277081.933,"Elevation":34.71,"Code":"FT","row_number":22,"Code_group":"FT"},"geometry":{"type":"Point","coordinates":[72.881286062257644,19.087306702781746]}},
{"type":"Feature","properties":{"ID":"521","Northing":2111822.09,"Easting":277079.161,"Elevation":34.648,"Code":"FT","row_number":23,"Code_group":"FT"},"geometry":{"type":"Point","coordinates":[72.881261330318594,19.087180583630758]}},
{"type":"Feature","properties":{"ID":"522","Northing":2111805.018,"Easting":277074.997,"Elevation":34.458,"Code":"FT","row_number":24,"Code_group":"FT"},"geometry":{"type":"Point","coordinates":[72.881223735925673,19.087025944792959]}},
{"type":"Feature","properties":{"ID":"523","Northing":2111794.353,"Easting":277072.112,"Elevation":34.299,"Code":"FT","row_number":25,"Code_group":"FT"},"geometry":{"type":"Point","coordinates":[72.881197555243588,19.086929309807719]}},
{"type":"Feature","properties":{"ID":"524","Northing":2111789.838,"Easting":277071.291,"Elevation":34.253,"Code":"FT","row_number":26,"Code_group":"FT"},"geometry":{"type":"Point","coordinates":[72.881190274964368,19.086888443382087]}},
{"type":"Feature","properties":{"ID":"525","Northing":2111787.315,"Easting":277071.029,"Elevation":34.144,"Code":"FT","row_number":27,"Code_group":"FT"},"geometry":{"type":"Point","coordinates":[72.881188076030739,19.086865628561146]}},
{"type":"Feature","properties":{"ID":"526","Northing":2111762.104,"Easting":277065.515,"Elevation":33.698,"Code":"FT","row_number":28,"Code_group":"FT"},"geometry":{"type":"Point","coordinates":[72.881138592701888,19.086637335736793]}},
{"type":"Feature","properties":{"ID":"527","Northing":2111751.312,"Easting":277062.845,"Elevation":33.714,"Code":"FT","row_number":29,"Code_group":"FT"},"geometry":{"type":"Point","coordinates":[72.881114469115104,19.086539577252037]}},
{"type":"Feature","properties":{"ID":"528","Northing":2111741.115,"Easting":277060.83,"Elevation":33.485,"Code":"FT","row_number":30,"Code_group":"FT"},"geometry":{"type":"Point","coordinates":[72.881096499393621,19.086447264011404]}},
{"type":"Feature","properties":{"ID":"529","Northing":2111722.799,"Easting":277057.915,"Elevation":33.359,"Code":"FT","row_number":31,"Code_group":"FT"},"geometry":{"type":"Point","coordinates":[72.881070913191365,19.086281526585843]}},
{"type":"Feature","properties":{"ID":"530","Northing":2111717.558,"Easting":277057.045,"Elevation":33.329,"Code":"FT","row_number":32,"Code_group":"FT"},"geometry":{"type":"Point","coordinates":[72.881063250915901,19.086234098016043]}},
{"type":"Feature","properties":{"ID":"531","Northing":2111704.374,"Easting":277054.861,"Elevation":33.293,"Code":"FT","row_number":33,"Code_group":"FT"},"geometry":{"type":"Point","coordinates":[72.881044019111044,19.086114789549431]}},
{"type":"Feature","properties":{"ID":"532","Northing":2111687.957,"Easting":277052.118,"Elevation":33.452,"Code":"FT","row_number":34,"Code_group":"FT"},"geometry":{"type":"Point","coordinates":[72.881019848646289,19.085966221522074]}},
{"type":"Feature","properties":{"ID":"533","Northing":2111682.949,"Easting":277050.631,"Elevation":33.4,"Code":"FT","row_number":35,"Code_group":"FT"},"geometry":{"type":"Point","coordinates":[72.881006298388016,19.085920829846966]}},
{"type":"Feature","properties":{"ID":"534","Northing":2111678.952,"Easting":277049.754,"Elevation":33.336,"Code":"FT","row_number":36,"Code_group":"FT"},"geometry":{"type":"Point","coordinates":[72.880998426664718,19.085884635558735]}},
{"type":"Feature","properties":{"ID":"535","Northing":2111673.669,"Easting":277048.955,"Elevation":33.269,"Code":"FT","row_number":37,"Code_group":"FT"},"geometry":{"type":"Point","coordinates":[72.880991443711437,19.085836835427486]}},
{"type":"Feature","properties":{"ID":"536","Northing":2111670.366,"Easting":277048.468,"Elevation":33.266,"Code":"FT","row_number":38,"Code_group":"FT"},"geometry":{"type":"Point","coordinates":[72.880987197053102,19.085806951537275]}},
{"type":"Feature","properties":{"ID":"537","Northing":2111670.331,"Easting":277048.486,"Elevation":33.282,"Code":"FT","row_number":39,"Code_group":"FT"},"geometry":{"type":"Point","coordinates":[72.880987372067537,19.085806637405494]}},
{"type":"Feature","properties":{"ID":"538","Northing":2111667.762,"Easting":277048.117,"Elevation":33.28,"Code":"FT","row_number":40,"Code_group":"FT"},"geometry":{"type":"Point","coordinates":[72.880984161996139,19.08578339544815]}},
{"type":"Feature","properties":{"ID":"539","Northing":2111666.715,"Easting":277048.064,"Elevation":33.266,"Code":"FT","row_number":41,"Code_group":"FT"},"geometry":{"type":"Point","coordinates":[72.880983778854215,19.085773933793018]}},
{"type":"Feature","properties":{"ID":"540","Northing":2111664.158,"Easting":277048.125,"Elevation":33.218,"Code":"FT","row_number":42,"Code_group":"FT"},"geometry":{"type":"Point","coordinates":[72.880984652207331,19.085750847197509]}},
{"type":"Feature","properties":{"ID":"541","Northing":2111661.415,"Easting":277048.899,"Elevation":33.201,"Code":"FT","row_number":43,"Code_group":"FT"},"geometry":{"type":"Point","coordinates":[72.880992320109655,19.085726158671338]}},
{"type":"Feature","properties":{"ID":"542","Northing":2111659.426,"Easting":277049.98,"Elevation":33.169,"Code":"FT","row_number":44,"Code_group":"FT"},"geometry":{"type":"Point","coordinates":[72.881002817710225,19.085708313356623]}},
{"type":"Feature","properties":{"ID":"543","Northing":2111656.985,"Easting":277052.509,"Elevation":33.005,"Code":"FT","row_number":45,"Code_group":"FT"},"geometry":{"type":"Point","coordinates":[72.881027122588591,19.085686544069901]}},
{"type":"Feature","properties":{"ID":"544","Northing":2111656.438,"Easting":277053.772,"Elevation":33.16,"Code":"FT","row_number":46,"Code_group":"FT"},"geometry":{"type":"Point","coordinates":[72.881039183371797,19.085681741901745]}},
{"type":"Feature","properties":{"ID":"545","Northing":2111655.782,"Easting":277055.142,"Elevation":33.261,"Code":"FT","row_number":47,"Code_group":"FT"},"geometry":{"type":"Point","coordinates":[72.88105227313207,19.085675967002551]}},
{"type":"Feature","properties":{"ID":"546","Northing":2111666.681,"Easting":277045.088,"Elevation":33.347,"Code":"LV","row_number":48,"Code_group":"LV"},"geometry":{"type":"Point","coordinates":[72.880955512121275,19.08577330154208]}},
{"type":"Feature","properties":{"ID":"547","Northing":2111681.806,"Easting":277046.47,"Elevation":33.366,"Code":"LV","row_number":49,"Code_group":"LV"},"geometry":{"type":"Point","coordinates":[72.880966902122765,19.085910052303085]}},
{"type":"Feature","properties":{"ID":"548","Northing":2111704.856,"Easting":277051.526,"Elevation":33.363,"Code":"LV","row_number":50,"Code_group":"LV"},"geometry":{"type":"Point","coordinates":[72.881012282670739,19.086118778271295]}},
{"type":"Feature","properties":{"ID":"549","Northing":2111724.282,"Easting":277055.719,"Elevation":33.34,"Code":"LV","row_number":51,"Code_group":"LV"},"geometry":{"type":"Point","coordinates":[72.88104988168574,19.086294680185084]}},
{"type":"Feature","properties":{"ID":"550","Northing":2111744.922,"Easting":277059.842,"Elevation":33.525,"Code":"LV","row_number":52,"Code_group":"LV"},"geometry":{"type":"Point","coordinates":[72.88108667626409,19.086481538552828]}},
{"type":"Feature","properties":{"ID":"551","Northing":2111763.951,"Easting":277064.152,"Elevation":33.728,"Code":"LV","row_number":53,"Code_group":"LV"},"geometry":{"type":"Point","coordinates":[72.881125432480232,19.086653867783273]}},
{"type":"Feature","properties":{"ID":"552","Northing":2111783.083,"Easting":277068.63,"Elevation":34.035,"Code":"LV","row_number":54,"Code_group":"LV"},"geometry":{"type":"Point","coordinates":[72.881165772854303,19.086827145599781]}},
{"type":"Feature","properties":{"ID":"553","Northing":2111784.131,"Easting":277083.935,"Elevation":33.123,"Code":"LV","row_number":55,"Code_group":"LV"},"geometry":{"type":"Point","coordinates":[72.881311043871619,19.08683828273055]}},
{"type":"Feature","properties":{"ID":"554","Northing":2111778.968,"Easting":277086.061,"Elevation":33.069,"Code":"LV","row_number":56,"Code_group":"LV"},"geometry":{"type":"Point","coordinates":[72.881331833365962,19.086791885944859]}},
{"type":"Feature","properties":{"ID":"555","Northing":2111649.349,"Easting":277050.365,"Elevation":33.174,"Code":"LV","row_number":57,"Code_group":"LV"},"geometry":{"type":"Point","coordinates":[72.881007633183401,19.085617346118227]}},
{"type":"Feature","properties":{"ID":"556","Northing":2111646.533,"Easting":277064.818,"Elevation":33.042,"Code":"LV","row_number":58,"Code_group":"LV"},"geometry":{"type":"Point","coordinates":[72.881145253584023,19.085593492893722]}},
{"type":"Feature","properties":{"ID":"557","Northing":2111645.837,"Easting":277076.853,"Elevation":32.901,"Code":"LV","row_number":59,"Code_group":"LV"},"geometry":{"type":"Point","coordinates":[72.881259660462376,19.08558852193881]}},
{"type":"Feature","properties":{"ID":"558","Northing":2111645.565,"Easting":277091.089,"Elevation":32.691,"Code":"LV","row_number":60,"Code_group":"LV"},"geometry":{"type":"Point","coordinates":[72.881394927096665,19.085587620673124]}},
{"type":"Feature","properties":{"ID":"559","Northing":2111645.204,"Easting":277102.027,"Elevation":32.598,"Code":"LV","row_number":61,"Code_group":"LV"},"geometry":{"type":"Point","coordinates":[72.881498874496998,19.085585555241778]}},
{"type":"Feature","properties":{"ID":"560","Northing":2111644.519,"Easting":277116.119,"Elevation":32.486,"Code":"LV","row_number":62,"Code_group":"LV"},"geometry":{"type":"Point","coordinates":[72.88163282066499,19.085580908105172]}},
{"type":"Feature","properties":{"ID":"561","Northing":2111643.25,"Easting":277128.36,"Elevation":32.427,"Code":"LV","row_number":63,"Code_group":"LV"},"geometry":{"type":"Point","coordinates":[72.88174925028855,19.085570784357465]}},
{"type":"Feature","properties":{"ID":"562","Northing":2111642.828,"Easting":277139.919,"Elevation":32.36,"Code":"LV","row_number":64,"Code_group":"LV"},"geometry":{"type":"Point","coordinates":[72.881859103915659,19.085568235636369]}},
{"type":"Feature","properties":{"ID":"563","Northing":2111643.207,"Easting":277135.138,"Elevation":32.358,"Code":"LV","row_number":65,"Code_group":"LV"},"geometry":{"type":"Point","coordinates":[72.881813643088307,19.085571136339802]}},
{"type":"Feature","properties":{"ID":"564","Northing":2111641.977,"Easting":277155.949,"Elevation":32.213,"Code":"LV","row_number":66,"Code_group":"LV"},"geometry":{"type":"Point","coordinates":[72.88201147926074,19.085562300681165]}},
{"type":"Feature","properties":{"ID":"565","Northing":2111640.133,"Easting":277175.349,"Elevation":32.089,"Code":"LV","row_number":67,"Code_group":"LV"},"geometry":{"type":"Point","coordinates":[72.882195982113345,19.085547765443945]}},
{"type":"Feature","properties":{"ID":"566","Northing":2111639.496,"Easting":277183.96,"Elevation":32.001,"Code":"LV","row_number":68,"Code_group":"LV"},"geometry":{"type":"Point","coordinates":[72.882277855802798,19.085542952784284]}},
{"type":"Feature","properties":{"ID":"567","Northing":2111638.596,"Easting":277193.213,"Elevation":31.916,"Code":"LV","row_number":69,"Code_group":"LV"},"geometry":{"type":"Point","coordinates":[72.882365858402039,19.085535834933925]}},
{"type":"Feature","properties":{"ID":"568","Northing":2111636.437,"Easting":277212.654,"Elevation":31.777,"Code":"LV","row_number":70,"Code_group":"LV"},"geometry":{"type":"Point","coordinates":[72.882550786889411,19.085518458921886]}},
{"type":"Feature","properties":{"ID":"569","Northing":2111634.058,"Easting":277235.007,"Elevation":31.634,"Code":"LV","row_number":71,"Code_group":"LV"},"geometry":{"type":"Point","coordinates":[72.882763403277821,19.085499413731462]}},
{"type":"Feature","properties":{"ID":"570","Northing":2111631.637,"Easting":277255.276,"Elevation":31.519,"Code":"LV","row_number":72,"Code_group":"LV"},"geometry":{"type":"Point","coordinates":[72.882956227427229,19.085479761473703]}},
{"type":"Feature","properties":{"ID":"571","Northing":2111630.759,"Easting":277261.244,"Elevation":31.437,"Code":"LV","row_number":73,"Code_group":"LV"},"geometry":{"type":"Point","coordinates":[72.883013021487528,19.085472483390085]}},
{"type":"Feature","properties":{"ID":"572","Northing":2111629.835,"Easting":277270.08,"Elevation":31.389,"Code":"LV","row_number":74,"Code_group":"LV"},"geometry":{"type":"Point","coordinates":[72.883097065503122,19.085465102909382]}},
{"type":"Feature","properties":{"ID":"573","Northing":2111628.258,"Easting":277282.917,"Elevation":31.301,"Code":"LV","row_number":75,"Code_group":"LV"},"geometry":{"type":"Point","coordinates":[72.883219192140928,19.085452261601286]}},
{"type":"Feature","properties":{"ID":"574","Northing":2111626.894,"Easting":277293.706,"Elevation":31.27,"Code":"LV","row_number":76,"Code_group":"LV"},"geometry":{"type":"Point","coordinates":[72.883321839260034,19.085441120369843]}},
{"type":"Feature","properties":{"ID":"575","Northing":2111624.924,"Easting":277307.24,"Elevation":31.206,"Code":"LV","row_number":77,"Code_group":"LV"},"geometry":{"type":"Point","coordinates":[72.883450632172014,19.085424805637643]}},
{"type":"Feature","properties":{"ID":"576","Northing":2111623.129,"Easting":277319.649,"Elevation":31.134,"Code":"LV","row_number":78,"Code_group":"LV"},"geometry":{"type":"Point","coordinates":[72.883568717999225,19.085409948534561]}},
{"type":"Feature","properties":{"ID":"577","Northing":2111622.6,"Easting":277327.22,"Elevation":31.171,"Code":"LV","row_number":79,"Code_group":"LV"},"geometry":{"type":"Point","coordinates":[72.883640699728744,19.085405997151689]}},
{"type":"Feature","properties":{"ID":"578","Northing":2111620.543,"Easting":277338.996,"Elevation":31.109,"Code":"LV","row_number":80,"Code_group":"LV"},"geometry":{"type":"Point","coordinates":[72.883752802402768,19.085388704620669]}},
{"type":"Feature","properties":{"ID":"579","Northing":2111632.776,"Easting":277327.96,"Elevation":31.13,"Code":"LV","row_number":81,"Code_group":"LV"},"geometry":{"type":"Point","coordinates":[72.883646561329357,19.085497981480088]}},
{"type":"Feature","properties":{"ID":"580","Northing":2111641.485,"Easting":277330.12,"Elevation":31.157,"Code":"LV","row_number":82,"Code_group":"LV"},"geometry":{"type":"Point","coordinates":[72.883666080681294,19.08557687170088]}},
{"type":"Feature","properties":{"ID":"581","Northing":2111654.11,"Easting":277332.968,"Elevation":31.179,"Code":"LV","row_number":83,"Code_group":"LV"},"geometry":{"type":"Point","coordinates":[72.883691686244191,19.085691203981316]}},
{"type":"Feature","properties":{"ID":"582","Northing":2111660.458,"Easting":277334.302,"Elevation":31.244,"Code":"LV","row_number":84,"Code_group":"LV"},"geometry":{"type":"Point","coordinates":[72.883703630000696,19.085748680914353]}},
{"type":"Feature","properties":{"ID":"583","Northing":2111669.666,"Easting":277336.278,"Elevation":31.283,"Code":"LV","row_number":85,"Code_group":"LV"},"geometry":{"type":"Point","coordinates":[72.883721344200211,19.085832057724073]}},
{"type":"Feature","properties":{"ID":"584","Northing":2111681.798,"Easting":277338.987,"Elevation":31.417,"Code":"LV","row_number":86,"Code_group":"LV"},"geometry":{"type":"Point","coordinates":[72.883745685970425,19.085941922350212]}},
{"type":"Feature","properties":{"ID":"585","Northing":2111693.541,"Easting":277341.681,"Elevation":31.423,"Code":"LV","row_number":87,"Code_group":"LV"},"geometry":{"type":"Point","coordinates":[72.883769929922266,19.086048272121698]}},
{"type":"Feature","properties":{"ID":"586","Northing":2111705.756,"Easting":277344.366,"Elevation":31.502,"Code":"LV","row_number":88,"Code_group":"LV"},"geometry":{"type":"Point","coordinates":[72.883794034224749,19.086158883732743]}},
{"type":"Feature","properties":{"ID":"587","Northing":2111718.668,"Easting":277347.11,"Elevation":31.602,"Code":"LV","row_number":89,"Code_group":"LV"},"geometry":{"type":"Point","coordinates":[72.883818619024765,19.086275796669984]}},
{"type":"Feature","properties":{"ID":"588","Northing":2111730.947,"Easting":277349.733,"Elevation":31.573,"Code":"LV","row_number":90,"Code_group":"LV"},"geometry":{"type":"Point","coordinates":[72.883842127056212,19.086386979522633]}},
{"type":"Feature","properties":{"ID":"589","Northing":2111742.54,"Easting":277352.137,"Elevation":31.57,"Code":"LV","row_number":91,"Code_group":"LV"},"geometry":{"type":"Point","coordinates":[72.883863633438025,19.086491942932309]}},
{"type":"Feature","properties":{"ID":"590","Northing":2111755.218,"Easting":277354.813,"Elevation":31.697,"Code":"LV","row_number":92,"Code_group":"LV"},"geometry":{"type":"Point","coordinates":[72.883887599197323,19.086606735096684]}},
{"type":"Feature","properties":{"ID":"591","Northing":2111769.126,"Easting":277357.774,"Elevation":31.809,"Code":"LV","row_number":93,"Code_group":"LV"},"geometry":{"type":"Point","coordinates":[72.88391413119335,19.086732666987658]}},
{"type":"Feature","properties":{"ID":"592","Northing":2111784.545,"Easting":277360.932,"Elevation":31.909,"Code":"LV","row_number":94,"Code_group":"LV"},"geometry":{"type":"Point","coordinates":[72.883942361214949,19.086872266826862]}},
{"type":"Feature","properties":{"ID":"593","Northing":2111797.756,"Easting":277363.832,"Elevation":32.068,"Code":"LV","row_number":95,"Code_group":"LV"},"geometry":{"type":"Point","coordinates":[72.883968393797048,19.086991897169021]}},
{"type":"Feature","properties":{"ID":"594","Northing":2111810.459,"Easting":277366.621,"Elevation":32.123,"Code":"LV","row_number":96,"Code_group":"LV"},"geometry":{"type":"Point","coordinates":[72.883993430254947,19.087106927443575]}},
{"type":"Feature","properties":{"ID":"595","Northing":2111824.752,"Easting":277370.121,"Elevation":32.27,"Code":"LV","row_number":97,"Code_group":"LV"},"geometry":{"type":"Point","coordinates":[72.884025038491899,19.087236395234648]}},
{"type":"Feature","properties":{"ID":"596","Northing":2111835.974,"Easting":277372.296,"Elevation":32.47,"Code":"LV","row_number":98,"Code_group":"LV"},"geometry":{"type":"Point","coordinates":[72.884044412205839,19.087337982996168]}},
{"type":"Feature","properties":{"ID":"597","Northing":2111848.821,"Easting":277375.243,"Elevation":32.63,"Code":"LV","row_number":99,"Code_group":"LV"},"geometry":{"type":"Point","coordinates":[72.884070933162278,19.087454331029456]}},
{"type":"Feature","properties":{"ID":"598","Northing":2111863.434,"Easting":277378.61,"Elevation":32.745,"Code":"LV","row_number":100,"Code_group":"LV"},"geometry":{"type":"Point","coordinates":[72.884101241314653,19.087586674351904]}},
{"type":"Feature","properties":{"ID":"599","Northing":2111875.724,"Easting":277381.117,"Elevation":32.846,"Code":"LV","row_number":101,"Code_group":"LV"},"geometry":{"type":"Point","coordinates":[72.884123646406096,19.087697943877728]}},
{"type":"Feature","properties":{"ID":"600","Northing":2111887.13,"Easting":277383.598,"Elevation":32.927,"Code":"LV","row_number":102,"Code_group":"LV"},"geometry":{"type":"Point","coordinates":[72.884145905988248,19.087801226803236]}},
{"type":"Feature","properties":{"ID":"601","Northing":2111897.657,"Easting":277386.024,"Elevation":33.0,"Code":"LV","row_number":103,"Code_group":"LV"},"geometry":{"type":"Point","coordinates":[72.884167743994524,19.087896565121085]}},
{"type":"Feature","properties":{"ID":"602","Northing":2111907.906,"Easting":277388.243,"Elevation":33.066,"Code":"LV","row_number":104,"Code_group":"LV"},"geometry":{"type":"Point","coordinates":[72.884187647491331,19.087989370120361]}},
{"type":"Feature","properties":{"ID":"603","Northing":2111920.655,"Easting":277391.135,"Elevation":33.169,"Code":"LV","row_number":105,"Code_group":"LV"},"geometry":{"type":"Point","coordinates":[72.88421365736977,19.088104827066012]}},
{"type":"Feature","properties":{"ID":"604","Northing":2111934.699,"Easting":277394.214,"Elevation":33.235,"Code":"LV","row_number":106,"Code_group":"LV"},"geometry":{"type":"Point","coordinates":[72.884241295091741,19.088232000084282]}},
{"type":"Feature","properties":{"ID":"605","Northing":2111945.92,"Easting":277396.733,"Elevation":33.322,"Code":"LV","row_number":107,"Code_group":"LV"},"geometry":{"type":"Point","coordinates":[72.884263937006139,19.088333616340222]}},
{"type":"Feature","properties":{"ID":"606","Northing":2111955.959,"Easting":277398.804,"Elevation":33.299,"Code":"LV","row_number":108,"Code_group":"LV"},"geometry":{"type":"Point","coordinates":[72.884282458727981,19.08842450859143]}},
{"type":"Feature","properties":{"ID":"607","Northing":2111968.046,"Easting":277401.418,"Elevation":33.412,"Code":"LV","row_number":109,"Code_group":"LV"},"geometry":{"type":"Point","coordinates":[72.884305903764556,19.088533956408014]}},
{"type":"Feature","properties":{"ID":"608","Northing":2111981.093,"Easting":277404.122,"Elevation":33.435,"Code":"LV","row_number":110,"Code_group":"LV"},"geometry":{"type":"Point","coordinates":[72.8843300936216,19.088652084192628]}},
{"type":"Feature","properties":{"ID":"609","Northing":2111991.977,"Easting":277406.415,"Elevation":33.487,"Code":"LV","row_number":111,"Code_group":"LV"},"geometry":{"type":"Point","coordinates":[72.88435062735843,19.088750632201386]}},
{"type":"Feature","properties":{"ID":"610","Northing":2112005.375,"Easting":277409.247,"Elevation":33.533,"Code":"LV","row_number":112,"Code_group":"LV"},"geometry":{"type":"Point","coordinates":[72.884375992946133,19.088871943973075]}},
{"type":"Feature","properties":{"ID":"611","Northing":2112014.484,"Easting":277411.068,"Elevation":33.532,"Code":"LV","row_number":113,"Code_group":"LV"},"geometry":{"type":"Point","coordinates":[72.884392246556601,19.088954409735166]}},
{"type":"Feature","properties":{"ID":"612","Northing":2112025.229,"Easting":277413.489,"Elevation":33.559,"Code":"LV","row_number":114,"Code_group":"LV"},"geometry":{"type":"Point","coordinates":[72.884414012270042,19.089051716341732]}},
{"type":"Feature","properties":{"ID":"613","Northing":2112037.58,"Easting":277416.263,"Elevation":33.563,"Code":"LV","row_number":115,"Code_group":"LV"},"geometry":{"type":"Point","coordinates":[72.884438947102183,19.089163565899923]}},
{"type":"Feature","properties":{"ID":"614","Northing":2112049.661,"Easting":277419.002,"Elevation":33.602,"Code":"LV","row_number":116,"Code_group":"LV"},"geometry":{"type":"Point","coordinates":[72.884463580455304,19.089272973158412]}},
{"type":"Feature","properties":{"ID":"615","Northing":2112062.668,"Easting":277421.853,"Elevation":33.608,"Code":"LV","row_number":117,"Code_group":"LV"},"geometry":{"type":"Point","coordinates":[72.884489171535037,19.089390755717165]}},
{"type":"Feature","properties":{"ID":"616","Northing":2112074.684,"Easting":277424.536,"Elevation":33.748,"Code":"LV","row_number":118,"Code_group":"LV"},"geometry":{"type":"Point","coordinates":[72.884513280411781,19.089499569821509]}},
{"type":"Feature","properties":{"ID":"617","Northing":2112087.389,"Easting":277427.391,"Elevation":33.917,"Code":"LV","row_number":119,"Code_group":"LV"},"geometry":{"type":"Point","coordinates":[72.884538944203129,19.089614625329297]}},
{"type":"Feature","properties":{"ID":"618","Northing":2112099.512,"Easting":277430.188,"Elevation":33.971,"Code":"LV","row_number":120,"Code_group":"LV"},"geometry":{"type":"Point","coordinates":[72.884564123826394,19.089724418229334]}},
{"type":"Feature","properties":{"ID":"619","Northing":2112113.597,"Easting":277433.448,"Elevation":33.963,"Code":"LV","row_number":121,"Code_group":"LV"},"geometry":{"type":"Point","coordinates":[72.884593476717157,19.089851981261457]}},
{"type":"Feature","properties":{"ID":"620","Northing":2112127.228,"Easting":277436.46,"Elevation":33.978,"Code":"LV","row_number":122,"Code_group":"LV"},"geometry":{"type":"Point","coordinates":[72.884620525793252,19.089975416975648]}},
{"type":"Feature","properties":{"ID":"621","Northing":2112140.985,"Easting":277439.605,"Elevation":33.965,"Code":"LV","row_number":123,"Code_group":"LV"},"geometry":{"type":"Point","coordinates":[72.884648823915271,19.09010000515601]}},
{"type":"Feature","properties":{"ID":"622","Northing":2112152.143,"Easting":277441.873,"Elevation":34.008,"Code":"LV","row_number":124,"Code_group":"LV"},"geometry":{"type":"Point","coordinates":[72.884669088992055,19.090201025027888]}},
{"type":"Feature","properties":{"ID":"623","Northing":2112163.924,"Easting":277444.042,"Elevation":34.028,"Code":"LV","row_number":125,"Code_group":"LV"},"geometry":{"type":"Point","coordinates":[72.884688342108689,19.090307660663676]}},
{"type":"Feature","properties":{"ID":"624","Northing":2112175.763,"Easting":277446.339,"Elevation":34.031,"Code":"LV","row_number":126,"Code_group":"LV"},"geometry":{"type":"Point","coordinates":[72.884708804565221,19.090414834085212]}},
{"type":"Feature","properties":{"ID":"625","Northing":2112187.955,"Easting":277448.93,"Elevation":34.104,"Code":"LV","row_number":127,"Code_group":"LV"},"geometry":{"type":"Point","coordinates":[72.884732019482996,19.090525227667847]}},
{"type":"Feature","properties":{"ID":"626","Northing":2112196.859,"Easting":277450.73,"Elevation":34.113,"Code":"LV","row_number":128,"Code_group":"LV"},"geometry":{"type":"Point","coordinates":[72.884748097376445,19.09060583968796]}},
{"type":"Feature","properties":{"ID":"627","Northing":2112206.859,"Easting":277452.85,"Elevation":34.193,"Code":"LV","row_number":129,"Code_group":"LV"},"geometry":{"type":"Point","coordinates":[72.88476708945683,19.090696385040516]}},
{"type":"Feature","properties":{"ID":"628","Northing":2112218.721,"Easting":277455.571,"Elevation":34.236,"Code":"LV","row_number":130,"Code_group":"LV"},"geometry":{"type":"Point","coordinates":[72.884791577284659,19.090803812439098]}},
{"type":"Feature","properties":{"ID":"629","Northing":2112227.348,"Easting":277457.801,"Elevation":34.27,"Code":"LV","row_number":131,"Code_group":"LV"},"geometry":{"type":"Point","coordinates":[72.884811771947042,19.090881969670132]}},
{"type":"Feature","properties":{"ID":"630","Northing":2112236.683,"Easting":277459.596,"Elevation":34.331,"Code":"LV","row_number":132,"Code_group":"LV"},"geometry":{"type":"Point","coordinates":[72.88482775293626,19.090966473677963]}},
{"type":"Feature","properties":{"ID":"631","Northing":2112245.827,"Easting":277461.454,"Elevation":34.322,"Code":"LV","row_number":133,"Code_group":"LV"},"geometry":{"type":"Point","coordinates":[72.88484435434755,19.091049259559846]}},
{"type":"Feature","properties":{"ID":"632","Northing":2112254.94,"Easting":277463.428,"Elevation":34.326,"Code":"LV","row_number":134,"Code_group":"LV"},"geometry":{"type":"Point","coordinates":[72.884862061313825,19.091131778122858]}},
{"type":"Feature","properties":{"ID":"633","Northing":2112266.069,"Easting":277465.769,"Elevation":34.426,"Code":"LV","row_number":135,"Code_group":"LV"},"geometry":{"type":"Point","coordinates":[72.884883023400604,19.091232544038604]}},
{"type":"Feature","properties":{"ID":"634","Northing":2112278.928,"Easting":277468.517,"Elevation":34.438,"Code":"LV","row_number":136,"Code_group":"LV"},"geometry":{"type":"Point","coordinates":[72.884907653432748,19.091348978688341]}},
{"type":"Feature","properties":{"ID":"635","Northing":2112290.944,"Easting":277470.962,"Elevation":34.559,"Code":"LV","row_number":137,"Code_group":"LV"},"geometry":{"type":"Point","coordinates":[72.88492950176213,19.091457766805263]}},
{"type":"Feature","properties":{"ID":"636","Northing":2112304.522,"Easting":277473.96,"Elevation":34.677,"Code":"LV","row_number":138,"Code_group":"LV"},"geometry":{"type":"Point","coordinates":[72.88495642431036,19.091580722307356]}},
{"type":"Feature","properties":{"ID":"637","Northing":2112317.281,"Easting":277477.34,"Elevation":34.771,"Code":"LV","row_number":139,"Code_group":"LV"},"geometry":{"type":"Point","coordinates":[72.884987069836342,19.091696322760079]}},
{"type":"Feature","properties":{"ID":"638","Northing":2112329.044,"Easting":277479.913,"Elevation":34.842,"Code":"LV","row_number":140,"Code_group":"LV"},"geometry":{"type":"Point","coordinates":[72.885010163261299,19.091802839891319]}},
{"type":"Feature","properties":{"ID":"639","Northing":2112341.294,"Easting":277482.482,"Elevation":34.93,"Code":"LV","row_number":141,"Code_group":"LV"},"geometry":{"type":"Point","coordinates":[72.885033162824854,19.091913754879915]}},
{"type":"Feature","properties":{"ID":"640","Northing":2112353.879,"Easting":277485.378,"Elevation":34.882,"Code":"LV","row_number":142,"Code_group":"LV"},"geometry":{"type":"Point","coordinates":[72.885059230445194,19.092027731061695]}},
{"type":"Feature","properties":{"ID":"641","Northing":2112365.151,"Easting":277487.595,"Elevation":34.877,"Code":"LV","row_number":143,"Code_group":"LV"},"geometry":{"type":"Point","coordinates":[72.885078998308018,19.092129774931976]}},
{"type":"Feature","properties":{"ID":"642","Northing":2112517.727,"Easting":277469.14,"Elevation":35.618,"Code":"LV","row_number":144,"Code_group":"LV"},"geometry":{"type":"Point","coordinates":[72.884886166610798,19.093505737160548]}},
{"type":"Feature","properties":{"ID":"643","Northing":2112519.087,"Easting":277464.613,"Elevation":35.523,"Code":"LV","row_number":145,"Code_group":"LV"},"geometry":{"type":"Point","coordinates":[72.884843003982297,19.093517525926742]}},
{"type":"Feature","properties":{"ID":"644","Northing":2112522.836,"Easting":277437.037,"Elevation":35.207,"Code":"LV","row_number":146,"Code_group":"LV"},"geometry":{"type":"Point","coordinates":[72.884580601426805,19.093548375606009]}},
{"type":"Feature","properties":{"ID":"645","Northing":2112533.273,"Easting":277405.885,"Elevation":34.861,"Code":"LV","row_number":147,"Code_group":"LV"},"geometry":{"type":"Point","coordinates":[72.884283458972675,19.093639236622874]}},
{"type":"Feature","properties":{"ID":"646","Northing":2112537.919,"Easting":277394.814,"Elevation":34.706,"Code":"LV","row_number":148,"Code_group":"LV"},"geometry":{"type":"Point","coordinates":[72.884177750933446,19.093679988174443]}},
{"type":"Feature","properties":{"ID":"647","Northing":2112544.307,"Easting":277379.623,"Elevation":34.52,"Code":"LV","row_number":149,"Code_group":"LV"},"geometry":{"type":"Point","coordinates":[72.884032702770469,19.093736022644435]}},
{"type":"Feature","properties":{"ID":"648","Northing":2112550.965,"Easting":277364.124,"Elevation":34.339,"Code":"LV","row_number":150,"Code_group":"LV"},"geometry":{"type":"Point","coordinates":[72.883884697510965,19.093794461845739]}},
{"type":"Feature","properties":{"ID":"649","Northing":2112563.073,"Easting":277303.234,"Elevation":33.789,"Code":"LV","row_number":151,"Code_group":"LV"},"geometry":{"type":"Point","coordinates":[72.883304850786317,19.09389716615545]}},
{"type":"Feature","properties":{"ID":"650","Northing":2112556.543,"Easting":277300.462,"Elevation":33.745,"Code":"LV","row_number":152,"Code_group":"LV"},"geometry":{"type":"Point","coordinates":[72.883279266764745,19.093837888466503]}},
{"type":"Feature","properties":{"ID":"651","Northing":2112542.907,"Easting":277295.759,"Elevation":33.852,"Code":"LV","row_number":153,"Code_group":"LV"},"geometry":{"type":"Point","coordinates":[72.883236154439615,19.093714222832784]}},
{"type":"Feature","properties":{"ID":"652","Northing":2112527.977,"Easting":277290.3,"Elevation":34.113,"Code":"LV","row_number":154,"Code_group":"LV"},"geometry":{"type":"Point","coordinates":[72.883186008800863,19.093578788016732]}},
{"type":"Feature","properties":{"ID":"653","Northing":2112516.965,"Easting":277284.983,"Elevation":34.299,"Code":"LV","row_number":155,"Code_group":"LV"},"geometry":{"type":"Point","coordinates":[72.883136762190986,19.093478753700072]}},
{"type":"Feature","properties":{"ID":"654","Northing":2112507.024,"Easting":277280.307,"Elevation":34.494,"Code":"LV","row_number":156,"Code_group":"LV"},"geometry":{"type":"Point","coordinates":[72.883093482106446,19.093388461995431]}},
{"type":"Feature","properties":{"ID":"655","Northing":2112497.804,"Easting":277275.507,"Elevation":34.795,"Code":"LV","row_number":157,"Code_group":"LV"},"geometry":{"type":"Point","coordinates":[72.883048941246116,19.093304668377801]}},
{"type":"Feature","properties":{"ID":"656","Northing":2112484.282,"Easting":277269.069,"Elevation":35.096,"Code":"LV","row_number":158,"Code_group":"LV"},"geometry":{"type":"Point","coordinates":[72.882989333636388,19.093181842821615]}},
{"type":"Feature","properties":{"ID":"657","Northing":2112472.87,"Easting":277262.7,"Elevation":35.195,"Code":"LV","row_number":159,"Code_group":"LV"},"geometry":{"type":"Point","coordinates":[72.88293013922133,19.0930780810275]}},
{"type":"Feature","properties":{"ID":"658","Northing":2112455.611,"Easting":277254.689,"Elevation":35.247,"Code":"LV","row_number":160,"Code_group":"LV"},"geometry":{"type":"Point","coordinates":[72.882856017617996,19.092921333343789]}},
{"type":"Feature","properties":{"ID":"659","Northing":2112443.65,"Easting":277249.401,"Elevation":35.408,"Code":"LV","row_number":161,"Code_group":"LV"},"geometry":{"type":"Point","coordinates":[72.882807155887321,19.092812731345798]}},
{"type":"Feature","properties":{"ID":"660","Northing":2112432.44,"Easting":277244.48,"Elevation":35.741,"Code":"LV","row_number":162,"Code_group":"LV"},"geometry":{"type":"Point","coordinates":[72.882761694420424,19.092710951997148]}},
{"type":"Feature","properties":{"ID":"661","Northing":2112422.082,"Easting":277241.167,"Elevation":36.044,"Code":"LV","row_number":163,"Code_group":"LV"},"geometry":{"type":"Point","coordinates":[72.882731411034385,19.092617043006875]}},
{"type":"Feature","properties":{"ID":"662","Northing":2112408.618,"Easting":277237.166,"Elevation":36.331,"Code":"LV","row_number":164,"Code_group":"LV"},"geometry":{"type":"Point","coordinates":[72.882694948545975,19.092495007369042]}},
{"type":"Feature","properties":{"ID":"663","Northing":2112396.322,"Easting":277234.152,"Elevation":36.409,"Code":"LV","row_number":165,"Code_group":"LV"},"geometry":{"type":"Point","coordinates":[72.882667728349247,19.092383628191445]}},
{"type":"Feature","properties":{"ID":"664","Northing":2112381.847,"Easting":277231.787,"Elevation":36.602,"Code":"LV","row_number":166,"Code_group":"LV"},"geometry":{"type":"Point","coordinates":[72.882646923964415,19.092252640491367]}},
{"type":"Feature","properties":{"ID":"665","Northing":2112368.564,"Easting":277230.594,"Elevation":36.699,"Code":"LV","row_number":167,"Code_group":"LV"},"geometry":{"type":"Point","coordinates":[72.882637116561355,19.092132546213225]}},
{"type":"Feature","properties":{"ID":"666","Northing":2112356.313,"Easting":277227.274,"Elevation":36.822,"Code":"LV","row_number":168,"Code_group":"LV"},"geometry":{"type":"Point","coordinates":[72.882606984295535,19.092021540024209]}},
{"type":"Feature","properties":{"ID":"667","Northing":2112343.895,"Easting":277225.033,"Elevation":36.761,"Code":"LV","row_number":169,"Code_group":"LV"},"geometry":{"type":"Point","coordinates":[72.882587121643894,19.091909143438095]}},
{"type":"Feature","properties":{"ID":"668","Northing":2112329.548,"Easting":277221.888,"Elevation":36.86,"Code":"LV","row_number":170,"Code_group":"LV"},"geometry":{"type":"Point","coordinates":[72.882558892719146,19.091779226561346]}},
{"type":"Feature","properties":{"ID":"669","Northing":2112310.591,"Easting":277216.944,"Elevation":36.714,"Code":"LV","row_number":171,"Code_group":"LV"},"geometry":{"type":"Point","coordinates":[72.882514103159139,19.091607478477563]}},
{"type":"Feature","properties":{"ID":"670","Northing":2112292.232,"Easting":277212.581,"Elevation":36.723,"Code":"LV","row_number":172,"Code_group":"LV"},"geometry":{"type":"Point","coordinates":[72.882474764398495,19.091441194619367]}},
{"type":"Feature","properties":{"ID":"671","Northing":2112273.679,"Easting":277209.169,"Elevation":36.672,"Code":"LV","row_number":173,"Code_group":"LV"},"geometry":{"type":"Point","coordinates":[72.882444482360668,19.091273262538788]}},
{"type":"Feature","properties":{"ID":"672","Northing":2112259.181,"Easting":277205.974,"Elevation":36.652,"Code":"LV","row_number":174,"Code_group":"LV"},"geometry":{"type":"Point","coordinates":[72.882415795959957,19.091141976451617]}},
{"type":"Feature","properties":{"ID":"673","Northing":2112245.654,"Easting":277202.475,"Elevation":36.549,"Code":"LV","row_number":175,"Code_group":"LV"},"geometry":{"type":"Point","coordinates":[72.882384110081048,19.09101942663974]}},
{"type":"Feature","properties":{"ID":"674","Northing":2112225.364,"Easting":277196.281,"Elevation":36.407,"Code":"LV","row_number":176,"Code_group":"LV"},"geometry":{"type":"Point","coordinates":[72.88232759917679,19.090835503159489]}},
{"type":"Feature","properties":{"ID":"675","Northing":2112210.992,"Easting":277191.43,"Elevation":36.379,"Code":"LV","row_number":177,"Code_group":"LV"},"geometry":{"type":"Point","coordinates":[72.882283166709584,19.090705174138694]}},
{"type":"Feature","properties":{"ID":"676","Northing":2112195.451,"Easting":277186.795,"Elevation":36.327,"Code":"LV","row_number":178,"Code_group":"LV"},"geometry":{"type":"Point","coordinates":[72.882240920576663,19.09056431100931]}},
{"type":"Feature","properties":{"ID":"677","Northing":2112178.997,"Easting":277181.385,"Elevation":36.267,"Code":"LV","row_number":179,"Code_group":"LV"},"geometry":{"type":"Point","coordinates":[72.88219141704694,19.090415117560834]}},
{"type":"Feature","properties":{"ID":"678","Northing":2112161.946,"Easting":277175.243,"Elevation":36.165,"Code":"LV","row_number":180,"Code_group":"LV"},"geometry":{"type":"Point","coordinates":[72.882135028329245,19.090260452406241]}},
{"type":"Feature","properties":{"ID":"679","Northing":2112144.759,"Easting":277168.998,"Elevation":36.08,"Code":"LV","row_number":181,"Code_group":"LV"},"geometry":{"type":"Point","coordinates":[72.882077676850315,19.090104547721666]}},
{"type":"Feature","properties":{"ID":"680","Northing":2112125.963,"Easting":277162.175,"Elevation":35.876,"Code":"LV","row_number":182,"Code_group":"LV"},"geometry":{"type":"Point","coordinates":[72.882015019467076,19.08993404838024]}},
{"type":"Feature","properties":{"ID":"681","Northing":2112110.106,"Easting":277155.11,"Elevation":35.75,"Code":"LV","row_number":183,"Code_group":"LV"},"geometry":{"type":"Point","coordinates":[72.881949725542256,19.089790065847247]}},
{"type":"Feature","properties":{"ID":"682","Northing":2112095.124,"Easting":277147.926,"Elevation":35.56,"Code":"LV","row_number":184,"Code_group":"LV"},"geometry":{"type":"Point","coordinates":[72.881883200702163,19.089653972766378]}},
{"type":"Feature","properties":{"ID":"683","Northing":2112072.551,"Easting":277137.318,"Elevation":35.3,"Code":"LV","row_number":185,"Code_group":"LV"},"geometry":{"type":"Point","coordinates":[72.881785021079224,19.089448948330684]}},
{"type":"Feature","properties":{"ID":"684","Northing":2112052.513,"Easting":277127.659,"Elevation":35.068,"Code":"LV","row_number":186,"Code_group":"LV"},"geometry":{"type":"Point","coordinates":[72.881695565623318,19.089266922112749]}},
{"type":"Feature","properties":{"ID":"685","Northing":2112036.923,"Easting":277120.073,"Elevation":34.883,"Code":"LV","row_number":187,"Code_group":"LV"},"geometry":{"type":"Point","coordinates":[72.881625292140299,19.089125293968646]}},
{"type":"Feature","properties":{"ID":"686","Northing":2112025.03,"Easting":277114.457,"Elevation":34.757,"Code":"LV","row_number":188,"Code_group":"LV"},"geometry":{"type":"Point","coordinates":[72.881573308371969,19.089017270085996]}},
{"type":"Feature","properties":{"ID":"687","Northing":2112008.28,"Easting":277107.158,"Elevation":34.693,"Code":"LV","row_number":189,"Code_group":"LV"},"geometry":{"type":"Point","coordinates":[72.881505894813074,19.08886519685808]}},
{"type":"Feature","properties":{"ID":"688","Northing":2111991.631,"Easting":277099.492,"Elevation":34.625,"Code":"LV","row_number":190,"Code_group":"LV"},"geometry":{"type":"Point","coordinates":[72.881434983362681,19.08871399568655]}},
{"type":"Feature","properties":{"ID":"689","Northing":2111973.759,"Easting":277092.549,"Elevation":34.63,"Code":"LV","row_number":191,"Code_group":"LV"},"geometry":{"type":"Point","coordinates":[72.881371080874288,19.088551828107594]}},
{"type":"Feature","properties":{"ID":"690","Northing":2111959.062,"Easting":277087.834,"Elevation":34.594,"Code":"LV","row_number":192,"Code_group":"LV"},"geometry":{"type":"Point","coordinates":[72.881327978911301,19.088418578615858]}},
{"type":"Feature","properties":{"ID":"691","Northing":2111947.073,"Easting":277084.973,"Elevation":34.577,"Code":"LV","row_number":193,"Code_group":"LV"},"geometry":{"type":"Point","coordinates":[72.881302178195895,19.088309988696633]}},
{"type":"Feature","properties":{"ID":"692","Northing":2111936.968,"Easting":277083.15,"Elevation":34.545,"Code":"LV","row_number":194,"Code_group":"LV"},"geometry":{"type":"Point","coordinates":[72.881286021647682,19.088218527329065]}},
{"type":"Feature","properties":{"ID":"693","Northing":2111925.242,"Easting":277081.993,"Elevation":34.571,"Code":"LV","row_number":195,"Code_group":"LV"},"geometry":{"type":"Point","coordinates":[72.881276378202273,19.088112498852041]}},
{"type":"Feature","properties":{"ID":"694","Northing":2111914.325,"Easting":277081.508,"Elevation":34.584,"Code":"LV","row_number":196,"Code_group":"LV"},"geometry":{"type":"Point","coordinates":[72.881273025562777,19.088013850194031]}},
{"type":"Feature","properties":{"ID":"695","Northing":2111903.498,"Easting":277081.632,"Elevation":34.639,"Code":"LV","row_number":197,"Code_group":"LV"},"geometry":{"type":"Point","coordinates":[72.881275447874657,19.087916080902616]}},
{"type":"Feature","properties":{"ID":"696","Northing":2111891.525,"Easting":277082.176,"Elevation":34.685,"Code":"LV","row_number":198,"Code_group":"LV"},"geometry":{"type":"Point","coordinates":[72.881281991744245,19.087808007529681]}},
{"type":"Feature","properties":{"ID":"697","Northing":2111988.501,"Easting":277104.488,"Elevation":34.777,"Code":"LV","row_number":199,"Code_group":"LV"},"geometry":{"type":"Point","coordinates":[72.881482803645682,19.088686273301246]}},
{"type":"Feature","properties":{"ID":"698","Northing":2111989.239,"Easting":277103.742,"Elevation":34.77,"Code":"CH","row_number":200,"Code_group":"CH"},"geometry":{"type":"Point","coordinates":[72.881475632046033,19.088692856959277]}},
{"type":"Feature","properties":{"ID":"699","Northing":2111989.045,"Easting":277104.927,"Elevation":34.765,"Code":"CH","row_number":201,"Code_group":"CH"},"geometry":{"type":"Point","coordinates":[72.881486911500986,19.08869123434107]}},
{"type":"Feature","properties":{"ID":"700","Northing":2111990.008,"Easting":277105.113,"Elevation":34.729,"Code":"CH","row_number":202,"Code_group":"CH"},"geometry":{"type":"Point","coordinates":[72.881488567776103,19.088699951890455]}},
{"type":"Feature","properties":{"ID":"701","Northing":2111989.604,"Easting":277104.491,"Elevation":34.735,"Code":"TOP","row_number":203,"Code_group":"Other / rare"},"geometry":{"type":"Point","coordinates":[72.881482705383718,19.088696235250783]}},
{"type":"Feature","properties":{"ID":"702","Northing":2111988.628,"Easting":277107.634,"Elevation":34.888,"Code":"TOP","row_number":204,"Code_group":"Other / rare"},"geometry":{"type":"Point","coordinates":[72.881512675146382,19.088687764011794]}},
{"type":"Feature","properties":{"ID":"703","Northing":2111987.805,"Easting":277113.749,"Elevation":34.816,"Code":"LV","row_number":205,"Code_group":"LV"},"geometry":{"type":"Point","coordinates":[72.881570860469608,19.088680999274384]}},
{"type":"Feature","properties":{"ID":"704","Northing":2111987.398,"Easting":277128.211,"Elevation":34.791,"Code":"LV","row_number":206,"Code_group":"LV"},"geometry":{"type":"Point","coordinates":[72.881708292091105,19.088678903474829]}},
{"type":"Feature","properties":{"ID":"705","Northing":2111986.356,"Easting":277144.562,"Elevation":34.72,"Code":"LV","row_number":207,"Code_group":"LV"},"geometry":{"type":"Point","coordinates":[72.881863741643826,19.088671278991644]}},
{"type":"Feature","properties":{"ID":"706","Northing":2111986.161,"Easting":277145.297,"Elevation":34.709,"Code":"CH","row_number":208,"Code_group":"CH"},"geometry":{"type":"Point","coordinates":[72.881870746339672,19.08866959816061]}},
{"type":"Feature","properties":{"ID":"707","Northing":2111985.563,"Easting":277145.173,"Elevation":34.702,"Code":"CH","row_number":209,"Code_group":"CH"},"geometry":{"type":"Point","coordinates":[72.881869637087007,19.088664183843239]}},
{"type":"Feature","properties":{"ID":"708","Northing":2111985.408,"Easting":277146.298,"Elevation":34.696,"Code":"CH","row_number":210,"Code_group":"CH"},"geometry":{"type":"Point","coordinates":[72.881880342074723,19.088662906870315]}},
{"type":"Feature","properties":{"ID":"709","Northing":2111986.113,"Easting":277145.879,"Elevation":34.707,"Code":"TOP","row_number":211,"Code_group":"Other / rare"},"geometry":{"type":"Point","coordinates":[72.881876280688516,19.088669228230387]}},
{"type":"Feature","properties":{"ID":"710","Northing":2111983.094,"Easting":277162.088,"Elevation":34.57,"Code":"TOP","row_number":212,"Code_group":"Other / rare"},"geometry":{"type":"Point","coordinates":[72.882030608425524,19.088643733031113]}},
{"type":"Feature","properties":{"ID":"711","Northing":2111982.959,"Easting":277161.918,"Elevation":34.55,"Code":"CH","row_number":213,"Code_group":"CH"},"geometry":{"type":"Point","coordinates":[72.882029008984929,19.088642495224114]}},
{"type":"Feature","properties":{"ID":"712","Northing":2111983.596,"Easting":277162.153,"Elevation":34.608,"Code":"CH","row_number":214,"Code_group":"CH"},"geometry":{"type":"Point","coordinates":[72.882031168230156,19.088648273889831]}},
{"type":"Feature","properties":{"ID":"713","Northing":2111983.745,"Easting":277161.098,"Elevation":34.608,"Code":"CH","row_number":215,"Code_group":"CH"},"geometry":{"type":"Point","coordinates":[72.882021128912953,19.088649504329506]}},
{"type":"Feature","properties":{"ID":"714","Northing":2111983.943,"Easting":277166.065,"Elevation":34.519,"Code":"LV","row_number":216,"Code_group":"LV"},"geometry":{"type":"Point","coordinates":[72.882068291243215,19.088651835086221]}},
{"type":"Feature","properties":{"ID":"715","Northing":2111982.24,"Easting":277180.938,"Elevation":34.264,"Code":"LV","row_number":217,"Code_group":"LV"},"geometry":{"type":"Point","coordinates":[72.882209776146695,19.088638079116645]}},
{"type":"Feature","properties":{"ID":"716","Northing":2111979.372,"Easting":277194.568,"Elevation":34.113,"Code":"LV","row_number":218,"Code_group":"LV"},"geometry":{"type":"Point","coordinates":[72.882339586725124,19.08861366570985]}},
{"type":"Feature","properties":{"ID":"717","Northing":2111973.122,"Easting":277216.982,"Elevation":34.094,"Code":"LV","row_number":219,"Code_group":"LV"},"geometry":{"type":"Point","coordinates":[72.882553231230659,19.08855966728402]}},
{"type":"Feature","properties":{"ID":"718","Northing":2111969.746,"Easting":277229.767,"Elevation":34.16,"Code":"LV","row_number":220,"Code_group":"LV"},"geometry":{"type":"Point","coordinates":[72.882675072814081,19.088530573404494]}},
{"type":"Feature","properties":{"ID":"719","Northing":2111966.764,"Easting":277242.008,"Elevation":34.225,"Code":"LV","row_number":221,"Code_group":"LV"},"geometry":{"type":"Point","coordinates":[72.882791701269113,19.088504978411194]}},
{"type":"Feature","properties":{"ID":"720","Northing":2111964.292,"Easting":277255.494,"Elevation":34.35,"Code":"LV","row_number":222,"Code_group":"LV"},"geometry":{"type":"Point","coordinates":[72.882920098263313,19.088484125286413]}},
{"type":"Feature","properties":{"ID":"721","Northing":2111962.151,"Easting":277268.069,"Elevation":34.505,"Code":"LV","row_number":223,"Code_group":"LV"},"geometry":{"type":"Point","coordinates":[72.883039802987952,19.088466162001819]}},
{"type":"Feature","properties":{"ID":"722","Northing":2111959.891,"Easting":277281.925,"Elevation":34.696,"Code":"LV","row_number":224,"Code_group":"LV"},"geometry":{"type":"Point","coordinates":[72.883171690487302,19.088447263747447]}},
{"type":"Feature","properties":{"ID":"723","Northing":2111958.435,"Easting":277297.905,"Elevation":34.867,"Code":"LV","row_number":225,"Code_group":"LV"},"geometry":{"type":"Point","coordinates":[72.883323663031405,19.088435858502205]}},
{"type":"Feature","properties":{"ID":"724","Northing":2111956.2,"Easting":277313.261,"Elevation":35.044,"Code":"LV","row_number":226,"Code_group":"LV"},"geometry":{"type":"Point","coordinates":[72.883469797189477,19.088417349556103]}},
{"type":"Feature","properties":{"ID":"725","Northing":2111953.382,"Easting":277315.784,"Elevation":35.044,"Code":"CH","row_number":227,"Code_group":"CH"},"geometry":{"type":"Point","coordinates":[72.883494088499617,19.088392174463607]}},
{"type":"Feature","properties":{"ID":"726","Northing":2111953.312,"Easting":277316.217,"Elevation":35.078,"Code":"CH","row_number":228,"Code_group":"CH"},"geometry":{"type":"Point","coordinates":[72.88349820991013,19.088391589528754]}},
{"type":"Feature","properties":{"ID":"727","Northing":2111952.85,"Easting":277316.077,"Elevation":35.111,"Code":"CH","row_number":229,"Code_group":"CH"},"geometry":{"type":"Point","coordinates":[72.88349693299449,19.088387401740174]}},
{"type":"Feature","properties":{"ID":"728","Northing":2111953.077,"Easting":277316.148,"Elevation":35.078,"Code":"TOP","row_number":230,"Code_group":"Other / rare"},"geometry":{"type":"Point","coordinates":[72.883497581411262,19.088389459618014]}},
{"type":"Feature","properties":{"ID":"729","Northing":2111954.392,"Easting":277325.217,"Elevation":35.227,"Code":"LV","row_number":231,"Code_group":"LV"},"geometry":{"type":"Point","coordinates":[72.883583583293031,19.088402325797389]}},
{"type":"Feature","properties":{"ID":"730","Northing":2111952.219,"Easting":277338.788,"Elevation":35.288,"Code":"LV","row_number":232,"Code_group":"LV"},"geometry":{"type":"Point","coordinates":[72.883712753316033,19.088384181769047]}},
{"type":"Feature","properties":{"ID":"731","Northing":2111950.094,"Easting":277349.636,"Elevation":35.164,"Code":"LV","row_number":233,"Code_group":"LV"},"geometry":{"type":"Point","coordinates":[72.883816050103405,19.088366173978439]}},
{"type":"Feature","properties":{"ID":"732","Northing":2111948.93,"Easting":277364.172,"Elevation":34.888,"Code":"LV","row_number":234,"Code_group":"LV"},"geometry":{"type":"Point","coordinates":[72.883954271487767,19.088357247777648]}},
{"type":"Feature","properties":{"ID":"733","Northing":2111949.105,"Easting":277376.2,"Elevation":34.365,"Code":"LV","row_number":235,"Code_group":"LV"},"geometry":{"type":"Point","coordinates":[72.88406851390512,19.088360140842589]}},
{"type":"Feature","properties":{"ID":"734","Northing":2111947.79,"Easting":277389.618,"Elevation":33.568,"Code":"LV","row_number":236,"Code_group":"LV"},"geometry":{"type":"Point","coordinates":[72.88419613194614,19.088349728716238]}},
{"type":"Feature","properties":{"ID":"735","Northing":2111947.247,"Easting":277392.722,"Elevation":33.488,"Code":"LV","row_number":237,"Code_group":"LV"},"geometry":{"type":"Point","coordinates":[72.884225681368093,19.088345163358728]}},
{"type":"Feature","properties":{"ID":"50","Northing":2111870.651,"Easting":277346.969,"Elevation":31.988,"Code":"LV","row_number":238,"Code_group":"LV"},"geometry":{"type":"Point","coordinates":[72.883799833968766,19.087648401165541]}},
{"type":"Feature","properties":{"ID":"51","Northing":2111875.264,"Easting":277345.1,"Elevation":32.007,"Code":"LV","row_number":239,"Code_group":"LV"},"geometry":{"type":"Point","coordinates":[72.883781549551699,19.087689859057811]}},
{"type":"Feature","properties":{"ID":"52","Northing":2111884.274,"Easting":277348.331,"Elevation":32.046,"Code":"LV","row_number":240,"Code_group":"LV"},"geometry":{"type":"Point","coordinates":[72.883811208714562,19.087771584612153]}},
{"type":"Feature","properties":{"ID":"53","Northing":2111886.082,"Easting":277353.034,"Elevation":32.309,"Code":"LV","row_number":241,"Code_group":"LV"},"geometry":{"type":"Point","coordinates":[72.883855678146162,19.087788426637939]}},
{"type":"Feature","properties":{"ID":"54","Northing":2111884.442,"Easting":277357.894,"Elevation":32.851,"Code":"LV","row_number":242,"Code_group":"LV"},"geometry":{"type":"Point","coordinates":[72.883902034822327,19.087774145506788]}},
{"type":"Feature","properties":{"ID":"55","Northing":2111887.12,"Easting":277359.969,"Elevation":33.257,"Code":"CW","row_number":243,"Code_group":"Other / rare"},"geometry":{"type":"Point","coordinates":[72.883921439252461,19.087798558047179]}},
{"type":"Feature","properties":{"ID":"56","Northing":2111887.682,"Easting":277359.999,"Elevation":33.17,"Code":"CW","row_number":244,"Code_group":"Other / rare"},"geometry":{"type":"Point","coordinates":[72.88392165973309,19.087803636970001]}},
{"type":"Feature","properties":{"ID":"57","Northing":2111877.832,"Easting":277336.187,"Elevation":31.963,"Code":"LV","row_number":245,"Code_group":"LV"},"geometry":{"type":"Point","coordinates":[72.883696584197125,19.087712078966273]}},
{"type":"Feature","properties":{"ID":"58","Northing":2111879.792,"Easting":277331.791,"Elevation":32.075,"Code":"LV","row_number":246,"Code_group":"LV"},"geometry":{"type":"Point","coordinates":[72.883654598638131,19.087729300736015]}},
{"type":"Feature","properties":{"ID":"A1","Northing":2111862.529,"Easting":277144.357,"Elevation":32.724,"Code":"BASE","row_number":247,"Code_group":"Other / rare"},"geometry":{"type":"Point","coordinates":[72.881876021829981,19.087552926474512]}},
{"type":"Feature","properties":{"ID":"1","Northing":2111782.891,"Easting":277084.328,"Elevation":33.115,"Code":"BASELV","row_number":248,"Code_group":"Other / rare"},"geometry":{"type":"Point","coordinates":[72.881314919718804,19.08682712674544]}},
{"type":"Feature","properties":{"ID":"2","Northing":2111653.753,"Easting":277092.276,"Elevation":33.092,"Code":"LV","row_number":249,"Code_group":"LV"},"geometry":{"type":"Point","coordinates":[72.881405262176585,19.085661699379344]}},
{"type":"Feature","properties":{"ID":"3","Northing":2111676.112,"Easting":277097.037,"Elevation":33.347,"Code":"LV","row_number":250,"Code_group":"LV"},"geometry":{"type":"Point","coordinates":[72.88144792028487,19.085864152372718]}},
{"type":"Feature","properties":{"ID":"4","Northing":2111675.463,"Easting":277110.685,"Elevation":33.278,"Code":"LV","row_number":251,"Code_group":"LV"},"geometry":{"type":"Point","coordinates":[72.881577644737987,19.085859781923652]}},
{"type":"Feature","properties":{"ID":"5","Northing":2111689.828,"Easting":277113.914,"Elevation":33.309,"Code":"LV","row_number":252,"Code_group":"LV"},"geometry":{"type":"Point","coordinates":[72.881606668264013,19.085989870598699]}},
{"type":"Feature","properties":{"ID":"6","Northing":2111648.649,"Easting":277115.585,"Elevation":32.666,"Code":"LV","row_number":253,"Code_group":"LV"},"geometry":{"type":"Point","coordinates":[72.881627273391999,19.085618149425883]}},
{"type":"Feature","properties":{"ID":"7","Northing":2111654.915,"Easting":277117.495,"Elevation":32.749,"Code":"LV","row_number":254,"Code_group":"LV"},"geometry":{"type":"Point","coordinates":[72.881644697576021,19.085674948768315]}},
{"type":"Feature","properties":{"ID":"8","Northing":2111642.358,"Easting":277195.796,"Elevation":32.044,"Code":"LV","row_number":255,"Code_group":"LV"},"geometry":{"type":"Point","coordinates":[72.882389963627446,19.085570093100131]}},
{"type":"Feature","properties":{"ID":"9","Northing":2111637.79,"Easting":277234.931,"Elevation":31.825,"Code":"LV","row_number":256,"Code_group":"LV"},"geometry":{"type":"Point","coordinates":[72.882762252752556,19.085533110616513]}},
{"type":"Feature","properties":{"ID":"10","Northing":2111646.785,"Easting":277237.348,"Elevation":31.893,"Code":"LV","row_number":257,"Code_group":"LV"},"geometry":{"type":"Point","coordinates":[72.882784180218309,19.085614611928804]}},
{"type":"Feature","properties":{"ID":"11","Northing":2111652.473,"Easting":277241.801,"Elevation":31.942,"Code":"NALI TOP","row_number":258,"Code_group":"Other / rare"},"geometry":{"type":"Point","coordinates":[72.882825828533868,19.085666468678109]}},
{"type":"Feature","properties":{"ID":"12","Northing":2111652.397,"Easting":277242.307,"Elevation":31.938,"Code":"NALI TOP","row_number":259,"Code_group":"Other / rare"},"geometry":{"type":"Point","coordinates":[72.882830644032623,19.085665837532936]}},
{"type":"Feature","properties":{"ID":"13","Northing":2111637.069,"Easting":277263.105,"Elevation":31.775,"Code":"CH TOP","row_number":260,"Code_group":"Other / rare"},"geometry":{"type":"Point","coordinates":[72.883029975619039,19.085529674679083]}},
{"type":"Feature","properties":{"ID":"14","Northing":2111643.921,"Easting":277264.67,"Elevation":31.975,"Code":"LV","row_number":261,"Code_group":"LV"},"geometry":{"type":"Point","coordinates":[72.883044055662864,19.085591728675045]}},
{"type":"Feature","properties":{"ID":"15","Northing":2111678.043,"Easting":277264.872,"Elevation":32.307,"Code":"LV","row_number":262,"Code_group":"LV"},"geometry":{"type":"Point","coordinates":[72.883042056676814,19.085899920182406]}},
{"type":"Feature","properties":{"ID":"16","Northing":2111677.841,"Easting":277267.284,"Elevation":32.322,"Code":"LV","row_number":263,"Code_group":"LV"},"geometry":{"type":"Point","coordinates":[72.883064992817097,19.085898359138227]}},
{"type":"Feature","properties":{"ID":"17","Northing":2111677.476,"Easting":277269.899,"Elevation":32.38,"Code":"LV","row_number":264,"Code_group":"LV"},"geometry":{"type":"Point","coordinates":[72.883089876084057,19.085895348132318]}},
{"type":"Feature","properties":{"ID":"18","Northing":2111719.397,"Easting":277272.633,"Elevation":32.169,"Code":"ROAD LV","row_number":265,"Code_group":"ROAD LV"},"geometry":{"type":"Point","coordinates":[72.883111034578988,19.086274251928835]}},
{"type":"Feature","properties":{"ID":"19","Northing":2111718.931,"Easting":277275.105,"Elevation":32.2,"Code":"ROAD LV","row_number":266,"Code_group":"ROAD LV"},"geometry":{"type":"Point","coordinates":[72.883134571058761,19.086270313140826]}},
{"type":"Feature","properties":{"ID":"20","Northing":2111717.888,"Easting":277277.728,"Elevation":32.176,"Code":"ROAD LV","row_number":267,"Code_group":"ROAD LV"},"geometry":{"type":"Point","coordinates":[72.883159608224602,19.086261179714306]}},
{"type":"Feature","properties":{"ID":"21","Northing":2111746.697,"Easting":277276.928,"Elevation":32.062,"Code":"ROAD LV","row_number":268,"Code_group":"ROAD LV"},"geometry":{"type":"Point","coordinates":[72.883148700747952,19.086521278011713]}},
{"type":"Feature","properties":{"ID":"22","Northing":2111747.037,"Easting":277277.759,"Elevation":32.021,"Code":"CH TOP LV","row_number":269,"Code_group":"Other / rare"},"geometry":{"type":"Point","coordinates":[72.883156555876496,19.086524439400165]}},
{"type":"Feature","properties":{"ID":"23","Northing":2111745.727,"Easting":277283.738,"Elevation":31.917,"Code":"NAKI TOP LV","row_number":270,"Code_group":"Other / rare"},"geometry":{"type":"Point","coordinates":[72.883213504392188,19.086513260924541]}},
{"type":"Feature","properties":{"ID":"24","Northing":2111746.333,"Easting":277283.978,"Elevation":31.912,"Code":"NAKI TOP LV","row_number":271,"Code_group":"Other / rare"},"geometry":{"type":"Point","coordinates":[72.883215714717593,19.086518760151254]}},
{"type":"Feature","properties":{"ID":"25","Northing":2111745.938,"Easting":277284.028,"Elevation":31.452,"Code":"NALI BED LV","row_number":272,"Code_group":"Other / rare"},"geometry":{"type":"Point","coordinates":[72.883216235049829,19.086515198205706]}},
{"type":"Feature","properties":{"ID":"26","Northing":2111623.653,"Easting":277345.461,"Elevation":31.987,"Code":"NALA+BRIDGE","row_number":273,"Code_group":"Other / rare"},"geometry":{"type":"Point","coordinates":[72.88381385996604,19.085417497763128]}},
{"type":"Feature","properties":{"ID":"27","Northing":2111623.357,"Easting":277348.059,"Elevation":32.003,"Code":"NALA+BRIDGE","row_number":274,"Code_group":"Other / rare"},"geometry":{"type":"Point","coordinates":[72.883838573745749,19.085415107959587]}},
{"type":"Feature","properties":{"ID":"28","Northing":2111623.349,"Easting":277348.073,"Elevation":32.001,"Code":"NALA+BRIDGE","row_number":275,"Code_group":"Other / rare"},"geometry":{"type":"Point","coordinates":[72.883838707657517,19.085415037236007]}},
{"type":"Feature","properties":{"ID":"29","Northing":2111908.548,"Easting":277381.921,"Elevation":32.661,"Code":"NALI BEDLV","row_number":276,"Code_group":"Other / rare"},"geometry":{"type":"Point","coordinates":[72.884127516769922,19.087994478447321]}},
{"type":"Feature","properties":{"ID":"30","Northing":2111945.086,"Easting":277391.655,"Elevation":33.539,"Code":"LV","row_number":277,"Code_group":"LV"},"geometry":{"type":"Point","coordinates":[72.884215793203012,19.08832553006631]}},
{"type":"Feature","properties":{"ID":"31","Northing":2112195.021,"Easting":277443.736,"Elevation":34.07,"Code":"LV","row_number":278,"Code_group":"LV"},"geometry":{"type":"Point","coordinates":[72.884681866416386,19.090588476903559]}},
{"type":"Feature","properties":{"ID":"32","Northing":2112250.954,"Easting":277459.902,"Elevation":34.34,"Code":"LV","row_number":279,"Code_group":"LV"},"geometry":{"type":"Point","coordinates":[72.884829022188811,19.091095394257795]}},
{"type":"Feature","properties":{"ID":"33","Northing":2112250.983,"Easting":277463.314,"Elevation":34.365,"Code":"LV","row_number":280,"Code_group":"LV"},"geometry":{"type":"Point","coordinates":[72.884861432419513,19.091096028411581]}},
{"type":"Feature","properties":{"ID":"34","Northing":2112250.026,"Easting":277466.519,"Elevation":34.403,"Code":"ROAD LV","row_number":281,"Code_group":"ROAD LV"},"geometry":{"type":"Point","coordinates":[72.884891989325823,19.091087735010206]}},
{"type":"Feature","properties":{"ID":"35","Northing":2112517.78,"Easting":277506.871,"Elevation":35.834,"Code":"ROAD LV","row_number":282,"Code_group":"ROAD LV"},"geometry":{"type":"Point","coordinates":[72.885244605391549,19.093510332280019]}},
{"type":"Feature","properties":{"ID":"36","Northing":2112523.536,"Easting":277508.443,"Elevation":35.903,"Code":"ROAD LV","row_number":283,"Code_group":"ROAD LV"},"geometry":{"type":"Point","coordinates":[72.885258878904651,19.093562488543814]}},
{"type":"Feature","properties":{"ID":"37","Northing":2112523.174,"Easting":277427.788,"Elevation":35.132,"Code":"ROAD LV","row_number":284,"Code_group":"ROAD LV"},"geometry":{"type":"Point","coordinates":[72.884492697047136,19.093550418898975]}},
{"type":"Feature","properties":{"ID":"A1","Northing":2111862.529,"Easting":277144.357,"Elevation":32.724,"Code":"S","row_number":285,"Code_group":"Other / rare"},"geometry":{"type":"Point","coordinates":[72.881876021829981,19.087552926474512]}},
{"type":"Feature","properties":{"ID":"4","Northing":2111784.122,"Easting":277083.813,"Elevation":33.192,"Code":"LV","row_number":286,"Code_group":"LV"},"geometry":{"type":"Point","coordinates":[72.881309885953968,19.086838188118691]}},
{"type":"Feature","properties":{"ID":"5","Northing":2111778.961,"Easting":277086.056,"Elevation":33.103,"Code":"LV","row_number":287,"Code_group":"LV"},"geometry":{"type":"Point","coordinates":[72.881331786672391,19.086791822178853]}},
{"type":"Feature","properties":{"ID":"6","Northing":2111778.967,"Easting":277086.065,"Elevation":33.042,"Code":"LV","row_number":288,"Code_group":"LV"},"geometry":{"type":"Point","coordinates":[72.881331871479304,19.086791877350496]}},
{"type":"Feature","properties":{"ID":"7","Northing":2111778.96,"Easting":277086.058,"Elevation":33.086,"Code":"LV","row_number":289,"Code_group":"LV"},"geometry":{"type":"Point","coordinates":[72.881331805786516,19.086791813365974]}},
{"type":"Feature","properties":{"ID":"8","Northing":2111651.678,"Easting":277069.623,"Elevation":33.163,"Code":"FT","row_number":290,"Code_group":"FT"},"geometry":{"type":"Point","coordinates":[72.88119030758331,19.085640484377745]}},
{"type":"Feature","properties":{"ID":"9","Northing":2111650.958,"Easting":277076.671,"Elevation":32.885,"Code":"FT","row_number":291,"Code_group":"FT"},"geometry":{"type":"Point","coordinates":[72.881257343061449,19.085634751805173]}},
{"type":"Feature","properties":{"ID":"10","Northing":2111649.73,"Easting":277086.94,"Elevation":32.721,"Code":"FT","row_number":292,"Code_group":"FT"},"geometry":{"type":"Point","coordinates":[72.881355034921896,19.08562478315169]}},
{"type":"Feature","properties":{"ID":"11","Northing":2111648.869,"Easting":277094.947,"Elevation":32.675,"Code":"FT","row_number":293,"Code_group":"FT"},"geometry":{"type":"Point","coordinates":[72.881431196652443,19.085617881857075]}},
{"type":"Feature","properties":{"ID":"12","Northing":2111648.306,"Easting":277100.211,"Elevation":32.531,"Code":"FT","row_number":294,"Code_group":"FT"},"geometry":{"type":"Point","coordinates":[72.881481266908111,19.085613372237592]}},
{"type":"Feature","properties":{"ID":"13","Northing":2111648.213,"Easting":277106.053,"Elevation":32.581,"Code":"FT","row_number":295,"Code_group":"FT"},"geometry":{"type":"Point","coordinates":[72.881536773891597,19.085613170498473]}},
{"type":"Feature","properties":{"ID":"14","Northing":2111647.719,"Easting":277111.5,"Elevation":32.478,"Code":"FT","row_number":296,"Code_group":"FT"},"geometry":{"type":"Point","coordinates":[72.881588574633469,19.085609304006123]}},
{"type":"Feature","properties":{"ID":"15","Northing":2111646.753,"Easting":277121.288,"Elevation":32.526,"Code":"FT","row_number":297,"Code_group":"FT"},"geometry":{"type":"Point","coordinates":[72.881681667098107,19.085601648858329]}},
{"type":"Feature","properties":{"ID":"16","Northing":2111645.741,"Easting":277135.35,"Elevation":32.466,"Code":"FT","row_number":298,"Code_group":"FT"},"geometry":{"type":"Point","coordinates":[72.881815365869699,19.085594045047003]}},
{"type":"Feature","properties":{"ID":"17","Northing":2111644.703,"Easting":277142.29,"Elevation":32.368,"Code":"FT","row_number":299,"Code_group":"FT"},"geometry":{"type":"Point","coordinates":[72.881881411914122,19.085585428463737]}},
{"type":"Feature","properties":{"ID":"18","Northing":2111643.412,"Easting":277158.425,"Elevation":32.207,"Code":"FT","row_number":300,"Code_group":"FT"},"geometry":{"type":"Point","coordinates":[72.882034835272222,19.085575531145057]}},
{"type":"Feature","properties":{"ID":"19","Northing":2111642.66,"Easting":277174.635,"Elevation":32.044,"Code":"FT","row_number":301,"Code_group":"FT"},"geometry":{"type":"Point","coordinates":[72.882188909178623,19.085570509809504]}},
{"type":"Feature","properties":{"ID":"20","Northing":2111641.219,"Easting":277193.066,"Elevation":32.021,"Code":"FT","row_number":302,"Code_group":"FT"},"geometry":{"type":"Point","coordinates":[72.882364160703276,19.085559508236457]}},
{"type":"Feature","properties":{"ID":"21","Northing":2111640.547,"Easting":277198.307,"Elevation":31.919,"Code":"FT","row_number":303,"Code_group":"FT"},"geometry":{"type":"Point","coordinates":[72.88241402497259,19.085554011425305]}},
{"type":"Feature","properties":{"ID":"22","Northing":2111638.604,"Easting":277210.597,"Elevation":31.903,"Code":"FT","row_number":304,"Code_group":"FT"},"geometry":{"type":"Point","coordinates":[72.882530997466461,19.085537805365]}},
{"type":"Feature","properties":{"ID":"23","Northing":2111637.708,"Easting":277214.184,"Elevation":31.817,"Code":"FT","row_number":305,"Code_group":"FT"},"geometry":{"type":"Point","coordinates":[72.882565175215646,19.085530104882711]}},
{"type":"Feature","properties":{"ID":"24","Northing":2111636.026,"Easting":277232.195,"Elevation":31.676,"Code":"FT","row_number":306,"Code_group":"FT"},"geometry":{"type":"Point","coordinates":[72.882736464579494,19.085516880523702]}},
{"type":"Feature","properties":{"ID":"25","Northing":2111635.361,"Easting":277238.344,"Elevation":31.54,"Code":"FT","row_number":307,"Code_group":"FT"},"geometry":{"type":"Point","coordinates":[72.882794953612404,19.085511545958525]}},
{"type":"Feature","properties":{"ID":"26","Northing":2111634.492,"Easting":277250.987,"Elevation":31.663,"Code":"FT","row_number":308,"Code_group":"FT"},"geometry":{"type":"Point","coordinates":[72.88291515607942,19.085505077909467]}},
{"type":"Feature","properties":{"ID":"27","Northing":2111633.539,"Easting":277261.576,"Elevation":31.497,"Code":"FT","row_number":309,"Code_group":"FT"},"geometry":{"type":"Point","coordinates":[72.883015856134719,19.085497626926131]}},
{"type":"Feature","properties":{"ID":"28","Northing":2111632.66,"Easting":277267.808,"Elevation":31.462,"Code":"FT","row_number":310,"Code_group":"FT"},"geometry":{"type":"Point","coordinates":[72.883075158193932,19.085490368610976]}},
{"type":"Feature","properties":{"ID":"29","Northing":2111630.068,"Easting":277289.922,"Elevation":31.317,"Code":"FT","row_number":311,"Code_group":"FT"},"geometry":{"type":"Point","coordinates":[72.883285528614124,19.085469373030584]}},
{"type":"Feature","properties":{"ID":"30","Northing":2111628.576,"Easting":277301.243,"Elevation":31.18,"Code":"FT","row_number":312,"Code_group":"FT"},"geometry":{"type":"Point","coordinates":[72.883393244193101,19.085457133806823]}},
{"type":"Feature","properties":{"ID":"31","Northing":2111626.614,"Easting":277313.28,"Elevation":31.23,"Code":"FT","row_number":313,"Code_group":"FT"},"geometry":{"type":"Point","coordinates":[72.883507815386338,19.085440727900288]}},
{"type":"Feature","properties":{"ID":"32","Northing":2111625.425,"Easting":277321.303,"Elevation":31.287,"Code":"FT","row_number":314,"Code_group":"FT"},"geometry":{"type":"Point","coordinates":[72.883584166680961,19.085430865143632]}},
{"type":"Feature","properties":{"ID":"33","Northing":2111625.42,"Easting":277321.299,"Elevation":31.3,"Code":"FT","row_number":315,"Code_group":"FT"},"geometry":{"type":"Point","coordinates":[72.883584129256747,19.085430819550083]}},
{"type":"Feature","properties":{"ID":"34","Northing":2111627.889,"Easting":277321.771,"Elevation":31.259,"Code":"FT","row_number":316,"Code_group":"FT"},"geometry":{"type":"Point","coordinates":[72.883588329626249,19.085453169597468]}},
{"type":"Feature","properties":{"ID":"35","Northing":2111640.584,"Easting":277324.765,"Elevation":31.102,"Code":"FT","row_number":317,"Code_group":"FT"},"geometry":{"type":"Point","coordinates":[72.883615314023388,19.085568150014616]}},
{"type":"Feature","properties":{"ID":"36","Northing":2111659.203,"Easting":277329.243,"Elevation":31.188,"Code":"FT","row_number":318,"Code_group":"FT"},"geometry":{"type":"Point","coordinates":[72.88365571579196,19.085736794418736]}},
{"type":"Feature","properties":{"ID":"37","Northing":2111678.096,"Easting":277333.88,"Elevation":31.371,"Code":"FT","row_number":319,"Code_group":"FT"},"geometry":{"type":"Point","coordinates":[72.883697596605089,19.08590793077531]}},
{"type":"Feature","properties":{"ID":"38","Northing":2111697.006,"Easting":277338.219,"Elevation":31.344,"Code":"FT","row_number":320,"Code_group":"FT"},"geometry":{"type":"Point","coordinates":[72.883736644661099,19.086079188141529]}},
{"type":"Feature","properties":{"ID":"39","Northing":2111724.837,"Easting":277344.23,"Elevation":31.488,"Code":"FT","row_number":321,"Code_group":"FT"},"geometry":{"type":"Point","coordinates":[72.883790552109303,19.086331197123918]}},
{"type":"Feature","properties":{"ID":"40","Northing":2111741.293,"Easting":277347.683,"Elevation":31.537,"Code":"FT","row_number":322,"Code_group":"FT"},"geometry":{"type":"Point","coordinates":[72.883821465345434,19.086480194729823]}},
{"type":"Feature","properties":{"ID":"41","Northing":2111761.15,"Easting":277351.895,"Elevation":31.724,"Code":"FT","row_number":323,"Code_group":"FT"},"geometry":{"type":"Point","coordinates":[72.883859198454189,19.086659990966488]}},
{"type":"Feature","properties":{"ID":"42","Northing":2111788.699,"Easting":277357.646,"Elevation":31.867,"Code":"FT","row_number":324,"Code_group":"FT"},"geometry":{"type":"Point","coordinates":[72.883910668651552,19.086909424706064]}},
{"type":"Feature","properties":{"ID":"43","Northing":2111819.669,"Easting":277364.441,"Elevation":32.169,"Code":"FT","row_number":325,"Code_group":"FT"},"geometry":{"type":"Point","coordinates":[72.883971663930367,19.087189868798866]}},
{"type":"Feature","properties":{"ID":"44","Northing":2111825.087,"Easting":277365.694,"Elevation":32.187,"Code":"FT","row_number":326,"Code_group":"FT"},"geometry":{"type":"Point","coordinates":[72.883982945111057,19.087238937679423]}},
{"type":"Feature","properties":{"ID":"45","Northing":2111847.986,"Easting":277370.971,"Elevation":32.495,"Code":"FT","row_number":327,"Code_group":"FT"},"geometry":{"type":"Point","coordinates":[72.884030446462489,19.087446323649367]}},
{"type":"Feature","properties":{"ID":"46","Northing":2111864.422,"Easting":277374.73,"Elevation":32.751,"Code":"FT","row_number":328,"Code_group":"FT"},"geometry":{"type":"Point","coordinates":[72.884064269211848,19.087595174001279]}},
{"type":"Feature","properties":{"ID":"47","Northing":2111883.572,"Easting":277378.67,"Elevation":32.787,"Code":"FT","row_number":329,"Code_group":"FT"},"geometry":{"type":"Point","coordinates":[72.884099499947368,19.087768555334105]}},
{"type":"Feature","properties":{"ID":"48","Northing":2111905.141,"Easting":277383.461,"Elevation":32.982,"Code":"FT","row_number":330,"Code_group":"FT"},"geometry":{"type":"Point","coordinates":[72.884142537330376,19.087963876491823]}},
{"type":"Feature","properties":{"ID":"49","Northing":2111927.568,"Easting":277388.628,"Elevation":33.185,"Code":"FT","row_number":331,"Code_group":"FT"},"geometry":{"type":"Point","coordinates":[72.884189048202046,19.088166987618557]}},
{"type":"Feature","properties":{"ID":"50","Northing":2111942.19,"Easting":277391.734,"Elevation":33.392,"Code":"FT","row_number":332,"Code_group":"FT"},"geometry":{"type":"Point","coordinates":[72.884216876063277,19.088299383737194]}},
{"type":"Feature","properties":{"ID":"51","Northing":2111951.045,"Easting":277393.476,"Elevation":33.226,"Code":"FT","row_number":333,"Code_group":"FT"},"geometry":{"type":"Point","coordinates":[72.884232408242724,19.088379546908133]}},
{"type":"Feature","properties":{"ID":"52","Northing":2111972.138,"Easting":277398.101,"Elevation":33.328,"Code":"FT","row_number":334,"Code_group":"FT"},"geometry":{"type":"Point","coordinates":[72.884273923544001,19.088570550991239]}},
{"type":"Feature","properties":{"ID":"53","Northing":2111991.906,"Easting":277402.2,"Elevation":33.393,"Code":"FT","row_number":335,"Code_group":"FT"},"geometry":{"type":"Point","coordinates":[72.884310594129587,19.088749531065208]}},
{"type":"Feature","properties":{"ID":"54","Northing":2112017.947,"Easting":277407.668,"Elevation":33.455,"Code":"FT","row_number":336,"Code_group":"FT"},"geometry":{"type":"Point","coordinates":[72.884359549973937,19.088985314515682]}},
{"type":"Feature","properties":{"ID":"55","Northing":2112047.706,"Easting":277414.446,"Elevation":33.495,"Code":"FT","row_number":337,"Code_group":"FT"},"geometry":{"type":"Point","coordinates":[72.884420523901795,19.089254819660425]}},
{"type":"Feature","properties":{"ID":"56","Northing":2112089.702,"Easting":277423.894,"Elevation":33.87,"Code":"FT","row_number":338,"Code_group":"FT"},"geometry":{"type":"Point","coordinates":[72.884505458003972,19.08963513342416]}},
{"type":"Feature","properties":{"ID":"57","Northing":2112098.685,"Easting":277425.862,"Elevation":33.854,"Code":"FT","row_number":339,"Code_group":"FT"},"geometry":{"type":"Point","coordinates":[72.884523122643699,19.089716477263504]}},
{"type":"Feature","properties":{"ID":"58","Northing":2112120.781,"Easting":277430.794,"Elevation":33.914,"Code":"FT","row_number":340,"Code_group":"FT"},"geometry":{"type":"Point","coordinates":[72.88456743978584,19.089916573314941]}},
{"type":"Feature","properties":{"ID":"59","Northing":2112140.229,"Easting":277434.932,"Elevation":33.95,"Code":"FT","row_number":341,"Code_group":"FT"},"geometry":{"type":"Point","coordinates":[72.884604518052896,19.09009266757041]}},
{"type":"Feature","properties":{"ID":"60","Northing":2112172.668,"Easting":277441.228,"Elevation":33.948,"Code":"FT","row_number":342,"Code_group":"FT"},"geometry":{"type":"Point","coordinates":[72.884660606120505,19.090386324260582]}},
{"type":"Feature","properties":{"ID":"61","Northing":2112187.458,"Easting":277444.383,"Elevation":34.049,"Code":"FT","row_number":343,"Code_group":"FT"},"geometry":{"type":"Point","coordinates":[72.88468888075964,19.090520242972396]}},
{"type":"Feature","properties":{"ID":"62","Northing":2112234.859,"Easting":277455.271,"Elevation":34.187,"Code":"FT","row_number":344,"Code_group":"FT"},"geometry":{"type":"Point","coordinates":[72.884786875349889,19.090949528538591]}},
{"type":"Feature","properties":{"ID":"63","Northing":2112263.348,"Easting":277461.275,"Elevation":34.33,"Code":"FT","row_number":345,"Code_group":"FT"},"geometry":{"type":"Point","coordinates":[72.884840643203589,19.091207479296269]}},
{"type":"Feature","properties":{"ID":"64","Northing":2112303.741,"Easting":277469.724,"Elevation":34.546,"Code":"FT","row_number":346,"Code_group":"FT"},"geometry":{"type":"Point","coordinates":[72.884916272363554,19.091573206647954]}},
{"type":"Feature","properties":{"ID":"65","Northing":2112333.418,"Easting":277476.169,"Elevation":34.757,"Code":"FT","row_number":347,"Code_group":"FT"},"geometry":{"type":"Point","coordinates":[72.884974093653369,19.091841934811971]}},
{"type":"Feature","properties":{"ID":"66","Northing":2112360.653,"Easting":277482.415,"Elevation":34.775,"Code":"FT","row_number":348,"Code_group":"FT"},"geometry":{"type":"Point","coordinates":[72.885030304828106,19.092088586564891]}},
{"type":"Feature","properties":{"ID":"67","Northing":2112384.921,"Easting":277487.252,"Elevation":34.94,"Code":"FT","row_number":349,"Code_group":"FT"},"geometry":{"type":"Point","coordinates":[72.885073471184427,19.092308288416437]}},
{"type":"Feature","properties":{"ID":"68","Northing":2112517.323,"Easting":277514.584,"Elevation":35.846,"Code":"LV","row_number":350,"Code_group":"LV"},"geometry":{"type":"Point","coordinates":[72.885317931416679,19.093507046330423]}},
{"type":"Feature","properties":{"ID":"69","Northing":2112514.109,"Easting":277515.625,"Elevation":35.749,"Code":"FT","row_number":351,"Code_group":"FT"},"geometry":{"type":"Point","coordinates":[72.88532818972358,19.093478132949098]}},
{"type":"Feature","properties":{"ID":"70","Northing":2112514.737,"Easting":277510.127,"Elevation":35.899,"Code":"FT","row_number":352,"Code_group":"FT"},"geometry":{"type":"Point","coordinates":[72.885275886609605,19.093483204908019]}},
{"type":"Feature","properties":{"ID":"71","Northing":2112514.452,"Easting":277499.654,"Elevation":35.641,"Code":"FT","row_number":353,"Code_group":"FT"},"geometry":{"type":"Point","coordinates":[72.885176425718726,19.093479488440561]}},
{"type":"Feature","properties":{"ID":"72","Northing":2112514.937,"Easting":277482.11,"Elevation":35.614,"Code":"FT","row_number":354,"Code_group":"FT"},"geometry":{"type":"Point","coordinates":[72.885009701916047,19.093481954647991]}},
{"type":"Feature","properties":{"ID":"73","Northing":2112514.98,"Easting":277475.349,"Elevation":35.618,"Code":"FT","row_number":355,"Code_group":"FT"},"geometry":{"type":"Point","coordinates":[72.884945467429844,19.093481605343133]}},
{"type":"Feature","properties":{"ID":"74","Northing":2112514.889,"Easting":277471.324,"Elevation":35.651,"Code":"FT","row_number":356,"Code_group":"FT"},"geometry":{"type":"Point","coordinates":[72.884907240344674,19.093480344329283]}},
{"type":"Feature","properties":{"ID":"75","Northing":2112514.896,"Easting":277468.259,"Elevation":35.698,"Code":"FT","row_number":357,"Code_group":"FT"},"geometry":{"type":"Point","coordinates":[72.884878122019927,19.09348007313055]}},
{"type":"Feature","properties":{"ID":"76","Northing":2112515.251,"Easting":277464.414,"Elevation":35.728,"Code":"FT","row_number":358,"Code_group":"FT"},"geometry":{"type":"Point","coordinates":[72.884841553749609,19.093482859748921]}},
{"type":"Feature","properties":{"ID":"77","Northing":2112515.779,"Easting":277459.096,"Elevation":35.542,"Code":"FT","row_number":359,"Code_group":"FT"},"geometry":{"type":"Point","coordinates":[72.88479097211281,19.093487048068159]}},
{"type":"Feature","properties":{"ID":"78","Northing":2112517.116,"Easting":277449.983,"Elevation":35.385,"Code":"FT","row_number":360,"Code_group":"FT"},"geometry":{"type":"Point","coordinates":[72.884704245092806,19.093498128676639]}},
{"type":"Feature","properties":{"ID":"79","Northing":2112516.435,"Easting":277437.822,"Elevation":34.993,"Code":"FT","row_number":361,"Code_group":"FT"},"geometry":{"type":"Point","coordinates":[72.884588793684159,19.093490651263707]}},
{"type":"Feature","properties":{"ID":"80","Northing":2112521.532,"Easting":277419.525,"Elevation":35.046,"Code":"FT","row_number":362,"Code_group":"FT"},"geometry":{"type":"Point","coordinates":[72.884414386974655,19.093534687581702]}},
{"type":"Feature","properties":{"ID":"81","Northing":2112526.272,"Easting":277405.493,"Elevation":34.897,"Code":"FT","row_number":363,"Code_group":"FT"},"geometry":{"type":"Point","coordinates":[72.884280538711323,19.093575965005936]}},
{"type":"Feature","properties":{"ID":"82","Northing":2112533.801,"Easting":277389.358,"Elevation":34.665,"Code":"FT","row_number":364,"Code_group":"FT"},"geometry":{"type":"Point","coordinates":[72.884126391657276,19.093642201359714]}},
{"type":"Feature","properties":{"ID":"83","Northing":2112548.901,"Easting":277350.193,"Elevation":34.13,"Code":"FT","row_number":365,"Code_group":"FT"},"geometry":{"type":"Point","coordinates":[72.883752589773906,19.093774300251557]}},
{"type":"Feature","properties":{"ID":"84","Northing":2112558.509,"Easting":277329.208,"Elevation":34.251,"Code":"FT","row_number":366,"Code_group":"FT"},"geometry":{"type":"Point","coordinates":[72.883552128507333,19.093858782878844]}},
{"type":"Feature","properties":{"ID":"85","Northing":2112566.213,"Easting":277312.377,"Elevation":33.893,"Code":"FT","row_number":367,"Code_group":"FT"},"geometry":{"type":"Point","coordinates":[72.883391348838472,19.093926523066234]}},
{"type":"Feature","properties":{"ID":"86","Northing":2112558.474,"Easting":277304.672,"Elevation":33.9,"Code":"FT","row_number":368,"Code_group":"FT"},"geometry":{"type":"Point","coordinates":[72.883319040048406,19.093855787791533]}},
{"type":"Feature","properties":{"ID":"87","Northing":2112544.209,"Easting":277300.092,"Elevation":33.8,"Code":"FT","row_number":369,"Code_group":"FT"},"geometry":{"type":"Point","coordinates":[72.883277168437374,19.093726454847836]}},
{"type":"Feature","properties":{"ID":"88","Northing":2112504.834,"Easting":277283.535,"Elevation":34.618,"Code":"FT","row_number":370,"Code_group":"FT"},"geometry":{"type":"Point","coordinates":[72.883124399631626,19.09336903574167]}},
{"type":"Feature","properties":{"ID":"89","Northing":2112488.415,"Easting":277275.441,"Elevation":34.981,"Code":"FT","row_number":371,"Code_group":"FT"},"geometry":{"type":"Point","coordinates":[72.883049392748703,19.093219865417399]}},
{"type":"Feature","properties":{"ID":"90","Northing":2112442.635,"Easting":277251.421,"Elevation":35.432,"Code":"FT","row_number":372,"Code_group":"FT"},"geometry":{"type":"Point","coordinates":[72.882826462399592,19.092803785090975]}},
{"type":"Feature","properties":{"ID":"91","Northing":2112429.436,"Easting":277246.199,"Elevation":35.684,"Code":"FT","row_number":373,"Code_group":"FT"},"geometry":{"type":"Point","coordinates":[72.882778369932993,19.092684009433334]}},
{"type":"Feature","properties":{"ID":"92","Northing":2112416.119,"Easting":277242.252,"Elevation":36.137,"Code":"FT","row_number":374,"Code_group":"FT"},"geometry":{"type":"Point","coordinates":[72.882742403509042,19.092563307313146]}},
{"type":"Feature","properties":{"ID":"93","Northing":2112407.59,"Easting":277239.545,"Elevation":36.299,"Code":"FT","row_number":375,"Code_group":"FT"},"geometry":{"type":"Point","coordinates":[72.882717666995106,19.092485982923026]}},
{"type":"Feature","properties":{"ID":"94","Northing":2112389.739,"Easting":277236.179,"Elevation":36.461,"Code":"FT","row_number":376,"Code_group":"FT"},"geometry":{"type":"Point","coordinates":[72.882687740979463,19.092324395919448]}},
{"type":"Feature","properties":{"ID":"95","Northing":2112360.77,"Easting":277228.728,"Elevation":36.715,"Code":"FT","row_number":377,"Code_group":"FT"},"geometry":{"type":"Point","coordinates":[72.882620285126478,19.092061951742338]}},
{"type":"Feature","properties":{"ID":"96","Northing":2112344.848,"Easting":277225.488,"Elevation":36.712,"Code":"FT","row_number":378,"Code_group":"FT"},"geometry":{"type":"Point","coordinates":[72.882591334614702,19.091917800049369]}},
{"type":"Feature","properties":{"ID":"97","Northing":2112317.411,"Easting":277218.946,"Elevation":36.723,"Code":"FT","row_number":379,"Code_group":"FT"},"geometry":{"type":"Point","coordinates":[72.882532338406776,19.091669291230861]}},
{"type":"Feature","properties":{"ID":"98","Northing":2112290.504,"Easting":277212.368,"Elevation":36.719,"Code":"FT","row_number":380,"Code_group":"FT"},"geometry":{"type":"Point","coordinates":[72.882472939451446,19.091425565109887]}},
{"type":"Feature","properties":{"ID":"99","Northing":2112265.288,"Easting":277207.44,"Elevation":36.637,"Code":"FT","row_number":381,"Code_group":"FT"},"geometry":{"type":"Point","coordinates":[72.882429021127223,19.091197291283105]}},
{"type":"Feature","properties":{"ID":"100","Northing":2112238.362,"Easting":277200.361,"Elevation":36.436,"Code":"FT","row_number":382,"Code_group":"FT"},"geometry":{"type":"Point","coordinates":[72.88236486518106,19.090953338829767]}},
{"type":"Feature","properties":{"ID":"101","Northing":2112216.633,"Easting":277193.707,"Elevation":36.349,"Code":"FT","row_number":383,"Code_group":"FT"},"geometry":{"type":"Point","coordinates":[72.882304149719417,19.09075636892964]}},
{"type":"Feature","properties":{"ID":"102","Northing":2112195.463,"Easting":277186.991,"Elevation":36.28,"Code":"FT","row_number":384,"Code_group":"FT"},"geometry":{"type":"Point","coordinates":[72.882242781163498,19.090564440794989]}},
{"type":"Feature","properties":{"ID":"103","Northing":2112166.079,"Easting":277177.03,"Elevation":36.167,"Code":"FT","row_number":385,"Code_group":"FT"},"geometry":{"type":"Point","coordinates":[72.882151529609985,19.090297974344828]}},
{"type":"Feature","properties":{"ID":"104","Northing":2112138.256,"Easting":277167.127,"Elevation":36.043,"Code":"FT","row_number":386,"Code_group":"FT"},"geometry":{"type":"Point","coordinates":[72.882060649935141,19.090045612207184]}},
{"type":"Feature","properties":{"ID":"105","Northing":2112109.271,"Easting":277155.231,"Elevation":35.751,"Code":"FT","row_number":387,"Code_group":"FT"},"geometry":{"type":"Point","coordinates":[72.881950970961654,19.089782537854333]}},
{"type":"Feature","properties":{"ID":"106","Northing":2112088.394,"Easting":277144.937,"Elevation":35.427,"Code":"FT","row_number":388,"Code_group":"FT"},"geometry":{"type":"Point","coordinates":[72.881855579232237,19.089592864982215]}},
{"type":"Feature","properties":{"ID":"107","Northing":2112072.92,"Easting":277138.114,"Elevation":35.27,"Code":"FT","row_number":389,"Code_group":"FT"},"geometry":{"type":"Point","coordinates":[72.881792540483957,19.089452367873911]}},
{"type":"Feature","properties":{"ID":"108","Northing":2112042.358,"Easting":277123.09,"Elevation":34.946,"Code":"FT","row_number":390,"Code_group":"FT"},"geometry":{"type":"Point","coordinates":[72.881653328274027,19.089174709184583]}},
{"type":"Feature","properties":{"ID":"109","Northing":2112012.545,"Easting":277108.843,"Elevation":34.709,"Code":"FT","row_number":391,"Code_group":"FT"},"geometry":{"type":"Point","coordinates":[72.881521411699254,19.088903899830388]}},
{"type":"Feature","properties":{"ID":"110","Northing":2111995.636,"Easting":277101.464,"Elevation":34.688,"Code":"FT","row_number":392,"Code_group":"FT"},"geometry":{"type":"Point","coordinates":[72.881453256520629,19.08875038185915]}},
{"type":"Feature","properties":{"ID":"111","Northing":2111980.323,"Easting":277095.27,"Elevation":34.57,"Code":"FT KH","row_number":393,"Code_group":"Other / rare"},"geometry":{"type":"Point","coordinates":[72.881396175182815,19.08861140744429]}},
{"type":"Feature","properties":{"ID":"112","Northing":2111979.165,"Easting":277096.46,"Elevation":34.687,"Code":"FT","row_number":394,"Code_group":"FT"},"geometry":{"type":"Point","coordinates":[72.881407612921009,19.088601079118401]}},
{"type":"Feature","properties":{"ID":"113","Northing":2111972.149,"Easting":277093.02,"Elevation":34.593,"Code":"FT","row_number":395,"Code_group":"FT"},"geometry":{"type":"Point","coordinates":[72.881375740270286,19.088537339035479]}},
{"type":"Feature","properties":{"ID":"114","Northing":2111961.127,"Easting":277089.689,"Elevation":34.693,"Code":"FT","row_number":396,"Code_group":"FT"},"geometry":{"type":"Point","coordinates":[72.88134536351825,19.088437431117832]}},
{"type":"Feature","properties":{"ID":"115","Northing":2111952.333,"Easting":277087.505,"Elevation":34.545,"Code":"FT","row_number":397,"Code_group":"FT"},"geometry":{"type":"Point","coordinates":[72.881325626878578,19.088357770457144]}},
{"type":"Feature","properties":{"ID":"116","Northing":2111940.286,"Easting":277085.0,"Elevation":34.571,"Code":"FT","row_number":398,"Code_group":"FT"},"geometry":{"type":"Point","coordinates":[72.881303214724312,19.088248695615889]}},
{"type":"Feature","properties":{"ID":"117","Northing":2111921.587,"Easting":277082.714,"Elevation":34.547,"Code":"FT","row_number":399,"Code_group":"FT"},"geometry":{"type":"Point","coordinates":[72.881283647542844,19.08807956790886]}},
{"type":"Feature","properties":{"ID":"118","Northing":2111914.282,"Easting":277082.228,"Elevation":34.518,"Code":"FT MATCH","row_number":400,"Code_group":"Other / rare"},"geometry":{"type":"Point","coordinates":[72.881279870269267,19.088013540515302]}},
{"type":"Feature","properties":{"ID":"A4","Northing":2111786.698,"Easting":277070.38,"Elevation":34.126,"Code":"ST","row_number":401,"Code_group":"Other / rare"},"geometry":{"type":"Point","coordinates":[72.881181981696727,19.086859985282185]}},
{"type":"Feature","properties":{"ID":"A36","Northing":2111788.768,"Easting":277098.533,"Elevation":32.796,"Code":"ST","row_number":402,"Code_group":"Other / rare"},"geometry":{"type":"Point","coordinates":[72.881449186272022,19.086881756168847]}},
{"type":"Feature","properties":{"ID":"A9","Northing":2111871.215,"Easting":277180.969,"Elevation":32.709,"Code":"ST","row_number":403,"Code_group":"Other / rare"},"geometry":{"type":"Point","coordinates":[72.882222825250921,19.087635372030601]}},
{"type":"Feature","properties":{"ID":"A19","Northing":2111911.783,"Easting":277217.653,"Elevation":33.517,"Code":"ST","row_number":404,"Code_group":"Other / rare"},"geometry":{"type":"Point","coordinates":[72.882566651100447,19.088005763792271]}},
{"type":"Feature","properties":{"ID":"119","Northing":2112156.867,"Easting":277178.271,"Elevation":36.314,"Code":"LV","row_number":405,"Code_group":"LV"},"geometry":{"type":"Point","coordinates":[72.882164377304974,19.090214912726516]}},
{"type":"Feature","properties":{"ID":"120","Northing":2111780.633,"Easting":277101.716,"Elevation":32.991,"Code":"LV","row_number":406,"Code_group":"LV"},"geometry":{"type":"Point","coordinates":[72.881480358339033,19.086808633547538]}},
{"type":"Feature","properties":{"ID":"121","Northing":2111782.87,"Easting":277084.344,"Elevation":33.073,"Code":"LV","row_number":407,"Code_group":"LV"},"geometry":{"type":"Point","coordinates":[72.881315074125837,19.086826938834371]}},
{"type":"Feature","properties":{"ID":"122","Northing":2111686.648,"Easting":277152.513,"Elevation":32.133,"Code":"LV","row_number":408,"Code_group":"LV"},"geometry":{"type":"Point","coordinates":[72.881973707126534,19.085965366842728]}},
{"type":"Feature","properties":{"ID":"123","Northing":2111636.526,"Easting":277237.129,"Elevation":31.767,"Code":"LV","row_number":409,"Code_group":"LV"},"geometry":{"type":"Point","coordinates":[72.882783277891662,19.085521934893094]}},
{"type":"Feature","properties":{"ID":"124","Northing":2111711.896,"Easting":277336.478,"Elevation":31.684,"Code":"LV","row_number":410,"Code_group":"LV"},"geometry":{"type":"Point","coordinates":[72.883718396730345,19.086213475759749]}},
{"type":"Feature","properties":{"ID":"125","Northing":2111715.059,"Easting":277319.715,"Elevation":32.042,"Code":"LV","row_number":411,"Code_group":"LV"},"geometry":{"type":"Point","coordinates":[72.883558792094078,19.086240212682497]}},
{"type":"Feature","properties":{"ID":"126","Northing":2111717.065,"Easting":277306.39,"Elevation":32.252,"Code":"LV","row_number":412,"Code_group":"LV"},"geometry":{"type":"Point","coordinates":[72.883431979825488,19.086256875370896]}},
{"type":"Feature","properties":{"ID":"127","Northing":2111721.4,"Easting":277284.512,"Elevation":32.176,"Code":"LV","row_number":413,"Code_group":"LV"},"geometry":{"type":"Point","coordinates":[72.883223650181208,19.086293638515876]}},
{"type":"Feature","properties":{"ID":"128","Northing":2111612.089,"Easting":277343.46,"Elevation":31.775,"Code":"NALA","row_number":414,"Code_group":"Other / rare"},"geometry":{"type":"Point","coordinates":[72.883796178666657,19.085312840239041]}},
{"type":"Feature","properties":{"ID":"129","Northing":2111610.612,"Easting":277350.481,"Elevation":31.67,"Code":"NALA","row_number":415,"Code_group":"Other / rare"},"geometry":{"type":"Point","coordinates":[72.883863044418746,19.085300266975427]}},
{"type":"Feature","properties":{"ID":"130","Northing":2111608.788,"Easting":277350.327,"Elevation":31.236,"Code":"NALA","row_number":416,"Code_group":"Other / rare"},"geometry":{"type":"Point","coordinates":[72.883861790836278,19.085283776886879]}},
{"type":"Feature","properties":{"ID":"131","Northing":2111607.938,"Easting":277350.15,"Elevation":31.327,"Code":"NALA","row_number":417,"Code_group":"Other / rare"},"geometry":{"type":"Point","coordinates":[72.883860206975896,19.08527608087806]}},
{"type":"Feature","properties":{"ID":"132","Northing":2111607.206,"Easting":277349.455,"Elevation":31.354,"Code":"NALA","row_number":418,"Code_group":"Other / rare"},"geometry":{"type":"Point","coordinates":[72.883853688814696,19.085269394052446]}},
{"type":"Feature","properties":{"ID":"133","Northing":2111606.94,"Easting":277348.506,"Elevation":31.368,"Code":"NALA","row_number":419,"Code_group":"Other / rare"},"geometry":{"type":"Point","coordinates":[72.883844704288435,19.085266888145934]}},
{"type":"Feature","properties":{"ID":"134","Northing":2111611.411,"Easting":277343.471,"Elevation":30.577,"Code":"NALA","row_number":420,"Code_group":"Other / rare"},"geometry":{"type":"Point","coordinates":[72.883796360980043,19.085306718146366]}},
{"type":"Feature","properties":{"ID":"135","Northing":2111895.349,"Easting":277381.195,"Elevation":33.038,"Code":"CH TOP","row_number":421,"Code_group":"Other / rare"},"geometry":{"type":"Point","coordinates":[72.884122134923302,19.087875193713696]}},
{"type":"Feature","properties":{"ID":"136","Northing":2112347.483,"Easting":277484.333,"Elevation":34.962,"Code":"DIV","row_number":422,"Code_group":"Other / rare"},"geometry":{"type":"Point","coordinates":[72.88505003697685,19.091969852184725]}},
{"type":"Feature","properties":{"ID":"137","Northing":2112516.364,"Easting":277514.588,"Elevation":35.844,"Code":"LV","row_number":423,"Code_group":"LV"},"geometry":{"type":"Point","coordinates":[72.885318079459211,19.093498385647948]}},
{"type":"Feature","properties":{"ID":"a1","Northing":2111862.529,"Easting":277144.357,"Elevation":32.724,"Code":"S","row_number":424,"Code_group":"Other / rare"},"geometry":{"type":"Point","coordinates":[72.881876021829981,19.087552926474512]}},
{"type":"Feature","properties":{"ID":"1","Northing":2111787.888,"Easting":277068.306,"Elevation":34.13,"Code":"LV","row_number":425,"Code_group":"LV"},"geometry":{"type":"Point","coordinates":[72.881162142746945,19.086870506020585]}},
{"type":"Feature","properties":{"ID":"2","Northing":2111801.459,"Easting":277071.492,"Elevation":34.408,"Code":"LV","row_number":426,"Code_group":"LV"},"geometry":{"type":"Point","coordinates":[72.881190848803058,19.08699341911257]}},
{"type":"Feature","properties":{"ID":"3","Northing":2111816.549,"Easting":277075.408,"Elevation":34.61,"Code":"LV","row_number":427,"Code_group":"LV"},"geometry":{"type":"Point","coordinates":[72.881226315040863,19.087130130644219]}},
{"type":"Feature","properties":{"ID":"4","Northing":2111830.044,"Easting":277077.679,"Elevation":34.745,"Code":"LV","row_number":428,"Code_group":"LV"},"geometry":{"type":"Point","coordinates":[72.881246337743434,19.087252257371251]}},
{"type":"Feature","properties":{"ID":"5","Northing":2111849.072,"Easting":277080.208,"Elevation":34.724,"Code":"LV","row_number":429,"Code_group":"LV"},"geometry":{"type":"Point","coordinates":[72.881268175480216,19.087424382960986]}},
{"type":"Feature","properties":{"ID":"6","Northing":2111870.9,"Easting":277081.837,"Elevation":34.685,"Code":"LV","row_number":430,"Code_group":"LV"},"geometry":{"type":"Point","coordinates":[72.88128114176132,19.087621698101398]}},
{"type":"Feature","properties":{"ID":"7","Northing":2111888.057,"Easting":277081.842,"Elevation":34.685,"Code":"LV","row_number":431,"Code_group":"LV"},"geometry":{"type":"Point","coordinates":[72.881279217431697,19.087776650180505]}},
{"type":"Feature","properties":{"ID":"8","Northing":2111905.349,"Easting":277080.987,"Elevation":34.628,"Code":"LV","row_number":432,"Code_group":"LV"},"geometry":{"type":"Point","coordinates":[72.881269107852845,19.087932727526368]}},
{"type":"Feature","properties":{"ID":"9","Northing":2111920.493,"Easting":277081.113,"Elevation":34.58,"Code":"LV","row_number":433,"Code_group":"LV"},"geometry":{"type":"Point","coordinates":[72.881268564295681,19.088069512636046]}},
{"type":"Feature","properties":{"ID":"10","Northing":2111929.775,"Easting":277082.039,"Elevation":34.552,"Code":"LV","row_number":434,"Code_group":"LV"},"geometry":{"type":"Point","coordinates":[72.881276294203047,19.088153443160397]}},
{"type":"Feature","properties":{"ID":"11","Northing":2111935.182,"Easting":277073.308,"Elevation":34.446,"Code":"FT","row_number":435,"Code_group":"FT"},"geometry":{"type":"Point","coordinates":[72.881192731031547,19.088201321852662]}},
{"type":"Feature","properties":{"ID":"12","Northing":2111921.146,"Easting":277070.155,"Elevation":34.522,"Code":"FT","row_number":436,"Code_group":"FT"},"geometry":{"type":"Point","coordinates":[72.881164391795977,19.088074212766493]}},
{"type":"Feature","properties":{"ID":"13","Northing":2111900.915,"Easting":277069.287,"Elevation":34.757,"Code":"FT","row_number":437,"Code_group":"FT"},"geometry":{"type":"Point","coordinates":[72.88115847136757,19.087891403917887]}},
{"type":"Feature","properties":{"ID":"14","Northing":2111891.764,"Easting":277072.251,"Elevation":34.9,"Code":"FT","row_number":438,"Code_group":"FT"},"geometry":{"type":"Point","coordinates":[72.881187680141039,19.087809081563936]}},
{"type":"Feature","properties":{"ID":"15","Northing":2111877.217,"Easting":277073.002,"Elevation":34.772,"Code":"FT","row_number":439,"Code_group":"FT"},"geometry":{"type":"Point","coordinates":[72.881196486321628,19.087677784023668]}},
{"type":"Feature","properties":{"ID":"16","Northing":2111858.551,"Easting":277072.375,"Elevation":34.692,"Code":"FT","row_number":440,"Code_group":"FT"},"geometry":{"type":"Point","coordinates":[72.881192675370883,19.08750913562255]}},
{"type":"Feature","properties":{"ID":"17","Northing":2111840.257,"Easting":277070.54,"Elevation":34.827,"Code":"FT","row_number":441,"Code_group":"FT"},"geometry":{"type":"Point","coordinates":[72.88117734609726,19.08734371490193]}},
{"type":"Feature","properties":{"ID":"18","Northing":2111817.585,"Easting":277067.205,"Elevation":34.548,"Code":"FT","row_number":442,"Code_group":"FT"},"geometry":{"type":"Point","coordinates":[72.881148270572879,19.087138590862001]}},
{"type":"Feature","properties":{"ID":"19","Northing":2111803.066,"Easting":277063.62,"Elevation":34.422,"Code":"FT","row_number":443,"Code_group":"FT"},"geometry":{"type":"Point","coordinates":[72.88111588314537,19.087007072411858]}},
{"type":"Feature","properties":{"ID":"20","Northing":2111787.565,"Easting":277059.34,"Elevation":34.157,"Code":"FT","row_number":444,"Code_group":"FT"},"geometry":{"type":"Point","coordinates":[72.881077006397192,19.08686660919404]}},
{"type":"Feature","properties":{"ID":"21","Northing":2111786.23,"Easting":277059.124,"Elevation":34.143,"Code":"FT","row_number":445,"Code_group":"FT"},"geometry":{"type":"Point","coordinates":[72.881075107919358,19.086854528688725]}},
{"type":"Feature","properties":{"ID":"22","Northing":2111785.15,"Easting":277059.243,"Elevation":34.255,"Code":"FT","row_number":446,"Code_group":"FT"},"geometry":{"type":"Point","coordinates":[72.881076362501148,19.086844787792558]}},
{"type":"Feature","properties":{"ID":"23","Northing":2111782.965,"Easting":277059.66,"Elevation":34.082,"Code":"FT","row_number":447,"Code_group":"FT"},"geometry":{"type":"Point","coordinates":[72.881080574966575,19.086825099774536]}},
{"type":"Feature","properties":{"ID":"24","Northing":2111770.214,"Easting":277056.553,"Elevation":33.718,"Code":"FT","row_number":448,"Code_group":"FT"},"geometry":{"type":"Point","coordinates":[72.881052525231468,19.086709601044511]}},
{"type":"Feature","properties":{"ID":"25","Northing":2111754.116,"Easting":277053.103,"Elevation":33.612,"Code":"FT","row_number":449,"Code_group":"FT"},"geometry":{"type":"Point","coordinates":[72.881021601855963,19.08656383677689]}},
{"type":"Feature","properties":{"ID":"26","Northing":2111740.404,"Easting":277050.571,"Elevation":33.486,"Code":"FT","row_number":450,"Code_group":"FT"},"geometry":{"type":"Point","coordinates":[72.8809991249001,19.086439721709937]}},
{"type":"Feature","properties":{"ID":"27","Northing":2111719.714,"Easting":277044.265,"Elevation":33.494,"Code":"FT","row_number":451,"Code_group":"FT"},"geometry":{"type":"Point","coordinates":[72.880941598610804,19.086252173223528]}},
{"type":"Feature","properties":{"ID":"28","Northing":2111703.468,"Easting":277040.263,"Elevation":33.315,"Code":"FT","row_number":452,"Code_group":"FT"},"geometry":{"type":"Point","coordinates":[72.880905448629463,19.086105011983619]}},
{"type":"Feature","properties":{"ID":"29","Northing":2111694.109,"Easting":277038.228,"Elevation":33.323,"Code":"FT","row_number":453,"Code_group":"FT"},"geometry":{"type":"Point","coordinates":[72.880887192737404,19.08602026485179]}},
{"type":"Feature","properties":{"ID":"30","Northing":2111685.289,"Easting":277033.447,"Elevation":33.211,"Code":"FT","row_number":454,"Code_group":"FT"},"geometry":{"type":"Point","coordinates":[72.880842789137361,19.085940085566705]}},
{"type":"Feature","properties":{"ID":"31","Northing":2111680.49,"Easting":277031.959,"Elevation":33.205,"Code":"FT","row_number":455,"Code_group":"FT"},"geometry":{"type":"Point","coordinates":[72.880829205407878,19.085896581334062]}},
{"type":"Feature","properties":{"ID":"32","Northing":2111679.127,"Easting":277031.659,"Elevation":33.156,"Code":"FT","row_number":456,"Code_group":"FT"},"geometry":{"type":"Point","coordinates":[72.880826512208131,19.085884238769708]}},
{"type":"Feature","properties":{"ID":"33","Northing":2111678.036,"Easting":277031.846,"Elevation":33.259,"Code":"FT","row_number":457,"Code_group":"FT"},"geometry":{"type":"Point","coordinates":[72.880828414024549,19.085874405960528]}},
{"type":"Feature","properties":{"ID":"34","Northing":2111675.285,"Easting":277032.089,"Elevation":33.239,"Code":"FT","row_number":458,"Code_group":"FT"},"geometry":{"type":"Point","coordinates":[72.880831038617202,19.085849587167207]}},
{"type":"Feature","properties":{"ID":"35","Northing":2111674.212,"Easting":277031.839,"Elevation":33.243,"Code":"FT","row_number":459,"Code_group":"FT"},"geometry":{"type":"Point","coordinates":[72.880828787062129,19.085839869169135]}},
{"type":"Feature","properties":{"ID":"36","Northing":2111667.346,"Easting":277030.161,"Elevation":33.335,"Code":"FT","row_number":460,"Code_group":"FT"},"geometry":{"type":"Point","coordinates":[72.880813636012363,19.08577767629528]}},
{"type":"Feature","properties":{"ID":"37","Northing":2111666.63,"Easting":277030.186,"Elevation":33.289,"Code":"FT","row_number":461,"Code_group":"FT"},"geometry":{"type":"Point","coordinates":[72.880813955798871,19.085771212553631]}},
{"type":"Feature","properties":{"ID":"38","Northing":2111664.598,"Easting":277030.935,"Elevation":33.3,"Code":"FT","row_number":462,"Code_group":"FT"},"geometry":{"type":"Point","coordinates":[72.880821304515635,19.085752942621923]}},
{"type":"Feature","properties":{"ID":"39","Northing":2111651.261,"Easting":277027.809,"Elevation":33.289,"Code":"FT","row_number":463,"Code_group":"FT"},"geometry":{"type":"Point","coordinates":[72.880793141930582,19.085632149405267]}},
{"type":"Feature","properties":{"ID":"40","Northing":2111648.624,"Easting":277031.59,"Elevation":33.466,"Code":"LV","row_number":464,"Code_group":"LV"},"geometry":{"type":"Point","coordinates":[72.880829362764686,19.085608746808369]}},
{"type":"Feature","properties":{"ID":"41","Northing":2111660.476,"Easting":277034.83,"Elevation":33.4,"Code":"LV","row_number":465,"Code_group":"LV"},"geometry":{"type":"Point","coordinates":[72.880858779005735,19.085716140868037]}},
{"type":"Feature","properties":{"ID":"42","Northing":2111674.821,"Easting":277037.841,"Elevation":33.364,"Code":"LV","row_number":466,"Code_group":"LV"},"geometry":{"type":"Point","coordinates":[72.880885733342097,19.085846025152286]}},
{"type":"Feature","properties":{"ID":"43","Northing":2111688.523,"Easting":277040.882,"Elevation":33.331,"Code":"LV","row_number":467,"Code_group":"LV"},"geometry":{"type":"Point","coordinates":[72.880913046601364,19.085970105530613]}},
{"type":"Feature","properties":{"ID":"44","Northing":2111700.538,"Easting":277043.632,"Elevation":33.295,"Code":"LV","row_number":468,"Code_group":"LV"},"geometry":{"type":"Point","coordinates":[72.880937789417601,19.086078918157394]}},
{"type":"Feature","properties":{"ID":"45","Northing":2111709.524,"Easting":277052.384,"Elevation":33.291,"Code":"LV","row_number":469,"Code_group":"LV"},"geometry":{"type":"Point","coordinates":[72.881019896791244,19.086161030545025]}},
{"type":"Feature","properties":{"ID":"46","Northing":2111727.004,"Easting":277055.68,"Elevation":33.377,"Code":"LV","row_number":470,"Code_group":"LV"},"geometry":{"type":"Point","coordinates":[72.881049198357587,19.086319259363218]}},
{"type":"Feature","properties":{"ID":"47","Northing":2111741.138,"Easting":277058.862,"Elevation":33.495,"Code":"LV","row_number":471,"Code_group":"LV"},"geometry":{"type":"Point","coordinates":[72.881077801572104,19.086447256697113]}},
{"type":"Feature","properties":{"ID":"48","Northing":2111758.604,"Easting":277063.141,"Elevation":33.646,"Code":"LV","row_number":472,"Code_group":"LV"},"geometry":{"type":"Point","coordinates":[72.881116442923371,19.086605466480719]}},
{"type":"Feature","properties":{"ID":"49","Northing":2111772.093,"Easting":277065.911,"Elevation":33.873,"Code":"LV","row_number":473,"Code_group":"LV"},"geometry":{"type":"Point","coordinates":[72.881141206511288,19.086727593547323]}},
{"type":"Feature","properties":{"ID":"50","Northing":2111783.409,"Easting":277068.457,"Elevation":34.058,"Code":"LV","row_number":474,"Code_group":"LV"},"geometry":{"type":"Point","coordinates":[72.881164091955839,19.086830070929739]}},
{"type":"Feature","properties":{"ID":"51","Northing":2111783.769,"Easting":277072.47,"Elevation":34.132,"Code":"LV","row_number":475,"Code_group":"LV"},"geometry":{"type":"Point","coordinates":[72.881202172496145,19.086833760704302]}},
{"type":"Feature","properties":{"ID":"52","Northing":2111784.184,"Easting":277083.999,"Elevation":33.161,"Code":"LV","row_number":476,"Code_group":"LV"},"geometry":{"type":"Point","coordinates":[72.881311645755588,19.086838768386638]}},
{"type":"Feature","properties":{"ID":"53","Northing":2111778.968,"Easting":277086.036,"Elevation":33.068,"Code":"LV","row_number":477,"Code_group":"LV"},"geometry":{"type":"Point","coordinates":[72.881331595875878,19.086791883213468]}},
{"type":"Feature","properties":{"ID":"54","Northing":2111636.67,"Easting":277052.176,"Elevation":33.241,"Code":"FT","row_number":478,"Code_group":"FT"},"geometry":{"type":"Point","coordinates":[72.881026294017857,19.085503035015382]}},
{"type":"Feature","properties":{"ID":"55","Northing":2111639.932,"Easting":277052.9,"Elevation":33.196,"Code":"FT","row_number":479,"Code_group":"FT"},"geometry":{"type":"Point","coordinates":[72.881032796781994,19.08553257451419]}},
{"type":"Feature","properties":{"ID":"56","Northing":2111641.127,"Easting":277064.186,"Elevation":33.033,"Code":"FT","row_number":480,"Code_group":"FT"},"geometry":{"type":"Point","coordinates":[72.881139871148392,19.085544600149007]}},
{"type":"Feature","properties":{"ID":"57","Northing":2111640.767,"Easting":277083.935,"Elevation":32.744,"Code":"FT","row_number":481,"Code_group":"FT"},"geometry":{"type":"Point","coordinates":[72.881327518771357,19.085543506502834]}},
{"type":"Feature","properties":{"ID":"58","Northing":2111640.144,"Easting":277101.306,"Elevation":32.543,"Code":"FT","row_number":482,"Code_group":"FT"},"geometry":{"type":"Point","coordinates":[72.881492606741503,19.085539777636551]}},
{"type":"Feature","properties":{"ID":"59","Northing":2111640.158,"Easting":277101.302,"Elevation":32.539,"Code":"FT","row_number":483,"Code_group":"FT"},"geometry":{"type":"Point","coordinates":[72.881492567134728,19.085539903639074]}},
{"type":"Feature","properties":{"ID":"60","Northing":2111639.157,"Easting":277119.998,"Elevation":32.407,"Code":"FT","row_number":484,"Code_group":"FT"},"geometry":{"type":"Point","coordinates":[72.881670285425585,19.085532905489458]}},
{"type":"Feature","properties":{"ID":"61","Northing":2111638.166,"Easting":277136.054,"Elevation":32.288,"Code":"FT","row_number":485,"Code_group":"FT"},"geometry":{"type":"Point","coordinates":[72.881822923800001,19.085525709132739]}},
{"type":"Feature","properties":{"ID":"62","Northing":2111637.861,"Easting":277155.504,"Elevation":32.182,"Code":"FT","row_number":486,"Code_group":"FT"},"geometry":{"type":"Point","coordinates":[72.882007724792288,19.085525078859586]}},
{"type":"Feature","properties":{"ID":"63","Northing":2111635.997,"Easting":277176.353,"Elevation":32.026,"Code":"FT","row_number":487,"Code_group":"FT"},"geometry":{"type":"Point","coordinates":[72.882205994727883,19.085510521230667]}},
{"type":"Feature","properties":{"ID":"64","Northing":2111634.205,"Easting":277194.106,"Elevation":31.886,"Code":"FT","row_number":488,"Code_group":"FT"},"geometry":{"type":"Point","coordinates":[72.882374845817992,19.085496275580756]}},
{"type":"Feature","properties":{"ID":"65","Northing":2111632.256,"Easting":277212.056,"Elevation":31.765,"Code":"FT","row_number":489,"Code_group":"FT"},"geometry":{"type":"Point","coordinates":[72.88254558633497,19.085480633353278]}},
{"type":"Feature","properties":{"ID":"66","Northing":2111629.822,"Easting":277233.573,"Elevation":31.608,"Code":"FT","row_number":490,"Code_group":"FT"},"geometry":{"type":"Point","coordinates":[72.882750267377972,19.085461000166898]}},
{"type":"Feature","properties":{"ID":"67","Northing":2111627.602,"Easting":277254.061,"Elevation":31.461,"Code":"FT","row_number":491,"Code_group":"FT"},"geometry":{"type":"Point","coordinates":[72.882945148801412,19.085443187137336]}},
{"type":"Feature","properties":{"ID":"68","Northing":2111626.133,"Easting":277265.068,"Elevation":31.388,"Code":"FT","row_number":492,"Code_group":"FT"},"geometry":{"type":"Point","coordinates":[72.883049878871745,19.085431121559623]}},
{"type":"Feature","properties":{"ID":"69","Northing":2111623.868,"Easting":277282.467,"Elevation":31.28,"Code":"FT","row_number":493,"Code_group":"FT"},"geometry":{"type":"Point","coordinates":[72.883215421359438,19.085412564628172]}},
{"type":"Feature","properties":{"ID":"70","Northing":2111623.343,"Easting":277282.869,"Elevation":31.281,"Code":"FT","row_number":494,"Code_group":"FT"},"geometry":{"type":"Point","coordinates":[72.883219300447578,19.08540786702072]}},
{"type":"Feature","properties":{"ID":"71","Northing":2111620.518,"Easting":277304.075,"Elevation":31.134,"Code":"FT","row_number":495,"Code_group":"FT"},"geometry":{"type":"Point","coordinates":[72.883421071930542,19.085384667847503]}},
{"type":"Feature","properties":{"ID":"72","Northing":2111618.552,"Easting":277318.995,"Elevation":31.085,"Code":"FT","row_number":496,"Code_group":"FT"},"geometry":{"type":"Point","coordinates":[72.883563030693722,19.085368540424824]}},
{"type":"Feature","properties":{"ID":"73","Northing":2111627.136,"Easting":277332.723,"Elevation":31.156,"Code":"FT","row_number":497,"Code_group":"FT"},"geometry":{"type":"Point","coordinates":[72.883692455035899,19.085447564133865]}},
{"type":"Feature","properties":{"ID":"74","Northing":2111641.737,"Easting":277335.833,"Elevation":31.228,"Code":"FT","row_number":498,"Code_group":"FT"},"geometry":{"type":"Point","coordinates":[72.883720322678499,19.085579771058995]}},
{"type":"Feature","properties":{"ID":"75","Northing":2111656.508,"Easting":277338.961,"Elevation":31.308,"Code":"FT","row_number":499,"Code_group":"FT"},"geometry":{"type":"Point","coordinates":[72.883748341833751,19.085713515285498]}},
{"type":"Feature","properties":{"ID":"76","Northing":2111673.927,"Easting":277342.796,"Elevation":31.32,"Code":"FT","row_number":500,"Code_group":"FT"},"geometry":{"type":"Point","coordinates":[72.883782773275598,19.085871251821548]}},
{"type":"Feature","properties":{"ID":"77","Northing":2111674.487,"Easting":277342.37,"Elevation":31.362,"Code":"FT","row_number":501,"Code_group":"FT"},"geometry":{"type":"Point","coordinates":[72.883778662182976,19.085876262921332]}},
{"type":"Feature","properties":{"ID":"78","Northing":2111696.95,"Easting":277347.217,"Elevation":31.427,"Code":"FT","row_number":502,"Code_group":"FT"},"geometry":{"type":"Point","coordinates":[72.883822128291641,19.086079664294875]}},
{"type":"Feature","properties":{"ID":"79","Northing":2111705.136,"Easting":277349.049,"Elevation":31.43,"Code":"FT","row_number":503,"Code_group":"FT"},"geometry":{"type":"Point","coordinates":[72.883838591934278,19.086153795289889]}},
{"type":"Feature","properties":{"ID":"80","Northing":2111723.984,"Easting":277353.092,"Elevation":31.454,"Code":"FT","row_number":504,"Code_group":"FT"},"geometry":{"type":"Point","coordinates":[72.883874835406203,19.086324460394291]}},
{"type":"Feature","properties":{"ID":"81","Northing":2111749.976,"Easting":277358.776,"Elevation":31.589,"Code":"FT","row_number":505,"Code_group":"FT"},"geometry":{"type":"Point","coordinates":[72.88392584781252,19.086559824921327]}},
{"type":"Feature","properties":{"ID":"82","Northing":2111760.308,"Easting":277360.966,"Elevation":31.656,"Code":"FT","row_number":506,"Code_group":"FT"},"geometry":{"type":"Point","coordinates":[72.883945466075943,19.086653376373015]}},
{"type":"Feature","properties":{"ID":"83","Northing":2111786.677,"Easting":277366.636,"Elevation":31.949,"Code":"FT","row_number":507,"Code_group":"FT"},"geometry":{"type":"Point","coordinates":[72.883996302370207,19.086892144204121]}},
{"type":"Feature","properties":{"ID":"84","Northing":2111817.815,"Easting":277373.208,"Elevation":32.129,"Code":"FT","row_number":508,"Code_group":"FT"},"geometry":{"type":"Point","coordinates":[72.884055160090867,19.08717408122526]}},
{"type":"Feature","properties":{"ID":"85","Northing":2111842.963,"Easting":277378.616,"Elevation":32.522,"Code":"FT","row_number":509,"Code_group":"FT"},"geometry":{"type":"Point","coordinates":[72.884103647853763,19.087401793109677]}},
{"type":"Feature","properties":{"ID":"86","Northing":2111854.602,"Easting":277381.109,"Elevation":32.554,"Code":"FT","row_number":510,"Code_group":"FT"},"geometry":{"type":"Point","coordinates":[72.884125994657069,19.087507181662517]}},
{"type":"Feature","properties":{"ID":"87","Northing":2111862.215,"Easting":277382.844,"Elevation":32.635,"Code":"FT","row_number":511,"Code_group":"FT"},"geometry":{"type":"Point","coordinates":[72.884141602808512,19.087576127066875]}},
{"type":"Feature","properties":{"ID":"88","Northing":2111883.949,"Easting":277387.677,"Elevation":32.805,"Code":"FT","row_number":512,"Code_group":"FT"},"geometry":{"type":"Point","coordinates":[72.884185020265463,19.087772942983204]}},
{"type":"Feature","properties":{"ID":"89","Northing":2111903.908,"Easting":277392.176,"Elevation":32.955,"Code":"FT","row_number":513,"Code_group":"FT"},"geometry":{"type":"Point","coordinates":[72.884225468623043,19.087953691706776]}},
{"type":"Feature","properties":{"ID":"90","Northing":2111920.258,"Easting":277395.711,"Elevation":33.062,"Code":"FT","row_number":514,"Code_group":"FT"},"geometry":{"type":"Point","coordinates":[72.884257173543674,19.088101740900026]}},
{"type":"Feature","properties":{"ID":"91","Northing":2111936.951,"Easting":277399.425,"Elevation":33.144,"Code":"FT","row_number":515,"Code_group":"FT"},"geometry":{"type":"Point","coordinates":[72.884290539588761,19.088252907394061]}},
{"type":"Feature","properties":{"ID":"92","Northing":2111963.635,"Easting":277405.19,"Elevation":33.252,"Code":"FT","row_number":516,"Code_group":"FT"},"geometry":{"type":"Point","coordinates":[72.884342242953949,19.088494530444358]}},
{"type":"Feature","properties":{"ID":"93","Northing":2111981.678,"Easting":277409.039,"Elevation":33.36,"Code":"FT","row_number":517,"Code_group":"FT"},"geometry":{"type":"Point","coordinates":[72.884376736646871,19.088657904059453]}},
{"type":"Feature","properties":{"ID":"94","Northing":2112007.663,"Easting":277414.494,"Elevation":33.409,"Code":"FT","row_number":518,"Code_group":"FT"},"geometry":{"type":"Point","coordinates":[72.884425575503954,19.088893180323829]}},
{"type":"Feature","properties":{"ID":"95","Northing":2112037.601,"Easting":277420.871,"Elevation":33.482,"Code":"FT","row_number":519,"Code_group":"FT"},"geometry":{"type":"Point","coordinates":[72.88448271957742,19.089164258326331]}},
{"type":"Feature","properties":{"ID":"96","Northing":2112047.444,"Easting":277422.927,"Elevation":33.456,"Code":"FT","row_number":520,"Code_group":"FT"},"geometry":{"type":"Point","coordinates":[72.884501121462534,19.089253378776199]}},
{"type":"Feature","properties":{"ID":"97","Northing":2112080.609,"Easting":277430.27,"Elevation":33.737,"Code":"FT","row_number":521,"Code_group":"FT"},"geometry":{"type":"Point","coordinates":[72.884567072172047,19.089553706510824]}},
{"type":"Feature","properties":{"ID":"98","Northing":2112115.469,"Easting":277438.727,"Elevation":33.816,"Code":"FT","row_number":522,"Code_group":"FT"},"geometry":{"type":"Point","coordinates":[72.884643411321591,19.089869464008665]}},
{"type":"Feature","properties":{"ID":"99","Northing":2112149.887,"Easting":277446.338,"Elevation":33.872,"Code":"FT","row_number":523,"Code_group":"FT"},"geometry":{"type":"Point","coordinates":[72.884711764577759,19.09018113731268]}},
{"type":"Feature","properties":{"ID":"100","Northing":2112174.828,"Easting":277451.304,"Elevation":33.956,"Code":"FT","row_number":524,"Code_group":"FT"},"geometry":{"type":"Point","coordinates":[72.884756078525115,19.090406931403223]}},
{"type":"Feature","properties":{"ID":"101","Northing":2112196.925,"Easting":277455.926,"Elevation":34.08,"Code":"FT","row_number":525,"Code_group":"FT"},"geometry":{"type":"Point","coordinates":[72.884797450982987,19.09060700264039]}},
{"type":"Feature","properties":{"ID":"102","Northing":2112201.423,"Easting":277456.926,"Elevation":34.004,"Code":"FT","row_number":526,"Code_group":"FT"},"geometry":{"type":"Point","coordinates":[72.884806434651964,19.090647735003692]}},
{"type":"Feature","properties":{"ID":"103","Northing":2112187.97,"Easting":277444.457,"Elevation":34.03,"Code":"FT","row_number":527,"Code_group":"FT"},"geometry":{"type":"Point","coordinates":[72.884689524989483,19.090524875125752]}},
{"type":"Feature","properties":{"ID":"104","Northing":2112217.938,"Easting":277451.109,"Elevation":34.032,"Code":"FT","row_number":528,"Code_group":"FT"},"geometry":{"type":"Point","coordinates":[72.884749278795681,19.090796254042186]}},
{"type":"Feature","properties":{"ID":"105","Northing":2112230.286,"Easting":277463.199,"Elevation":34.201,"Code":"FT","row_number":529,"Code_group":"FT"},"geometry":{"type":"Point","coordinates":[72.884862715032867,19.09090909284993]}},
{"type":"Feature","properties":{"ID":"106","Northing":2112254.302,"Easting":277468.159,"Elevation":34.357,"Code":"FT","row_number":530,"Code_group":"FT"},"geometry":{"type":"Point","coordinates":[72.884907078425897,19.091126532220446]}},
{"type":"Feature","properties":{"ID":"107","Northing":2112284.559,"Easting":277474.829,"Elevation":34.497,"Code":"FT","row_number":531,"Code_group":"FT"},"geometry":{"type":"Point","coordinates":[72.884966970540631,19.091400523144912]}},
{"type":"Feature","properties":{"ID":"108","Northing":2112302.5,"Easting":277478.928,"Elevation":34.627,"Code":"FT","row_number":532,"Code_group":"FT"},"geometry":{"type":"Point","coordinates":[72.885003851837268,19.091563002781829]}},
{"type":"Feature","properties":{"ID":"109","Northing":2112317.679,"Easting":277482.455,"Elevation":34.641,"Code":"FT","row_number":533,"Code_group":"FT"},"geometry":{"type":"Point","coordinates":[72.885035616184481,19.09170047527018]}},
{"type":"Feature","properties":{"ID":"110","Northing":2112327.572,"Easting":277484.554,"Elevation":34.98,"Code":"FT","row_number":534,"Code_group":"FT"},"geometry":{"type":"Point","coordinates":[72.885054421266148,19.09179005195875]}},
{"type":"Feature","properties":{"ID":"111","Northing":2112355.832,"Easting":277490.955,"Elevation":35.203,"Code":"FT","row_number":535,"Code_group":"FT"},"geometry":{"type":"Point","coordinates":[72.885111987424267,19.092045977798985]}},
{"type":"Feature","properties":{"ID":"112","Northing":2112363.552,"Easting":277483.016,"Elevation":34.751,"Code":"FT","row_number":536,"Code_group":"FT"},"geometry":{"type":"Point","coordinates":[72.885035681615136,19.092114834176964]}},
{"type":"Feature","properties":{"ID":"113","Northing":2112515.125,"Easting":277515.795,"Elevation":35.746,"Code":"FT","row_number":537,"Code_group":"FT"},"geometry":{"type":"Point","coordinates":[72.885329688142917,19.093487327402858]}},
{"type":"Feature","properties":{"ID":"114","Northing":2112507.454,"Easting":277522.443,"Elevation":35.685,"Code":"FT","row_number":538,"Code_group":"FT"},"geometry":{"type":"Point","coordinates":[72.885393724402675,19.093418772675069]}},
{"type":"Feature","properties":{"ID":"115","Northing":2112536.457,"Easting":277505.964,"Elevation":35.636,"Code":"FT","row_number":539,"Code_group":"FT"},"geometry":{"type":"Point","coordinates":[72.885233845654469,19.093678912902671]}},
{"type":"Feature","properties":{"ID":"116","Northing":2112531.095,"Easting":277506.092,"Elevation":35.681,"Code":"FT","row_number":540,"Code_group":"FT"},"geometry":{"type":"Point","coordinates":[72.885235676960463,19.093630500468283]}},
{"type":"Feature","properties":{"ID":"117","Northing":2112529.979,"Easting":277494.17,"Elevation":35.538,"Code":"FT","row_number":541,"Code_group":"FT"},"geometry":{"type":"Point","coordinates":[72.885122545825027,19.093619120790827]}},
{"type":"Feature","properties":{"ID":"118","Northing":2112532.25,"Easting":277479.675,"Elevation":35.354,"Code":"FT","row_number":542,"Code_group":"FT"},"geometry":{"type":"Point","coordinates":[72.884984582461783,19.093638049687126]}},
{"type":"Feature","properties":{"ID":"119","Northing":2112537.029,"Easting":277443.055,"Elevation":35.163,"Code":"FT","row_number":543,"Code_group":"FT"},"geometry":{"type":"Point","coordinates":[72.884636143341467,19.093677215007386]}},
{"type":"Feature","properties":{"ID":"120","Northing":2112539.129,"Easting":277443.739,"Elevation":35.159,"Code":"FT","row_number":544,"Code_group":"FT"},"geometry":{"type":"Point","coordinates":[72.884642400304458,19.093696255592445]}},
{"type":"Feature","properties":{"ID":"121","Northing":2112538.896,"Easting":277435.623,"Elevation":35.002,"Code":"FT","row_number":545,"Code_group":"FT"},"geometry":{"type":"Point","coordinates":[72.884565324908365,19.093693265618064]}},
{"type":"Feature","properties":{"ID":"122","Northing":2112548.259,"Easting":277411.006,"Elevation":34.642,"Code":"FT","row_number":546,"Code_group":"FT"},"geometry":{"type":"Point","coordinates":[72.884330388114194,19.09377514009622]}},
{"type":"Feature","properties":{"ID":"123","Northing":2112553.291,"Easting":277398.093,"Elevation":34.521,"Code":"FT","row_number":547,"Code_group":"FT"},"geometry":{"type":"Point","coordinates":[72.884207136636803,19.093819176741114]}},
{"type":"Feature","properties":{"ID":"124","Northing":2112560.933,"Easting":277380.089,"Elevation":34.329,"Code":"FT","row_number":548,"Code_group":"FT"},"geometry":{"type":"Point","coordinates":[72.884035220803284,19.09388622954495]}},
{"type":"Feature","properties":{"ID":"125","Northing":2112589.162,"Easting":277312.978,"Elevation":33.666,"Code":"FT","row_number":549,"Code_group":"FT"},"geometry":{"type":"Point","coordinates":[72.883394422549628,19.094133850165981]}},
{"type":"Feature","properties":{"ID":"126","Northing":2112563.195,"Easting":277288.541,"Elevation":33.693,"Code":"FT","row_number":550,"Code_group":"FT"},"geometry":{"type":"Point","coordinates":[72.883165252971338,19.093896663560006]}},
{"type":"Feature","properties":{"ID":"127","Northing":2112549.733,"Easting":277284.173,"Elevation":33.735,"Code":"FT","row_number":551,"Code_group":"FT"},"geometry":{"type":"Point","coordinates":[72.883125303240533,19.093774605952017]}},
{"type":"Feature","properties":{"ID":"128","Northing":2112530.882,"Easting":277276.658,"Elevation":34.112,"Code":"FT","row_number":552,"Code_group":"FT"},"geometry":{"type":"Point","coordinates":[72.883056076080038,19.093603534497813]}},
{"type":"Feature","properties":{"ID":"129","Northing":2112518.908,"Easting":277269.924,"Elevation":34.329,"Code":"FT","row_number":553,"Code_group":"FT"},"geometry":{"type":"Point","coordinates":[72.882993478559058,19.093494657207824]}},
{"type":"Feature","properties":{"ID":"130","Northing":2112517.965,"Easting":277269.629,"Elevation":34.302,"Code":"FT","row_number":554,"Code_group":"FT"},"geometry":{"type":"Point","coordinates":[72.882990784385697,19.093486108388301]}},
{"type":"Feature","properties":{"ID":"131","Northing":2112517.258,"Easting":277269.475,"Elevation":34.381,"Code":"FT","row_number":555,"Code_group":"FT"},"geometry":{"type":"Point","coordinates":[72.882989402601794,19.093479706375671]}},
{"type":"Feature","properties":{"ID":"132","Northing":2112516.151,"Easting":277269.317,"Elevation":34.304,"Code":"FT","row_number":556,"Code_group":"FT"},"geometry":{"type":"Point","coordinates":[72.882988028767301,19.093469691369052]}},
{"type":"Feature","properties":{"ID":"133","Northing":2112499.284,"Easting":277261.56,"Elevation":34.781,"Code":"FT","row_number":557,"Code_group":"FT"},"geometry":{"type":"Point","coordinates":[72.882916274936562,19.093316511737989]}},
{"type":"Feature","properties":{"ID":"134","Northing":2112490.054,"Easting":277256.874,"Elevation":34.976,"Code":"FT","row_number":558,"Code_group":"FT"},"geometry":{"type":"Point","coordinates":[72.882872818332046,19.093232640223526]}},
{"type":"Feature","properties":{"ID":"135","Northing":2112471.72,"Easting":277247.038,"Elevation":35.054,"Code":"FT","row_number":559,"Code_group":"FT"},"geometry":{"type":"Point","coordinates":[72.882781482782903,19.093065984453855]}},
{"type":"Feature","properties":{"ID":"136","Northing":2112462.537,"Easting":277241.612,"Elevation":35.343,"Code":"FT","row_number":560,"Code_group":"FT"},"geometry":{"type":"Point","coordinates":[72.882730990927897,19.092982456572859]}},
{"type":"Feature","properties":{"ID":"137","Northing":2112452.038,"Easting":277240.226,"Elevation":35.388,"Code":"FT","row_number":561,"Code_group":"FT"},"geometry":{"type":"Point","coordinates":[72.882719030147797,19.092887484614099]}},
{"type":"Feature","properties":{"ID":"138","Northing":2112439.176,"Easting":277234.966,"Elevation":35.755,"Code":"FT","row_number":562,"Code_group":"FT"},"geometry":{"type":"Point","coordinates":[72.882670538029018,19.092770748363176]}},
{"type":"Feature","properties":{"ID":"139","Northing":2112425.02,"Easting":277227.637,"Elevation":36.182,"Code":"FT","row_number":563,"Code_group":"FT"},"geometry":{"type":"Point","coordinates":[72.882602539249291,19.092642099504097]}},
{"type":"Feature","properties":{"ID":"140","Northing":2112423.195,"Easting":277228.418,"Elevation":36.101,"Code":"FT","row_number":564,"Code_group":"FT"},"geometry":{"type":"Point","coordinates":[72.882610168377653,19.092625702517108]}},
{"type":"Feature","properties":{"ID":"141","Northing":2112421.351,"Easting":277228.207,"Elevation":36.42,"Code":"FT","row_number":565,"Code_group":"FT"},"geometry":{"type":"Point","coordinates":[72.882608375743558,19.092609025585386]}},
{"type":"Feature","properties":{"ID":"142","Northing":2112421.347,"Easting":277228.194,"Elevation":36.423,"Code":"FT","row_number":566,"Code_group":"FT"},"geometry":{"type":"Point","coordinates":[72.882608252703847,19.092608988039935]}},
{"type":"Feature","properties":{"ID":"143","Northing":2112410.802,"Easting":277226.194,"Elevation":36.368,"Code":"FT","row_number":567,"Code_group":"FT"},"geometry":{"type":"Point","coordinates":[72.88259046432195,19.092513533572593]}},
{"type":"Feature","properties":{"ID":"144","Northing":2112394.785,"Easting":277222.816,"Elevation":36.699,"Code":"FT","row_number":568,"Code_group":"FT"},"geometry":{"type":"Point","coordinates":[72.88256021372392,19.092368508821473]}},
{"type":"Feature","properties":{"ID":"145","Northing":2112377.314,"Easting":277219.347,"Elevation":36.627,"Code":"FT","row_number":569,"Code_group":"FT"},"geometry":{"type":"Point","coordinates":[72.882529265723008,19.092210342485849]}},
{"type":"Feature","properties":{"ID":"146","Northing":2112358.778,"Easting":277219.637,"Elevation":36.758,"Code":"FT","row_number":570,"Code_group":"FT"},"geometry":{"type":"Point","coordinates":[72.882534150286915,19.09204296828733]}},
{"type":"Feature","properties":{"ID":"147","Northing":2112338.805,"Easting":277215.5,"Elevation":36.801,"Code":"FT","row_number":571,"Code_group":"FT"},"geometry":{"type":"Point","coordinates":[72.882497143858487,19.09186213244741]}},
{"type":"Feature","properties":{"ID":"148","Northing":2112314.837,"Easting":277209.006,"Elevation":36.752,"Code":"FT","row_number":572,"Code_group":"FT"},"geometry":{"type":"Point","coordinates":[72.882438205242451,19.091644958752557]}},
{"type":"Feature","properties":{"ID":"149","Northing":2112302.073,"Easting":277206.131,"Elevation":36.71,"Code":"FT","row_number":573,"Code_group":"FT"},"geometry":{"type":"Point","coordinates":[72.882412359552944,19.091529368048665]}},
{"type":"Feature","properties":{"ID":"150","Northing":2112278.955,"Easting":277200.421,"Elevation":36.746,"Code":"FT","row_number":574,"Code_group":"FT"},"geometry":{"type":"Point","coordinates":[72.882360771358989,19.091319956658506]}},
{"type":"Feature","properties":{"ID":"151","Northing":2112259.885,"Easting":277197.892,"Elevation":36.457,"Code":"FT","row_number":575,"Code_group":"FT"},"geometry":{"type":"Point","coordinates":[72.882338937222144,19.091147451789272]}},
{"type":"Feature","properties":{"ID":"152","Northing":2112239.675,"Easting":277191.13,"Elevation":36.541,"Code":"FT","row_number":576,"Code_group":"FT"},"geometry":{"type":"Point","coordinates":[72.882277021236007,19.090964188766957]}},
{"type":"Feature","properties":{"ID":"153","Northing":2112217.73,"Easting":277184.235,"Elevation":36.427,"Code":"FT","row_number":577,"Code_group":"FT"},"geometry":{"type":"Point","coordinates":[72.882214041236381,19.090765241742357]}},
{"type":"Feature","properties":{"ID":"154","Northing":2112201.765,"Easting":277179.534,"Elevation":36.443,"Code":"FT","row_number":578,"Code_group":"FT"},"geometry":{"type":"Point","coordinates":[72.882171216882497,19.090620542082991]}},
{"type":"Feature","properties":{"ID":"155","Northing":2112180.537,"Easting":277172.715,"Elevation":36.228,"Code":"FT","row_number":579,"Code_group":"FT"},"geometry":{"type":"Point","coordinates":[72.882108876701338,19.090428078849079]}},
{"type":"Feature","properties":{"ID":"156","Northing":2112163.624,"Easting":277166.017,"Elevation":36.302,"Code":"FT","row_number":580,"Code_group":"FT"},"geometry":{"type":"Point","coordinates":[72.882047190310871,19.09027459927205]}},
{"type":"Feature","properties":{"ID":"157","Northing":2112138.299,"Easting":277157.407,"Elevation":35.831,"Code":"FT","row_number":581,"Code_group":"FT"},"geometry":{"type":"Point","coordinates":[72.881968307003476,19.090044938760172]}},
{"type":"Feature","properties":{"ID":"158","Northing":2112109.068,"Easting":277145.666,"Elevation":35.777,"Code":"FT","row_number":582,"Code_group":"FT"},"geometry":{"type":"Point","coordinates":[72.881860128915704,19.089779659577452]}},
{"type":"Feature","properties":{"ID":"159","Northing":2112085.656,"Easting":277132.49,"Elevation":35.437,"Code":"FT","row_number":583,"Code_group":"FT"},"geometry":{"type":"Point","coordinates":[72.881737650283199,19.089566777239458]}},
{"type":"Feature","properties":{"ID":"160","Northing":2112064.631,"Easting":277123.103,"Elevation":35.219,"Code":"FT","row_number":584,"Code_group":"FT"},"geometry":{"type":"Point","coordinates":[72.881650892190251,19.08937586673553]}},
{"type":"Feature","properties":{"ID":"161","Northing":2112047.204,"Easting":277114.53,"Elevation":34.96,"Code":"FT","row_number":585,"Code_group":"FT"},"geometry":{"type":"Point","coordinates":[72.8815714535761,19.08921754007789]}},
{"type":"Feature","properties":{"ID":"162","Northing":2112034.657,"Easting":277108.757,"Elevation":34.867,"Code":"FT","row_number":586,"Code_group":"FT"},"geometry":{"type":"Point","coordinates":[72.881518053524005,19.089103592499903]}},
{"type":"Feature","properties":{"ID":"163","Northing":2112016.03,"Easting":277100.28,"Elevation":34.618,"Code":"FT","row_number":587,"Code_group":"FT"},"geometry":{"type":"Point","coordinates":[72.881439665032019,19.088934438628581]}},
{"type":"Feature","properties":{"ID":"164","Northing":2112010.596,"Easting":277097.855,"Elevation":34.607,"Code":"FT","row_number":588,"Code_group":"FT"},"geometry":{"type":"Point","coordinates":[72.881417252719444,19.088885097103955]}},
{"type":"Feature","properties":{"ID":"165","Northing":2111992.588,"Easting":277090.911,"Elevation":34.526,"Code":"FT","row_number":589,"Code_group":"FT"},"geometry":{"type":"Point","coordinates":[72.881353356331999,19.088721701138947]}},
{"type":"Feature","properties":{"ID":"166","Northing":2111970.821,"Easting":277082.965,"Elevation":34.507,"Code":"FT","row_number":590,"Code_group":"FT"},"geometry":{"type":"Point","coordinates":[72.881280373388591,19.0885242466885]}},
{"type":"Feature","properties":{"ID":"167","Northing":2111960.247,"Easting":277079.015,"Elevation":34.737,"Code":"FT","row_number":591,"Code_group":"FT"},"geometry":{"type":"Point","coordinates":[72.881244064894219,19.088428317184864]}},
{"type":"Feature","properties":{"ID":"168","Northing":2111941.863,"Easting":277074.78,"Elevation":34.661,"Code":"FT","row_number":592,"Code_group":"FT"},"geometry":{"type":"Point","coordinates":[72.881205946678079,19.088261821398731]}},
{"type":"Feature","properties":{"ID":"169","Northing":2111921.128,"Easting":277070.059,"Elevation":34.64,"Code":"FT","row_number":593,"Code_group":"FT"},"geometry":{"type":"Point","coordinates":[72.881163481895982,19.088074039711469]}},
{"type":"Feature","properties":{"ID":"170","Northing":2111900.489,"Easting":277069.24,"Elevation":34.728,"Code":"FT","row_number":594,"Code_group":"FT"},"geometry":{"type":"Point","coordinates":[72.881158073846194,19.087887551411036]}},
{"type":"Feature","properties":{"ID":"171","Northing":2111901.976,"Easting":277085.608,"Elevation":34.607,"Code":"FT","row_number":595,"Code_group":"FT"},"geometry":{"type":"Point","coordinates":[72.881313393472823,19.087902769562074]}},
{"type":"Feature","properties":{"ID":"172","Northing":2112081.058,"Easting":277145.313,"Elevation":35.754,"Code":"LV","row_number":596,"Code_group":"LV"},"geometry":{"type":"Point","coordinates":[72.881859994117818,19.089526651780226]}},
{"type":"Feature","properties":{"ID":"173","Northing":2112074.989,"Easting":277162.035,"Elevation":36.131,"Code":"LV","row_number":597,"Code_group":"LV"},"geometry":{"type":"Point","coordinates":[72.88201954648838,19.089473666968605]}},
{"type":"Feature","properties":{"ID":"174","Northing":2112069.428,"Easting":277181.534,"Elevation":36.424,"Code":"LV","row_number":598,"Code_group":"LV"},"geometry":{"type":"Point","coordinates":[72.882205421236506,19.089425573275761]}},
{"type":"Feature","properties":{"ID":"175","Northing":2112061.118,"Easting":277196.289,"Elevation":36.764,"Code":"CH","row_number":599,"Code_group":"CH"},"geometry":{"type":"Point","coordinates":[72.882346544855878,19.089352133962183]}},
{"type":"Feature","properties":{"ID":"176","Northing":2112060.763,"Easting":277196.897,"Elevation":36.771,"Code":"CH","row_number":600,"Code_group":"CH"},"geometry":{"type":"Point","coordinates":[72.882352361490192,19.089348994221705]}},
{"type":"Feature","properties":{"ID":"177","Northing":2112061.576,"Easting":277197.387,"Elevation":36.757,"Code":"CH","row_number":601,"Code_group":"CH"},"geometry":{"type":"Point","coordinates":[72.882356922972363,19.089356390260715]}},
{"type":"Feature","properties":{"ID":"178","Northing":2112061.104,"Easting":277197.108,"Elevation":36.737,"Code":"CHTOP","row_number":602,"Code_group":"CHTOP"},"geometry":{"type":"Point","coordinates":[72.882354326764229,19.089352096971584]}},
{"type":"Feature","properties":{"ID":"179","Northing":2112053.106,"Easting":277210.542,"Elevation":36.758,"Code":"LV","row_number":603,"Code_group":"LV"},"geometry":{"type":"Point","coordinates":[72.88248286525068,19.089281331059908]}},
{"type":"Feature","properties":{"ID":"180","Northing":2112047.42,"Easting":277221.539,"Elevation":36.991,"Code":"CH","row_number":604,"Code_group":"CH"},"geometry":{"type":"Point","coordinates":[72.882587987171647,19.089231179502775]}},
{"type":"Feature","properties":{"ID":"181","Northing":2112048.311,"Easting":277221.874,"Elevation":36.925,"Code":"CH","row_number":605,"Code_group":"CH"},"geometry":{"type":"Point","coordinates":[72.882591067241208,19.089239263058875]}},
{"type":"Feature","properties":{"ID":"182","Northing":2112048.527,"Easting":277221.286,"Elevation":36.9,"Code":"CH","row_number":606,"Code_group":"CH"},"geometry":{"type":"Point","coordinates":[72.88258545657628,19.089241149627963]}},
{"type":"Feature","properties":{"ID":"183","Northing":2112047.833,"Easting":277221.692,"Elevation":36.934,"Code":"CHTOP","row_number":607,"Code_group":"CHTOP"},"geometry":{"type":"Point","coordinates":[72.8825893931932,19.089234926177038]}},
{"type":"Feature","properties":{"ID":"184","Northing":2112044.576,"Easting":277239.247,"Elevation":36.719,"Code":"LV","row_number":608,"Code_group":"LV"},"geometry":{"type":"Point","coordinates":[72.88275653541875,19.089207427926773]}},
{"type":"Feature","properties":{"ID":"185","Northing":2112040.727,"Easting":277250.514,"Elevation":36.574,"Code":"CH","row_number":609,"Code_group":"CH"},"geometry":{"type":"Point","coordinates":[72.882864011173425,19.089173896356865]}},
{"type":"Feature","properties":{"ID":"186","Northing":2112040.905,"Easting":277249.837,"Elevation":36.547,"Code":"CH","row_number":610,"Code_group":"CH"},"geometry":{"type":"Point","coordinates":[72.882857559399724,19.089175430023815]}},
{"type":"Feature","properties":{"ID":"187","Northing":2112039.995,"Easting":277249.602,"Elevation":36.533,"Code":"CH","row_number":611,"Code_group":"CH"},"geometry":{"type":"Point","coordinates":[72.882855431474624,19.089167185793489]}},
{"type":"Feature","properties":{"ID":"188","Northing":2112040.545,"Easting":277249.675,"Elevation":36.551,"Code":"CHTOP","row_number":612,"Code_group":"CHTOP"},"geometry":{"type":"Point","coordinates":[72.882856061787351,19.089172161032344]}},
{"type":"Feature","properties":{"ID":"189","Northing":2112037.507,"Easting":277262.835,"Elevation":36.399,"Code":"LV","row_number":613,"Code_group":"LV"},"geometry":{"type":"Point","coordinates":[72.882981427386838,19.089146160548367]}},
{"type":"Feature","properties":{"ID":"190","Northing":2112033.387,"Easting":277277.674,"Elevation":36.237,"Code":"LV","row_number":614,"Code_group":"LV"},"geometry":{"type":"Point","coordinates":[72.883122867285991,19.089110571310027]}},
{"type":"Feature","properties":{"ID":"191","Northing":2112033.13,"Easting":277282.445,"Elevation":36.229,"Code":"CH","row_number":615,"Code_group":"CH"},"geometry":{"type":"Point","coordinates":[72.88316822009142,19.089108771114184]}},
{"type":"Feature","properties":{"ID":"192","Northing":2112032.917,"Easting":277281.825,"Elevation":36.23,"Code":"CH","row_number":616,"Code_group":"CH"},"geometry":{"type":"Point","coordinates":[72.883162354708276,19.089106779738568]}},
{"type":"Feature","properties":{"ID":"193","Northing":2112032.04,"Easting":277282.132,"Elevation":36.254,"Code":"CH","row_number":617,"Code_group":"CH"},"geometry":{"type":"Point","coordinates":[72.883165371841173,19.089098892718752]}},
{"type":"Feature","properties":{"ID":"194","Northing":2112032.482,"Easting":277281.962,"Elevation":36.242,"Code":"CHTOP","row_number":618,"Code_group":"CHTOP"},"geometry":{"type":"Point","coordinates":[72.883163706127021,19.089102866037202]}},
{"type":"Feature","properties":{"ID":"195","Northing":2112043.634,"Easting":277288.481,"Elevation":36.101,"Code":"LV","row_number":619,"Code_group":"LV"},"geometry":{"type":"Point","coordinates":[72.883224354365055,19.089204295887626]}},
{"type":"Feature","properties":{"ID":"196","Northing":2112043.336,"Easting":277307.291,"Elevation":35.946,"Code":"LV","row_number":620,"Code_group":"LV"},"geometry":{"type":"Point","coordinates":[72.883403078943616,19.089203657957345]}},
{"type":"Feature","properties":{"ID":"197","Northing":2112042.728,"Easting":277317.812,"Elevation":36.034,"Code":"CH","row_number":621,"Code_group":"CH"},"geometry":{"type":"Point","coordinates":[72.883503095666555,19.08919931533395]}},
{"type":"Feature","properties":{"ID":"198","Northing":2112041.671,"Easting":277317.736,"Elevation":35.981,"Code":"CH","row_number":622,"Code_group":"CH"},"geometry":{"type":"Point","coordinates":[72.883502495047509,19.089189760848139]}},
{"type":"Feature","properties":{"ID":"199","Northing":2112041.789,"Easting":277317.023,"Elevation":35.963,"Code":"CH","row_number":623,"Code_group":"CH"},"geometry":{"type":"Point","coordinates":[72.88349570817465,19.089190748724317]}},
{"type":"Feature","properties":{"ID":"200","Northing":2112039.235,"Easting":277350.739,"Elevation":35.833,"Code":"LV","row_number":624,"Code_group":"LV"},"geometry":{"type":"Point","coordinates":[72.883816295107209,19.089171362593245]}},
{"type":"Feature","properties":{"ID":"201","Northing":2112038.949,"Easting":277351.649,"Elevation":35.829,"Code":"LV END","row_number":625,"Code_group":"Other / rare"},"geometry":{"type":"Point","coordinates":[72.883824972716681,19.089168878930085]}},
{"type":"Feature","properties":{"ID":"202","Northing":2112040.406,"Easting":277342.114,"Elevation":35.729,"Code":"CH","row_number":626,"Code_group":"CH"},"geometry":{"type":"Point","coordinates":[72.883734225289999,19.089180997007922]}},
{"type":"Feature","properties":{"ID":"203","Northing":2112039.723,"Easting":277342.087,"Elevation":35.74,"Code":"CH","row_number":627,"Code_group":"CH"},"geometry":{"type":"Point","coordinates":[72.883734047208449,19.089174825613821]}},
{"type":"Feature","properties":{"ID":"204","Northing":2112039.562,"Easting":277342.986,"Elevation":35.688,"Code":"CH","row_number":628,"Code_group":"CH"},"geometry":{"type":"Point","coordinates":[72.883742605971065,19.089173469679263]}},
{"type":"Feature","properties":{"ID":"205","Northing":2112039.554,"Easting":277342.581,"Elevation":35.727,"Code":"CHTOP","row_number":629,"Code_group":"CHTOP"},"geometry":{"type":"Point","coordinates":[72.883738759489063,19.089173353224506]}},
{"type":"Feature","properties":{"ID":"206","Northing":2112042.392,"Easting":277316.906,"Elevation":35.963,"Code":"CHTOP","row_number":630,"Code_group":"CHTOP"},"geometry":{"type":"Point","coordinates":[72.883494527468159,19.089196181887132]}},
{"type":"Feature","properties":{"ID":"207","Northing":2111859.873,"Easting":277218.167,"Elevation":32.721,"Code":"CW","row_number":631,"Code_group":"Other / rare"},"geometry":{"type":"Point","coordinates":[72.882577496254768,19.087537000152281]}},
{"type":"Feature","properties":{"ID":"208","Northing":2111860.488,"Easting":277218.17,"Elevation":32.493,"Code":"CW","row_number":632,"Code_group":"Other / rare"},"geometry":{"type":"Point","coordinates":[72.882577454116614,19.087542554788577]}},
{"type":"Feature","properties":{"ID":"209","Northing":2111859.236,"Easting":277221.257,"Elevation":31.871,"Code":"CW","row_number":633,"Code_group":"Other / rare"},"geometry":{"type":"Point","coordinates":[72.88260692334795,19.087531584564633]}},
{"type":"Feature","properties":{"ID":"210","Northing":2111860.634,"Easting":277218.048,"Elevation":32.473,"Code":"FT","row_number":634,"Code_group":"FT"},"geometry":{"type":"Point","coordinates":[72.882576278389664,19.087543860050566]}},
{"type":"Feature","properties":{"ID":"211","Northing":2111861.528,"Easting":277218.079,"Elevation":32.458,"Code":"FT","row_number":635,"Code_group":"FT"},"geometry":{"type":"Point","coordinates":[72.882576470196611,19.087551937503889]}},
{"type":"Feature","properties":{"ID":"212","Northing":2111861.997,"Easting":277218.178,"Elevation":32.449,"Code":"FT","row_number":636,"Code_group":"FT"},"geometry":{"type":"Point","coordinates":[72.882577356794371,19.087556184039105]}},
{"type":"Feature","properties":{"ID":"213","Northing":2111862.486,"Easting":277218.292,"Elevation":32.439,"Code":"FT","row_number":637,"Code_group":"FT"},"geometry":{"type":"Point","coordinates":[72.882578383589873,19.087560612840182]}},
{"type":"Feature","properties":{"ID":"214","Northing":2111862.931,"Easting":277218.857,"Elevation":32.449,"Code":"FT","row_number":638,"Code_group":"FT"},"geometry":{"type":"Point","coordinates":[72.882583699783652,19.08756469350698]}},
{"type":"Feature","properties":{"ID":"215","Northing":2111863.118,"Easting":277219.395,"Elevation":32.441,"Code":"FT","row_number":639,"Code_group":"FT"},"geometry":{"type":"Point","coordinates":[72.882588789120035,19.087566441125137]}},
{"type":"Feature","properties":{"ID":"216","Northing":2111863.178,"Easting":277220.422,"Elevation":32.459,"Code":"FT","row_number":640,"Code_group":"FT"},"geometry":{"type":"Point","coordinates":[72.88259853837485,19.08756709515205]}},
{"type":"Feature","properties":{"ID":"217","Northing":2111863.256,"Easting":277221.546,"Elevation":32.439,"Code":"FT+OTLA","row_number":641,"Code_group":"Other / rare"},"geometry":{"type":"Point","coordinates":[72.882609207028992,19.087567922335428]}},
{"type":"Feature","properties":{"ID":"218","Northing":2111901.66,"Easting":277307.621,"Elevation":32.43,"Code":"BED","row_number":642,"Code_group":"Other / rare"},"geometry":{"type":"Point","coordinates":[72.883422480869314,19.087924161329347]}},
{"type":"Feature","properties":{"ID":"219","Northing":2111899.996,"Easting":277316.319,"Elevation":32.408,"Code":"BED","row_number":643,"Code_group":"Other / rare"},"geometry":{"type":"Point","coordinates":[72.883505300139589,19.087910082481503]}},
{"type":"Feature","properties":{"ID":"220","Northing":2111896.302,"Easting":277359.493,"Elevation":33.251,"Code":"NALI","row_number":644,"Code_group":"Other / rare"},"geometry":{"type":"Point","coordinates":[72.883915863437039,19.087881432452267]}},
{"type":"Feature","properties":{"ID":"221","Northing":2111897.295,"Easting":277344.178,"Elevation":33.291,"Code":"NALI","row_number":645,"Code_group":"Other / rare"},"geometry":{"type":"Point","coordinates":[72.883770261829952,19.087888729275836]}},
{"type":"Feature","properties":{"ID":"AUTO0000","Northing":2111782.556,"Easting":277082.72,"Elevation":17.101,"Code":null,"row_number":646,"Code_group":"Other / rare"},"geometry":{"type":"Point","coordinates":[72.881299682852145,19.086823925544522]}},
{"type":"Feature","properties":{"ID":"501","Northing":2111785.457,"Easting":277086.663,"Elevation":32.976,"Code":"LV","row_number":647,"Code_group":"LV"},"geometry":{"type":"Point","coordinates":[72.881336806413415,19.086850556404499]}},
{"type":"Feature","properties":{"ID":"502","Northing":2111782.918,"Easting":277084.398,"Elevation":33.135,"Code":"LV","row_number":648,"Code_group":"LV"},"geometry":{"type":"Point","coordinates":[72.881315581588339,19.086827378240933]}},
{"type":"Feature","properties":{"ID":"503","Northing":2111748.727,"Easting":277063.56,"Elevation":33.692,"Code":"LV","row_number":649,"Code_group":"LV"},"geometry":{"type":"Point","coordinates":[72.881121558413128,19.086516309236856]}},
{"type":"Feature","properties":{"ID":"504","Northing":2111747.049,"Easting":277063.326,"Elevation":33.674,"Code":"CHTOP","row_number":650,"Code_group":"CHTOP"},"geometry":{"type":"Point","coordinates":[72.881119528361538,19.086501128998531]}},
{"type":"Feature","properties":{"ID":"505","Northing":2111661.949,"Easting":277091.152,"Elevation":33.263,"Code":"LV","row_number":651,"Code_group":"LV"},"geometry":{"type":"Point","coordinates":[72.881393642897365,19.085735597868716]}},
{"type":"Feature","properties":{"ID":"506","Northing":2111667.736,"Easting":277080.774,"Elevation":33.32,"Code":"LV","row_number":652,"Code_group":"LV"},"geometry":{"type":"Point","coordinates":[72.881294391622831,19.085786728737322]}},
{"type":"Feature","properties":{"ID":"507","Northing":2111682.432,"Easting":277081.557,"Elevation":33.32,"Code":"LV","row_number":653,"Code_group":"LV"},"geometry":{"type":"Point","coordinates":[72.881300140970993,19.085919539595508]}},
{"type":"Feature","properties":{"ID":"508","Northing":2111698.5,"Easting":277082.871,"Elevation":33.348,"Code":"LV","row_number":654,"Code_group":"LV"},"geometry":{"type":"Point","coordinates":[72.881310776919051,19.086064799533354]}},
{"type":"Feature","properties":{"ID":"509","Northing":2111696.92,"Easting":277098.542,"Elevation":33.405,"Code":"LV","row_number":655,"Code_group":"LV"},"geometry":{"type":"Point","coordinates":[72.881459826116938,19.086052241975]}},
{"type":"Feature","properties":{"ID":"510","Northing":2111686.264,"Easting":277097.658,"Elevation":33.355,"Code":"LV","row_number":656,"Code_group":"LV"},"geometry":{"type":"Point","coordinates":[72.881452652965422,19.085955906897794]}},
{"type":"Feature","properties":{"ID":"511","Northing":2111648.357,"Easting":277115.184,"Elevation":32.653,"Code":"LV","row_number":657,"Code_group":"LV"},"geometry":{"type":"Point","coordinates":[72.881623497626833,19.085615468456389]}},
{"type":"Feature","properties":{"ID":"512","Northing":2111646.886,"Easting":277138.849,"Elevation":32.506,"Code":"LV","row_number":658,"Code_group":"LV"},"geometry":{"type":"Point","coordinates":[72.881848473212031,19.085604768165325]}},
{"type":"Feature","properties":{"ID":"513","Northing":2111655.475,"Easting":277139.507,"Elevation":32.157,"Code":"LV","row_number":659,"Code_group":"LV"},"geometry":{"type":"Point","coordinates":[72.881853737169848,19.085682410675773]}},
{"type":"Feature","properties":{"ID":"514","Northing":2111671.946,"Easting":277143.824,"Elevation":32.124,"Code":"LV","row_number":660,"Code_group":"LV"},"geometry":{"type":"Point","coordinates":[72.881892854468106,19.085831638276218]}},
{"type":"Feature","properties":{"ID":"515","Northing":2111643.299,"Easting":277195.522,"Elevation":32.066,"Code":"LV","row_number":661,"Code_group":"LV"},"geometry":{"type":"Point","coordinates":[72.882387252675144,19.085578561725505]}},
{"type":"Feature","properties":{"ID":"516","Northing":2111646.127,"Easting":277196.264,"Elevation":32.138,"Code":"LV","row_number":662,"Code_group":"LV"},"geometry":{"type":"Point","coordinates":[72.882393976526174,19.08560418353877]}},
{"type":"Feature","properties":{"ID":"517","Northing":2111669.979,"Easting":277200.641,"Elevation":32.105,"Code":"LV","row_number":663,"Code_group":"LV"},"geometry":{"type":"Point","coordinates":[72.882432816549255,19.085820078364485]}},
{"type":"Feature","properties":{"ID":"518","Northing":2111701.205,"Easting":277205.747,"Elevation":32.222,"Code":"LV","row_number":664,"Code_group":"LV"},"geometry":{"type":"Point","coordinates":[72.882477734903091,19.086102650310867]}},
{"type":"Feature","properties":{"ID":"519","Northing":2111711.715,"Easting":277195.229,"Elevation":32.471,"Code":"LV","row_number":665,"Code_group":"LV"},"geometry":{"type":"Point","coordinates":[72.882376611248333,19.086196421770737]}},
{"type":"Feature","properties":{"ID":"520","Northing":2111739.808,"Easting":277198.565,"Elevation":32.59,"Code":"LV","row_number":666,"Code_group":"LV"},"geometry":{"type":"Point","coordinates":[72.882405075114988,19.086450505075216]}},
{"type":"Feature","properties":{"ID":"521","Northing":2111754.768,"Easting":277200.431,"Elevation":32.642,"Code":"LV","row_number":667,"Code_group":"LV"},"geometry":{"type":"Point","coordinates":[72.882421083061914,19.086585818528302]}},
{"type":"Feature","properties":{"ID":"522","Northing":2111642.756,"Easting":277239.354,"Elevation":31.435,"Code":"NB","row_number":668,"Code_group":"Other / rare"},"geometry":{"type":"Point","coordinates":[72.88280369896556,19.085578443422925]}},
{"type":"Feature","properties":{"ID":"523","Northing":2111647.811,"Easting":277237.422,"Elevation":31.876,"Code":"LV","row_number":669,"Code_group":"LV"},"geometry":{"type":"Point","coordinates":[72.882784765365571,19.085623886223456]}},
{"type":"Feature","properties":{"ID":"524","Northing":2111652.712,"Easting":277216.7,"Elevation":31.8,"Code":"LV","row_number":670,"Code_group":"LV"},"geometry":{"type":"Point","coordinates":[72.882587352938017,19.085665886690165]}},
{"type":"Feature","properties":{"ID":"525","Northing":2111634.866,"Easting":277264.17,"Elevation":31.661,"Code":"LV","row_number":671,"Code_group":"LV"},"geometry":{"type":"Point","coordinates":[72.883040345577413,19.085509894759149]}},
{"type":"Feature","properties":{"ID":"526","Northing":2111658.032,"Easting":277266.739,"Elevation":32.31,"Code":"LV","row_number":672,"Code_group":"LV"},"geometry":{"type":"Point","coordinates":[72.883062090018029,19.0857193966267]}},
{"type":"Feature","properties":{"ID":"527","Northing":2111624.112,"Easting":277347.736,"Elevation":30.099,"Code":"NALA BL","row_number":673,"Code_group":"Other / rare"},"geometry":{"type":"Point","coordinates":[72.883835418738954,19.085421891425483]}},
{"type":"Feature","properties":{"ID":"528","Northing":2111700.25,"Easting":277337.06,"Elevation":31.533,"Code":"LV","row_number":674,"Code_group":"LV"},"geometry":{"type":"Point","coordinates":[72.883725262286447,19.086108359538017]}}
]
}
