Easting,Northing,Elevation_DEM,Prediction_SE,longitude,latitude
277260,2110720,4.099195642019834,0.4450533865721025,72.88310575121955,19.077246914106297
277280,2110720,4.21904542457823,0.44833038713930545,72.8832957326384,19.077249096244042
277300,2110720,4.33648131898161,0.45212358155479543,72.88348571408316,19.077251278186274
277320,2110720,4.44692747770304,0.4565322524659382,72.8836756955538,19.077253459932987
277340,2110720,4.548042174893901,0.46163646981884865,72.88386567705035,19.077255641484182
277360,2110720,4.637625093809005,0.46748511843098245,72.88405565857279,19.077257822839854
277380,2110720,4.713667251792352,0.4740852004737961,72.88424564012111,19.077260004000014
277400,2110720,4.774363919838577,0.4813928607562816,72.8844356216953,19.077262184964653
277420,2110720,4.818081957281038,0.4893058472484364,72.88462560329539,19.077264365733765
277440,2110720,4.843270525496021,0.4976561944448451,72.88481558492134,19.07726654630737
277460,2110720,4.848294801587302,0.5062005667575642,72.88500556657318,19.07726872668545
277480,2110720,4.831142747939397,0.5146029020728123,72.88519554825089,19.077270906868012
277500,2110720,4.78885007829695,0.5223953305864699,72.88538552995448,19.077273086855058
277520,2110720,4.715924137010152,0.5288596550989887,72.88557551168394,19.077275266646577
277540,2110720,4.597605528631296,0.5323874734172351,72.88576549343927,19.07727744624258
277560,2110720,4.436417282567536,0.5328346363319766,72.88595547522044,19.077279625643065
277580,2110720,4.250080194118983,0.5318416605922599,72.8861454570275,19.07728180484803
277140,2110740,3.410965848424579,0.42050278995364454,72.8819635667685,19.077414445227454
277160,2110740,3.515329416707436,0.4226984610903456,72.88215354823757,19.077416628560535
277180,2110740,3.6287699299835645,0.42481924075632105,72.88234352973252,19.0774188116981
277200,2110740,3.7485788865021203,0.4268779280907057,72.8825335112534,19.07742099464014
277220,2110740,3.8733290430828236,0.42891153659123077,72.88272349280018,19.07742317738666
277240,2110740,4.001080223464618,0.43098713150312234,72.88291347437284,19.07742535993766
277260,2110740,4.129480404529739,0.4332012540126754,72.88310345597144,19.077427542293144
277280,2110740,4.255889075204667,0.43567352468441617,72.88329343759591,19.077429724453108
277300,2110740,4.377513160072493,0.43853561446251477,72.88348341924628,19.07743190641755
277320,2110740,4.491544179698877,0.4419171919145802,72.88367340092255,19.077434088186468
277340,2110740,4.595284275140222,0.4459306529702567,72.8838633826247,19.077436269759872
277360,2110740,4.68624860116556,0.4506563532930126,72.88405336435275,19.077438451137752
277380,2110740,4.762232399783629,0.4561296640223228,72.88424334610667,19.07744063232012
277400,2110740,4.821332351281994,0.46233048477120986,72.8844333278865,19.077442813306952
277420,2110740,4.8619124680459125,0.46917493422562045,72.88462330969217,19.077444994098272
277440,2110740,4.882502552909549,0.4765078043490016,72.88481329152376,19.077447174694075
277460,2110740,4.881606575192736,0.48409272962931177,72.88500327338122,19.077449355094345
277480,2110740,4.857362266916572,0.49159359727454804,72.88519325526454,19.077451535299108
277500,2110740,4.806863407236978,0.4985299978542055,72.88538323717373,19.07745371530834
277520,2110740,4.724418301876896,0.5041475315692726,72.8855732191088,19.077455895122053
277540,2110740,4.599530519345126,0.5072626097712374,72.88576320106974,19.077458074740246
277560,2110740,4.434698870830078,0.5077790669630599,72.88595318305654,19.077460254162915
277580,2110740,4.244318522275759,0.5068457928762333,72.88614316506921,19.077462433390064
277600,2110740,4.037586546016761,0.5052449845157834,72.88633314710772,19.07746461242169
277020,2110760,2.9598091262091493,0.392281118399298,72.88082138075704,19.0775819690394
277040,2110760,3.0263407715244273,0.3962082568376553,72.8810113622762,19.077584153567834
277060,2110760,3.0949577534703403,0.3996212067935606,72.88120134382127,19.077586337900744
277080,2110760,3.167047199562561,0.4027381586042522,72.88139132539229,19.077588522038138
277100,2110760,3.2448818134904718,0.4056875343433834,72.88158130698922,19.077590705980004
277120,2110760,3.3303291129391623,0.4085141681033449,72.88177128861206,19.077592889726354
277140,2110760,3.424657107393129,0.4112030841672947,72.88196127026082,19.07759507327718
277160,2110760,3.5284158843287616,0.41370970000464247,72.88215125193548,19.077597256632487
277180,2110760,3.64138452169493,0.4159888046712319,72.88234123363605,19.077599439792273
277200,2110760,3.7625738438142,0.4180178345187294,72.88253121536255,19.077601622756536
277220,2110760,3.8902775292341976,0.41981228258908465,72.88272119711493,19.077603805525275
277240,2110760,4.022165334212088,0.42143258359415886,72.88291117889322,19.0776059880985
277260,2110760,4.155411922021757,0.42298278699643643,72.88310116069744,19.077608170476193
277280,2110760,4.286852976531637,0.4246020331844681,72.88329114252753,19.077610352658375
277300,2110760,4.413157517811694,0.42645042366893327,72.8834811243835,19.077612534645024
277320,2110760,4.531002537795339,0.4286913247586451,72.88367110626538,19.07761471643616
277340,2110760,4.637234141888057,0.43147237083704165,72.88386108817315,19.07761689803177
277360,2110760,4.728998916123247,0.43490732687999595,72.8840510701068,19.07761907943185
277380,2110760,4.803830305350152,0.43906047216212324,72.88424105206636,19.07762126063642
277400,2110760,4.859676781964255,0.44393430757476976,72.88443103405179,19.077623441645464
277420,2110760,4.894860095943985,0.4494602609187376,72.8846210160631,19.07762562245898
277440,2110760,4.907950345528223,0.4554907352941568,72.88481099810029,19.077627803076975
277460,2110760,4.8975353393687024,0.4617892134249863,72.88500098016337,19.077629983499452
277480,2110760,4.86183786590978,0.46801290924886163,72.8851909622523,19.0776321637264
277500,2110760,4.798111967303694,0.4736813621271814,72.88538094436711,19.07763434375783
277520,2110760,4.7020472081402485,0.47815026017297113,72.8855709265078,19.07763652359373
277540,2110760,4.569571504832318,0.4807832666435513,72.88576090867436,19.077638703234108
277560,2110760,4.403245727270981,0.4815222830797184,72.88595089086678,19.077640882678967
277580,2110760,4.2119150466896995,0.4809402428602158,72.88614087308505,19.0776430619283
277600,2110760,4.00416616578498,0.47968398757345493,72.8863308553292,19.077645240982108
277620,2110760,3.7865285731976304,0.478272785764309,72.8865208375992,19.077647419840396
276900,2110780,2.60841954582096,0.3277807728540241,72.87967919318558,19.07774948554193
276920,2110780,2.6809991748114768,0.33948938390775396,72.87986917475476,19.077751671265734
276940,2110780,2.7578204835899807,0.35091278800294406,72.8800591563499,19.07775385679402
276960,2110780,2.8323120387577534,0.36092262663518004,72.88024913797095,19.077756042126776
276980,2110780,2.901442243267466,0.3691048636141362,72.88043911961795,19.077758227264017
277000,2110780,2.9645240312959715,0.3755758071067805,72.88062910129088,19.07776041220573
277020,2110780,3.0227638000722084,0.3807374051898063,72.88081908298973,19.077762596951924
277040,2110780,3.0786642038161913,0.3850603176613355,72.8810090647145,19.077764781502594
277060,2110780,3.1354092241903824,0.38893989638783455,72.88119904646521,19.07776696585774
277080,2110780,3.1963202226429317,0.3926298434996042,72.88138902824183,19.077769150017364
277100,2110780,3.2644252244805925,0.3962356621784097,72.88157901004438,19.077771333981463
277120,2110780,3.3421486646954115,0.39974393628626853,72.88176899187283,19.077773517750042
277140,2110780,3.4311093292132417,0.4030668351434086,72.88195897372721,19.0777757013231
277160,2110780,3.532007562342484,0.4060878030244442,72.88214895560749,19.07777788470063
277180,2110780,3.644584248430122,0.40870056675121635,72.88233893751368,19.07778006788264
277200,2110780,3.7676390617361264,0.4108379707596325,72.88252891944579,19.077782250869127
277220,2110780,3.899100510291782,0.41248967123663394,72.88271890140379,19.07778443366009
277240,2110780,4.036143177733946,0.41370896356241654,72.88290888338771,19.077786616255526
277260,2110780,4.175347389425929,0.41460965718162457,72.88309886539753,19.077788798655437
277280,2110780,4.312893543313633,0.41535442413072227,72.883288847433235,19.07779098085983
277300,2110780,4.4447786721834355,0.4161366068653586,72.88347882949482,19.077793162868698
277320,2110780,4.56703801735709,0.4171580023837343,72.88366881158233,19.07779534468204
277340,2110780,4.675951024676249,0.41860544120445053,72.88385879369571,19.07779752629986
277360,2110780,4.768210245948992,0.42062886038864034,72.88404877583498,19.07779970772215
277380,2110780,4.841033365618892,0.4233229519489984,72.88423875800015,19.077801888948922
277400,2110780,4.8922023405656505,0.42671342804459766,72.88442874019121,19.077804069980164
277420,2110780,4.920018164999576,0.4307476867145977,72.88461872240813,19.077806250815883
277440,2110780,4.923163793668912,0.4352884698807572,72.88480870465095,19.07780843145608
277460,2110780,4.900472391721237,0.44010842212364326,72.88499868691963,19.07781061190075
277480,2110780,4.8506167221038305,0.4448846014131773,72.8851886692142,19.077812792149892
277500,2110780,4.771830345235606,0.44919993011237763,72.88537865153464,19.077814972203512
277520,2110780,4.662107511823733,0.45258587533205336,72.88556863388094,19.077817152061602
277540,2110780,4.520742674745654,0.45467503370964685,72.88575861625311,19.077819331724175
277560,2110780,4.3506200866530556,0.455423197539666,72.88594859865114,19.077821511191214
277580,2110780,4.158020162810869,0.45513485450123226,72.88613858107504,19.077823690462736
277600,2110780,3.950065117333353,0.454265107447194,72.8863285635248,19.077825869538724
277620,2110780,3.733019973295524,0.4532619262190171,72.88651854600043,19.07782804841919
277640,2110780,3.5119228125490567,0.45251671526088444,72.88670852850191,19.077830227104133
276780,2110800,2.8683091714128195,0.3199809760425564,72.87853700405462,19.077916994734853
276800,2110800,2.6966826893732803,0.2984869068120213,72.87872698567375,19.07791918165405
276820,2110800,2.6026817332534082,0.2837341041341475,72.87891696731883,19.077921368377723
276840,2110800,2.5711978040611125,0.27842078389315666,72.87910694898987,19.077923554905873
276860,2110800,2.587146333417151,0.2823649518447341,72.87929693068685,19.077925741238495
276880,2110800,2.636236617223376,0.29320391467688123,72.87948691240977,19.077927927375598
276900,2110800,2.7054290431810473,0.307756361353674,72.87967689415864,19.077930113317176
276920,2110800,2.7833104656532504,0.32307126407787445,72.87986687593344,19.07793229906323
276940,2110800,2.860743411642543,0.33701374472137124,72.88005685773419,19.077934484613763
276960,2110800,2.93153447472735,0.34848943665918497,72.88024683956087,19.077936669968768
276980,2110800,2.992724086760846,0.35735065697471685,72.88043682141348,19.07793885512825
277000,2110800,3.0443328159442054,0.36407794283079736,72.88062680329203,19.077941040092206
277020,2110800,3.0886887007414554,0.36940486902018815,72.8808167851965,19.07794322486064
277040,2110800,3.1295792764955332,0.37402494487333054,72.88100676712689,19.07794540943355
277060,2110800,3.1714337643125523,0.3784314884708904,72.88119674908322,19.07794759381093
277080,2110800,3.218649314366913,0.38287374856939677,72.88138673106546,19.07794977799279
277100,2110800,3.2750963510934845,0.3873870667985915,72.88157671307363,19.077951961979128
277120,2110800,3.3437902465667526,0.39185703691421253,72.8817666951077,19.07795414576993
277140,2110800,3.426696374816801,0.39609003105026375,72.8819566771677,19.077956329365215
277160,2110800,3.5246340878995412,0.3998751625025424,72.88214665925359,19.077958512764972
277180,2110800,3.6372535196493176,0.4030318537222546,72.88233664136541,19.07796069596921
277200,2110800,3.7630704545826665,0.405442157753069,72.88252662350313,19.077962878977914
277220,2110800,3.899554040651189,0.4070688939056085,72.88271660566676,19.077965061791094
277240,2110800,4.043267138118459,0.4079609896743613,72.88290658785628,19.077967244408757
277260,2110800,4.1900586723140645,0.40824739375041563,72.88309657007171,19.077969426830883
277280,2110800,4.335302200114432,0.4081211974338717,72.88328655231304,19.077971609057485
277300,2110800,4.474166979557964,0.40781626920509995,72.88347653458027,19.077973791088564
277320,2110800,4.601899794496462,0.4075794860551027,72.88366651687339,19.07797597292412
277340,2110800,4.7140901725117965,0.4076421231073921,72.88385649919239,19.077978154564146
277360,2110800,4.806890155014369,0.40819382935886384,72.8840464815373,19.077980336008643
277380,2110800,4.877162909723894,0.40936180585675275,72.88423646390808,19.07798251725762
277400,2110800,4.922541556198739,0.4111965147606542,72.88442644630474,19.077984698311063
277420,2110800,4.941389462600766,0.41366387608605715,72.8846164287273,19.077986879168982
277440,2110800,4.932665770416657,0.41664295309075855,72.88480641117573,19.077989059831374
277460,2110800,4.8957187444951975,0.4199282586973975,72.88499639365003,19.077991240298243
277480,2110800,4.830068053767978,0.42323822879671563,72.88518637615023,19.077993420569577
277500,2110800,4.735320193410132,0.42623796413380577,72.88537635867627,19.07799560064539
277520,2110800,4.611473886346323,0.42859378250461627,72.88556634122821,19.077997780525674
277540,2110800,4.459768680283791,0.43007084697885667,72.88575632380599,19.07799996021043
277560,2110800,4.283538667867032,0.43063279683978994,72.88594630640966,19.07800213969966
277580,2110800,4.088046846036534,0.4304579058869842,72.88613628903917,19.07800431899336
277600,2110800,3.8793347763991926,0.4298613827988269,72.88632627169457,19.078006498091533
277620,2110800,3.663126702521094,0.4292033168471498,72.8865162543758,19.07800867699418
277640,2110800,3.4442981608194176,0.4288329659271648,72.8867062370829,19.078010855701297
277660,2110800,3.2267537121833594,0.42906511193975233,72.88689621981585,19.078013034212887
276740,2110820,3.6437207202638233,0.33683582430837117,72.8781547401964,19.078093247903276
276760,2110820,3.2675472319078995,0.31188442014477497,72.87834472196923,19.078095435235777
276780,2110820,2.9832148308116073,0.2854156255157729,72.87853470376803,19.07809762237276
276800,2110820,2.799444551566115,0.2620631351400338,72.87872468559279,19.078099809314217
276820,2110820,2.701905199856754,0.24830542950335846,72.87891466744348,19.07810199606015
276840,2110820,2.6717697638228333,0.24676074897013991,72.87910464932014,19.078104182610556
276860,2110820,2.6916559735135497,0.2557746012769171,72.87929463122273,19.078106368965436
276880,2110820,2.745922340391004,0.27168458465010653,72.87948461315128,19.078108555124796
276900,2110820,2.8200111589881307,0.2906043160167514,72.87967459510577,19.078110741088622
276920,2110820,2.9005984796145032,0.3091701107018631,72.8798645770862,19.078112926856928
276940,2110820,2.976744477570715,0.3250439851938254,72.88005455909256,19.078115112429703
276960,2110820,3.0412348354697394,0.33725838840876815,72.88024454112487,19.078117297806955
276980,2110820,3.0911694783993835,0.3460912943333922,72.88043452318308,19.078119482988686
277000,2110820,3.1275392329546667,0.35254103951228094,72.88062450526725,19.07812166797488
277020,2110820,3.154158292026903,0.35775313584534985,72.88081448737735,19.078123852765554
277040,2110820,3.176434854146859,0.36264238017898376,72.88100446951336,19.078126037360697
277060,2110820,3.200288948978561,0.36774557707173794,72.8811944516753,19.078128221760323
277080,2110820,3.231339153123198,0.3732345519191255,72.88138443386316,19.078130405964416
277100,2110820,3.2743618393572635,0.37900694948121255,72.88157441607694,19.078132589972977
277120,2110820,3.332971194147605,0.3847962581787255,72.88176439831665,19.07813477378602
277140,2110820,3.409454538203734,0.39026992138731753,72.88195438058226,19.078136957403533
277160,2110820,3.5047073801562365,0.39510436337027005,72.88214436287379,19.078139140825517
277180,2110820,3.6182326240306306,0.3990367423353254,72.88233434519123,19.078141324051973
277200,2110820,3.7481891690731106,0.40189717756311844,72.88252432753457,19.078143507082903
277220,2110820,3.89149094073715,0.4036250699914122,72.8827143099038,19.078145689918305
277240,2110820,4.043965025602631,0.40427168422434423,72.88290429229896,19.078147872558176
277260,2110820,4.20057623293198,0.4039901773403153,72.88309427472002,19.078150055002528
277280,2110820,4.355716442528071,0.40301443742541926,72.88328425716698,19.07815223725134
277300,2110820,4.503543786811304,0.40162922756831604,72.88347423963981,19.07815441930464
277320,2110820,4.6383434038437965,0.40013550363283634,72.88366422213856,19.0781566011624
277340,2110820,4.7548723584903545,0.398815598882903,72.8838542046632,19.078158782824634
277360,2110820,4.84864911481881,0.39790276165994876,72.8840441872137,19.07816096429134
277380,2110820,4.91615335588473,0.3975583100299288,72.88423416979012,19.078163145562517
277400,2110820,4.954913890581384,0.3978578967034353,72.8844241523924,19.078165326638164
277420,2110820,4.963479001115235,0.39878673390661606,72.88461413502057,19.078167507518287
277440,2110820,4.941283780602417,0.40024273129102095,72.88480411767463,19.07816968820287
277460,2110820,4.888454050339488,0.40204680893615896,72.88499410035456,19.078171868691935
277480,2110820,4.805619629817711,0.40396145450500687,72.88518408306038,19.07817404898547
277500,2110820,4.693846960835858,0.4057215095833281,72.88537406579205,19.07817622908347
277520,2110820,4.554800977351744,0.4070820876798262,72.8855640485496,19.078178408985952
277540,2110820,4.391112938575539,0.4078800998191329,72.88575403133302,19.078180588692895
277560,2110820,4.20666264103321,0.40808636535303117,72.8859440141423,19.078182768204307
277580,2110820,4.006409864742579,0.40781732582210695,72.88613399697745,19.078184947520192
277600,2110820,3.7957861240615363,0.40730152881025805,72.88632397983845,19.078187126640554
277620,2110820,3.5800217405792165,0.4068274510020964,72.88651396272533,19.078189305565374
277640,2110820,3.363697776411624,0.40669887397877996,72.88670394563805,19.078191484294674
277660,2110820,3.1505522650421094,0.40720586038452833,72.88689392857663,19.078193662828436
277680,2110820,2.94345041743292,0.40860837908299974,72.88708391154105,19.078195841166675
276740,2110840,3.9020897480571617,0.3042741839262483,72.8781524394726,19.078273875492847
276760,2110840,3.473715367779249,0.27731846353581735,72.87834242145107,19.078276062847618
276780,2110840,3.1516082142190696,0.24885313801597567,72.87853240345548,19.078278250006864
276800,2110840,2.9470919613067785,0.22589082282593212,72.87872238548586,19.078280436970584
276820,2110840,2.8376397394791897,0.2164638393442576,72.87891236754218,19.078282623738776
276840,2110840,2.800312327693628,0.22092852450248884,72.87910234962445,19.078284810311445
276860,2110840,2.817004602741059,0.23515603255103154,72.87929233173267,19.078286996688583
276880,2110840,2.871638723452765,0.2550756045647874,72.87948231386684,19.078289182870193
276900,2110840,2.9480177576610984,0.27718870407803664,72.87967229602694,19.078291368856274
276920,2110840,3.029821438145083,0.29799391749556886,72.879862278213,19.07829355464683
276940,2110840,3.1029998880703293,0.3147759779962886,72.88005226042499,19.078295740241852
276960,2110840,3.158581867294978,0.32666991125728795,72.8802422426629,19.07829792564135
276980,2110840,3.1937259292760753,0.33457045254718754,72.88043222492675,19.07830011084532
277000,2110840,3.210811526836886,0.3401758270201283,72.88062220721655,19.078302295853764
277020,2110840,3.2156417590624318,0.34509185673199716,72.88081218953225,19.078304480666674
277040,2110840,3.2156520074565758,0.3503892641908046,72.88100217187389,19.078306665284057
277060,2110840,3.2185083213802663,0.3565351683476426,72.88119215424146,19.078308849705916
277080,2110840,3.231168544981035,0.36351433122632465,72.88138213663495,19.078311033932245
277100,2110840,3.2593373964976147,0.3710048835374067,72.88157211905435,19.07831321796304
277120,2110840,3.307199111495256,0.3785382258014617,72.88176210149967,19.07831540179831
277140,2110840,3.3773159355751834,0.3856183451315348,72.88195208397092,19.078317585438047
277160,2110840,3.4706107442370193,0.3918007842401792,72.88214206646806,19.07831976888226
277180,2110840,3.5863895518342046,0.39674107536709813,72.88233204899112,19.078321952130942
277200,2110840,3.7223936432468907,0.40022248396425403,72.88252203154009,19.07832413518409
277220,2110840,3.8748950982020816,0.40216883951619725,72.88271201411497,19.078326318041718
277240,2110840,4.0388602019615485,0.40264411215498436,72.88290199671574,19.07832850070381
277260,2110840,4.208201871828237,0.40183840584806824,72.88309197934242,19.078330683170375
277280,2110840,4.376126909562316,0.4000406274158351,72.88328196199498,19.078332865441407
277300,2110840,4.535561751008385,0.39760042299121756,72.88347194467346,19.07833504751691
277320,2110840,4.679618525755804,0.39488456233268404,72.88366192737783,19.07833722939688
277340,2110840,4.802048521302384,0.39223436861336314,72.88385191010808,19.078339411081323
277360,2110840,4.897626899757498,0.3899303050555269,72.88404189286423,19.078341592570236
277380,2110840,4.9624214408573275,0.3881676988718879,72.88423187564626,19.07834377386362
277400,2110840,4.993916788879998,0.38704483789249927,72.88442185845419,19.078345954961463
277420,2110840,4.99099028147976,0.3865624973743059,72.88461184128798,19.078348135863788
277440,2110840,4.9537622776767805,0.3866330500364674,72.88480182414766,19.078350316570578
277460,2110840,4.883370290384706,0.38709767838694203,72.88499180703322,19.078352497081838
277480,2110840,4.781738708155382,0.38775129566253413,72.88518178994464,19.078354677397563
277500,2110840,4.651424289400526,0.3883755860737188,72.88537177288195,19.078356857517758
277520,2110840,4.495588723946528,0.3887794025323538,72.88556175584513,19.078359037442425
277540,2110840,4.318062632404215,0.3888409309107302,72.88575173883417,19.078361217171558
277560,2110840,4.123360277260461,0.3885394718399703,72.8859417218491,19.07836339670516
277580,2110840,3.916500748653218,0.38796417441901204,72.88613170488986,19.07836557604323
277600,2110840,3.702636622556498,0.3872972978074861,72.88632168795648,19.078367755185766
277620,2110840,3.486635364720692,0.3867819730731956,72.88651167104899,19.078369934132773
277640,2110840,3.272757599676649,0.38668767760569633,72.88670165416733,19.078372112884242
277660,2110840,3.0644815107697365,0.38728168186179085,72.88689163731154,19.07837429144019
277680,2110840,2.8644487760056454,0.3888090929632564,72.8870816204816,19.0783764698006
277700,2110840,2.6744872130648667,0.3914811920110555,72.8872716036775,19.07837864796548
277720,2110840,2.5002059727953876,0.3954706957547556,72.88746158689926,19.078380825934822
276720,2110860,4.757988958683757,0.30475546510263785,72.87796015656474,19.07845231550605
276740,2110860,4.250167627552497,0.27187998847271255,72.87815013872286,19.078454503078618
276760,2110860,3.783611002728328,0.2403166016161535,72.87834012090694,19.078456690455656
276780,2110860,3.4075023176275048,0.2128395907410356,72.87853010311697,19.078458877637164
276800,2110860,3.1582135009945436,0.19662987152577024,72.87872008535298,19.07846106462315
276820,2110860,3.0167225420582193,0.1968354230235361,72.87891006761492,19.078463251413602
276840,2110860,2.9558020754032355,0.20802830847835382,72.87910004990283,19.078465438008525
276860,2110860,2.9573319257125177,0.22445030967002794,72.87929003221666,19.07846762440792
276880,2110860,3.005429706484503,0.2446070572260278,72.87948001455646,19.078469810611786
276900,2110860,3.0816971919691794,0.2673750308499944,72.87966999692219,19.078471996620117
276920,2110860,3.164497936822034,0.28893780981755063,72.87985997931386,19.07847418243292
276940,2110860,3.23410154284082,0.30532352642042637,72.88004996173147,19.078476368050197
276960,2110860,3.278630039292945,0.31559746041566955,72.88023994417502,19.078478553471935
276980,2110860,3.2955206071440455,0.3216023699537316,72.88042992664451,19.078480738698154
277000,2110860,3.289264012198296,0.32594884737625657,72.88061990913991,19.078482923728835
277020,2110860,3.268342064693705,0.330660466532789,72.88080989166126,19.07848510856399
277040,2110860,3.2426912713975646,0.33679229494827867,72.88099987420851,19.07848729320361
277060,2110860,3.221964675840873,0.3445611466337998,72.8811898567817,19.07848947764771
277080,2110860,3.2145225311272267,0.353631070919709,72.88137983938081,19.078491661896265
277100,2110860,3.2269591135812847,0.36338399528596477,72.88156982200584,19.078493845949296
277120,2110860,3.263954541213928,0.37311764498923,72.8817598046568,19.078496029806793
277140,2110860,3.328279574935007,0.38216830576971195,72.88194978733365,19.078498213468766
277160,2110860,3.420842393173423,0.38997855306055923,72.88213977003645,19.0785003969352
277180,2110860,3.5407279680970625,0.3961330918626778,72.88232975276513,19.078502580206106
277200,2110860,3.6852317047537984,0.4003786227005475,72.88251973551971,19.07850476328148
277220,2110860,3.8499234819401873,0.40263376068397716,72.88270971830022,19.078506946161323
277240,2110860,4.028792709959357,0.40298760913164006,72.88289970110661,19.078509128845635
277260,2110860,4.214518245811896,0.40168293531920235,72.88308968393892,19.078511311334413
277280,2110860,4.39888151231883,0.3990819188874462,72.88327966679712,19.078513493627664
277300,2110860,4.573304675841675,0.39561727847093553,72.88346964968122,19.078515675725377
277320,2110860,4.729459954677795,0.39173643909058564,72.8836596325912,19.078517857627556
277340,2110860,4.8598725938466405,0.3878487390398624,72.8838496155271,19.078520039334208
277360,2110860,4.958435550185436,0.38428438070749893,72.88403959848887,19.07852222084533
277380,2110860,5.020768610701793,0.38126975820930303,72.88422958147653,19.078524402160912
277400,2110860,5.044383356319541,0.3789191826992115,72.88441956449007,19.07852658328097
277420,2110860,5.028650627852597,0.3772400629835146,72.88460954752951,19.078528764205487
277440,2110860,4.9746017668860185,0.37614809630786805,72.8847995305948,19.078530944934474
277460,2110860,4.884622986260556,0.3754901467989553,72.884989513686,19.07853312546793
277480,2110860,4.762118259272821,0.3750736327488901,72.88517949680305,19.07853530580585
277500,2110860,4.611213001568368,0.374701167647945,72.88536947994598,19.07853748594824
277520,2110860,4.436540872496493,0.3742075402850663,72.88555946311479,19.078539665895097
277540,2110860,4.243101723138793,0.37349345733857764,72.88574944630946,19.078541845646413
277560,2110860,4.036128684921257,0.37254856273617293,72.88593942953,19.078544025202206
277580,2110860,3.820901118897964,0.3714575460267888,72.8861294127764,19.078546204562457
277600,2110860,3.6024958343585416,0.3703882906489433,72.88631939604866,19.078548383727178
277620,2110860,3.3855287027031995,0.3695669764147364,72.88650937934679,19.078550562696368
277640,2110860,3.173949598817749,0.3692479998143806,72.88669936267077,19.07855274147002
277660,2110860,2.9709217000543147,0.3696858241309681,72.88688934602061,19.07855492004814
277680,2110860,2.7787806437914213,0.37111338579716585,72.88707932939629,19.07855709843072
277700,2110860,2.5990521844943,0.3737291810091004,72.88726931279783,19.078559276617774
277720,2110860,2.4325067249935075,0.3776930634758494,72.8874592962252,19.078561454609293
277740,2110860,2.280925028264469,0.38312896379956446,72.88764927967844,19.078563632405274
276720,2110880,5.212457558008048,0.28625395444288115,72.87795785558339,19.078632943065752
276740,2110880,4.681380742896386,0.24855952999666345,72.87814783794715,19.078635130660583
276760,2110880,4.181609172118065,0.21388788050684904,72.87833782033685,19.078637318059894
276780,2110880,3.754901162516809,0.18980500181052223,72.87852780275252,19.078639505263666
276800,2110880,3.436675080682353,0.1855367643348414,72.87871778519414,19.07864169227191
276820,2110880,3.233458794211264,0.19767520749758755,72.87890776766172,19.078643879084623
276840,2110880,3.1265927268192995,0.21245473320682864,72.87909775015525,19.0786460657018
276860,2110880,3.097131503749457,0.224665876166196,72.87928773267471,19.078648252123454
276880,2110880,3.130802790821181,0.23881497313547384,72.87947771522013,19.078650438349566
276900,2110880,3.2067233464834186,0.2590386827570633,72.87966769779149,19.078652624380158
276920,2110880,3.2936131504165784,0.28013949978680325,72.8798576803888,19.07865481021521
276940,2110880,3.3613210064897836,0.2948628976168859,72.88004766301204,19.078656995854733
276960,2110880,3.3937378040988047,0.3021885142506055,72.88023764566121,19.078659181298725
276980,2110880,3.3894670374197355,0.305603448916378,72.8804276283363,19.07866136654718
277000,2110880,3.3562625521334977,0.30876107900550875,72.88061761103735,19.078663551600116
277020,2110880,3.3061776419368565,0.3138567900819286,72.88080759376432,19.078665736457502
277040,2110880,3.252176520351098,0.3216319540711405,72.8809975765172,19.07866792111936
277060,2110880,3.2060967804948524,0.331837978911002,72.88118755929602,19.078670105585694
277080,2110880,3.177680793745283,0.34370416146211724,72.88137754210076,19.078672289856485
277100,2110880,3.1742943398635233,0.35627891593657823,72.88156752493143,19.07867447393175
277120,2110880,3.2009904217054976,0.3686339869480811,72.881757507788,19.078676657811478
277140,2110880,3.260673365106585,0.3799637716764057,72.88194749067048,19.078678841495677
277160,2110880,3.354223469053698,0.38962399009709636,72.8821374735789,19.078681024984338
277180,2110880,3.4805349499934395,0.3971469853365892,72.88232745651321,19.07868320827747
277200,2110880,3.6364915988762485,0.40225388647636257,72.88251743947343,19.078685391375068
277220,2110880,3.8169519870994533,0.4048664855468117,72.88270742245956,19.07868757427713
277240,2110880,4.014835812582289,0.4051104410390958,72.8828974054716,19.078689756983657
277260,2110880,4.221391672188121,0.4032987554687951,72.88308738850952,19.078691939494654
277280,2110880,4.426685423301494,0.39988960382869737,72.88327737157336,19.07869412181012
277300,2110880,4.6202883686503,0.39542213323123715,72.88346735466308,19.078696303930045
277320,2110880,4.792085691682545,0.3904427832796158,72.8836573377787,19.078698485854435
277340,2110880,4.933088143551129,0.3854383673846691,72.88384732092021,19.0787006675833
277360,2110880,5.036124712081999,0.3807888435438754,72.88403730408763,19.07870284911662
277380,2110880,5.096318939206759,0.37674460029196644,72.88422728728091,19.07870503045441
277400,2110880,5.111296069937839,0.37342500243334936,72.8844172705001,19.078707211596665
277420,2110880,5.081119177629839,0.3708310881071543,72.88460725374514,19.078709392543384
277440,2110880,5.0079983295096095,0.3688665200627807,72.88479723701607,19.078711573294576
277460,2110880,4.895849478239439,0.3673644934539969,72.8849872203129,19.078713753850224
277480,2110880,4.749793952157554,0.36612059206082465,72.88517720363558,19.07871593421034
277500,2110880,4.575682417357062,0.36493071565099633,72.88536718698414,19.07871811437492
277520,2110880,4.379699408842423,0.3636301226283127,72.88555717035858,19.078720294343967
277540,2110880,4.168063510103557,0.36212684441515425,72.88574715375889,19.078722474117477
277560,2110880,3.9468016319223973,0.3604223593280015,72.88593713718505,19.07872465369545
277580,2110880,3.7215632642707077,0.3586150498115529,72.88612712063708,19.07872683307789
277600,2110880,3.497455438060391,0.3568865111307394,72.88631710411498,19.078729012264795
277620,2110880,3.278902570491741,0.3554751655340347,72.88650708761874,19.07873119125616
277640,2110880,3.069545851117631,0.35464413905686953,72.88669707114835,19.07873337005199
277660,2110880,2.8721907934698363,0.3546505647460518,72.8868870547038,19.078735548652286
277680,2110880,2.6888000869524626,0.3557220407870587,72.88707703828513,19.078737727057046
277700,2110880,2.5205219411102235,0.3580437018557019,72.8872670218923,19.07873990526627
277720,2110880,2.36774372033567,0.3617567234711827,72.88745700552532,19.078742083279955
277740,2110880,2.2301638962142745,0.366966334764567,72.88764698918418,19.078744261098105
277760,2110880,2.1072960322674965,0.3737549074365002,72.88783697286888,19.078746438720717
276720,2110900,5.7273949386003045,0.2822877316335614,72.8779555545761,19.078813570621648
276740,2110900,5.172832952448466,0.24298108994899312,72.87814553714549,19.078815758238754
276760,2110900,4.632657373992782,0.2084381661532092,72.87833551974082,19.078817945660322
276780,2110900,4.1451608003137155,0.1888416475276856,72.87852550236211,19.078820132886364
276800,2110900,3.74712457372015,0.19264703226005464,72.87871548500937,19.07882231991687
276820,2110900,3.4609342414033026,0.21205012370970316,72.87890546768257,19.078824506751843
276840,2110900,3.286296694914043,0.22826654645256325,72.87909545038173,19.07882669339128
276860,2110900,3.2083741823746093,0.23035779294429468,72.87928543310683,19.078828879835186
276880,2110900,3.2202880562577665,0.23205821447759176,72.87947541585787,19.078831066083556
276900,2110900,3.3003359709893116,0.24736970422527166,72.87966539863486,19.078833252136395
276920,2110900,3.4003325588060127,0.2680215175294856,72.87985538143779,19.0788354379937
276940,2110900,3.4714786506705533,0.28021081049425495,72.88004536426665,19.078837623655474
276960,2110900,3.4928678300260665,0.28385351152673177,72.88023534712144,19.07883980912171
276980,2110900,3.466022650950414,0.2849805378537467,72.88042533000218,19.078841994392413
277000,2110900,3.4034862632222964,0.28795656408851267,72.88061531290886,19.07884417946758
277020,2110900,3.3220459754671157,0.2946659227310345,72.88080529584145,19.078846364347214
277040,2110900,3.238292840983698,0.3052227883517634,72.88099527879999,19.078848549031314
277060,2110900,3.1663854002909813,0.3187790759687976,72.88118526178442,19.078850733519875
277080,2110900,3.117321976089088,0.33410609504223876,72.88137524479478,19.078852917812902
277100,2110900,3.0990312819714703,0.349952874693244,72.88156522783109,19.078855101910403
277120,2110900,3.1167723360037938,0.36522241525086746,72.88175521089329,19.078857285812358
277140,2110900,3.173520109944209,0.37902289113366466,72.88194519398141,19.078859469518786
277160,2110900,3.270175632520771,0.3906620328677828,72.88213517709545,19.078861653029676
277180,2110900,3.4055676014161773,0.39963793368824324,72.8823251602354,19.07886383634503
277200,2110900,3.576306775035981,0.4056493122666591,72.88251514340124,19.07886601946485
277220,2110900,3.776617550914334,0.4086204273227813,72.882705126593,19.07886820238913
277240,2110900,3.9983001555655453,0.40871965928879345,72.88289510981066,19.078870385117877
277260,2110900,4.230962067014274,0.4063487783803235,72.88308509305423,19.078872567651093
277280,2110900,4.462593259809215,0.4020906831110727,72.88327507632368,19.078874749988767
277300,2110900,4.680460911406184,0.3966214710864975,72.88346505961904,19.07887693213091
277320,2110900,4.872201168779663,0.3906090090382115,72.8836550429403,19.07887911407751
277340,2110900,5.026926343763723,0.38462585007961175,72.88384502628745,19.078881295828577
277360,2110900,5.136162570269994,0.37909635903895167,72.88403500966048,19.07888347738411
277380,2110900,5.1944771857282115,0.3742815303435746,72.8842249930594,19.078885658744102
277400,2110900,5.199725427209466,0.37029053364907516,72.88441497648421,19.078887839908564
277420,2110900,5.152920712195395,0.36710365062032596,72.88460495993489,19.078890020877484
277440,2110900,5.057795233407417,0.3645972924795254,72.88479494341146,19.07889220165087
277460,2110900,4.920157669587712,0.3625712667092227,72.88498492691392,19.078894382228714
277480,2110900,4.747168910395855,0.3607832846886468,72.88517491044223,19.07889656261103
277500,2110900,4.5466465370922515,0.3589927812836396,72.88536489399644,19.078898742797797
277520,2110900,4.326479327003753,0.3570087898481711,72.88555487757651,19.07890092278904
277540,2110900,4.094192019477969,0.35473101908598,72.88574486118245,19.078903102584736
277560,2110900,3.856659544371039,0.35217338073011145,72.88593484481424,19.0789052821849
277580,2110900,3.6199417104480127,0.34946452365964714,72.8861248284719,19.07890746158952
277600,2110900,3.3892006651162614,0.3468269429221488,72.88631481215543,19.078909640798607
277620,2110900,3.168669995598727,0.34454154753381516,72.88650479586482,19.078911819812156
277640,2110900,2.9616556947905512,0.34290681749067253,72.88669477960008,19.07891399863016
277660,2110900,2.770557814341712,0.34220133942771674,72.88688476336117,19.078916177252633
277680,2110900,2.5969063034244058,0.3426566491665208,72.88707474714812,19.07891835567957
277700,2110900,2.4414074135196677,0.344444648195313,72.88726473096092,19.078920533910964
277720,2110900,2.303999798610929,0.34768068790813683,72.88745471479957,19.078922711946824
277740,2110900,2.1839221137809073,0.3524399429345161,72.88764469866406,19.078924889787142
277760,2110900,2.0797956077924216,0.35878129708586476,72.88783468255441,19.078927067431916
277780,2110900,1.9897750341510607,0.36677019504833264,72.88802466647059,19.07892924488116
276700,2110920,6.8320284213225815,0.3312114697195792,72.8777632707938,19.078992010338833
276720,2110920,6.2861394199136456,0.29437741902599873,72.87795325354284,19.078994198173746
276740,2110920,5.704024606675839,0.25630687357222315,72.87814323631785,19.078996385813117
276760,2110920,5.111208926936885,0.22262374134871754,72.87833321911883,19.078998573256957
276780,2110920,4.544644755479947,0.20307334151392142,72.87852320194575,19.07900076050526
276800,2110920,4.046790224422008,0.2052182325358803,72.87871318479863,19.079002947558024
276820,2110920,3.655967658831772,0.22321733972330382,72.87890316767746,19.079005134415254
276840,2110920,3.3942680658156847,0.23915549966333882,72.87909315058225,19.079007321076954
276860,2110920,3.250591088993667,0.22880471568389174,72.87928313351298,19.07900950754312
276880,2110920,3.2371257129537696,0.21587328573023598,72.87947311646965,19.079011693813744
276900,2110920,3.329969092572421,0.22488017912770566,72.87966309945229,19.07901387988884
276920,2110920,3.4572874662708277,0.24514952393969877,72.87985308246084,19.07901606576839
276940,2110920,3.5445474537005137,0.2562039286414495,72.88004306549533,19.07901825145241
276960,2110920,3.5613664415392052,0.25827229711147603,72.88023304855578,19.07902043694089
276980,2110920,3.513628222759067,0.25943323695561127,72.88042303164214,19.07902262223384
277000,2110920,3.421589179089195,0.2643170974838433,72.88061301475443,19.079024807331248
277020,2110920,3.3085949169175413,0.2742194056528491,72.88080299789267,19.079026992233118
277040,2110920,3.1956044006005606,0.2886387251542685,72.88099298105682,19.07902917693946
277060,2110920,3.0991680265155868,0.3062342157416403,72.88118296424689,19.079031361450262
277080,2110920,3.031294492908454,0.3254154741092922,72.8813729474629,19.079033545765526
277100,2110920,3.00017252644445,0.34472171346749514,72.88156293070483,19.079035729885252
277120,2110920,3.0110693159978603,0.36297547703118405,72.88175291397266,19.079037913809444
277140,2110920,3.0670086392014744,0.37927025152877863,72.88194289726641,19.079040097538098
277160,2110920,3.169064655266669,0.39290515477459065,72.88213288058608,19.07904228107121
277180,2110920,3.316271854976553,0.40334948668296045,72.88232286393166,19.079044464408792
277200,2110920,3.5052652385521585,0.4102630687959203,72.88251284730315,19.079046647550832
277220,2110920,3.729845933486217,0.4135534127824369,72.88270283070055,19.079048830497335
277240,2110920,3.9807154866029255,0.41342762718583115,72.88289281412384,19.079051013248304
277260,2110920,4.245612263684729,0.41039611933312387,72.88308279757304,19.07905319580373
277280,2110920,4.509988265517905,0.4052052743848303,72.88327278104813,19.07905537816362
277300,2110920,4.758198120835491,0.3987098945015821,72.88346276454912,19.07905756032797
277320,2110920,4.975003743062392,0.39172640207402626,72.88365274807602,19.079059742296785
277340,2110920,5.147105097487095,0.3849165122444001,72.88384273162879,19.07906192407006
277360,2110920,5.264415513495528,0.3787325733985395,72.88403271520747,19.079064105647795
277380,2110920,5.320881317473504,0.3734224715664157,72.88422269881201,19.079066287030003
277400,2110920,5.314757330924702,0.3690660293660742,72.88441268244246,19.07906846821666
277420,2110920,5.24835911402604,0.36561175997233036,72.88460266609879,19.079070649207782
277440,2110920,5.127398195140308,0.36290047869458386,72.88479264978099,19.079072830003362
277460,2110920,4.960055589992736,0.36068408118978124,72.88498263348906,19.079075010603407
277480,2110920,4.755960737743459,0.3586569377794833,72.88517261722302,19.079077191007915
277500,2110920,4.525226068510733,0.3565089360236732,72.88536260098286,19.07907937121688
277520,2110920,4.277651489608821,0.35399190447795664,72.88555258476856,19.079081551230306
277540,2110920,4.022163999544847,0.350978820266873,72.88574256858013,19.079083731048197
277560,2110920,3.766501833737807,0.3474959480308312,72.88593255241757,19.079085910670543
277580,2110920,3.5171030320635195,0.34371942631178576,72.88612253628088,19.07908809009735
277600,2110920,3.2791303699866967,0.33994102870216614,72.88631252017002,19.079090269328617
277620,2110920,3.056563898016048,0.33651578867642457,72.88650250408506,19.07909244836435
277640,2110920,2.852310622198726,0.3338056083146648,72.88669248802594,19.079094627204533
277660,2110920,2.6683040471606283,0.3321305416652102,72.88688247199268,19.079096805849183
277680,2110920,2.5055847009805143,0.33173592661616075,72.88707245598526,19.07909898429829
277700,2110920,2.3643640245254027,0.33277999125867624,72.88726244000371,19.07910116255186
277720,2110920,2.244079997943854,0.3353428847707338,72.88745242404798,19.079103340609887
277740,2110920,2.1434558301349744,0.33945415554179204,72.88764240811813,19.079105518472378
277760,2110920,2.0605737940933126,0.345131709717605,72.8878323922141,19.07910769613932
277780,2110920,1.9929744057809733,0.3524214543057428,72.88802237633591,19.079109873610726
277800,2110920,1.9378374460135042,0.36142360233556675,72.88821236048356,19.079112050886593
276700,2110940,7.4224172513022655,0.35198529217471936,72.87776096952895,19.079172637864858
276720,2110940,6.873444418650501,0.3189820318726988,72.87795095248363,19.07917482572204
276740,2110940,6.261031300055681,0.2830275610100542,72.87814093546427,19.079177013383678
276760,2110940,5.604232911054524,0.2482028845650111,72.87833091847087,19.079179200849783
276780,2110940,4.939361226397677,0.22244636653716646,72.87852090150344,19.079181388120347
276800,2110940,4.316466754526854,0.21343122473849033,72.87871088456194,19.07918357519538
276820,2110940,3.7898275705698627,0.2189803420664005,72.87890086764641,19.079185762074868
276840,2110940,3.4046736298762847,0.2233113773929215,72.87909085075682,19.07918794875883
276860,2110940,3.1880727001459785,0.2085117579924581,72.87928083389319,19.07919013524725
276880,2110940,3.1541292381417922,0.18790757511720813,72.8794708170555,19.07919232154013
276900,2110940,3.2623322808443156,0.1872832669776898,72.87966080024376,19.07919450763747
276920,2110940,3.427738224417029,0.2043874387226521,72.87985078345794,19.079196693539274
276940,2110940,3.557040131170009,0.2208837409242405,72.88004076669807,19.079198879245546
276960,2110940,3.583613831239132,0.22736179728128234,72.88023074996414,19.07920106475627
276980,2110940,3.520627576976747,0.2323283112609879,72.88042073325614,19.079203250071462
277000,2110940,3.4018828814984463,0.24110174779958604,72.88061071657408,19.079205435191117
277020,2110940,3.2597524415969255,0.2549914325801378,72.88080069991794,19.079207620115234
277040,2110940,3.120423036979726,0.273560223143161,72.88099068328773,19.079209804843803
277060,2110940,3.002848433744999,0.29526744528626075,72.88118066668345,19.079211989376844
277080,2110940,2.919666896313639,0.31821963951835563,72.88137065010508,19.079214173714337
277100,2110940,2.878922642255032,0.340795386410407,72.88156063355264,19.079216357856296
277120,2110940,2.885676189209202,0.36181939529364343,72.88175061702613,19.07921854180272
277140,2110940,2.9430507590695867,0.38044423273144473,72.88194060052551,19.079220725553597
277160,2110940,3.0525944959873534,0.3959897717710969,72.88213058405081,19.079222909108946
277180,2110940,3.2140215513733614,0.4078766825252745,72.88232056760202,19.07922509246875
277200,2110940,3.424512864478078,0.4156760763373541,72.88251055117914,19.07922727563301
277220,2110940,3.6778546854239713,0.41922957729466037,72.88270053478217,19.079229458601734
277240,2110940,3.9637808282343334,0.41876360659432355,72.88289051841112,19.079231641374918
277260,2110940,4.267910530659866,0.4149213895353024,72.88308050206594,19.079233823952567
277280,2110940,4.572544258223019,0.4086702642761628,72.88327048574668,19.07923600633467
277300,2110940,4.858288371318448,0.40110438436267354,72.88346046945331,19.07923818852123
277320,2110940,5.106176180100857,0.3932209869049308,72.88365045318582,19.07924037051226
277340,2110940,5.2998102228364985,0.3857617668145745,72.88384043694425,19.07924255230774
277360,2110940,5.427099119501523,0.379168675582817,72.88403042072855,19.079244733907686
277380,2110940,5.481314883425949,0.37363559797833523,72.88422040453874,19.07924691531209
277400,2110940,5.461370287714817,0.36919135218095583,72.88441038837482,19.079249096520954
277420,2110940,5.371372529860571,0.3657536348361306,72.88460037223678,19.07925127753428
277440,2110940,5.219625768631802,0.36313699866561705,72.88479035612463,19.079253458352056
277460,2110940,5.017312506732126,0.36104364923324067,72.88498034003834,19.0792556389743
277480,2110940,4.77708468302272,0.35908124683587767,72.88517032397793,19.079257819400997
277500,2110940,4.51176341383567,0.3568303923299297,72.88536030794342,19.079259999632157
277520,2110940,4.233301471130934,0.3539460347990339,72.88555029193475,19.079262179667772
277540,2110940,3.9521035469093655,0.3502512563528345,72.88574027595196,19.079264359507853
277560,2110940,3.676719693554876,0.34578528594018654,72.88593025999504,19.079266539152382
277580,2110940,3.4138437018373695,0.3407926993022082,72.88612024406397,19.07926871860138
277600,2110940,3.168496566802676,0.3356664520614358,72.88631022815876,19.079270897854826
277620,2110940,2.9442754516619445,0.33086896558663,72.88650021227944,19.079273076912738
277640,2110940,2.7435860716873535,0.3268534329463352,72.88669019642596,19.07927525577511
277660,2110940,2.5678211968428495,0.3240002291156963,72.88688018059833,19.079277434441927
277680,2110940,2.4174803738405006,0.3225769346843935,72.88707016479655,19.079279612913215
277700,2110940,2.2922429403391424,0.3227260456782503,72.88726014902063,19.079281791188954
277720,2110940,2.191013415603202,0.3244806692783492,72.88745013327056,19.079283969269152
277740,2110940,2.111960987314263,0.3278046762249911,72.88764011754633,19.07928614715381
277760,2110940,2.0525753003550418,0.3326499735096936,72.88783010184794,19.079288324842924
277780,2110940,2.009758231777232,0.3390193095220859,72.8880200861754,19.07929050233649
277800,2110940,1.979963847106315,0.34701717859653997,72.8882100705287,19.079292679634523
277820,2110940,1.9593855290204227,0.35686495585205974,72.88840005490783,19.079294856737004
276700,2110960,8.018426146199584,0.37845541954735407,72.87775866823814,19.079353265387077
276720,2110960,7.474405048538235,0.3503546418714702,72.87794865139846,19.079355453266526
276740,2110960,6.8346176871915585,0.3164080138038323,72.87813863458473,19.079357640950434
276760,2110960,6.108115628229832,0.2783487245599727,72.87832861779697,19.079359828438804
276780,2110960,5.3306554070477485,0.24243940252242666,72.87851860103515,19.07936201573164
276800,2110960,4.562426273045405,0.21734592481727905,72.8787085842993,19.079364202828927
276820,2110960,3.8761804075246498,0.20608523692103226,72.87889856758942,19.079366389730684
276840,2110960,3.3457623372285163,0.19976176550553285,72.87908855090545,19.079368576436895
276860,2110960,3.0406944712712196,0.18491634491165532,72.87927853424746,19.079370762947573
276880,2110960,2.9881184475765137,0.1623826983795154,72.87946851761541,19.07937294926271
276900,2110960,3.1137111707532017,0.15367729641577924,72.8796585010093,19.0793751353823
276920,2110960,3.3186673133657414,0.1654274711765425,72.87984848442913,19.079377321306357
276940,2110960,3.496814333388139,0.1860157956831112,72.8800384678749,19.079379507034872
276960,2110960,3.547178376025745,0.20032753505534434,72.8802284513466,19.079381692567846
276980,2110960,3.478801982506614,0.21115954371553952,72.88041843484423,19.079383877905283
277000,2110960,3.3394547755377375,0.22313232979116351,72.8806084183678,19.079386063047178
277020,2110960,3.1731943406977643,0.23962378624442332,72.8807984019173,19.079388247993535
277040,2110960,3.0127530107313594,0.2614159124177604,72.88098838549273,19.079390432744347
277060,2110960,2.879463714613538,0.28664345549946774,72.88117836909409,19.07939261729962
277080,2110960,2.7859932926608746,0.31280978548679894,72.88136835272137,19.079394801659355
277100,2110960,2.7396975895854103,0.33807885620631556,72.88155833637455,19.07939698582355
277120,2110960,2.745201732540822,0.3613726788778225,72.88174832005367,19.079399169792197
277140,2110960,2.8058745194721917,0.3819959661515196,72.8819383037587,19.079401353565306
277160,2110960,2.92422256374813,0.3993094133551725,72.88212828748964,19.079403537142877
277180,2110960,3.101365279439577,0.4126295661343554,72.88231827124649,19.079405720524907
277200,2110960,3.3358464246310016,0.42134066154392136,72.88250825502924,19.079407903711395
277220,2110960,3.622128917551082,0.42512519212170313,72.8826982388379,19.079410086702335
277240,2110960,3.9492824447483295,0.42418779691563674,72.88288822267248,19.079412269497737
277260,2110960,4.3005286039535795,0.4193401288245096,72.88307820653294,19.079414452097595
277280,2110960,4.654171805846468,0.4118634346641256,72.88326819041932,19.079416634501914
277300,2110960,4.9858999428511215,0.4031842494707886,72.8834581743316,19.079418816710696
277320,2110960,5.271848960074932,0.3945167153315828,72.88364815826975,19.07942099872393
277340,2110960,5.491625094965559,0.3866446678681955,72.8838381422338,19.079423180541625
277360,2110960,5.630656680783808,0.3799195848598321,72.88402812622374,19.07942536216377
277380,2110960,5.681530416918235,0.37441277160957015,72.88421811023959,19.079427543590384
277400,2110960,5.644215335572764,0.3700823700499498,72.8844080942813,19.07942972482145
277420,2110960,5.525292695659071,0.3668439731210952,72.8845980783489,19.079431905856975
277440,2110960,5.336473601873469,0.36453067959402763,72.88478806244238,19.079434086696956
277460,2110960,5.092749500670114,0.3628167236298039,72.88497804656174,19.07943626734139
277480,2110960,4.810487102291519,0.3612015968230626,72.88516803070696,19.07943844779028
277500,2110960,4.505713811030359,0.35910224189363127,72.8853580148781,19.079440628043635
277520,2110960,4.192791444915485,0.35602010898118375,72.88554799907506,19.07944280810144
277540,2110960,3.883620458288845,0.35169787297250676,72.88573798329791,19.079444987963704
277560,2110960,3.58740322433529,0.34619234846578195,72.88592796754662,19.07944716763043
277580,2110960,3.3108452497224907,0.3398464212488715,72.88611795182122,19.079449347101605
277600,2110960,3.058581072783202,0.3331928068392394,72.88630793612165,19.079451526377238
277620,2110960,2.833628388392956,0.3268360344323666,72.88649792044795,19.07945370545733
277640,2110960,2.637757093775546,0.321345745056071,72.88668790480011,19.079455884341872
277660,2110960,2.4717399713011203,0.317177191124198,72.88687788917814,19.079458063030877
277680,2110960,2.3354970190641295,0.3146249169824567,72.887067873582,19.079460241524338
277700,2110960,2.228161543361806,0.3138114078602766,72.88725785801171,19.079462419822253
277720,2110960,2.148099134818288,0.3147095719460087,72.88744784246728,19.079464597924616
277740,2110960,2.0929114947436,0.3171949212803343,72.8876378269487,19.079466775831442
277760,2110960,2.0594586004434126,0.32112110780881914,72.88782781145595,19.079468953542726
277780,2110960,2.043931819828964,0.32640999876164234,72.88801779598906,19.079471131058458
277800,2110960,2.0420021204283403,0.33313994721426093,72.88820778054799,19.07947330837865
277820,2110960,2.0490485714317863,0.3415995935689411,72.88839776513277,19.07947548550329
277840,2110960,2.060445208380011,0.352258016122766,72.88858774974337,19.079477662432396
276680,2110980,9.015739968306326,0.422093758309129,72.87756638358137,19.079531704808232
276700,2110980,8.594707356828952,0.4051055722072823,72.87775636692136,19.07953389290549
276720,2110980,8.069491538303476,0.38264839706244075,72.87794635028732,19.079536080807213
276740,2110980,7.414292319036024,0.35099134902933726,72.87813633367922,19.07953826851339
276760,2110980,6.621336145456489,0.3088603850037335,72.87832631709709,19.079540456024027
276780,2110980,5.726640591821214,0.2616643741841759,72.87851630054094,19.079542643339128
276800,2110980,4.805929318573769,0.22069232614797726,72.87870628401072,19.079544830458683
276820,2110980,3.9526774448786344,0.1955397834170275,72.87889626750646,19.079547017382694
276840,2110980,3.2719031283254627,0.18444168921741436,72.87908625102814,19.079549204111164
276860,2110980,2.8737622127965796,0.17382333616038537,72.87927623457578,19.079551390644095
276880,2110980,2.795023840282193,0.1562996122520601,72.87946621814937,19.079553576981485
276900,2110980,2.936211836492882,0.14320442543676248,72.87965620174889,19.079555763123334
276920,2110980,3.1658063483687613,0.14604656464934435,72.87984618537436,19.079557949069635
276940,2110980,3.3670898094218247,0.16317233937718434,72.88003616902577,19.0795601348204
276960,2110980,3.4504219607344373,0.184452433302436,72.88022615270312,19.079562320375622
276980,2110980,3.3909936844938624,0.20022613824648125,72.8804161364064,19.079564505735306
277000,2110980,3.2382356146341076,0.21168785272348498,72.8806061201356,19.07956669089944
277020,2110980,3.053571365838299,0.22817601036857335,72.88079610389073,19.079568875868034
277040,2110980,2.878588465786392,0.25221132170491384,72.8809860876718,19.07957106064109
277060,2110980,2.7364116026803207,0.28035638710111555,72.88117607147879,19.079573245218597
277080,2110980,2.638608953815209,0.3089486040515209,72.8813660553117,19.079575429600567
277100,2110980,2.591092830773929,0.3360153885800706,72.88155603917055,19.079577613786988
277120,2110980,2.5977913228539804,0.36082583217083325,72.8817460230553,19.079579797777875
277140,2110980,2.6625632881267793,0.38300034020681556,72.88193600696596,19.079581981573213
277160,2110980,2.7895530496501397,0.40195551295810367,72.88212599090254,19.079584165173003
277180,2110980,2.982279335544729,0.416801298895635,72.88231597486504,19.079586348577262
277200,2110980,3.241815930692082,0.42657235786177683,72.88250595885343,19.07958853178597
277220,2110980,3.5643924514632013,0.43063636696751356,72.88269594286774,19.079590714799128
277240,2110980,3.939002753277459,0.42910346241132563,72.88288592690795,19.079592897616756
277260,2110980,4.346160253006545,0.4230136816808103,72.88307591097406,19.07959508023883
277280,2110980,4.758964026640074,0.4141217022738369,72.88326589506607,19.079597262665363
277300,2110980,5.146520760750289,0.4043342477323659,72.88345587918398,19.079599444896356
277320,2110980,5.4784915696932375,0.3951149275661092,72.88364586332779,19.079601626931805
277340,2110980,5.729346968654002,0.3871910691627979,72.88383584749748,19.079603808771704
277360,2110980,5.881492255511519,0.3806684302641013,72.88402583169307,19.07960599041606
277380,2110980,5.926909539234915,0.3753859095408437,72.88421581591453,19.07960817186487
277400,2110980,5.867233877386087,0.3712250143929601,72.8844058001619,19.079610353118138
277420,2110980,5.71246414701349,0.36818346619879866,72.88459578443513,19.079612534175865
277440,2110980,5.478775223083132,0.3662217041630159,72.88478576873426,19.07961471503804
277460,2110980,5.18596701553646,0.36504684115339353,72.88497575305925,19.079616895704678
277480,2110980,4.854953210866311,0.3640274258965078,72.88516573741013,19.079619076175767
277500,2110980,4.505545163076886,0.3623313517462994,72.88535572178688,19.07962125645131
277520,2110980,4.154762591919441,0.35921771134769614,72.8855457061895,19.07962343653131
277540,2110980,3.8159127274890468,0.35430768004875995,72.88573569061799,19.079625616415765
277560,2110980,3.498521568036929,0.3476916383806531,72.88592567507236,19.07962779610467
277580,2110980,3.208897037866019,0.3398582086719283,72.88611565955259,19.07962997559803
277600,2110980,2.9509270022389322,0.33152856678945297,72.88630564405868,19.07963215489585
277620,2110980,2.726795070806625,0.3234836437177201,72.88649562859062,19.07963433399812
277640,2110980,2.537485793318857,0.3164275844341785,72.88668561314842,19.079636512904845
277660,2110980,2.3830835165106974,0.31089642895380387,72.88687559773207,19.079638691616022
277680,2110980,2.2629152352815627,0.3072099192045266,72.88706558234159,19.079640870131655
277700,2110980,2.1755876559133536,0.3054638377164627,72.88725556697696,19.07964304845174
277720,2110980,2.1189594278671815,0.3055593569840154,72.88744555163817,19.079645226576282
277740,2110980,2.0900873167502376,0.307263754017451,72.88763553632522,19.07964740450528
277760,2110980,2.085191068664896,0.3102978570626627,72.88782552103812,19.079649582238723
277780,2110980,2.0996876470460752,0.31444963974076395,72.88801550577685,19.07965175977662
277800,2110980,2.1283393583057753,0.3197099508369892,72.88820549054144,19.079653937118977
277820,2110980,2.165534452096079,0.326399013538809,72.88839547533186,19.079656114265784
277840,2110980,2.2056766741364675,0.33519979216812446,72.88858546014811,19.07965829121704
277860,2110980,2.2436136662460493,0.34698516068720175,72.8887754449902,19.07966046797275
276680,2111000,9.49283710908158,0.43722963374038293,72.87756408203299,19.07971233230058
276700,2111000,9.114370106598974,0.42605451505161146,72.87775406557861,19.079714520420108
276720,2111000,8.625490434097893,0.4097860520363565,72.87794404915022,19.079716708344097
276740,2111000,7.977870149527465,0.3816854744111505,72.87813403274777,19.079718896072542
276760,2111000,7.131521326803817,0.3356975859610392,72.87832401637128,19.07972108360545
276780,2111000,6.127402005425194,0.2773842842500239,72.87851400002074,19.079723270942804
276800,2111000,5.0686789329968045,0.2232093395567831,72.87870398369617,19.079725458084624
276820,2111000,4.062803568398092,0.18999021620394144,72.87889396739756,19.079727645030903
276840,2111000,3.2326470544348,0.1824933243960786,72.87908395112488,19.079729831781627
276860,2111000,2.7360404306669093,0.18191440138965123,72.87927393487816,19.079732018336816
276880,2111000,2.6486415316828564,0.16798402666750697,72.87946391865738,19.07973420469646
276900,2111000,2.8059575654094275,0.15085219850659035,72.87965390246255,19.07973639086056
276920,2111000,3.0452156339711696,0.1447977392283016,72.87984388629366,19.079738576829115
276940,2111000,3.2510230455472806,0.15467499042391356,72.8800338701507,19.07974076260213
276960,2111000,3.3430635240229964,0.17453889957940155,72.88022385403369,19.0797429481796
276980,2111000,3.2839493474929746,0.19005188153415198,72.88041383794261,19.07974513356152
277000,2111000,3.1160495494129505,0.19929844535392344,72.88060382187747,19.079747318747902
277020,2111000,2.9153776151582664,0.21693405458334436,72.88079380583824,19.079749503738736
277040,2111000,2.7320679978602946,0.24457530418725232,72.88098378982494,19.079751688534024
277060,2111000,2.5879482629904125,0.27575942254665153,72.88117377383759,19.079753873133775
277080,2111000,2.491614065628475,0.30587920380405553,72.88136375787613,19.079756057537978
277100,2111000,2.446538158141744,0.3335208198364537,72.88155374194062,19.07975824174663
277120,2111000,2.4555715665046973,0.35886585468558635,72.881743726031,19.079760425759744
277140,2111000,2.5233932713180978,0.38209920102835804,72.88193371014731,19.079762609577312
277160,2111000,2.656648380507981,0.4026793424438537,72.88212369428953,19.079764793199335
277180,2111000,2.862456568872158,0.41934362980954226,72.88231367845768,19.079766976625812
277200,2111000,3.1459157662919712,0.43053987812242733,72.8825036626517,19.079769159856742
277220,2111000,3.5066560114685448,0.43508149084177417,72.88269364687166,19.07977134289213
277240,2111000,3.93469818888465,0.4328582855813038,72.88288363111751,19.079773525731966
277260,2111000,4.407518022315807,0.4252426564105005,72.88307361538926,19.079775708376264
277280,2111000,4.891184776942976,0.41474627971198147,72.88326359968691,19.079777890825014
277300,2111000,5.345844293240757,0.40399262113477746,72.88345358401047,19.07978007307821
277320,2111000,5.732645357177221,0.39469845026094924,72.88364356835991,19.07978225513587
277340,2111000,6.019572679613715,0.38731414337782605,72.88383355273527,19.07978443699798
277360,2111000,6.1854347058442185,0.38141904015559636,72.88402353713649,19.079786618664542
277380,2111000,6.221842977816768,0.37645723743727105,72.88421352156361,19.07978880013556
277400,2111000,6.13301798457521,0.3722670122289779,72.88440350601661,19.07979098141103
277420,2111000,5.93366678559729,0.3691117987449739,72.88459349049549,19.079793162490954
277440,2111000,5.645750575182056,0.36729401599685224,72.88478347500026,19.079795343375334
277460,2111000,5.295039699118888,0.36667648794578506,72.88497345953091,19.079797524064162
277480,2111000,4.907939016228222,0.36646598567425326,72.88516344408742,19.07979970455745
277500,2111000,4.50870243526807,0.3654348861728729,72.88535342866982,19.079801884855183
277520,2111000,4.11723733212954,0.36245161752581057,72.88554341327809,19.079804064957376
277540,2111000,3.747992323050875,0.35696220321951766,72.88573339791223,19.079806244864013
277560,2111000,3.4102248357378078,0.3491344283382599,72.88592338257223,19.079808424575113
277580,2111000,3.1092166874634777,0.33968087078503706,72.88611336725809,19.07981060409066
277600,2111000,2.8476361730003847,0.3295708908103385,72.88630335196983,19.07981278341066
277620,2111000,2.6265523099862533,0.3197891411930633,72.88649333670742,19.07981496253511
277640,2111000,2.446032650595202,0.3111777816655178,72.88668332147087,19.079817141464016
277660,2111000,2.305437378806657,0.30434534716851,72.88687330626017,19.07981932019737
277680,2111000,2.203524124907692,0.2996253109264681,72.88706329107534,19.079821498735175
277700,2111000,2.1384338103003944,0.2970773656496739,72.88725327591634,19.079823677077435
277720,2111000,2.107597363947959,0.2965251942216519,72.8874432607832,19.079825855224147
277740,2111000,2.107599008735878,0.29762053588843124,72.88763324567589,19.079828033175307
277760,2111000,2.134049546479207,0.29992774462066574,72.88782323059444,19.07983021093092
277780,2111000,2.1815465545096395,0.30304071183927395,72.88801321553882,19.079832388490985
277800,2111000,2.243802193967537,0.30675943128478245,72.88820320050905,19.079834565855506
277820,2111000,2.313983942397053,0.3113280324403832,72.88839318550512,19.07983674302447
277840,2111000,2.3852464613618225,0.3176294985964634,72.88858317052701,19.07983891999789
277860,2111000,2.451363239835144,0.3270840666631465,72.88877315557475,19.079841096775763
277880,2111000,2.507303729998013,0.3410344795477301,72.8889631406483,19.07984327335808
276680,2111020,9.86609557191547,0.4429677538781092,72.87756178045863,19.079892959789113
276700,2111020,9.525753369982983,0.435245558475007,72.8777517642099,19.07989514793092
276720,2111020,9.081790656671284,0.4241098020333425,72.87794174798715,19.079897335877178
276740,2111020,8.4715225090795645,0.40118256499606864,72.87813173179033,19.079899523627894
276760,2111020,7.5912244083644245,0.35199340263607,72.87832171561949,19.079901711183062
276780,2111020,6.5051359059513585,0.28386651007435537,72.8785116994746,19.07990389854269
276800,2111020,5.361084050551305,0.22061890340116777,72.87870168335569,19.079906085706767
276820,2111020,4.260894588816055,0.18364971375279135,72.8788916672627,19.079908272675304
276840,2111020,3.3212698144579735,0.18256845296540494,72.87908165119568,19.079910459448296
276860,2111020,2.748324414414582,0.19062070248950164,72.8792716351546,19.079912646025733
276880,2111020,2.6582000302012703,0.1770166805809244,72.87946161913946,19.079914832407635
276900,2111020,2.808660100334217,0.15734579771682083,72.87965160315026,19.079917018593985
276920,2111020,3.027650356255357,0.145802024288072,72.87984158718703,19.07991920458479
276940,2111020,3.210761279228217,0.1463302560914281,72.88003157124972,19.079921390380054
276960,2111020,3.2828740691029394,0.15501738471216503,72.88022155533834,19.079923575979766
276980,2111020,3.202025612250041,0.16407676676555394,72.88041153945291,19.07992576138394
277000,2111020,3.004760846189973,0.17660044128390037,72.8806015235934,19.079927946592562
277020,2111020,2.7847616785962623,0.202930821883061,72.88079150775982,19.079930131605636
277040,2111020,2.5970939734513023,0.23773147902464623,72.88098149195216,19.079932316423168
277060,2111020,2.4557542156562557,0.27224323610786744,72.88117147617044,19.079934501045148
277080,2111020,2.3650290068817745,0.3024549665494731,72.88136146041465,19.07993668547158
277100,2111020,2.3242836659210195,0.32895396665759663,72.88155144468476,19.079938869702474
277120,2111020,2.334514883441819,0.3536542101581404,72.88174142898079,19.079941053737816
277140,2111020,2.4017301702256186,0.37751208519247853,72.88193141330275,19.079943237577606
277160,2111020,2.536155651216317,0.39990311421919233,72.88212139765062,19.079945421221858
277180,2111020,2.7497158040176135,0.4189520996435327,72.8823113820244,19.07994760467056
277200,2111020,3.053076837125583,0.43223487451813425,72.88250136642408,19.07994978792372
277220,2111020,3.451554757964592,0.43767742192294223,72.88269135084968,19.079951970981323
277240,2111020,3.9383449719846673,0.4347146597226944,72.88288133530118,19.07995415384338
277260,2111020,4.487606004622519,0.425222301786858,72.88307131977858,19.079956336509895
277280,2111020,5.05538567670384,0.4129873547110607,72.88326130428187,19.079958518980856
277300,2111020,5.589511474053998,0.40171406043155605,72.88345128881107,19.07996070125627
277320,2111020,6.040296902563889,0.39327343665659303,72.88364127336617,19.07996288333614
277340,2111020,6.3678332440622585,0.38739382383105403,72.88383125794715,19.07996506522046
277360,2111020,6.546730404668246,0.3826643853160219,72.88402124255403,19.07996724690923
277380,2111020,6.568649761087194,0.37792591606917175,72.88421122718678,19.07996942840245
277400,2111020,6.441770130367811,0.3730931953027725,72.88440121184544,19.079971609700124
277420,2111020,6.187268062321225,0.36903535980117796,72.88459119652997,19.079973790802253
277440,2111020,5.834455125516609,0.36676837125717443,72.88478118124038,19.079975971708826
277460,2111020,5.416259116166101,0.366528803477883,72.88497116597667,19.079978152419855
277480,2111020,4.965531181559173,0.36731771307485955,72.88516115073884,19.07998033293533
277500,2111020,4.5117355794078815,0.367254875588306,72.88535113552688,19.079982513255263
277520,2111020,4.077918738648806,0.3645614468492585,72.8855411203408,19.079984693379643
277540,2111020,3.679124254791328,0.3584476630865597,72.88573110518058,19.07998687330847
277560,2111020,3.323327544665732,0.34926736109750484,72.88592109004624,19.079989053041757
277580,2111020,3.0138881922690053,0.33808202855492164,72.88611107493774,19.079991232579488
277600,2111020,2.751723685555806,0.3261699484863427,72.88630105985513,19.079993411921667
277620,2111020,2.536556092419636,0.3147243036565639,72.88649104479836,19.0799955910683
277640,2111020,2.3674710797688325,0.3047041783204554,72.88668102976746,19.07999777001938
277660,2111020,2.243121787974486,0.29676325131050585,72.8868710147624,19.079999948774915
277680,2111020,2.161760032357308,0.2912247980000225,72.88706099978322,19.080002127334893
277700,2111020,2.1211617694155316,0.28809890888712275,72.88725098482988,19.08000430569933
277720,2111020,2.1184616699698275,0.2871346177937895,72.88744096990237,19.08000648386821
277740,2111020,2.1499100089699774,0.28788551301410736,72.88763095500073,19.080008661841543
277760,2111020,2.2106057628124995,0.2897708221688877,72.88782094012493,19.080010839619323
277780,2111020,2.294321628447623,0.2921512686538242,72.88801092527495,19.08001301720155
277800,2111020,2.393569365221936,0.29449727482153143,72.88820091045083,19.080015194588228
277820,2111020,2.5000041750958655,0.2967473048634606,72.88839089565255,19.080017371779356
277840,2111020,2.605145478164459,0.2998157330876271,72.8885808808801,19.080019548774935
277860,2111020,2.701288721906044,0.3058241435304255,72.88877086613347,19.08002172557496
277880,2111020,2.7824380356018468,0.31733431661902184,72.88896085141269,19.080023902179434
277900,2111020,2.844956657924491,0.3355723435353341,72.88915083671772,19.080026078588357
276660,2111040,10.355666156340373,0.4472491671117403,72.87736949492738,19.08007139891423
276680,2111040,10.100157136546425,0.43726835582358453,72.87755947885832,19.080073587273855
276700,2111040,9.773529988837867,0.4283159189900666,72.87774946281523,19.080075775437926
276720,2111040,9.348944485775798,0.4170954462256659,72.87793944679811,19.08007796340646
276740,2111040,8.765179385741076,0.3953723720351896,72.87812943080696,19.08008015117944
276760,2111040,7.880813628029838,0.34454098493243374,72.87831941484176,19.080082338756874
276780,2111040,6.797498549152624,0.27495351813089947,72.87850939890251,19.080084526138766
276800,2111040,5.66834430214418,0.2104417462400589,72.87869938298923,19.080086713325105
276820,2111040,4.585794241912728,0.17261535649461224,72.87888936710189,19.080088900315904
276840,2111040,3.651365158699252,0.1714633872390254,72.87907935124052,19.080091087111153
276860,2111040,3.070275632330356,0.1789913581250511,72.87926933540508,19.08009327371085
276880,2111040,2.918593528602468,0.16918496849826914,72.87945931959558,19.080095460115004
276900,2111040,2.9924912566567876,0.15417270876050343,72.87964930381204,19.08009764632361
276920,2111040,3.1448908291455187,0.14381807646930547,72.87983928805444,19.080099832336664
276940,2111040,3.2772757371331407,0.13891729160868183,72.88002927232277,19.080102018154175
276960,2111040,3.3127587713836446,0.13492062155373818,72.88021925661705,19.080104203776138
276980,2111040,3.195015168280063,0.13163193039414997,72.88040924093725,19.080106389202555
277000,2111040,2.9525164898350496,0.14801950541456096,72.88059922528339,19.080108574433417
277020,2111040,2.7041260392267477,0.18867651631913318,72.88078920965548,19.080110759468734
277040,2111040,2.5064471597164637,0.2328657549582598,72.88097919405347,19.0801129443085
277060,2111040,2.367120559628968,0.26943556768717175,72.88116917847739,19.080115128952716
277080,2111040,2.2836802004458394,0.2969765077282622,72.88135916292724,19.080117313401388
277100,2111040,2.2463987083551586,0.320038122834154,72.88154914740299,19.080119497654515
277120,2111040,2.2533162001969522,0.3429177038603326,72.88173913190468,19.080121681712086
277140,2111040,2.3130769662830213,0.3672063231534559,72.88192911643229,19.080123865574112
277160,2111040,2.4409969000814518,0.3918486744250711,72.88211910098579,19.080126049240583
277180,2111040,2.6546432351318066,0.4140706306827356,72.88230908556523,19.080128232711512
277200,2111040,2.9709491191139774,0.43037081518732506,72.88249907017055,19.080130415986893
277220,2111040,3.403490673607934,0.4374314025434982,72.8826890548018,19.080132599066715
277240,2111040,3.9531338023818656,0.4337400540788655,72.88287903945894,19.080134781950996
277260,2111040,4.5907505848908174,0.42191756460775504,72.88306902414199,19.080136964639724
277280,2111040,5.256761598992236,0.40801029620524587,72.88325900885093,19.0801391471329
277300,2111040,5.882400096595464,0.39727471983108903,72.88344899358579,19.080141329430532
277320,2111040,6.4054392458944935,0.391351781038811,72.88363897834653,19.080143511532608
277340,2111040,6.776887421459404,0.3884529275359374,72.88382896313315,19.080145693439132
277360,2111040,6.966258257939706,0.3855092011992716,72.88401894794568,19.080147875150107
277380,2111040,6.965767382172256,0.38055366900535714,72.88420893278409,19.080150056665538
277400,2111040,6.789650066048987,0.37385305921192596,72.88439891764838,19.080152237985416
277420,2111040,6.468008845693762,0.3674274940463856,72.88458890253857,19.08015441910974
277440,2111040,6.03918399373067,0.3635703412934983,72.88477888745462,19.080156600038517
277460,2111040,5.5441030378605545,0.3632490597808914,72.88496887239657,19.08015878077174
277480,2111040,5.0227450184320785,0.3652243562219918,72.88515885736439,19.080160961309414
277500,2111040,4.510765831039252,0.3665296185700163,72.88534884235807,19.080163141651536
277520,2111040,4.0348532268600295,0.36427777537157935,72.88553882737763,19.080165321798106
277540,2111040,3.6096179333792,0.35740770564546437,72.88572881242308,19.080167501749123
277560,2111040,3.240029624929742,0.34671243196470214,72.88591879749437,19.080169681504596
277580,2111040,2.9263974206360226,0.3337737252239964,72.88610878259153,19.08017186106451
277600,2111040,2.6674764177608616,0.3202010283503947,72.88629876771456,19.080174040428876
277620,2111040,2.461581986445455,0.30735290272095017,72.88648875286346,19.08017621959769
277640,2111040,2.306866197187285,0.29625342617218686,72.8866787380382,19.08017839857095
277660,2111040,2.201344892026018,0.2875564433008468,72.8868687232388,19.080180577348656
277680,2111040,2.142847659491582,0.2815386437341341,72.88705870846525,19.080182755930817
277700,2111040,2.1289052626167435,0.27813882655545946,72.88724869371757,19.08018493431742
277720,2111040,2.156533012517588,0.2770389324434249,72.88743867899572,19.080187112508472
277740,2111040,2.2218696597914707,0.27774319742041914,72.88762866429971,19.080189290503974
277760,2111040,2.319703065113903,0.27960258479242506,72.88781864962957,19.080191468303923
277780,2111040,2.443051333671998,0.28178551982468675,72.88800863498524,19.08019364590832
277800,2111040,2.5830808479985237,0.28331748269561063,72.88819862036678,19.080195823317155
277820,2111040,2.72957905720158,0.2834566555784579,72.88838860577414,19.080198000530448
277840,2111040,2.871937424483957,0.2826450213325457,72.88857859120733,19.080200177548182
277860,2111040,3.0004003181633436,0.28361880624943187,72.88876857666637,19.080202354370364
277880,2111040,3.1074391195788684,0.2909838459873967,72.88895856215123,19.080204530996994
277900,2111040,3.189130496778457,0.30794414581908347,72.88914854766192,19.080206707428072
277920,2111040,3.2455247075381166,0.33292646015603783,72.88933853319844,19.08020888366359
276660,2111060,10.448080490786422,0.43772645670818067,72.87736719309545,19.08025202637289
276680,2111060,10.17963851208241,0.42212287360030637,72.87755717723203,19.080254214754785
276700,2111060,9.832498769699315,0.4067233516414001,72.87774716139461,19.080256402941135
276720,2111060,9.379368273841543,0.38855440684653925,72.87793714558313,19.080258590931933
276740,2111060,8.766437911173433,0.3602324853450037,72.87812712979762,19.080260778727187
276760,2111060,7.934984463888686,0.31271317577039237,72.87831711403805,19.08026296632689
276780,2111060,6.952949306352468,0.25222204811208915,72.87850709830447,19.080265153731045
276800,2111060,5.941190940889068,0.19694579806573162,72.87869708259683,19.08026734093965
276820,2111060,4.990740923761941,0.16556899639826445,72.87888706691514,19.08026952795271
276840,2111060,4.181643634537035,0.1616448208295883,72.8790770512594,19.080271714770213
276860,2111060,3.6233037966566974,0.16249179387064233,72.87926703562961,19.080273901392168
276880,2111060,3.364447081893161,0.15584042675716744,72.87945702002578,19.08027608781858
276900,2111060,3.315794926225537,0.14818632638194415,72.87964700444788,19.080278274049434
276920,2111060,3.3702662533789134,0.14440968985991076,72.87983698889592,19.08028046008474
276940,2111060,3.435213061416464,0.14226880130213929,72.88002697336991,19.0802826459245
276960,2111060,3.431939401081444,0.13613579653979338,72.88021695786983,19.080284831568708
276980,2111060,3.2830380486887982,0.12348119616350448,72.88040694239568,19.080287017017366
277000,2111060,2.99598218207349,0.1334402091287835,72.88059692694748,19.080289202270475
277020,2111060,2.7128629247996985,0.18138938188567907,72.88078691152519,19.080291387328035
277040,2111060,2.4905480005292615,0.23170971694715678,72.88097689612884,19.080293572190033
277060,2111060,2.3509256449845335,0.2658187464366562,72.8811668807584,19.080295756856493
277080,2111060,2.2754457344916066,0.28644196997532206,72.88135686541389,19.080297941327398
277100,2111060,2.236472968325927,0.3038871914326066,72.8815468500953,19.080300125602758
277120,2111060,2.230690601799538,0.3243713381181409,72.88173683480265,19.080302309682562
277140,2111060,2.272628839464403,0.34940537641231867,72.88192681953589,19.08030449356681
277160,2111060,2.384964845115586,0.37692573159084475,72.88211680429505,19.080306677255514
277180,2111060,2.591239524749002,0.40298139904644076,72.88230678908013,19.080308860748662
277200,2111060,2.912922240185207,0.4231098315597938,72.88249677389112,19.080311044046262
277220,2111060,3.371957591412183,0.43278098436495677,72.882686758728,19.080313227148306
277240,2111060,3.986495963478014,0.4284865897820395,72.8828767435908,19.08031541005481
277260,2111060,4.725518404272542,0.41377643175635914,72.8830667284795,19.080317592765756
277280,2111060,5.501548708376002,0.3989068007160199,72.8832567133941,19.080319775281147
277300,2111060,6.226526327123925,0.39086951576929707,72.8834466983346,19.080321957600983
277320,2111060,6.826903414998712,0.39010750156238116,72.88363668330098,19.080324139725274
277340,2111060,7.243563519481717,0.39217961684590424,72.88382666829327,19.08032632165401
277360,2111060,7.438552460356659,0.3915807375631581,72.88401665331143,19.080328503387197
277380,2111060,7.404826968787193,0.3854339988807884,72.88420663835551,19.080330684924824
277400,2111060,7.166211320001915,0.37487216197375933,72.88439662342545,19.080332866266904
277420,2111060,6.765314479942907,0.3638110465437789,72.88458660852127,19.08033504741343
277440,2111060,6.250934810931461,0.3565250027134079,72.88477659364298,19.080337228364403
277460,2111060,5.671758782284283,0.3552339070181032,72.88496657879058,19.080339409119826
277480,2111060,5.074588782166216,0.3585523204726204,72.88515656396405,19.0803415896797
277500,2111060,4.502613208668684,0.36180147353977143,72.88534654916339,19.080343770044013
277520,2111060,3.987775405760884,0.3600962931501093,72.8855365343886,19.08034595021277
277540,2111060,3.54217382758436,0.3522180224598022,72.88572651963969,19.08034813018598
277560,2111060,3.164850114739535,0.3399403626451048,72.88591650491665,19.080350309963634
277580,2111060,2.8521306062377225,0.32548355284580044,72.88610649021946,19.080352489545735
277600,2111060,2.600683570383699,0.31068640728161645,72.88629647554815,19.080354668932284
277620,2111060,2.4076377302249674,0.2969671429193121,72.88648646090269,19.08035684812328
277640,2111060,2.2703614642796213,0.2853467064994579,72.88667644628308,19.08035902711872
277660,2111060,2.1863105520307204,0.2764324424243695,72.88686643168933,19.080361205918607
277680,2111060,2.1529427138682102,0.27041128141916204,72.88705641712143,19.08036338452294
277700,2111060,2.1676315503468957,0.26711308253353105,72.88724640257941,19.08036556293171
277720,2111060,2.227465365543003,0.26614764129918683,72.88743638806321,19.080367741144943
277740,2111060,2.328791501255175,0.2670362916406135,72.88762637357286,19.080369919162607
277760,2111060,2.4664512295449033,0.26921971088278335,72.88781635910836,19.080372096984725
277780,2111060,2.6329191826661105,0.27187452522818,72.8880063446697,19.08037427461128
277800,2111060,2.8178914998375038,0.2736414687817941,72.88819633025687,19.080376452042287
277820,2111060,3.008847927107142,0.27269434376291246,72.8883863158699,19.08037862927774
277840,2111060,3.192494028556823,0.26797919739217085,72.88857630150875,19.08038080631764
277860,2111060,3.356395555279473,0.2619939655366491,72.88876628717342,19.080382983161975
277880,2111060,3.4906202546224647,0.2622421967883098,72.88895627286395,19.08038515981076
277900,2111060,3.59001249626068,0.2762393683478978,72.8891462585803,19.08038733626399
277920,2111060,3.6568822730147037,0.3029662336713701,72.88933624432246,19.080389512521663
277940,2111060,3.69719062303942,0.33345190467145713,72.88952623009045,19.080391688583777
276660,2111080,10.41682600090218,0.4272210812405677,72.87736489123756,19.080432653827742
276680,2111080,10.115949391533038,0.40377261521738816,72.87755487557979,19.080434842231917
276700,2111080,9.725502398069246,0.3789325677672961,72.877744859948,19.080437030440535
276720,2111080,9.224609321312542,0.3511585606505733,72.87793484434218,19.08043921845361
276740,2111080,8.588368135056992,0.31678227010860505,72.87812482876231,19.08044140627113
276760,2111080,7.813276961185347,0.27309677041007346,72.8783148132084,19.080443593893097
276780,2111080,6.954770249717243,0.22512945745094698,72.87850479768046,19.080445781319515
276800,2111080,6.10317602764349,0.1865407685409196,72.87869478217847,19.080447968550388
276820,2111080,5.335103693960137,0.17055971763294084,72.87888476670244,19.080450155585698
276840,2111080,4.686590261291426,0.17093093923748073,72.87907475125235,19.080452342425463
276860,2111080,4.161050278269188,0.1638846652000709,72.8792647358282,19.080454529069673
276880,2111080,3.823404415099659,0.1527285088294157,72.87945472043,19.08045671551834
276900,2111080,3.668513829968331,0.14763229285543594,72.87964470505777,19.080458901771447
276920,2111080,3.6319597170365774,0.15009488744668645,72.87983468971146,19.080461087829008
276940,2111080,3.630742388110782,0.15335835557723937,72.88002467439111,19.080463273691016
276960,2111080,3.583888732588852,0.14924482286241172,72.88021465909667,19.08046545935747
276980,2111080,3.4176080466593426,0.1350709940512315,72.88040464382817,19.08046764482837
277000,2111080,3.130097327613114,0.1374443674769522,72.88059462858561,19.08046983010372
277020,2111080,2.82559216389995,0.1804623370562559,72.88078461336899,19.080472015183517
277040,2111080,2.5759462274032474,0.22953308369623324,72.88097459817827,19.080474200067766
277060,2111080,2.44125105313751,0.2548546673516238,72.8811645830135,19.080476384756455
277080,2111080,2.3689128922963625,0.2660780093846418,72.88135456787465,19.0804785692496
277100,2111080,2.3146011673066904,0.2779459364572484,72.88154455276171,19.080480753547185
277120,2111080,2.280392302389371,0.2968487470713909,72.8817345376747,19.080482937649222
277140,2111080,2.290783674506702,0.3236092632850332,72.8819245226136,19.0804851215557
277160,2111080,2.378969233585967,0.3545776671330781,72.88211450757841,19.080487305266633
277180,2111080,2.575451073174901,0.3842937678887911,72.88230449256915,19.080489488782007
277200,2111080,2.9029570970217162,0.4076928411382574,72.88249447758577,19.08049167210183
277220,2111080,3.382101686662175,0.42037443232741983,72.88268446262832,19.0804938552261
277240,2111080,4.060119935217048,0.4159451567094369,72.88287444769676,19.080496038154813
277260,2111080,4.910841120275185,0.3982887197306753,72.88306443279112,19.08049822088797
277280,2111080,5.795190770501206,0.3850538200432181,72.88325441791136,19.08050040342558
277300,2111080,6.61544548620777,0.38339959641492843,72.88344440305751,19.080502585767633
277320,2111080,7.292000147361074,0.39122093417517756,72.88363438822955,19.080504767914135
277340,2111080,7.75333590646775,0.4004521408369218,72.88382437342749,19.080506949865082
277360,2111080,7.947096069461119,0.4024390738996967,72.88401435865131,19.08050913162047
277380,2111080,7.866017619551488,0.3934366558193348,72.88420434390103,19.08051131318031
277400,2111080,7.55061445376769,0.3763282125460866,72.88439432917663,19.08051349454459
277420,2111080,7.061144037430337,0.3577511656330595,72.88458431447812,19.08051567571332
277440,2111080,6.4570153229726515,0.34452612333993726,72.88477429980547,19.08051785668649
277460,2111080,5.792513669940801,0.3406870135023757,72.88496428515872,19.080520037464105
277480,2111080,5.118799093449032,0.34516178300575745,72.88515427053785,19.08052221804617
277500,2111080,4.487328365744528,0.35117076165165956,72.88534425594284,19.080524398432676
277520,2111080,3.9409331556174814,0.34993251551573473,72.88553424137372,19.08052657862363
277540,2111080,3.4838918420572234,0.3408149299643537,72.88572422683045,19.08052875861903
277560,2111080,3.105380190619896,0.3273821178806945,72.88591421231305,19.080530938418867
277580,2111080,2.7984699599736715,0.3121853667096563,72.88610419782152,19.080533118023155
277600,2111080,2.5585225499626736,0.29703250790295216,72.88629418335586,19.08053529743189
277620,2111080,2.3818359564251943,0.2832927448668646,72.88648416891606,19.080537476645063
277640,2111080,2.2651157185613604,0.2719510237021394,72.8866741545021,19.080539655662683
277660,2111080,2.205254385245556,0.2635517504044877,72.88686414011401,19.080541834484748
277680,2111080,2.199278362702273,0.25815398245661103,72.88705412575177,19.08054401311125
277700,2111080,2.244376875018449,0.2554147800778753,72.88724411141538,19.080546191542204
277720,2111080,2.337845720343844,0.2548217287590145,72.88743409710486,19.0805483697776
277740,2111080,2.476648920666556,0.2559480863251824,72.88762408282015,19.080550547817435
277760,2111080,2.6563018044433004,0.258521450719128,72.88781406856131,19.080552725661715
277780,2111080,2.8692163496640246,0.2621189805589461,72.88800405432832,19.080554903310443
277800,2111080,3.103527684190845,0.2654503595992881,72.88819404012115,19.08055708076361
277820,2111080,3.3437628643254658,0.265597306727381,72.88838402593981,19.08055925802122
277840,2111080,3.573329309364386,0.25860784494681777,72.88857401178433,19.08056143508328
277860,2111080,3.776782125811908,0.24437652737106338,72.88876399765466,19.080563611949774
277880,2111080,3.9410450760900435,0.2332897289192909,72.88895398355083,19.080565788620714
277900,2111080,4.058371538330053,0.24035295430404324,72.88914396947284,19.080567965096094
277920,2111080,4.131156274439242,0.2683216072488004,72.88933395542067,19.080570141375922
277940,2111080,4.175934222788634,0.30157694012507014,72.8895239413943,19.08057231746018
277960,2111080,4.182882556949014,0.3339179102663167,72.88971392739379,19.080574493348898
276640,2111100,10.536824126508527,0.44854526357107655,72.87717260483177,19.0806110926568
276660,2111100,10.280027242509922,0.4214050190186094,72.8773625893537,19.0806132812788
276680,2111100,9.937279157297072,0.3902922141264654,72.87755257390157,19.080615469705243
276700,2111100,9.495604796872296,0.35581319879235673,72.87774255847545,19.080617657936138
276720,2111100,8.946134499533953,0.3186184377854025,72.87793254307526,19.08061984597148
276740,2111100,8.29021130954987,0.2790221682037891,72.87812252770104,19.08062203381127
276760,2111100,7.552552970948622,0.23830118432648606,72.87831251235279,19.0806242214555
276780,2111100,6.7903094332703,0.20173448416766154,72.8785024970305,19.080626408904184
276800,2111100,6.077673425068351,0.17920772737589727,72.87869248173415,19.080628596157315
276820,2111100,5.471130550598457,0.1767102507959654,72.87888246646378,19.080630783214893
276840,2111100,4.958565022410742,0.18065348735671805,72.87907245121934,19.080632970076913
276860,2111100,4.490439041968966,0.16939387775771161,72.87926243600086,19.08063515674339
276880,2111100,4.141601026272395,0.15504990384430162,72.87945242080832,19.0806373432143
276900,2111100,3.939636616321759,0.15071229489307322,72.87964240564172,19.080639529489662
276920,2111100,3.8530821640615964,0.1567231342729091,72.87983239050106,19.08064171556947
276940,2111100,3.8115251166506354,0.163037812019308,72.88002237538635,19.080643901453726
276960,2111100,3.733614222871056,0.15830742185919497,72.88021236029758,19.08064608714243
276980,2111100,3.570320339574253,0.14642671165655005,72.88040234523474,19.080648272635578
277000,2111100,3.3216012492845426,0.14631082122952574,72.88059233019783,19.08065045793317
277020,2111100,3.046736206010704,0.17415867208480929,72.88078231518685,19.080652643035208
277040,2111100,2.8149141142805827,0.20848079613063883,72.88097230020179,19.08065482794169
277060,2111100,2.6733097663467023,0.2263440551642273,72.88116228524268,19.080657012652622
277080,2111100,2.5783291829238784,0.23355980209664812,72.88135227030948,19.080659197168
277100,2111100,2.4872204471691304,0.242974589588639,72.8815422554022,19.08066138148782
277120,2111100,2.404496630109659,0.2621960874852654,72.88173224052082,19.080663565612085
277140,2111100,2.3675276939714505,0.29194156308502106,72.88192222566538,19.080665749540792
277160,2111100,2.424558895691023,0.32652822648375757,72.88211221083586,19.08066793327395
277180,2111100,2.61613550994435,0.3584559172370182,72.88230219603223,19.08067011681155
277200,2111100,2.9681165222164188,0.3819188706536819,72.88249218125452,19.080672300153598
277220,2111100,3.4978637174256546,0.3931481807008638,72.88268216650272,19.080674483300083
277240,2111100,4.244256581267779,0.38803657715329265,72.88287215177682,19.08067666625102
277260,2111100,5.171032191118203,0.3733206292543813,72.88306213707682,19.080678849006397
277280,2111100,6.1310337167771944,0.367365310842919,72.88325212240272,19.080681031566222
277300,2111100,7.023393466612896,0.3764440925523574,72.88344210775453,19.080683213930484
277320,2111100,7.76564322858609,0.3957702483360189,72.88363209313222,19.080685396099195
277340,2111100,8.271417995599473,0.4138915686145618,72.88382207853581,19.08068757807235
277360,2111100,8.456825042982926,0.4181985094365878,72.8840120639653,19.080689759849946
277380,2111100,8.310594727706915,0.4039762252958868,72.88420204942067,19.080691941431986
277400,2111100,7.906869581911795,0.37758432366863043,72.88439203490192,19.08069412281848
277420,2111100,7.3281840593251015,0.34890373033486743,72.88458202040906,19.0806963040094
277440,2111100,6.64079914349769,0.32713573399962437,72.88477200594208,19.080698485004778
277460,2111100,5.900934424243539,0.3183364610428718,72.88496199150099,19.080700665804592
277480,2111100,5.161103817485824,0.3222734506613504,72.88515197708577,19.080702846408848
277500,2111100,4.475808802695056,0.33120234982704877,72.88534196269642,19.08070502681755
277520,2111100,3.909381001961302,0.3302258441188742,72.88553194833294,19.08070720703069
277540,2111100,3.447330092127212,0.32101922075744904,72.88572193399534,19.08070938704828
277560,2111100,3.0715290016177508,0.30806849934931874,72.8859119196836,19.080711566870306
277580,2111100,2.7739341743398334,0.29364031477062896,72.88610190539772,19.080713746496777
277600,2111100,2.5489253603108777,0.2794250617508562,72.88629189113772,19.080715925927695
277620,2111100,2.3919760366474154,0.2667696916585132,72.88648187690357,19.08071810516305
277640,2111100,2.299064398890732,0.2566791084710858,72.88667186269528,19.08072028420285
277660,2111100,2.2663829357193785,0.24967820659424975,72.88686184851285,19.080722463047085
277680,2111100,2.2903051769524776,0.2456795816613797,72.88705183435626,19.080724641695774
277700,2111100,2.367591151405617,0.24407055029616861,72.88724182022554,19.080726820148893
277720,2111100,2.495671600993717,0.24408864804976654,72.88743180612066,19.08072899840646
277740,2111100,2.672527769528356,0.245288704542101,72.88762179204161,19.08073117646847
277760,2111100,2.895333829425802,0.2477917780855041,72.88781177798843,19.080733354334914
277780,2111100,3.157457985828664,0.25201341785455966,72.88800176396109,19.080735532005804
277800,2111100,3.445484431202887,0.2575983454890649,72.88819174995959,19.080737709481134
277820,2111100,3.739828158441141,0.261566848706281,72.88838173598391,19.080739886760906
277840,2111100,4.019623962739734,0.256532368717249,72.88857172203407,19.080742063845122
277860,2111100,4.266909476270136,0.23534129468532264,72.88876170811008,19.080744240733775
277880,2111100,4.4649711189966785,0.21038992234050824,72.88895169421191,19.080746417426873
277900,2111100,4.60347903162628,0.20539643283442074,72.88914168033956,19.080748593924408
277920,2111100,4.684774355750363,0.22953556124228186,72.88933166649304,19.080750770226384
277940,2111100,4.72156270723822,0.2669747915699173,72.88952165267234,19.080752946332797
277960,2111100,4.7128300800657765,0.30384349363122815,72.88971163887749,19.08075512224366
277980,2111100,4.654584176850304,0.33814416660014257,72.88990162510842,19.08075729795895
276640,2111120,10.347991879716343,0.45416097834381935,72.87717030271628,19.08079172008177
276660,2111120,10.060501826712112,0.4244658017282618,72.87736028744385,19.080793908726047
276680,2111120,9.675124712333899,0.3880037811846506,72.8775502721974,19.080796097174765
276700,2111120,9.181490060037444,0.3456515845276104,72.8777402569769,19.080798285427935
276720,2111120,8.581731722416128,0.30005683850972675,72.87793024178238,19.080800473485546
276740,2111120,7.895941601401408,0.25513987340158695,72.87812022661383,19.080802661347604
276760,2111120,7.166132066991538,0.21553474760442592,72.87831021147122,19.080804849014108
276780,2111120,6.4543310896127695,0.18657025082810638,72.87850019635458,19.08080703648505
276800,2111120,5.826855893309445,0.17290531652468524,72.8786901812639,19.080809223760443
276820,2111120,5.322597909736353,0.17320077164987166,72.87888016619917,19.080811410840287
276840,2111120,4.909662685810221,0.17431662646042204,72.87907015116039,19.080813597724564
276860,2111120,4.533059648854889,0.16405596133996345,72.87926013614755,19.080815784413293
276880,2111120,4.244894843734163,0.15478872128359314,72.87945012116067,19.08081797090646
276900,2111120,4.0679699555852595,0.15481764503748716,72.87964010619973,19.080820157204077
276920,2111120,3.9831898401346764,0.16108812952243629,72.87983009126474,19.080822343306135
276940,2111120,3.937121945294485,0.16494198301433186,72.88002007635568,19.080824529212645
276960,2111120,3.8621640826294494,0.15828708476242073,72.88021006147255,19.08082671492359
276980,2111120,3.728345829624101,0.14981828644265918,72.88040004661536,19.080828900438988
277000,2111120,3.536594222763054,0.1500276435973852,72.88059003178411,19.08083108575882
277020,2111120,3.323003069889161,0.16281688237099662,72.88078001697878,19.080833270883094
277040,2111120,3.1356907634729945,0.17902744285442374,72.88097000219939,19.080835455811822
277060,2111120,2.9970535759349044,0.19007458882524936,72.88115998744593,19.08083764054499
277080,2111120,2.8771872115092765,0.19702777124421944,72.88134997271838,19.080839825082595
277100,2111120,2.7373977158109843,0.20643186210712708,72.88153995801675,19.08084200942465
277120,2111120,2.5888136266771697,0.22673704864355232,72.88172994334104,19.080844193571146
277140,2111120,2.489564929427873,0.25978867090256447,72.88191992869126,19.080846377522086
277160,2111120,2.50986227353741,0.29731963148322343,72.88210991406739,19.08084856127747
277180,2111120,2.702317732950831,0.3293056218250131,72.88229989946942,19.080850744837296
277200,2111120,3.096734978441204,0.3493140500766756,72.88248988489737,19.080852928201562
277220,2111120,3.706590962708289,0.35502105480580326,72.88267987035121,19.08085511137027
277240,2111120,4.522809973275533,0.349388902769965,72.88286985583098,19.080857294343424
277260,2111120,5.481992560829207,0.34311790179399126,72.88305984133665,19.080859477121017
277280,2111120,6.472174668677155,0.3492061486022528,72.8832498268682,19.080861659703054
277300,2111120,7.395787357821628,0.3710018229642386,72.88343981242565,19.080863842089535
277320,2111120,8.176384686628117,0.4017458244968171,72.883629798009,19.080866024280454
277340,2111120,8.72561228544931,0.4290125448164187,72.88381978361825,19.080868206275817
277360,2111120,8.898976558085732,0.43510104230673463,72.8840097692534,19.080870388075624
277380,2111120,8.668946971857991,0.41304319243997994,72.88419975491442,19.08087256967987
277400,2111120,8.18173761531475,0.37646926653551904,72.88438974060134,19.080874751088558
277420,2111120,7.5316274962835825,0.33722455644847393,72.88457972631413,19.08087693230169
277440,2111120,6.7825264756585755,0.30563747326812657,72.88476971205282,19.08087911331926
277460,2111120,5.9898550983088406,0.2895864661043716,72.88495969781738,19.080881294141268
277480,2111120,5.209151420538559,0.28981743067393634,72.8851496836078,19.080883474767724
277500,2111120,4.5005919766073355,0.2971434685573649,72.88533966942411,19.080885655198614
277520,2111120,3.913502096729055,0.29894713390027744,72.8855296552663,19.080887835433956
277540,2111120,3.4437842008170585,0.2931369267113125,72.88571964113436,19.080890015473727
277560,2111120,3.071934113207831,0.2830533921200118,72.88590962702828,19.080892195317944
277580,2111120,2.786376607133674,0.27117686722349577,72.88609961294807,19.0808943749666
277600,2111120,2.579602729079064,0.2593008945252005,72.88628959889371,19.080896554419695
277620,2111120,2.445950781788642,0.24885786483509018,72.88647958486521,19.08089873367723
277640,2111120,2.3805364237050206,0.24097869154929508,72.88666957086258,19.080900912739214
277660,2111120,2.378677046016723,0.23627654835769965,72.88685955688582,19.080903091605627
277680,2111120,2.435753250717842,0.23453566856225344,72.8870495429349,19.080905270276485
277700,2111120,2.5475653093769064,0.2347464435316844,72.88723952900982,19.08090744875178
277720,2111120,2.7111560262092644,0.2356877827118424,72.88742951511061,19.08090962703152
277740,2111120,2.9255968485161508,0.2366936629459585,72.88761950123724,19.080911805115697
277760,2111120,3.1910570973111545,0.23814789963020896,72.8878094873897,19.080913983004315
277780,2111120,3.5038881349471347,0.24146061052854811,72.88799947356802,19.080916160697367
277800,2111120,3.849462371090053,0.2479417464028284,72.88818945977216,19.08091833819486
277820,2111120,4.202064234292439,0.25609785363538035,72.88837944600216,19.0809205154968
277840,2111120,4.535014209888136,0.257492631504749,72.888569432258,19.08092269260317
277860,2111120,4.8282181742326324,0.23463800006768817,72.88875941853965,19.08092486951398
277880,2111120,5.060783569474808,0.20231003768234176,72.88894940484714,19.08092704622923
277900,2111120,5.219378761135186,0.18712020844138644,72.88913939118045,19.080929222748914
277920,2111120,5.304117870513837,0.20348406635692962,72.8893293775396,19.080931399073044
277940,2111120,5.325009044818992,0.2402701321015464,72.88951936392458,19.080933575201612
277960,2111120,5.288475354495729,0.27990357983673203,72.88970935033537,19.080935751134614
277980,2111120,5.197785319750435,0.3160033185053742,72.88989933677196,19.080937926872057
278000,2111120,5.060735510472702,0.34733303712278274,72.89008932323439,19.080940102413937
276640,2111140,10.091750492905943,0.4657687595498659,72.87716800057481,19.080972347502943
276660,2111140,9.77955108227036,0.43696084447562517,72.87735798550804,19.0809745361695
276680,2111140,9.357584869406864,0.39858013700434547,72.87754797046725,19.080976724640493
276700,2111140,8.8147935829837,0.3509132113269238,72.8777379554524,19.08097891291593
276720,2111140,8.161062818536555,0.2981037380273627,72.87792794046355,19.08098110099581
276740,2111140,7.430502590274402,0.2475704449842322,72.87811792550065,19.08098328888014
276760,2111140,6.677774598577983,0.2074165699135279,72.87830791056369,19.080985476568912
276780,2111140,5.97155333474068,0.18288529519144392,72.87849789565271,19.080987664062118
276800,2111140,5.379512758570295,0.1726452787543901,72.87868788076769,19.080989851359774
276820,2111140,4.936067039022492,0.1696135499483979,72.8788778659086,19.080992038461872
276840,2111140,4.610155209828119,0.16548779035842953,72.87906785107548,19.080994225368418
276860,2111140,4.3546447031614,0.16061706477934654,72.87925783626831,19.080996412079397
276880,2111140,4.1686874331341635,0.16140004595139362,72.87944782148708,19.080998598594825
276900,2111140,4.05971561778319,0.16579638448513037,72.8796378067318,19.081000784914693
276920,2111140,4.014458326867073,0.16664440510372716,72.87982779200244,19.081002971039005
276940,2111140,3.9948175951331075,0.16145477216048368,72.88001777729906,19.081005156967752
276960,2111140,3.948551806811297,0.1500827070260681,72.88020776262158,19.08100734270095
276980,2111140,3.860802887913179,0.14617141119775673,72.88039774797005,19.08100952823859
277000,2111140,3.7307009593612497,0.14976658343637425,72.88058773334447,19.08101171358067
277020,2111140,3.57988197675808,0.15325468126347613,72.8807777187448,19.081013898727182
277040,2111140,3.4394324440609303,0.1549433832687003,72.88096770417106,19.081016083678147
277060,2111140,3.3265160624921575,0.16114866091871138,72.88115768962325,19.081018268433553
277080,2111140,3.207560891584152,0.17114818756782943,72.88134767510137,19.081020452993396
277100,2111140,3.0248325523004964,0.18077768982050094,72.88153766060539,19.081022637357684
277120,2111140,2.804337953847975,0.19963796341163456,72.88172764613533,19.081024821526405
277140,2111140,2.6354486696726904,0.23378497998381564,72.88191763169121,19.08102700549958
277160,2111140,2.6183548779983004,0.2719670085533517,72.88210761727301,19.081029189277185
277180,2111140,2.8132160822533407,0.3016520536760945,72.88229760288068,19.081031372859233
277200,2111140,3.2453198630072637,0.31688595556902055,72.8824875885143,19.08103355624573
277220,2111140,3.923273099767643,0.31702093950193944,72.8826775741738,19.081035739436658
277240,2111140,4.79494211137293,0.31216712153294246,72.88286755985922,19.081037922432028
277260,2111140,5.775318658857561,0.315293994494186,72.88305754557054,19.08104010523184
277280,2111140,6.75940200492607,0.3339372490996068,72.88324753130776,19.081042287836098
277300,2111140,7.660626386981742,0.3657277672748989,72.88343751707087,19.081044470244787
277320,2111140,8.420144009572951,0.4026466130361685,72.8836275028599,19.081046652457918
277340,2111140,8.962479603148605,0.4334258385020801,72.8838174886748,19.08104883447549
277360,2111140,9.116950896495398,0.439426840649474,72.8840074745156,19.0810510162975
277380,2111140,8.840365858627852,0.41254501053688397,72.88419746038228,19.081053197923953
277400,2111140,8.318856964839664,0.3700867337077405,72.88438744627486,19.081055379354847
277420,2111140,7.639914238478828,0.32359278157017124,72.88457743219331,19.081057560590175
277440,2111140,6.864463141698553,0.2837701385202304,72.88476741813766,19.081059741629947
277460,2111140,6.048284856016694,0.26022085414923846,72.88495740410788,19.081061922474156
277480,2111140,5.249747290538378,0.2557954979262118,72.88514739010398,19.081064103122802
277500,2111140,4.533136336015748,0.2615825043017663,72.88533737612595,19.08106628357589
277520,2111140,3.942775994199329,0.264850035199088,72.88552736217379,19.081068463833414
277540,2111140,3.473755505508107,0.262606148192012,72.8857173482475,19.081070643895384
277560,2111140,3.1108917275377084,0.25634558457437906,72.8859073343471,19.08107282376178
277580,2111140,2.841724824980728,0.24812933413811455,72.88609732047253,19.08107500343262
277600,2111140,2.6573644288275413,0.2396363974831006,72.88628730662386,19.081077182907908
277620,2111140,2.5512495327973697,0.23224123366454685,72.88647729280102,19.081079362187623
277640,2111140,2.5178032905136862,0.2272205953535854,72.88666727900406,19.08108154127178
277660,2111140,2.5514826623829436,0.22545222275962962,72.88685726523295,19.081083720160375
277680,2111140,2.6464028799604375,0.22668874315699053,72.88704725148767,19.08108589885341
277700,2111140,2.796682401523833,0.22937219041589488,72.88723723776826,19.081088077350877
277720,2111140,2.997806245936976,0.23155002837263838,72.88742722407471,19.081090255652782
277740,2111140,3.2489749756854622,0.2321329083459352,72.887617210407,19.081092433759125
277760,2111140,3.5545937554667644,0.23141408843792083,72.88780719676512,19.081094611669915
277780,2111140,3.9172204465261333,0.23159343580412697,72.88799718314911,19.081096789385136
277800,2111140,4.322084428108771,0.2358533082652016,72.88818716955892,19.08109896690479
277820,2111140,4.733112407297797,0.24492979906053708,72.88837715599458,19.081101144228885
277840,2111140,5.118906289421932,0.2497366230141943,72.88856714245607,19.081103321357418
277860,2111140,5.454939066403631,0.23678481826438724,72.8887571289434,19.081105498290384
277880,2111140,5.717844942298118,0.2137224351856449,72.88894711545655,19.081107675027795
277900,2111140,5.890006730777436,0.19948603061927508,72.88913710199553,19.081109851569636
277920,2111140,5.968923302997197,0.20787363768421616,72.88932708856034,19.08111202791591
277940,2111140,5.965501365133297,0.23635279257558647,72.88951707515096,19.081114204066626
277960,2111140,5.892448272517019,0.2711666719501192,72.88970706176742,19.081116380021776
277980,2111140,5.760775872767571,0.3031603615974715,72.8898970484097,19.081118555781362
278000,2111140,5.5827031892686385,0.3306782453438175,72.89008703507778,19.08112073134539
278020,2111140,5.382371539334525,0.3549785449803921,72.8902770217717,19.081122906713844
276620,2111160,10.010736559981716,0.49601758912591437,72.87697571329447,19.08115078603592
276640,2111160,9.777440165995605,0.4796498375605408,72.87716569840737,19.081152974920304
276660,2111160,9.452167672160552,0.4550781344300193,72.87735568354627,19.081155163609136
276680,2111160,9.00636852074408,0.41826974222376284,72.87754566871112,19.081157352102405
276700,2111160,8.42140548456446,0.3673489595250965,72.87773565390195,19.08115954040012
276720,2111160,7.712587780602594,0.30774605291977014,72.87792563911874,19.08116172850227
276740,2111160,6.927738128704377,0.2511980956240802,72.8781156243615,19.081163916408865
276760,2111160,6.131852318315872,0.2098876493041198,72.8783056096302,19.0811661041199
276780,2111160,5.401429474237075,0.18952241050944627,72.87849559492487,19.081168291635375
276800,2111160,4.816464665513589,0.18301133204672798,72.87868558024552,19.081170478955293
276820,2111160,4.4320181566572145,0.1767755868883937,72.8788755655921,19.081172666079656
276840,2111160,4.2088696582865985,0.1696578258882681,72.87906555096463,19.081174853008456
276860,2111160,4.073482822369215,0.17103410533242702,72.8792555363631,19.081177039741696
276880,2111160,3.9950165806005247,0.18172509545604715,72.87944552178755,19.081179226279374
276900,2111160,3.966934094308933,0.18876516301363588,72.87963550723792,19.081181412621497
276920,2111160,3.977529772097591,0.17953003678749338,72.87982549271423,19.081183598768057
276940,2111160,3.9961178062148113,0.15926987115979832,72.88001547821649,19.08118578471906
276960,2111160,3.9888390734272856,0.14389504736213635,72.88020546374469,19.081187970474502
276980,2111160,3.944425355067898,0.14572468032801997,72.88039544929882,19.081190156034385
277000,2111160,3.8654322892052417,0.15196750364011602,72.8805854348789,19.081192341398705
277020,2111160,3.7640220222867913,0.14747055108686905,72.88077542048488,19.08119452656747
277040,2111160,3.664161367045183,0.14026169749801382,72.8809654061168,19.08119671154067
277060,2111160,3.581095383843095,0.1447610412909969,72.88115539177466,19.081198896318305
277080,2111160,3.4810384679513735,0.1599907861115369,72.88134537745842,19.081201080900385
277100,2111160,3.2801152381707888,0.17147181016092608,72.88153536316811,19.081203265286906
277120,2111160,3.012875088896761,0.18596929456196845,72.88172534890373,19.081205449477864
277140,2111160,2.7952324349112807,0.21563519756076283,72.88191533466525,19.081207633473262
277160,2111160,2.756222882582946,0.24992396386616753,72.8821053204527,19.0812098172731
277180,2111160,2.953898211395343,0.2748862720827639,72.88229530626606,19.081212000877375
277200,2111160,3.3986701812266493,0.28645086174760337,72.88248529210533,19.08121418428609
277220,2111160,4.119404279292897,0.28210629242617213,72.88267527797049,19.081216367499234
277240,2111160,5.014851851586549,0.28013297800562714,72.88286526386158,19.081218550516827
277260,2111160,5.994509206639547,0.2931142859091681,72.88305524977855,19.081220733338856
277280,2111160,6.939027129534824,0.3217427924184415,72.88324523572143,19.081222915965323
277300,2111160,7.763608026566592,0.3575543937991611,72.8834352216902,19.081225098396228
277320,2111160,8.438644026406083,0.39355654861537354,72.8836252076849,19.08122728063157
277340,2111160,8.890767310118463,0.4194990716063481,72.88381519370547,19.081229462671352
277360,2111160,9.012490636776263,0.42280761877859324,72.88400517975191,19.081231644515572
277380,2111160,8.78310887675653,0.39945099099351455,72.88419516582427,19.08123382616423
277400,2111160,8.297605337860642,0.3583825514208902,72.88438515192252,19.081236007617324
277420,2111160,7.641802030101529,0.3105771930819723,72.88457513804663,19.081238188874853
277440,2111160,6.879823389771965,0.2670711747632358,72.88476512419662,19.081240369936825
277460,2111160,6.070895653478038,0.23870858828799377,72.8849551103725,19.081242550803232
277480,2111160,5.277461994142459,0.23040210569582095,72.88514509657426,19.081244731474072
277500,2111160,4.567959167032315,0.23438686137828665,72.8853350828019,19.08124691194935
277520,2111160,3.9896395051479936,0.23762262167415926,72.88552506905542,19.081249092229072
277540,2111160,3.5347783317340746,0.23702087789148996,72.8857150553348,19.081251272313224
277560,2111160,3.1904643094430876,0.23368059801886829,72.88590504164004,19.08125345220181
277580,2111160,2.944627087817975,0.22925184246491803,72.88609502797115,19.08125563189484
277600,2111160,2.78823974158153,0.22469859058508534,72.88628501432812,19.0812578113923
277620,2111160,2.7147868595742537,0.22070409976268557,72.88647500071096,19.081259990694203
277640,2111160,2.718656980707542,0.2185005836328244,72.88666498711964,19.08126216980054
277660,2111160,2.7938104437571227,0.21955823309667394,72.8868549735542,19.081264348711308
277680,2111160,2.9331931604714816,0.2238933227719171,72.8870449600146,19.08126652742651
277700,2111160,3.1287059762687823,0.22923761132245046,72.88723494650085,19.08126870594616
277720,2111160,3.372920421106316,0.23245645034346396,72.88742493301297,19.081270884270243
277740,2111160,3.6623811632020327,0.2320525231276904,72.88761491955093,19.081273062398758
277760,2111160,4.005983278288536,0.22810050556860778,72.88780490611472,19.081275240331706
277780,2111160,4.416151591777738,0.22295253986688143,72.88799489270437,19.081277418069092
277800,2111160,4.872579181569019,0.2239363444143645,72.88818487931984,19.081279595610916
277820,2111160,5.329715250538541,0.23405702754904734,72.88837486596117,19.08128177295717
277840,2111160,5.7570115227912355,0.24503731676299323,72.88856485262832,19.081283950107853
277860,2111160,6.128748826294653,0.24759719677982495,72.8887548393213,19.081286127062985
277880,2111160,6.416677072387702,0.24222575611802022,72.88894482604012,19.081288303822543
277900,2111160,6.593532129972868,0.23624905316251957,72.88913481278477,19.08129048038654
277920,2111160,6.653993277818038,0.23911617609859387,72.88932479955524,19.08129265675497
277940,2111160,6.61708084665733,0.2557240039429999,72.88951478635154,19.081294832927835
277960,2111160,6.50195789771246,0.27899862816056514,72.88970477317366,19.081297008905135
277980,2111160,6.324117615091649,0.2999575718348197,72.8898947600216,19.08129918468687
278000,2111160,6.101843823543749,0.31873603270132705,72.89008474689535,19.081301360273034
278020,2111160,5.8502063057680465,0.33737631919283645,72.89027473379493,19.081303535663633
276620,2111180,9.643735840554964,0.5001172157835398,72.8769734108954,19.081331413427204
276640,2111180,9.405618828409718,0.48918820505748645,72.87716339621397,19.081333602333874
276660,2111180,9.081165431867076,0.470952746907937,72.87735338155852,19.081335791044978
276680,2111180,8.631901893352062,0.43892869449917205,72.87754336692905,19.081337979560523
276700,2111180,8.01722294186587,0.38566902387687196,72.87773335232552,19.08134016788051
276720,2111180,7.2601095332816605,0.3185440879234945,72.87792333774797,19.081342356004928
276740,2111180,6.42747357557541,0.25572077798397247,72.87811332319639,19.081344543933792
276760,2111180,5.58986949115425,0.21325151197150935,72.87830330867077,19.0813467316671
276780,2111180,4.831159768624521,0.19744263192729497,72.8784932941711,19.081348919204835
276800,2111180,4.2517703047378355,0.19574003428719686,72.87868327969738,19.081351106547018
276820,2111180,3.9411193914092024,0.18763261777823978,72.87887326524962,19.081353293693642
276840,2111180,3.8263427841949373,0.17961157507050723,72.87906325082783,19.081355480644692
276860,2111180,3.799386430354506,0.18716746876473458,72.87925323643196,19.081357667400194
276880,2111180,3.815086271659042,0.20617633249086262,72.87944322206206,19.081359853960127
276900,2111180,3.8624112009995466,0.21525974431385123,72.8796332077181,19.081362040324507
276920,2111180,3.9302230321577247,0.1978020142313436,72.87982319340007,19.081364226493317
276940,2111180,3.988541229760497,0.16776812553986786,72.88001317910799,19.081366412466565
276960,2111180,4.012820149882558,0.15229841721621099,72.88020316484186,19.081368598244257
276980,2111180,3.997379862115952,0.1614213073254556,72.88039315060165,19.08137078382638
277000,2111180,3.946667717239676,0.16620584250118925,72.88058313638737,19.081372969212946
277020,2111180,3.868745537734384,0.1515255715975803,72.88077312219903,19.081375154403947
277040,2111180,3.7842819607207896,0.1381710319421349,72.88096310803661,19.081377339399385
277060,2111180,3.702963191937909,0.13987848429407534,72.88115309390012,19.081379524199267
277080,2111180,3.5978219557949727,0.15400899507419807,72.88134307978956,19.08138170880358
277100,2111180,3.420003102260163,0.1692952914955638,72.88153306570491,19.08138389321233
277120,2111180,3.16689387531448,0.18082044550498802,72.88172305164619,19.08138607742552
277140,2111180,2.971206803745784,0.20100412156850106,72.88191303761339,19.08138826144315
277160,2111180,2.9468576203424477,0.22599093046844282,72.88210302360649,19.08139044526521
277180,2111180,3.1489385326582195,0.24462614705117577,72.88229300962551,19.08139262889171
277200,2111180,3.597689802379154,0.25154764828251863,72.88248299567044,19.08139481232265
277220,2111180,4.291310807986501,0.24923671764455646,72.88267298174128,19.08139699555802
277240,2111180,5.1496634928335325,0.2529449171035115,72.88286296783802,19.081399178597827
277260,2111180,6.079877247203862,0.27379749040372275,72.88305295396066,19.081401361442076
277280,2111180,6.953546766541858,0.3077628306473262,72.88324294010921,19.081403544090755
277300,2111180,7.684606635750758,0.34354812003779045,72.88343292628366,19.081405726543874
277320,2111180,8.265479120684263,0.3760449512295367,72.883622912484,19.08140790880143
277340,2111180,8.638726340580938,0.39725400734630695,72.88381289871022,19.081410090863418
277360,2111180,8.743001988121323,0.3995311827484892,72.88400288496236,19.081412272729846
277380,2111180,8.564700305695068,0.38060864358926316,72.88419287124037,19.081414454400708
277400,2111180,8.14750474944584,0.3451660793520993,72.88438285754427,19.081416635876007
277420,2111180,7.551873557435427,0.3015496841362996,72.88457284387405,19.081418817155736
277440,2111180,6.835925508908845,0.26003743404963153,72.88476283022972,19.081420998239906
277460,2111180,6.060362441481878,0.23174809639998634,72.88495281661126,19.08142317912851
277480,2111180,5.294067049152124,0.22220818277391768,72.88514280301868,19.081425359821544
277500,2111180,4.609838898457244,0.2237009700424911,72.885332789452,19.08142754031902
277520,2111180,4.054595864930289,0.2242671620534234,72.88552277591116,19.081429720620925
277540,2111180,3.6278782880304514,0.22190276564387593,72.88571276239621,19.081431900727267
277560,2111180,3.3139387102013593,0.21961581867931543,72.88590274890711,19.081434080638047
277580,2111180,3.1000994846785876,0.21888756336159823,72.8860927354439,19.08143626035326
277600,2111180,2.9781961893916367,0.21886942269464366,72.88628272200654,19.081438439872905
277620,2111180,2.943094467115328,0.2182933689353351,72.88647270859504,19.081440619196986
277640,2111180,2.990196410312461,0.21786470804840655,72.8866626952094,19.0814427983255
277660,2111180,3.113475135277087,0.22030690221504848,72.88685268184962,19.08144497725845
277680,2111180,3.30545133754452,0.2266397083173161,72.88704266851568,19.081447155995836
277700,2111180,3.5560444297286526,0.2337109356784553,72.88723265520761,19.081449334537652
277720,2111180,3.853970562280394,0.23675981594205722,72.88742264192538,19.0814515128839
277740,2111180,4.192722506984441,0.2327608895868247,72.887612628669,19.081453691034582
277760,2111180,4.577935703706844,0.22416153831284139,72.88780261543847,19.081455868989703
277780,2111180,5.0235895416961185,0.21490101142116352,72.88799260223378,19.08145804674925
277800,2111180,5.5016826485411325,0.2164487735236011,72.88818258905492,19.081460224313236
277820,2111180,5.97913431736817,0.2307744424921309,72.88837257590191,19.081462401681655
277840,2111180,6.427702693815102,0.25039688793770615,72.88856256277474,19.081464578854504
277860,2111180,6.820998582504806,0.267174140234261,72.8887525496734,19.081466755831787
277880,2111180,7.127201477164489,0.2774812407627357,72.88894253659788,19.0814689326135
277900,2111180,7.299741042046563,0.27882524214304377,72.88913252354818,19.08147110919965
277920,2111180,7.32731880747169,0.27604172208606487,72.88932251052432,19.08147328559023
277940,2111180,7.249666373437228,0.2811939210821032,72.8895124975263,19.081475461785242
277960,2111180,7.090773362033579,0.29238953726747857,72.88970248455408,19.081477637784694
277980,2111180,6.865594871370701,0.2993352822038611,72.88989247160768,19.08147981358857
278000,2111180,6.6004350348832865,0.3076538922655492,72.89008245868712,19.08148198919688
278020,2111180,6.312332051344647,0.319945150588708,72.89027244579236,19.081484164609623
278040,2111180,6.011454166274631,0.33581029268665963,72.8904624329234,19.0814863398268
276620,2111200,9.212005063435415,0.49396838182377345,72.87697110847036,19.081512040814694
276640,2111200,8.968188785273945,0.4864401654174328,72.87716109399459,19.081514229743636
276660,2111200,8.649235309316799,0.47296353888322007,72.8773510795448,19.08151641847702
276680,2111200,8.218334930864891,0.4471690278066865,72.87754106512098,19.081518607014836
276700,2111200,7.592213016529634,0.39172970757832537,72.87773105072314,19.081520795357093
276720,2111200,6.81411149304698,0.3182531816828623,72.87792103635124,19.08152298350379
276740,2111200,5.968127914342586,0.2512244352671837,72.87811102200533,19.081525171454917
276760,2111200,5.119309636466418,0.20816482805552372,72.87830100768537,19.08152735921049
276780,2111200,4.356341170120956,0.19593057222855773,72.87849099339135,19.081529546770497
276800,2111200,3.816086525512374,0.19618372856757363,72.8786809791233,19.08153173413494
276820,2111200,3.5916434532574697,0.18714215597219794,72.87887096488122,19.08153392130382
276840,2111200,3.5610495528628596,0.18295974609570803,72.87906095066508,19.081536108277135
276860,2111200,3.618110840599098,0.19603974710195296,72.87925093647488,19.081538295054894
276880,2111200,3.710248086116265,0.21853696038784948,72.87944092231064,19.081540481637084
276900,2111200,3.8184364434181273,0.22909573535000075,72.87963090817233,19.081542668023708
276920,2111200,3.932084367150565,0.21069868487200943,72.87982089405999,19.081544854214773
276940,2111200,4.021588466517492,0.179457451343285,72.88001087997357,19.08154704021027
276960,2111200,4.063661222908841,0.16423745436462986,72.88020086591308,19.081549226010203
276980,2111200,4.054278152706447,0.1719805054247267,72.88039085187854,19.08155141161458
277000,2111200,4.004161712157794,0.1730180755382171,72.88058083786993,19.081553597023387
277020,2111200,3.922811533920348,0.15885245954414448,72.88077082388726,19.08155578223663
277040,2111200,3.8237807865603655,0.14873510628326295,72.8809608099305,19.08155796725431
277060,2111200,3.7169127535583826,0.15032515880509056,72.88115079599969,19.081560152076428
277080,2111200,3.5903925197158983,0.1583473615002813,72.88134078209478,19.08156233670297
277100,2111200,3.4250635495964845,0.1686952859240283,72.8815307682158,19.081564521133956
277120,2111200,3.2369345755675774,0.17962861313416287,72.88172075436275,19.081566705369376
277140,2111200,3.107840890055119,0.19230247080456062,72.8819107405356,19.08156888940923
277160,2111200,3.1260684415224547,0.2070023256137113,72.88210072673436,19.08157107325352
277180,2111200,3.3431729012496274,0.21758292137279991,72.88229071295906,19.081573256902246
277200,2111200,3.7767663143938117,0.22080575867011484,72.88248069920965,19.081575440355405
277220,2111200,4.409713534156558,0.2211820310203665,72.88267068548615,19.081577623613
277240,2111200,5.182042598741214,0.22986943028664758,72.88286067178856,19.081579806675027
277260,2111200,6.007431060147098,0.2538508388685717,72.88305065811687,19.08158198954149
277280,2111200,6.785503509092394,0.28829290854045403,72.88324064447109,19.08158417221239
277300,2111200,7.4453896088428095,0.3237137499907524,72.8834306308512,19.081586354687722
277320,2111200,7.955633494483811,0.3536260436481418,72.88362061725721,19.081588536967484
277340,2111200,8.279232073035002,0.3723720079454501,72.8838106036891,19.081590719051682
277360,2111200,8.381384486987253,0.37543785307875205,72.8840005901469,19.081592900940315
277380,2111200,8.252502797381153,0.36162226333496117,72.88419057663057,19.08159508263338
277400,2111200,7.912649835013534,0.33375572783719054,72.88438056314014,19.081597264130888
277420,2111200,7.397147127074206,0.29771667904304777,72.8845705496756,19.08159944543282
277440,2111200,6.748607521061425,0.2620158016340699,72.88476053623693,19.081601626539186
277460,2111200,6.023746762052315,0.23729901369213338,72.88495052282414,19.081603807449987
277480,2111200,5.295779060220866,0.22959007427790562,72.88514050943724,19.081605988165222
277500,2111200,4.647214471534077,0.22979410748922505,72.88533049607621,19.08160816868489
277520,2111200,4.138395319427228,0.223543115930205,72.88552048274104,19.081610349008983
277540,2111200,3.757959060748162,0.2161905921500755,72.88571046943176,19.08161252913752
277560,2111200,3.4873365660956366,0.21427630965062414,72.88590045614832,19.08161470907048
277580,2111200,3.314758147012558,0.21843148713953034,72.88609044289078,19.081616888807876
277600,2111200,3.233980531037072,0.22444615834368506,72.8862804296591,19.081619068349713
277620,2111200,3.2428108268301163,0.22749819375057106,72.88647041645325,19.081621247695974
277640,2111200,3.33917202285892,0.22689290659215514,72.88666040327328,19.081623426846665
277660,2111200,3.5169604848399465,0.2274853857413524,72.88685039011918,19.081625605801793
277680,2111200,3.768567019537354,0.23316415642851102,72.88704037699091,19.081627784561345
277700,2111200,4.085976643415121,0.23887675449091317,72.8872303638885,19.081629963125337
277720,2111200,4.448882393822679,0.23947593110589327,72.88742035081195,19.08163214149376
277740,2111200,4.842211566889577,0.2315696604345738,72.88761033776123,19.081634319666612
277760,2111200,5.259342175879977,0.21974884034621037,72.88780032473638,19.0816364976439
277780,2111200,5.7098824580166525,0.2117895637197693,72.88799031173734,19.081638675425616
277800,2111200,6.18334285706006,0.21661339948242714,72.88818029876417,19.081640853011763
277820,2111200,6.656086994780873,0.235325391081019,72.88837028581682,19.08164303040234
277840,2111200,7.102059782370025,0.2609884877866876,72.8885602728953,19.081645207597347
277860,2111200,7.4937191187831544,0.28565272413228326,72.88875025999964,19.081647384596792
277880,2111200,7.797509245820423,0.30365286936733277,72.88894024712978,19.08164956140066
277900,2111200,7.9556241599454856,0.30795419819965747,72.88913023428579,19.081651738008965
277920,2111200,7.950034607908128,0.3000876728278534,72.8893202214676,19.081653914421697
277940,2111200,7.832462332184856,0.2947817984651592,72.88951020867523,19.081656090638862
277960,2111200,7.6301750183090284,0.2939977707649649,72.88970019590869,19.081658266660455
277980,2111200,7.3647516274616915,0.2918683265204842,72.88989018316798,19.081660442486477
278000,2111200,7.063495127772762,0.2929066055634798,72.89008017045306,19.081662618116933
278020,2111200,6.745713309096043,0.3010610628421796,72.89027015776396,19.081664793551816
278040,2111200,6.421074031273854,0.3150373400346047,72.89046014510069,19.08166696879113
278060,2111200,6.094161140660079,0.3322260885293857,72.89065013246322,19.081669143834876
276620,2111220,8.718671960556229,0.47446423924348863,72.87696880601933,19.08169266819837
276640,2111220,8.460572375090639,0.4661625241429433,72.87715879174925,19.081694857149593
276660,2111220,8.133514012482252,0.4512314823543634,72.87734877750512,19.08169704590525
276680,2111220,7.700398134936367,0.4224174753292044,72.87753876328696,19.081699234465344
276700,2111220,7.106657255914027,0.36902184803520477,72.87772874909479,19.081701422829873
276720,2111220,6.377852320688181,0.29913527945300133,72.87791873492856,19.08170361099884
276740,2111220,5.58139789026992,0.23376045328655523,72.87810872078829,19.08170579897224
276760,2111220,4.77824392208408,0.19189004919587996,72.87829870667399,19.08170798675008
276780,2111220,4.060896618491787,0.18136745786476738,72.87848869258566,19.081710174332354
276800,2111220,3.588419894831674,0.1821060547794472,72.87867867852327,19.08171236171906
276820,2111220,3.4355190794545614,0.17653907183117315,72.87886866448684,19.081714548910195
276840,2111220,3.4611586845965543,0.17959491933881,72.87905865047637,19.08171673590577
276860,2111220,3.572347885702137,0.1970994759604594,72.87924863649185,19.081718922705786
276880,2111220,3.718511079437034,0.21927065255815986,72.87943862253327,19.081721109310234
276900,2111220,3.873488653391978,0.22939873693556576,72.87962860860064,19.081723295719108
276920,2111220,4.020721345224766,0.21368853464737167,72.87981859469394,19.081725481932423
276940,2111220,4.131391895467758,0.186290178994011,72.8800085808132,19.081727667950172
276960,2111220,4.180575824549538,0.17084910628339461,72.88019856695838,19.081729853772355
276980,2111220,4.162030666008776,0.17254458295660796,72.8803885531295,19.081732039398968
277000,2111220,4.091171247937896,0.17229941249701541,72.88057853932656,19.081734224830022
277020,2111220,3.977445450709869,0.16742270200586226,72.88076852554956,19.081736410065506
277040,2111220,3.8366249072482765,0.168700103512619,72.88095851179847,19.081738595105424
277060,2111220,3.689804175606732,0.17516094503540922,72.8811484980733,19.081740779949772
277080,2111220,3.541461140784465,0.17670115150199442,72.88133848437407,19.081742964598565
277100,2111220,3.391406620745344,0.17834582995810336,72.88152847070077,19.081745149051777
277120,2111220,3.25826499541889,0.1842381173015676,72.88171845705338,19.08174733330943
277140,2111220,3.194136173274983,0.1909129180807056,72.8819084434319,19.08174951737151
277160,2111220,3.2573315867702335,0.19742365631251332,72.88209842983633,19.081751701238026
277180,2111220,3.4864920183094426,0.2007012190131656,72.88228841626669,19.081753884908984
277200,2111220,3.8923036237790876,0.2002741496329613,72.88247840272295,19.08175606838436
277220,2111220,4.455550247155751,0.20128352381353679,72.88266838920512,19.081758251664176
277240,2111220,5.128000317069206,0.21192062895973088,72.8828583757132,19.081760434748425
277260,2111220,5.840843199511603,0.2358832772385669,72.88304836224718,19.081762617637104
277280,2111220,6.519726013639158,0.26852170687204724,72.88323834880705,19.081764800330216
277300,2111220,7.10544801274424,0.3019049726803662,72.88342833539284,19.081766982827762
277320,2111220,7.559400438340902,0.32968459837578445,72.88361832200451,19.081769165129735
277340,2111220,7.851971217281796,0.3473787107196681,72.88380830864209,19.081771347236145
277360,2111220,7.961673877587796,0.3522160872580784,72.88399829530555,19.081773529146982
277380,2111220,7.882248101301863,0.34372463266772746,72.8841882819949,19.08177571086226
277400,2111220,7.622985946210431,0.3238602876779407,72.88437826871014,19.081777892381957
277420,2111220,7.199672330871526,0.2963110584770302,72.88456825545126,19.081780073706092
277440,2111220,6.6322170830679665,0.2665661866056573,72.88475824221825,19.081782254834664
277460,2111220,5.970224570063786,0.24412655815845363,72.88494822901114,19.08178443576766
277480,2111220,5.297392977125561,0.2362090078848627,72.8851382158299,19.081786616505088
277500,2111220,4.704429736051401,0.2335363182118409,72.88532820267454,19.081788797046944
277520,2111220,4.255531265908327,0.2220218866558071,72.88551818954505,19.081790977393243
277540,2111220,3.9342038505748684,0.21185623680181084,72.88570817644143,19.08179315754396
277560,2111220,3.7189941239366884,0.2130109488593941,72.88589816336368,19.08179533749911
277580,2111220,3.597224740792206,0.2250245493192221,72.88608815031179,19.081797517258693
277600,2111220,3.5640416175201466,0.23947229857685143,72.88627813728579,19.081799696822706
277620,2111220,3.621606345605018,0.24698379714451077,72.88646812428561,19.08180187619115
277640,2111220,3.772724896235839,0.2443116921970948,72.88665811131132,19.08180405536402
277660,2111220,4.011828168707716,0.23803606612246064,72.88684809836288,19.08180623434133
277680,2111220,4.325767604383445,0.23797731537353578,72.88703808544028,19.081808413123063
277700,2111220,4.709808052900188,0.23962361686760567,72.88722807254354,19.081810591709225
277720,2111220,5.135303749263769,0.23824836846030256,72.88741805967267,19.08181277009982
277740,2111220,5.565020377632114,0.2311771268378203,72.88760804682762,19.08181494829484
277760,2111220,5.988173905697618,0.22018332836876697,72.88779803400843,19.08181712629429
277780,2111220,6.427143721736213,0.21499487385155372,72.88798802121508,19.081819304098175
277800,2111220,6.880548649763614,0.22273904598390476,72.88817800844757,19.081821481706484
277820,2111220,7.330945156884053,0.24328321241008852,72.8883679957059,19.081823659119227
277840,2111220,7.754093502415963,0.27022821738310326,72.88855798299005,19.081825836336392
277860,2111220,8.120648574662027,0.2957418629942808,72.88874797030006,19.081828013357995
277880,2111220,8.39294636885239,0.31279636474455136,72.88893795763589,19.081830190184018
277900,2111220,8.525996859567886,0.31559173236248717,72.88912794499754,19.081832366814478
277920,2111220,8.503530295010894,0.30550106018708184,72.88931793238503,19.08183454324936
277940,2111220,8.353167262071475,0.29214897005090745,72.88950791979835,19.081836719488674
277960,2111220,8.111449675888212,0.2823222822747697,72.88969790723746,19.08183889553241
277980,2111220,7.8109126171987056,0.27499130819947104,72.88988789470241,19.081841071380587
278000,2111220,7.48241714556212,0.27400619446179597,72.8900778821932,19.081843247033177
278020,2111220,7.144351907127883,0.2816759135444629,72.89026786970977,19.081845422490208
278040,2111220,6.80451192083073,0.2956308632238048,72.89045785725216,19.081847597751658
278060,2111220,6.465748180299048,0.3126996239515817,72.89064784482038,19.081849772817534
278080,2111220,6.1291618479202254,0.3306251776135226,72.89083783241439,19.081851947687845
276620,2111240,8.176483644273281,0.44224392720808453,72.87696650354235,19.08187329557824
276640,2111240,7.897817909911489,0.42982844260771563,72.87715648947793,19.081875484551745
276660,2111240,7.55769269279806,0.4098316153548845,72.87734647543947,19.08187767332968
276680,2111240,7.130978485719853,0.37681432767118445,72.87753646142697,19.08187986191205
276700,2111240,6.596843726683469,0.32699546408726937,72.87772644744044,19.08188205029885
276720,2111240,5.968426531530384,0.26604743935416797,72.8779164334799,19.081884238490087
276740,2111240,5.284513419812063,0.20860218193771457,72.8781064195453,19.08188642648576
276760,2111240,4.592065826282001,0.17185635912060807,72.87829640563668,19.081888614285862
276780,2111240,3.9748023615203407,0.16345447000894683,72.87848639175401,19.081890801890403
276800,2111240,3.593634137346755,0.165147193930496,72.87867637789729,19.08189298929937
276820,2111240,3.474593919755916,0.16925345549127907,72.87886636406654,19.081895176512774
276840,2111240,3.520999498737512,0.18133674197822003,72.87905635026173,19.081897363530608
276860,2111240,3.657544670622175,0.2000648799705653,72.87924633648286,19.081899550352876
276880,2111240,3.8368399140786384,0.21746792930339703,72.87943632272996,19.081901736979574
276900,2111240,4.0273190291175895,0.22292465398883113,72.87962630900299,19.081903923410707
276920,2111240,4.2041420885891805,0.2090816724354555,72.87981629530196,19.081906109646276
276940,2111240,4.336110305669228,0.18609135099869434,72.88000628162689,19.08190829568627
276960,2111240,4.39414888726314,0.17085827197689388,72.88019626797774,19.081910481530702
276980,2111240,4.364879627892258,0.16897615466098984,72.88038625435453,19.08191266717956
277000,2111240,4.258483651760818,0.17184271358832742,72.88057624075726,19.081914852632856
277020,2111240,4.088215777040719,0.17884136713456256,72.88076622718593,19.08191703789058
277040,2111240,3.8814481227696866,0.1918455610955261,72.8809562136405,19.081919222952738
277060,2111240,3.6806635543317765,0.20179839406803132,72.88114620012102,19.081921407819326
277080,2111240,3.5137015180880606,0.1984549917991109,72.88133618662745,19.081923592490345
277100,2111240,3.3764459839407643,0.19197242829899341,72.88152617315981,19.081925776965797
277120,2111240,3.2778870172488026,0.1922363177930855,72.8817161597181,19.081927961245675
277140,2111240,3.257364739815708,0.19472571073138337,72.88190614630228,19.08193014532999
277160,2111240,3.348848178636567,0.19691613123569598,72.8820961329124,19.081932329218734
277180,2111240,3.5785102230616737,0.19505180517705337,72.88228611954841,19.08193451291191
277200,2111240,3.948398769762102,0.19109373174428146,72.88247610621035,19.081936696409517
277220,2111240,4.439816040477032,0.19077598053630287,72.88266609289819,19.08193887971155
277240,2111240,5.014929998509465,0.20051848178526224,72.88285607961194,19.081941062818018
277260,2111240,5.621854443846424,0.2222378802054147,72.8830460663516,19.081943245728915
277280,2111240,6.204864627722525,0.2515302098779585,72.88323605311714,19.081945428444243
277300,2111240,6.715551177200323,0.2815948655060753,72.88342603990858,19.081947610964004
277320,2111240,7.117673820808725,0.30679358262874723,72.88361602672595,19.081949793288192
277340,2111240,7.385619697233294,0.32343102934509277,72.88380601356917,19.08195197541681
277360,2111240,7.503942634029649,0.329621540802178,72.8839960004383,19.081954157349852
277380,2111240,7.468848306665295,0.3252684445540145,72.88418598733334,19.081956339087334
277400,2111240,7.286436106884465,0.3118698764387224,72.88437597425423,19.081958520629236
277420,2111240,6.9627778697156035,0.29159955270187554,72.88456596120103,19.08196070197557
277440,2111240,6.485403321847564,0.2654122444292351,72.8847559481737,19.08196288312634
277460,2111240,5.893065754150674,0.24097660414147942,72.88494593517227,19.081965064081533
277480,2111240,5.29708154459187,0.22939984712547334,72.8851359221967,19.08196724484116
277500,2111240,4.784886956663886,0.22295082949019523,72.885325909247,19.081969425405212
277520,2111240,4.410693257277125,0.20956149806324514,72.8855158963232,19.081971605773692
277540,2111240,4.162289287792664,0.20172478473284336,72.88570588342525,19.0819737859466
277560,2111240,4.016734240574573,0.2101912924621951,72.88589587055317,19.081975965923945
277580,2111240,3.9578176668639533,0.23262280574243452,72.88608585770695,19.08197814570571
277600,2111240,3.979953577431858,0.25698633859375036,72.8862758448866,19.081980325291905
277620,2111240,4.091511557941925,0.2692159667904601,72.88646583209213,19.081982504682532
277640,2111240,4.299611399889137,0.2642431886914437,72.8866558193235,19.081984683877586
277660,2111240,4.601990672643382,0.24821084017775963,72.88684580658072,19.081986862877063
277680,2111240,4.971408301625256,0.2382165500296497,72.8870357938638,19.081989041680973
277700,2111240,5.394941683855686,0.2354906115073097,72.88722578117275,19.081991220289314
277720,2111240,5.851315424041987,0.2347827653585944,72.88741576850754,19.081993398702078
277740,2111240,6.295985658806729,0.23068436197466644,72.88760575586817,19.081995576919265
277760,2111240,6.713119943871245,0.22315577306125092,72.88779574325464,19.08199775494089
277780,2111240,7.134590665202918,0.2213445965112134,72.88798573066697,19.081999932766934
277800,2111240,7.561143299577552,0.23054761089033016,72.88817571810513,19.08200211039741
277820,2111240,7.979344236403553,0.25013523566470036,72.88836570556913,19.082004287832312
277840,2111240,8.36776177672039,0.27467340273232344,72.88855569305898,19.082006465071636
277860,2111240,8.698568197392518,0.29716484945950533,72.88874568057464,19.08200864211539
277880,2111240,8.93721322510338,0.31105628598448676,72.88893566811615,19.082010818963578
277900,2111240,9.046022672556578,0.311511351192536,72.88912565568349,19.082012995616186
277920,2111240,9.001001489106914,0.29830722177127894,72.88931564327665,19.08201517207322
277940,2111240,8.815750605965636,0.27861067353517543,72.88950563089563,19.08201734833468
277960,2111240,8.53411583096695,0.26252022917952045,72.88969561854043,19.08201952440057
277980,2111240,8.203001948702267,0.2550090823319801,72.88988560621107,19.082021700270882
278000,2111240,7.856861961764637,0.2565322984408776,72.89007559390751,19.08202387594563
278020,2111240,7.508580679842392,0.26618895732711756,72.89026558162976,19.082026051424794
278040,2111240,7.162732059769516,0.28074138867354326,72.89045556937783,19.082028226708385
278060,2111240,6.81982658589841,0.2972356510808783,72.89064555715171,19.082030401796402
278080,2111240,6.4790111977104345,0.3139805654492348,72.8908355449514,19.08203257668885
278100,2111240,6.152044703917655,0.33022588362637006,72.89102553277691,19.08203475138572
276620,2111260,7.606219249718935,0.4010064875338401,72.87696420103939,19.082053922954316
276640,2111260,7.307162637684883,0.38345663143688125,72.87715418718062,19.082056111950095
276660,2111260,6.9612365828328695,0.3588804347495185,72.87734417334782,19.082058300750305
276680,2111260,6.559069578890636,0.3244612556008543,72.87753415954101,19.082060489354955
276700,2111260,6.098328801242134,0.2798299478161051,72.87772414576015,19.08206267776403
276720,2111260,5.591229492524238,0.23029289267842984,72.87791413200527,19.082064865977532
276740,2111260,5.059701456881215,0.18701779034199859,72.87810411827635,19.082067053995473
276760,2111260,4.529183405632439,0.16230027613415843,72.8782941045734,19.082069241817845
276780,2111260,4.0506690411953485,0.15802374277320227,72.878484090896393,19.082071429444646
276800,2111260,3.740581835992298,0.1655574153907677,72.87867407724535,19.082073616875878
276820,2111260,3.636059612381357,0.1805709819444792,72.87886406362026,19.08207580411154
276840,2111260,3.684298304980761,0.19787496652609632,72.87905405002113,19.082077991151635
276860,2111260,3.829780534023433,0.21241111411215202,72.87924403644793,19.082080177996158
276880,2111260,4.032098432940672,0.2207925273274672,72.8794340229007,19.082082364645117
276900,2111260,4.2550093926191614,0.21776098324708676,72.8796240093794,19.082084551098497
276920,2111260,4.466759180291629,0.20194121328185757,72.87981399588405,19.082086737356313
276940,2111260,4.632850097875751,0.18061987452498837,72.88000398241464,19.082088923418567
276960,2111260,4.715936559134776,0.1654164732973617,72.88019396897117,19.08209110928524
276980,2111260,4.6874395222430705,0.16313329569378554,72.88038395555363,19.082093294956344
277000,2111260,4.544690102777981,0.17163801642813978,72.88057394216203,19.082095480431878
277020,2111260,4.306275045460363,0.18874187434073617,72.88076392879636,19.082097665711846
277040,2111260,4.014406979695054,0.2107828352762359,72.88095391545662,19.082099850796244
277060,2111260,3.750244962306785,0.22172165601717064,72.8811439021428,19.082102035685068
277080,2111260,3.5615443219631064,0.2133109122738639,72.88133388885491,19.082104220378326
277100,2111260,3.4264972018132256,0.2005189819837245,72.88152387559293,19.082106404876004
277120,2111260,3.3431045776429618,0.19586126306981114,72.88171386235689,19.082108589178123
277140,2111260,3.3351078685256543,0.19874568190170372,72.88190384914675,19.08211077328466
277160,2111260,3.429106079022924,0.2018877900848637,72.88209383596254,19.082112957195637
277180,2111260,3.643247024356151,0.1980082079635507,72.88228382280423,19.082115140911036
277200,2111260,3.968082282509363,0.19177917853235368,72.88247380967184,19.082117324430865
277220,2111260,4.386570499318543,0.18918169626903927,72.88266379656535,19.08211950775512
277240,2111260,4.869644587213933,0.1961961523311322,72.88285378348476,19.08212169088381
277260,2111260,5.378709875340416,0.21421719886054605,72.88304377043009,19.08212387381692
277280,2111260,5.87168301850357,0.2391187980949774,72.88323375740131,19.082126056554465
277300,2111260,6.3096226764603,0.2648729527721262,72.88342374439844,19.082128239096438
277320,2111260,6.66102755506066,0.286561717445611,72.88361373142145,19.082130421442834
277340,2111260,6.903391053534486,0.3011000061589906,72.88380371847038,19.082132603593664
277360,2111260,7.02382951120049,0.3070143785456528,72.88399370554518,19.082134785548917
277380,2111260,7.019191974919996,0.30415684313643204,72.88418369264588,19.0821369673086
277400,2111260,6.893856079542988,0.2933701679405219,72.88437367977245,19.082139148872706
277420,2111260,6.651701624576917,0.2757383020237168,72.88456366692492,19.082141330241246
277440,2111260,6.264822159529801,0.2498857849653303,72.88475365410326,19.08214351141421
277460,2111260,5.762938814873265,0.22217787612441803,72.8849436413075,19.0821456923916
277480,2111260,5.271426913089519,0.2068517085948305,72.88513362853762,19.08214787317342
277500,2111260,4.867859247066143,0.19758698429931698,72.88532361579361,19.08215005375967
277520,2111260,4.593785664144055,0.1862558928303786,72.88551360307545,19.082152234150342
277540,2111260,4.440904653596949,0.1851568786849955,72.88570359038319,19.082154414345442
277560,2111260,4.384995731975336,0.20295891713206168,72.88589357771679,19.08215659434497
277580,2111260,4.4065773078514106,0.23439562313439674,72.88608356507623,19.082158774148922
277600,2111260,4.498067835122077,0.2659077936618311,72.88627355246157,19.0821609537573
277620,2111260,4.673993248851386,0.2792848985056655,72.88646353987276,19.082163133170106
277640,2111260,4.938711029017034,0.2719553630854907,72.88665352730982,19.08216531238734
277660,2111260,5.279856047662237,0.2540464603462023,72.88684351477272,19.082167491409002
277680,2111260,5.674894425555531,0.2396193481772073,72.88703350226147,19.082169670235082
277700,2111260,6.106664427323967,0.233156812548322,72.88722348977609,19.082171848865592
277720,2111260,6.554516986681473,0.23123462842868064,72.88741347731654,19.082174027300532
277740,2111260,6.990367001078777,0.22904780641849337,72.88760346488286,19.082176205539888
277760,2111260,7.404055092739138,0.22618105978993086,72.88779345247502,19.082178383583678
277780,2111260,7.807586725875761,0.22746126004614048,72.88798344009302,19.08218056143189
277800,2111260,8.204289758919838,0.236693661343788,72.88817342773686,19.08218273908453
277820,2111260,8.585208804646008,0.2534365663516846,72.88836341540653,19.08218491654159
277840,2111260,8.933046442118327,0.2735694166724075,72.88855340310205,19.08218709380308
277860,2111260,9.224443352799963,0.29149141363024905,72.88874339082341,19.08218927086899
277880,2111260,9.431213062776733,0.30189957355249414,72.88893337857058,19.08219144773933
277900,2111260,9.520386847696837,0.30073276775960706,72.8891233663436,19.082193624414092
277920,2111260,9.450502200482271,0.2854714465577665,72.88931335414243,19.08219580089328
277940,2111260,9.225288080615242,0.2623284387063497,72.8895033419671,19.08219797717689
277960,2111260,8.907469175015338,0.24582715072329708,72.88969332981758,19.082200153264925
277980,2111260,8.551372076395827,0.2424330289552069,72.88988331769389,19.082202329157383
278000,2111260,8.194723936638901,0.24850019084906963,72.890073305596,19.08220450485427
278020,2111260,7.844949838975349,0.25994939891901253,72.89026329352394,19.08220668035558
278040,2111260,7.501612907866493,0.2734474594127349,72.89045328147769,19.08220885566131
278060,2111260,7.161524632885923,0.2874337448706977,72.89064326945724,19.082211030771468
278080,2111260,6.822096347360814,0.30134854700524927,72.89083325746262,19.08221320568605
278100,2111260,6.482181340619861,0.3150143172126749,72.8910232454938,19.082215380405053
276620,2111280,7.030910314551559,0.3555773998138789,72.87696189851044,19.082234550326582
276640,2111280,6.713644843753055,0.33339952611092105,72.87715188485735,19.08223673934464
276660,2111280,6.366497593444031,0.305926953837078,72.87734187123024,19.082238928167133
276680,2111280,5.993299504459878,0.2726104145465397,72.87753185762908,19.082241116794048
276700,2111280,5.605078784784952,0.2353754739041262,72.8777218440539,19.0822433052254
276720,2111280,5.2180526266433676,0.20018736976992546,72.87791183050469,19.08224549346118
276740,2111280,4.84257282218887,0.175642085191029,72.87810181698144,19.08224768150139
276760,2111280,4.4761018659585,0.16650926439838834,72.87829180348416,19.082249869346022
276780,2111280,4.12164067785774,0.16770384785350037,72.87848179001283,19.082252056995088
276800,2111280,3.882302673719723,0.18154315628243525,72.87867177656746,19.08225424444859
276820,2111280,3.8064361387136394,0.20384159442059313,72.87886176314804,19.08225643170651
276840,2111280,3.862034906481201,0.22124308721896796,72.87905174975457,19.08225861876886
276860,2111280,4.018286766512992,0.22889383222617088,72.87924173638706,19.082260805635645
276880,2111280,4.248959445668834,0.2287989694569941,72.8794317230455,19.082262992306855
276900,2111280,4.510502527198944,0.21674161979356155,72.87962170972988,19.082265178782496
276920,2111280,4.7722825925732115,0.19545773265955124,72.8798116964402,19.08226736506256
276940,2111280,4.997330961927183,0.1724495035860714,72.88000168317646,19.082269551147057
276960,2111280,5.135923559794301,0.15638585142179176,72.88019166993865,19.082271737035985
276980,2111280,5.138918363984173,0.1536855623593484,72.8803816567268,19.08227392272933
277000,2111280,4.980025129974089,0.1649930137452259,72.88057164354086,19.08227610822711
277020,2111280,4.6747211650478215,0.1880682973441651,72.88076163038086,19.082278293529324
277040,2111280,4.2927413805942924,0.21465585257053799,72.88095161724681,19.082280478635955
277060,2111280,3.9595622907171104,0.22483724872185912,72.88114160413866,19.08228266354702
277080,2111280,3.728104432826421,0.21384823619929216,72.88133159105644,19.082284848262507
277100,2111280,3.566433530807208,0.19981083601120606,72.88152157800015,19.082287032782425
277120,2111280,3.4706869178544637,0.19515375951999328,72.88171156496978,19.08228921710677
277140,2111280,3.4537153687795468,0.20063299628013556,72.88190155196531,19.08229140123554
277160,2111280,3.5310646536443033,0.20720662989968927,72.88209153898677,19.08229358516874
277180,2111280,3.7095188793867098,0.20620752634792788,72.88228152603413,19.082295768906366
277200,2111280,3.9788765079798463,0.19936646563207872,72.88247151310742,19.082297952448418
277220,2111280,4.3223794500201524,0.19425701452449012,72.88266150020661,19.082300135794895
277240,2111280,4.717407696665389,0.197953528712078,72.88285148733169,19.0823023189458
277260,2111280,5.13538508676412,0.21193465459358488,72.8830414744827,19.08230450190113
277280,2111280,5.544399068079958,0.23209180599973764,72.88323146165959,19.08230668466089
277300,2111280,5.9130645949562375,0.25284560497857456,72.88342144886239,19.08230886722507
277320,2111280,6.214173636613702,0.2699801030407129,72.88361143609109,19.082311049593685
277340,2111280,6.427347486213755,0.28101470521795147,72.88380142334569,19.082313231766722
277360,2111280,6.540383883652967,0.2847029181793899,72.88399141062617,19.082315413744183
277380,2111280,6.548984513807805,0.2805632092080981,72.88418139793254,19.08231759552607
277400,2111280,6.454010726509178,0.2684761958112897,72.88437138526479,19.082319777112385
277420,2111280,6.254935266719916,0.24824050650996307,72.88456137262294,19.082321958503126
277440,2111280,5.948339289207896,0.22036520855507089,72.88475136000696,19.082324139698287
277460,2111280,5.57238188372425,0.1920374706565798,72.88494134741688,19.082326320697874
277480,2111280,5.212917571373069,0.17482255325203364,72.88513133485266,19.082328501501895
277500,2111280,4.94205228017924,0.16723944421278658,72.88532132231431,19.082330682110328
277520,2111280,4.797776594680997,0.16105586112641604,72.88551130980186,19.082332862523195
277540,2111280,4.766753801020847,0.1682409420316626,72.88570129731525,19.082335042740482
277560,2111280,4.822767827219398,0.1932926085537974,72.88589128485452,19.0823372227622
277580,2111280,4.94441290075141,0.22800060007472334,72.88608127241967,19.08233940258833
277600,2111280,5.123031023636314,0.258970609475645,72.88627126001067,19.082341582218902
277620,2111280,5.364642986152513,0.2728039919299004,72.88646124762754,19.08234376165389
277640,2111280,5.668622973384741,0.26892855281494904,72.88665123527026,19.082345940893298
277660,2111280,6.024490315965145,0.2558619644481422,72.88684122293886,19.08234811993714
277680,2111280,6.4177231521606775,0.24313697314097105,72.88703121063328,19.082350298785396
277700,2111280,6.83328071678955,0.23556863655645993,72.88722119835359,19.082352477438082
277720,2111280,7.254854417345696,0.23227058522792043,72.88741118609973,19.082354655895184
277740,2111280,7.666267872713953,0.23051749620513665,72.88760117387172,19.08235683415672
277760,2111280,8.06007865031979,0.22974955556359725,72.88779116166955,19.08235901222267
277780,2111280,8.438044127780294,0.23217674962193752,72.88798114949323,19.082361190093053
277800,2111280,8.800369108514387,0.23993861253511023,72.88817113734275,19.08236336776785
277820,2111280,9.14007573310085,0.25269091773717156,72.88836112521811,19.082365545247068
277840,2111280,9.443282968602395,0.2674790457768726,72.88855111311929,19.082367722530723
277860,2111280,9.690797591091203,0.28007234277382914,72.88874110104634,19.08236989961879
277880,2111280,9.859471830521494,0.2863934904399051,72.88893108899919,19.082372076511284
277900,2111280,9.921445455107905,0.2833818232213669,72.88912107697787,19.082374253208204
277920,2111280,9.827802769575428,0.26834019219564326,72.8893110649824,19.08237642970954
277940,2111280,9.575712245426605,0.24760178703221228,72.88950105301272,19.082378606015308
277960,2111280,9.238386965819913,0.23736857627682342,72.8896910410689,19.082380782125487
277980,2111280,8.868381456337362,0.24227914157086755,72.88988102915089,19.082382958040093
278000,2111280,8.507462192534035,0.2537640109329534,72.89007101725869,19.08238513375912
278020,2111280,8.164894829849853,0.2644317654016173,72.89026100539229,19.08238730928257
278040,2111280,7.831338441561562,0.2737847672222111,72.89045099355172,19.08238948461044
278060,2111280,7.499135888235451,0.28280431318630866,72.89064098173698,19.082391659742736
278080,2111280,7.164400294651815,0.2921790905286763,72.89083096994801,19.082393834679454
278100,2111280,6.826162375163519,0.3021364950014894,72.89102095818488,19.082396009420588
278120,2111280,6.485235960435115,0.3126412861757013,72.89121094644754,19.08239818396615
276620,2111300,6.473493789213554,0.31058612003567027,72.87695959595553,19.08241517769505
276640,2111300,6.139317005186195,0.284900548103463,72.8771495825081,19.082417366735385
276660,2111300,5.789038445860822,0.2562686552588526,72.87733956908666,19.082419555580152
276680,2111300,5.435724278471974,0.2260415971409028,72.8775295556912,19.082421744229347
276700,2111300,5.101269757992111,0.1978256654852359,72.87771954232169,19.08242393268297
276720,2111300,4.809671186241308,0.1777629135785105,72.87790952897815,19.08242612094102
276740,2111300,4.563344940541006,0.16984148392735163,72.87809951566057,19.082428309003493
276760,2111300,4.314667681553893,0.16808342378817395,72.87828950236896,19.082430496870398
276780,2111300,4.0712976732971295,0.17315749140191314,72.87847948910331,19.082432684541732
276800,2111300,3.9156676305227025,0.19149176087828598,72.87866947586362,19.082434872017487
276820,2111300,3.883230695547936,0.21528130466147893,72.87885946264986,19.08243705929768
276840,2111300,3.96077929761916,0.23021297970769658,72.87904944946207,19.08243924638229
276860,2111300,4.146512929640629,0.23536162797916893,72.87923943630024,19.082441433271324
276880,2111300,4.421574768096077,0.2316908090844116,72.87942942316434,19.082443619964792
276900,2111300,4.735054318208737,0.21311664333561672,72.8796194100544,19.082445806462683
276920,2111300,5.070071384315907,0.18748767381353465,72.87980939697039,19.082447992765
276940,2111300,5.3859941996947684,0.16286658049335265,72.87999938391233,19.082450178871746
276960,2111300,5.61936037793289,0.14641078045542016,72.88018937088022,19.08245236478292
276980,2111300,5.6958904283777665,0.14304677495814266,72.88037935787402,19.082454550498515
277000,2111300,5.552461482869188,0.15247407083330022,72.88056934489377,19.082456736018536
277020,2111300,5.197483507064247,0.17259404946576665,72.88075933193944,19.082458921342987
277040,2111300,4.746194313197062,0.19457545170251994,72.88094931901105,19.08246110647186
277060,2111300,4.33126047840513,0.2034607765314009,72.8811393061086,19.082463291405155
277080,2111300,4.012940715121668,0.19789265809771314,72.88132929323206,19.082465476142886
277100,2111300,3.7898326177124595,0.18998445631680952,72.88151928038143,19.082467660685033
277120,2111300,3.6579497042229003,0.19063778450065968,72.88170926755673,19.082469845031614
277140,2111300,3.6162239233207,0.2015984435903585,72.88189925475795,19.082472029182615
277160,2111300,3.6640415689915513,0.2142676466500854,72.88208924198508,19.082474213138035
277180,2111300,3.797840006007724,0.21672193539111817,72.88227922923814,19.08247639689789
277200,2111300,4.005392787889618,0.20916645893595576,72.88246921651708,19.082478580462165
277220,2111300,4.272036736905853,0.20172093375781885,72.88265920382196,19.082480763830866
277240,2111300,4.581556396482801,0.20301850532355847,72.88284919115273,19.08248294700399
277260,2111300,4.913684129621109,0.21409511864325798,72.88303917850939,19.082485129981542
277280,2111300,5.244433831921012,0.23010971188260942,72.88322916589199,19.08248731276351
277300,2111300,5.547979917670016,0.2456644313209821,72.88341915330047,19.082489495349908
277320,2111300,5.799924161809755,0.2574825907356221,72.88360914073483,19.08249167774073
277340,2111300,5.98098709098781,0.26395881911057495,72.8837991281951,19.082493859935973
277360,2111300,6.079080698564812,0.2641860151815978,72.88398911568126,19.082496041935645
277380,2111300,6.089182534773623,0.2574676751035009,72.8841791031933,19.08249822373974
277400,2111300,6.011577627774079,0.24316348945279528,72.88436909073124,19.082500405348252
277420,2111300,5.85051197806252,0.2210138988022427,72.88455907829507,19.082502586761198
277440,2111300,5.620279635884477,0.19294246747615626,72.88474906588478,19.08250476797856
277460,2111300,5.361588382562389,0.1662451145083019,72.88493905350036,19.082506949000344
277480,2111300,5.140412896177968,0.1510751289668067,72.88512904114182,19.08250912982655
277500,2111300,5.019655178776891,0.14704310440728607,72.88531902880916,19.082511310457186
277520,2111300,5.0266205674035564,0.14724169347776786,72.88550901650238,19.082513490892246
277540,2111300,5.1387833976715,0.160135058111823,72.88569900422146,19.082515671131723
277560,2111300,5.323802427365872,0.18774546733119526,72.88588899196641,19.082517851175623
277580,2111300,5.556574926470946,0.22116545034746687,72.88607897973723,19.08252003102395
277600,2111300,5.823983417488001,0.2493813991769854,72.88626896753392,19.082522210676697
277620,2111300,6.123192758348829,0.26457684003503384,72.88645895535646,19.082524390133866
277640,2111300,6.452754754500466,0.2661295990423841,72.88664894320488,19.08252656939546
277660,2111300,6.808036113868103,0.2592246160306812,72.88683893107914,19.082528748461467
277680,2111300,7.181892282559837,0.2502027275122043,72.88702891897925,19.082530927331906
277700,2111300,7.56556222023551,0.2430435857996472,72.88721890690523,19.082533106006764
277720,2111300,7.949156335973769,0.23845447543068687,72.88740889485705,19.08253528448604
277740,2111300,8.323396779840749,0.23559899397678497,72.88759888283472,19.082537462769743
277760,2111300,8.682637208661275,0.23429693618872346,72.88778887083824,19.08253964085786
277780,2111300,9.02469561591819,0.2355870193917466,72.8879788588676,19.082541818750403
277800,2111300,9.3467016983059,0.2404939923575953,72.8881688469228,19.082543996447374
277820,2111300,9.641594419329815,0.2486075107942845,72.88835883500384,19.082546173948757
277840,2111300,9.897187847086593,0.2577672821034597,72.88854882311071,19.082548351254562
277860,2111300,10.096597991308427,0.2647989709793959,72.88873881124343,19.08255052836479
277880,2111300,10.218572299306715,0.26656053466093743,72.88892879940197,19.08255270527944
277900,2111300,10.236305097844216,0.2608469875367869,72.88911878758634,19.082554881998508
277920,2111300,10.120226529645688,0.24805038799501397,72.88930877579652,19.082557058522003
277940,2111300,9.87299326292846,0.23594824951287352,72.88949876403257,19.082559234849914
277960,2111300,9.53831225860585,0.23666463376843463,72.8896887522944,19.082561410982244
277980,2111300,9.165579877935485,0.25217537006559265,72.88987874058206,19.082563586918997
278000,2111300,8.812193037391468,0.26712515172695794,72.89006872889556,19.082565762660167
278020,2111300,8.48505576524616,0.27405822340438707,72.89025871723484,19.082567938205756
278040,2111300,8.16539880167437,0.27730502491362546,72.89044870559997,19.082570113555768
278060,2111300,7.842809444820361,0.2802204665445935,72.89063869399088,19.082572288710203
278080,2111300,7.513234913259673,0.2844330759760306,72.89082868240763,19.082574463669054
278100,2111300,7.176719949925708,0.2903297992851079,72.89101867085016,19.08257663843232
278120,2111300,6.8352466974016926,0.2977426356629862,72.89120865931851,19.082578813000016
278140,2111300,6.491434904104723,0.30636165592888637,72.89139864781265,19.082580987372125
276620,2111320,5.957582229192633,0.2698712946694854,72.87695729337463,19.08259580505971
276640,2111320,5.6083297835512,0.242008184740525,72.87714728013289,19.082597994122327
276660,2111320,5.250352345355379,0.2139119838120177,72.87733726691712,19.082600182989367
276680,2111320,4.900676746349431,0.1884644937827073,72.87752725372732,19.082602371660837
276700,2111320,4.588685357264942,0.1694008956635218,72.8777172405635,19.082604560136733
276720,2111320,4.349539313844489,0.16024074737418034,72.87790722742562,19.082606748417057
276740,2111320,4.188204884793674,0.1588031976312629,72.87809721431373,19.082608936501803
276760,2111320,4.038769410849363,0.15791509677999055,72.87828720122779,19.08261112439097
276780,2111320,3.9010375468815393,0.16618446853884336,72.87847718816782,19.082613312084572
276800,2111320,3.8240667388020313,0.185723262288096,72.8786671751338,19.08261549958259
276820,2111320,3.8366256537501995,0.20723157382490698,72.87885716212574,19.082617686885037
276840,2111320,3.949183464988159,0.22134047388897202,72.87904714914362,19.082619873991906
276860,2111320,4.168281896544337,0.22547277214537648,72.87923713618747,19.0826220609032
276880,2111320,4.485154816168441,0.21897205433326086,72.87942712325726,19.082624247618927
276900,2111320,4.87301935763879,0.20073648362868973,72.87961711035298,19.08262643413907
276920,2111320,5.3068442474503525,0.1760079460918817,72.87980709747465,19.082628620463638
276940,2111320,5.7418938543073565,0.15279216834297654,72.87999708462226,19.082630806592633
276960,2111320,6.104637225066912,0.13832935046703992,72.88018707179583,19.082632992526054
276980,2111320,6.297360940034893,0.13566961193989738,72.88037705899532,19.082635178263892
277000,2111320,6.202411066647556,0.13940330796632278,72.88056704622073,19.082637363806157
277020,2111320,5.810658918092959,0.1482261384825867,72.8807570334721,19.08263954915285
277040,2111320,5.283959664072991,0.1615621265527261,72.88094702074937,19.082641734303966
277060,2111320,4.770017243625313,0.17111678098731553,72.88113700805259,19.082643919259496
277080,2111320,4.351982486944039,0.17356820948201743,72.88132699538174,19.08264610401946
277100,2111320,4.058252239475701,0.17460177747886482,72.88151698273678,19.082648288583844
277120,2111320,3.886266855214065,0.18173681009070794,72.88170697011778,19.082650472952647
277140,2111320,3.8193400295455495,0.19702970341494563,72.88189695752467,19.08265265712588
277160,2111320,3.8376120820276056,0.2142657862074893,72.88208694495749,19.082654841103537
277180,2111320,3.9264001178830483,0.22010600652480566,72.8822769324162,19.08265702488561
277200,2111320,4.069513103426937,0.2132676025691452,72.88246691990085,19.08265920847211
277220,2111320,4.25795718946245,0.2056487752918716,72.8826569074114,19.082661391863027
277240,2111320,4.4835827787145375,0.2074693236204399,72.88284689494785,19.082663575058376
277260,2111320,4.733945540034394,0.2182310073423972,72.8830368825102,19.082665758058138
277280,2111320,4.991926940567286,0.23156642953801373,72.88322687009845,19.082667940862326
277300,2111320,5.235400916277878,0.24221106504735473,72.88341685771262,19.08267012347094
277320,2111320,5.440654041187259,0.24853292817932846,72.88360684535267,19.082672305883975
277340,2111320,5.588678808849712,0.25026978886812595,72.88379683301862,19.08267448810143
277360,2111320,5.668030232108495,0.24707572422087226,72.88398682071046,19.082676670123302
277380,2111320,5.67475131253514,0.23835722824193253,72.8841768084282,19.082678851949606
277400,2111320,5.611644966251121,0.22350340832049523,72.88436679617182,19.082681033580318
277420,2111320,5.489087777626877,0.20264704736635847,72.88455678394132,19.082683215015464
277440,2111320,5.329694098061556,0.17853549149721487,72.8847467717367,19.08268539625503
277460,2111320,5.174702732158462,0.15884147881155686,72.88493675955797,19.082687577299012
277480,2111320,5.0835868329418386,0.1522152742052312,72.88512674740512,19.08268975814742
277500,2111320,5.118940138531163,0.1519670055123273,72.88531673527814,19.082691938800245
277520,2111320,5.2912760001157935,0.1517021374423491,72.88550672317703,19.08269411925749
277540,2111320,5.559022124700893,0.16479343168570315,72.8856967111018,19.08269629951916
277560,2111320,5.880743978108115,0.19222880467329767,72.88588669905243,19.08269847958525
277580,2111320,6.2254680411876295,0.22400503566083124,72.88607668702893,19.08270065945576
277600,2111320,6.574455294360103,0.2506654345244237,72.8862666750313,19.08270283913069
277620,2111320,6.9204797257196,0.26687804247389196,72.88645666305953,19.08270501861004
277640,2111320,7.263408703671904,0.2720636663838664,72.88664665111362,19.082707197893804
277660,2111320,7.605288930790483,0.2692234638274456,72.88683663919358,19.082709376982006
277680,2111320,7.947277917996122,0.2625019461737285,72.88702662729936,19.082711555874607
277700,2111320,8.288268881310957,0.25510345384499683,72.88721661543103,19.082713734571644
277720,2111320,8.624890141716527,0.24853983694586926,72.88740660358852,19.08271591307309
277740,2111320,8.95269183524171,0.24322395563997687,72.88759659177188,19.082718091378965
277760,2111320,9.267605103498152,0.23948645264840335,72.88778657998108,19.082720269489254
277780,2111320,9.566015812061282,0.2379612051950518,72.88797656821613,19.082722447403963
277800,2111320,9.843168442423417,0.23909085130546034,72.888166556477,19.08272462512309
277820,2111320,10.091388443931608,0.2423919233206842,72.88835654476374,19.08272680264664
277840,2111320,10.299223655814641,0.24622472061709658,72.8885465330763,19.082728979974604
277860,2111320,10.451415235691027,0.24824887897837145,72.88873652141469,19.082731157106995
277880,2111320,10.529282740552215,0.24629812779847185,72.88892650977891,19.082733334043795
277900,2111320,10.512211181494136,0.2395766107437245,72.88911649816897,19.08273551078502
277920,2111320,10.384623555591686,0.23058565168662207,72.88930648658484,19.082737687330663
277940,2111320,10.150328061216161,0.2267375212930512,72.88949647502655,19.08273986368072
277960,2111320,9.836006704348584,0.23605174277189897,72.88968646349407,19.0827420398352
277980,2111320,9.48201422636616,0.25693460767413,72.88987645198743,19.082744215794097
278000,2111320,9.1384889757069665,0.27465636880643085,72.89006644050662,19.082746391557414
278020,2111320,8.825142682218095,0.2790597189262261,72.89025642905159,19.082748567125147
278040,2111320,8.517880248591752,0.27731908189644056,72.89044641762239,19.082750742497296
278060,2111320,8.202134252906868,0.27540936964061147,72.890636406219,19.082752917673872
278080,2111320,7.87495614524928,0.27549746598148256,72.89082639484141,19.082755092654857
278100,2111320,7.538102872749708,0.278046755141254,72.89101638348964,19.08275726744026
278120,2111320,7.194934993979317,0.2828092292531761,72.89120637216367,19.082759442030078
278140,2111320,6.848937216692271,0.28934219073776735,72.8913963608635,19.082761616424317
278160,2111320,6.503530174939018,0.2972631345243964,72.89158634958912,19.082763790622977
276620,2111340,5.507907611338461,0.2359319419272424,72.87695499076777,19.082776432420566
276640,2111340,5.1498254058772455,0.20719828270562918,72.87714497773169,19.082778621505458
276660,2111340,4.784413057783727,0.18146401063829443,72.87733496472161,19.08278081039478
276680,2111340,4.426749538343364,0.16297132991879715,72.8775249517375,19.082782999088526
276700,2111340,4.109592222265571,0.15280602237092938,72.87771493877933,19.082785187586694
276720,2111340,3.883531544919075,0.14735419366738112,72.87790492584716,19.082787375889286
276740,2111340,3.7768812131521243,0.1406358605072515,72.87809491294094,19.082789563996304
276760,2111340,3.7177223231160705,0.13904875483527002,72.87828490006068,19.082791751907738
276780,2111340,3.6719378170760137,0.15036008183874708,72.87847488720638,19.082793939623603
276800,2111340,3.659873695355051,0.17029487715065536,72.87866487437805,19.082796127143883
276820,2111340,3.7099170305485605,0.18985793509478285,72.87885486157566,19.082798314468594
276840,2111340,3.846579371168705,0.20264513926362832,72.87904484879923,19.082800501597724
276860,2111340,4.0888183366344375,0.20618289498384348,72.87923483604874,19.08280268853128
276880,2111340,4.443964735257639,0.1998661320215985,72.8794248233242,19.082804875269254
276900,2111340,4.903837498000621,0.18435435765858338,72.87961481062561,19.082807061811653
276920,2111340,5.4429761670665,0.16343185309288538,72.87980479795297,19.082809248158473
276940,2111340,6.008123990014832,0.14388731123468618,72.87999478530628,19.082811434309715
276960,2111340,6.512292687962029,0.13303074926923844,72.88018477268551,19.08281362026538
276980,2111340,6.836029415868631,0.13250946617785908,72.88037476009067,19.08281580602547
277000,2111340,6.812564798923478,0.1321037047149833,72.88056474752179,19.082817991589973
277020,2111340,6.3880799304603535,0.1278739017489479,72.88075473497882,19.082820176958904
277040,2111340,5.7801602866390125,0.13253253748603508,72.88094472246179,19.08282236213226
277060,2111340,5.167970292954092,0.14229924082305162,72.88113470997068,19.082824547110032
277080,2111340,4.665006757031588,0.15097396655091277,72.8813246975055,19.08282673189223
277100,2111340,4.320000483208693,0.15871074929831772,72.88151468506624,19.08282891647885
277120,2111340,4.129648693477353,0.16868425025956651,72.8817046726529,19.082831100869885
277140,2111340,4.059341646829409,0.18211783753386732,72.88189466026549,19.082833285065345
277160,2111340,4.065700021303771,0.19599641264004952,72.88208464790398,19.082835469065227
277180,2111340,4.114890936342327,0.20441951775636272,72.8822746355684,19.082837652869525
277200,2111340,4.192247219142293,0.20293458828757788,72.8824646232587,19.08283983647825
277220,2111340,4.301087809297447,0.20087377883867005,72.88265461097492,19.08284201989139
277240,2111340,4.443944984758269,0.20748171610110278,72.88284459871707,19.082844203108955
277260,2111340,4.615802713012222,0.22105046249611482,72.88303458648511,19.082846386130942
277280,2111340,4.806642137166902,0.2334713968071429,72.88322457427904,19.082848568957345
277300,2111340,4.99616307921864,0.23970390348927054,72.88341456209889,19.08285075158817
277320,2111340,5.157996475316244,0.2412193030900721,72.88360454994462,19.08285293402341
277340,2111340,5.273281788140549,0.2391925284114778,72.88379453781624,19.082855116263076
277360,2111340,5.332460653311018,0.23385151188849648,72.88398452571379,19.08285729830716
277380,2111340,5.334362371934496,0.22498648041956973,72.88417451363719,19.082859480155662
277400,2111340,5.285602224237983,0.21233484771281552,72.88436450158649,19.08286166180859
277420,2111340,5.201456800059586,0.1962877233564191,72.88455448956168,19.082863843265933
277440,2111340,5.108729970366439,0.17923641870478618,72.88474447756275,19.082866024527693
277460,2111340,5.048898665911016,0.16695876057742973,72.8849344655897,19.082868205593872
277480,2111340,5.078266788085995,0.1655426755972556,72.88512445364253,19.082870386464474
277500,2111340,5.266712627839146,0.1646208266154713,72.88531444172123,19.0828725671395
277520,2111340,5.607355399298803,0.161976813192452,72.885504429825815,19.082874747618934
277540,2111340,6.030454446758306,0.17749631182833744,72.88569441795626,19.082876927902795
277560,2111340,6.486510639269312,0.2077908435903823,72.8858844061126,19.082879107991072
277580,2111340,6.936806922440853,0.240884951588281,72.88607439429477,19.082881287883765
277600,2111340,7.355986603562394,0.267784918320311,72.88626438250283,19.082883467580878
277620,2111340,7.734544445546475,0.2842731960761591,72.88645437073673,19.08288564708241
277640,2111340,8.076359233158636,0.2901163120399328,72.8866443589965,19.08288782638836
277660,2111340,8.391899565068554,0.2876683586214142,72.88683434728215,19.082890005498733
277680,2111340,8.691551472028486,0.28021076948744894,72.88702433559362,19.082892184413513
277700,2111340,8.982018273482636,0.27063244175454904,72.88721432393096,19.08289436313272
277720,2111340,9.265712615907,0.260852353189989,72.88740431229415,19.082896541656343
277740,2111340,9.541798944061323,0.251955569834682,72.8875943006832,19.082898719984378
277760,2111340,9.807510382341686,0.2446286169077457,72.88778428909808,19.082900898116836
277780,2111340,10.058741282632619,0.23938814536319947,72.88797427753882,19.082903076053714
277800,2111340,10.2897314047293,0.23640810512512156,72.88816426600538,19.082905253795
277820,2111340,10.492408931873968,0.23518923602249922,72.88835425449778,19.08290743134072
277840,2111340,10.656003292752672,0.23447429915036883,72.88854424301603,19.08290960869084
277860,2111340,10.767188327194933,0.23261228657181166,72.88873423156011,19.082911785845386
277880,2111340,10.810968609858563,0.22833228651269907,72.88892422013002,19.082913962804348
277900,2111340,10.773099570933638,0.22187186872536382,72.88911420872576,19.082916139567722
277920,2111340,10.645249338486346,0.21626562997752344,72.88930419734734,19.082918316135522
277940,2111340,10.431319162704709,0.2173254783539521,72.88949418599474,19.082920492507732
277960,2111340,10.149177495473896,0.2296288824605955,72.88968417466795,19.082922668684354
277980,2111340,9.827024731387969,0.2504670465230811,72.88987416336698,19.082924844665396
278000,2111340,9.50083767701658,0.26871808256647156,72.89006415209184,19.082927020450857
278020,2111340,9.200355999959205,0.2723275305709947,72.89025414084252,19.08292919604073
278040,2111340,8.898360716016501,0.2693010924446819,72.890444129619,19.082931371435023
278060,2111340,8.582663966561109,0.2655922429301666,72.89063411842129,19.082933546633733
278080,2111340,8.252729485678172,0.26366526995834266,72.8908241072494,19.082935721636854
278100,2111340,7.9122173580180055,0.2642627017620818,72.89101409610332,19.08293789644439
278120,2111340,7.565715721109646,0.26725727134230426,72.89120408498303,19.082940071056345
278140,2111340,7.217233198178026,0.2722233552039124,72.89139407388855,19.082942245472715
278160,2111340,6.86973558223332,0.27876214591687415,72.89158406281986,19.082944419693497
278180,2111340,6.552851602466942,0.286640155885443,72.89177405177699,19.0829465937187
276620,2111360,5.148556767489106,0.2090532013405272,72.87695268813492,19.08295705977762
276640,2111360,4.795608053350022,0.18017032400097974,72.87714267530454,19.082959248884798
276660,2111360,4.434280849865699,0.15834762006504835,72.87733266250014,19.082961437796396
276680,2111360,4.073197772098818,0.14943966292866695,72.8775226497217,19.082963626512417
276700,2111360,3.746256406497186,0.14958324959021863,72.87771263696922,19.082965815032857
276720,2111360,3.5300497220815106,0.14552096110886137,72.87790262424272,19.08296800335772
276740,2111360,3.4640698383378115,0.1322737874451203,72.87809261154217,19.082970191487004
276760,2111360,3.4606609916401676,0.12669416172329526,72.8782825988676,19.082972379420706
276780,2111360,3.468191584918937,0.1364610241170402,72.87847258621899,19.082974567158832
276800,2111360,3.4900592435118707,0.1542842393014522,72.87866257359633,19.082976754701384
276820,2111360,3.5527034477350385,0.17130030034190133,72.87885256099963,19.08297894204835
276840,2111360,3.6898132133121377,0.1826676461253453,72.87904254842887,19.082981129199744
276860,2111360,3.9342584256601687,0.1866040193704821,72.87923253588407,19.082983316155552
276880,2111360,4.310381588851757,0.1826892997083084,72.87942252336522,19.082985502915783
276900,2111360,4.8256510246427196,0.17129472315535665,72.8796125108723,19.082987689480436
276920,2111360,5.459379395607511,0.15458786100140737,72.87980249840535,19.082989875849506
276940,2111360,6.148406860983851,0.13821564183392016,72.87999248596434,19.082992062023003
276960,2111360,6.78356441652085,0.1298466921409674,72.88018247354925,19.082994248000915
276980,2111360,7.215573757759882,0.1307624287194517,72.8803724611601,19.082996433783247
277000,2111360,7.254941934993007,0.12939006506399045,72.8805624487969,19.082998619369995
277020,2111360,6.824605189965817,0.11919632716999035,72.88075243645962,19.08300080476117
277040,2111360,6.146748949187263,0.11669338617997538,72.88094242414826,19.08300298995676
277060,2111360,5.450333374699271,0.1254128189706111,72.88113241186284,19.083005174956774
277080,2111360,4.889346718111828,0.1373260920384116,72.88132239960335,19.083007359761204
277100,2111360,4.5311266844317,0.1476910929036067,72.88151238736977,19.083009544370054
277120,2111360,4.3653962948775,0.15586790221501323,72.8817023751621,19.083011728783326
277140,2111360,4.3322833953955815,0.16214482529959717,72.88189236298038,19.08301391300101
277160,2111360,4.357414063943493,0.16716101556689952,72.88208235082456,19.08301609702312
277180,2111360,4.383767710812142,0.17207553811040677,72.88227233869465,19.083018280849647
277200,2111360,4.395872994193496,0.17781089043629225,72.88246232659066,19.083020464480594
277220,2111360,4.421944868412065,0.18656237288147406,72.88265231451255,19.083022647915957
277240,2111360,4.482892573726338,0.19987880099636574,72.88284230246038,19.083024831155743
277260,2111360,4.580286450183492,0.21744211979767195,72.8830322904341,19.08302701419994
277280,2111360,4.710136474224612,0.23037754841153807,72.88322227843373,19.083029197048564
277300,2111360,4.851206773007797,0.23373043226854495,72.88341226645925,19.083031379701602
277320,2111360,4.971468905515925,0.2327598210622044,72.88360225451068,19.083033562159052
277340,2111360,5.053580194626816,0.22908186200694697,72.883792242588,19.083035744420926
277360,2111360,5.091199575618888,0.22356747200334712,72.88398223069119,19.08303792648722
277380,2111360,5.087244325349463,0.21670979280984914,72.8841722188203,19.083040108357928
277400,2111360,5.052609698208451,0.20876859096468534,72.88436220697528,19.083042290033056
277420,2111360,5.006431616376321,0.20005006717984164,72.88455219515616,19.083044471512604
277440,2111360,4.978231445912588,0.19121140053989918,72.88474218336292,19.08304665279656
277460,2111360,5.011095964864909,0.1832774666575081,72.88493217159555,19.08304883388494
277480,2111360,5.165745421243356,0.1762640245720847,72.88512215985406,19.08305101477774
277500,2111360,5.5004892219056485,0.16874788218868803,72.88531214813847,19.083053195474953
277520,2111360,5.985629036401143,0.17155612790833064,72.88550213644874,19.083055375976585
277540,2111360,6.549275943601312,0.19557302068400406,72.88569212478487,19.083057556282633
277560,2111360,7.129255762135033,0.23310737635480927,72.88588211314686,19.083059736393096
277580,2111360,7.674282124122988,0.2707007854207869,72.88607210153474,19.083061916307972
277600,2111360,8.148976649991043,0.2991370136817256,72.88626208994847,19.08306409602727
277620,2111360,8.54213131430973,0.3147206131249708,72.88645207838807,19.083066275550987
277640,2111360,8.865430943926652,0.3181561909193623,72.88664206685354,19.08306845487912
277660,2111360,9.14103968300931,0.31250115495053543,72.88683205534485,19.083070634011662
277680,2111360,9.389538734431758,0.3013031915079374,72.88702204386203,19.083072812948622
277700,2111360,9.62470370146251,0.2875685658992234,72.88721203240506,19.083074991690008
277720,2111360,9.853313398068998,0.27343481334470937,72.88740202097394,19.083077170235796
277740,2111360,10.076847334452454,0.26026106305958785,72.88759200956866,19.083079348586004
277760,2111360,10.29327898984602,0.24887100790923292,72.88778199818924,19.083081526740628
277780,2111360,10.498236090319553,0.2397125492555713,72.88797198683565,19.08308370469967
277800,2111360,10.685454499869673,0.23283140145254838,72.88816197550791,19.083085882463127
277820,2111360,10.846844081990014,0.2277614488821049,72.88835196420601,19.083088060031
277840,2111360,10.97257627510876,0.22354937646434395,72.88854195292994,19.083090237403283
277860,2111360,11.051521100543138,0.21907001153783875,72.88873194167971,19.083092414579987
277880,2111360,11.07234319034636,0.21364969785515028,72.88892193045531,19.0830945915611
277900,2111360,11.025626682552815,0.20789649999462143,72.88911191925675,19.083096768346632
277920,2111360,10.907047832756886,0.20435410790749997,72.88930190808401,19.08309894493658
277940,2111360,10.720332697769123,0.2069103943799007,72.88949189693709,19.083101121330937
277960,2111360,10.47791398348799,0.21790281836637185,72.88968188581599,19.08310329752971
277980,2111360,10.198983089722303,0.23465447870626577,72.88987187472073,19.0831054735329
278000,2111360,9.906011043800888,0.24936696140357734,72.89006186365125,19.083107649340505
278020,2111360,9.611245464767636,0.25537156369385294,72.89025185260762,19.083109824952523
278040,2111360,9.305638129357943,0.25442813517373275,72.8904418415898,19.083112000368953
278060,2111360,8.982697042633674,0.25129782085275,72.89063183059778,19.0831141755898
278080,2111360,8.644808232843884,0.24908544695480817,72.89082181963158,19.08311635061506
278100,2111360,8.297691362667104,0.24899037269915658,72.89101180869118,19.08311852544473
278120,2111360,7.9469367081135145,0.2510894240046731,72.89120179777659,19.083120700078812
278140,2111360,7.596591644682107,0.25503796412645496,72.89139178688781,19.08312287451731
278160,2111360,7.24898112186092,0.2604852848074135,72.89158177602481,19.083125048760223
278180,2111360,6.905207470896915,0.2672583002867697,72.89177176518761,19.08312722280755
276620,2111380,4.900267863369993,0.18638387894962677,72.87695038547609,19.083137687130872
276640,2111380,4.573855187767113,0.15680744257103,72.8771403728514,19.083139876260326
276660,2111380,4.237632016274707,0.1396017421043282,72.87733036025267,19.083142065194203
276680,2111380,3.895047133205992,0.141166535811353,72.87752034767992,19.0831442539325
276700,2111380,3.5811632873840726,0.15178964579345158,72.87771033513313,19.08314644247521
276720,2111380,3.3827789447985213,0.152960156164363,72.87790032261232,19.083148630822343
276740,2111380,3.3321834690498155,0.13940452494865085,72.87809031011746,19.0831508189739
276760,2111380,3.341932467283394,0.12972988862393123,72.87828029764856,19.08315300692987
276780,2111380,3.3581277678757275,0.13336715474490482,72.87847028520564,19.08315519469026
276800,2111380,3.3749317774241527,0.14524722022183828,72.87866027278866,19.083157382255074
276820,2111380,3.4165459369944537,0.15797351694341316,72.87885026039764,19.083159569624303
276840,2111380,3.5230630466721973,0.1676459101001918,72.87904024803257,19.083161756797956
276860,2111380,3.740390372904364,0.1728203062979144,72.87923023569346,19.083163943776015
276880,2111380,4.109360831543228,0.17275220499085822,72.87942022338028,19.08316613055851
276900,2111380,4.653666075051536,0.16637225920194282,72.87961021109307,19.08316831714541
276920,2111380,5.363140533445678,0.1529519224025106,72.87980019883179,19.083170503536735
276940,2111380,6.163819703419783,0.13689314858957052,72.87999018659646,19.083172689732475
276960,2111380,6.916731320595966,0.1279749742702982,72.88018017438706,19.08317487573264
276980,2111380,7.445711082977084,0.1294979339860506,72.88037016220359,19.083177061537217
277000,2111380,7.5472651160850965,0.12981683399930685,72.88056015004608,19.083179247146212
277020,2111380,7.103724061587052,0.1165588004850732,72.88075013791448,19.083181432559627
277040,2111380,6.353378010591896,0.11107619053555251,72.8809401258088,19.083183617777454
277060,2111380,5.5826996713809,0.12115536979804523,72.88113011372907,19.083185802799704
277080,2111380,4.993225794803623,0.13523467576688847,72.88132010167526,19.08318798762637
277100,2111380,4.669319935793013,0.14567820199899628,72.88151008964736,19.083190172257453
277120,2111380,4.583627906105784,0.15024061734937458,72.8817000776454,19.083192356692955
277140,2111380,4.640425740086847,0.1481800867969278,72.88189006566935,19.083194540932872
277160,2111380,4.726909403432679,0.14145721518919532,72.8820800537192,19.08319672497721
277180,2111380,4.755761314416185,0.13821636655433486,72.882270041795,19.083198908825963
277200,2111380,4.705846605997956,0.1481673441167873,72.88246002989668,19.083201092479133
277220,2111380,4.640793449401568,0.1649059405203668,72.88265001802428,19.083203275936718
277240,2111380,4.616365202246505,0.18321493277319664,72.8828400061778,19.083205459198723
277260,2111380,4.648688287560644,0.20188718404962894,72.8830299943572,19.08320764226514
277280,2111380,4.725618653781175,0.2157102659719621,72.88321998256251,19.083209825135974
277300,2111380,4.818221516378669,0.22147121430987027,72.88340997079372,19.083212007811227
277320,2111380,4.895737125913821,0.22156299563392687,72.88359995905084,19.083214190290896
277340,2111380,4.9419641674279156,0.21855329184448416,72.88378994733384,19.08321637257497
277360,2111380,4.954835871276414,0.21457636083670206,72.88397993564273,19.08321855466347
277380,2111380,4.9426151980128274,0.21113745934921493,72.88416992397752,19.083220736556388
277400,2111380,4.920765908869802,0.20911410115795623,72.8843599123382,19.08322291825372
277420,2111380,4.911307223481277,0.20878605487946117,72.88454990072476,19.083225099755467
277440,2111380,4.945013440825586,0.209379370292229,72.8847398891372,19.083227281061628
277460,2111380,5.0657986798319055,0.20819608731637548,72.88492987757553,19.083229462172206
277480,2111380,5.33583109771906,0.20013231414079652,72.88511986603973,19.0832316430872
277500,2111380,5.798439870135815,0.1870679707358123,72.88530985452981,19.083233823806605
277520,2111380,6.4089188295484085,0.19052781269176677,72.88549984304576,19.083236004330427
277540,2111380,7.094459486760224,0.2208020552523094,72.8856898315876,19.083238184658665
277560,2111380,7.784744689882387,0.2658642887126126,72.88587982015528,19.083240364791315
277580,2111380,8.412769345532283,0.30914453217730076,72.88606980874884,19.083242544728382
277600,2111380,8.926371106738872,0.3392303385846406,72.88625979736828,19.08324472446986
277620,2111380,9.312276476461198,0.35216747109101354,72.88644978601357,19.08324690401576
277640,2111380,9.597335536551201,0.3504402259215831,72.88663977468471,19.083249083366066
277660,2111380,9.820509416635645,0.33891755514112804,72.88682976338173,19.083251262520793
277680,2111380,10.012606877712127,0.3220179636705687,72.88701975210458,19.08325344147993
277700,2111380,10.1923393760114,0.3029984641125092,72.88720974085331,19.083255620243477
277720,2111380,10.368632507214713,0.28405117043871636,72.88739972962787,19.08325779881145
277740,2111380,10.543704093177253,0.2665496643744318,72.88758971842829,19.08325997718383
277760,2111380,10.715496967755618,0.2512794373036245,72.88777970725455,19.083262155360618
277780,2111380,10.879272838443224,0.23858985116865897,72.88796969610667,19.083264333341827
277800,2111380,11.028512261926187,0.22844744760387897,72.8881596849846,19.083266511127444
277820,2111380,11.155406868878929,0.2204443649086002,72.88834967388838,19.08326868871748
277840,2111380,11.25126520492214,0.21387386076255807,72.88853966281802,19.083270866111924
277860,2111380,11.30711537012705,0.2079715071828736,72.88872965177347,19.083273043310783
277880,2111380,11.314724198658395,0.20234197196840462,72.88891964075476,19.083275220314057
277900,2111380,11.268123510296151,0.1974708602541484,72.88910962976189,19.083277397121744
277920,2111380,11.165386770731384,0.19501341788413262,72.88929961879484,19.083279573733837
277940,2111380,11.00986347499525,0.19728588418086615,72.88948960785362,19.08328175015035
277960,2111380,10.809899953642645,0.20561227387292186,72.88967959693821,19.083283926371266
277980,2111380,10.576548152019953,0.21847923783983936,72.88986958604863,19.083286102396603
278000,2111380,10.318716018507255,0.23130075173422204,72.89005957518486,19.08328827822635
278020,2111380,10.036607370866294,0.23845238227067694,72.89024956434692,19.08329045386051
278040,2111380,9.72658793230893,0.23843972484704307,72.89043955353478,19.08329262929908
278060,2111380,9.392923589292522,0.23557344203569727,72.89062954274847,19.083294804542067
278080,2111380,9.044421919670883,0.23336729244412166,72.89081953198794,19.083296979589456
278100,2111380,8.689922757325212,0.23310413322883008,72.89100952125325,19.083299154441267
278120,2111380,8.33605589707646,0.23482668692997066,72.89119951054434,19.08330132909748
278140,2111380,7.986408395065801,0.23814122039009383,72.89138949986125,19.08330350355811
278160,2111380,7.64193428828247,0.242695615802915,72.89157948920395,19.083305677823155
278180,2111380,7.3020684129202476,0.24839121673902273,72.89176947857244,19.083307851892606
278200,2111380,6.965975092719177,0.2554090970190148,72.89195946796674,19.083310025766465
276620,2111400,4.783750204332921,0.16132873724130165,72.8769480827913,19.08331831448032
276640,2111400,4.501762388824239,0.13166930977562882,72.8771380703723,19.083320503632052
276660,2111400,4.206437287876767,0.12071544145832706,72.87732805797926,19.083322692588204
276680,2111400,3.9040071993581336,0.1311858323623468,72.87751804561218,19.08332488134878
276700,2111400,3.6339584805655547,0.14830152003016403,72.87770803327108,19.083327069913764
276720,2111400,3.456484945373978,0.1569370098583424,72.87789802095594,19.08332925828317
276740,2111400,3.3952691069889043,0.15115161557965964,72.87808800866678,19.083331446456988
276760,2111400,3.3882464604049294,0.14299762350730524,72.87827799640357,19.08333363443523
276780,2111400,3.379193830893654,0.14162179848353987,72.87846798416633,19.083335822217887
276800,2111400,3.35838391137554,0.14588643911668867,72.87865797195504,19.083338009804965
276820,2111400,3.3489439132732333,0.15262037811569884,72.8788479597697,19.083340197196456
276840,2111400,3.3956711626442537,0.15983521812899812,72.87903794761031,19.083342384392363
276860,2111400,3.5569217113093305,0.16619010914413548,72.87922793547689,19.08334457139269
276880,2111400,3.889747753044496,0.17009373855756257,72.8794179233694,19.083346758197425
276900,2111400,4.43318429274212,0.16881781005505692,72.87960791128788,19.08334894480659
276920,2111400,5.1966719974006335,0.15747728467547747,72.87979789923229,19.083351131220162
276940,2111400,6.095612935342245,0.13858881715027024,72.87998788720263,19.083353317438156
276960,2111400,6.950965945567493,0.12582372981834286,72.88017787519892,19.08335550346056
276980,2111400,7.564501308927859,0.12478535077506026,72.88036786322115,19.083357689287386
277000,2111400,7.71661929649526,0.12387076503948564,72.88055785126932,19.083359874918624
277020,2111400,7.254329497303937,0.10938978767341684,72.8807478393434,19.083362060354276
277040,2111400,6.4246192635756625,0.10789962705881044,72.88093782744343,19.08336424559435
277060,2111400,5.582138459537372,0.12509209962269868,72.88112781556939,19.083366430638833
277080,2111400,4.990806685649383,0.14161158878165817,72.88131780372126,19.08336861548774
277100,2111400,4.748297141920308,0.15130186850227376,72.88150779189905,19.083370800141054
277120,2111400,4.793825483331648,0.15390456519836035,72.88169778010278,19.08337298459879
277140,2111400,4.9870196546671925,0.1482144409451605,72.8818877683324,19.08337516886093
277160,2111400,5.176468424496763,0.13451635368603912,72.88207775658798,19.083377352927496
277180,2111400,5.239995141417743,0.1214452502284471,72.88226774486944,19.083379536798475
277200,2111400,5.134341431296576,0.12437178809909898,72.8824577331768,19.083381720473866
277220,2111400,4.961734410379696,0.14153238236381224,72.88264772151011,19.083383903953674
277240,2111400,4.848891158877128,0.16139127591850513,72.8828377098693,19.083386087237898
277260,2111400,4.825383205949365,0.1804128441881817,72.8830276982544,19.083388270326534
277280,2111400,4.858119347638534,0.19665194751598805,72.8832176866654,19.083390453219582
277300,2111400,4.905595600230232,0.20635193447073547,72.8834076751023,19.08339263591705
277320,2111400,4.937931773534204,0.20886668165511718,72.8835976635651,19.083394818418927
277340,2111400,4.9426520485598235,0.2074066738852893,72.8837876520538,19.08339700072522
277360,2111400,4.924651926090375,0.20551837861924332,72.88397764056838,19.083399182835926
277380,2111400,4.8995819870385775,0.2054456173621946,72.88416762910886,19.083401364751044
277400,2111400,4.887783775637948,0.20848626577856885,72.88435761767522,19.083403546470585
277420,2111400,4.912696781016256,0.21533892692803258,72.88454760626747,19.08340572799453
277440,2111400,5.003837548472614,0.22506781787712934,72.8847375948856,19.083407909322887
277460,2111400,5.202017608626751,0.23325321711507804,72.88492758352963,19.083410090455665
277480,2111400,5.56507589538242,0.23089047561567322,72.8851175721995,19.083412271392856
277500,2111400,6.132021469077132,0.21552986951092692,72.88530756089528,19.083414452134456
277520,2111400,6.842761482536147,0.2166868111228012,72.88549754961694,19.083416632680468
277540,2111400,7.625694002845566,0.24926247973685603,72.88568753836445,19.083418813030892
277560,2111400,8.409342370172256,0.30021310839749943,72.88587752713784,19.083420993185737
277580,2111400,9.110951045911325,0.3494011153885418,72.88606751593709,19.083423173144986
277600,2111400,9.646708531278287,0.3805578796792954,72.88625750476221,19.08342535290865
277620,2111400,9.999002421604668,0.3884677684555434,72.88644749361319,19.083427532476733
277640,2111400,10.227040159882328,0.37938425956840927,72.88663748249003,19.083429711849217
277660,2111400,10.391419649270109,0.3607952754036484,72.88682747139272,19.083431891026116
277680,2111400,10.529411515791042,0.3378074571728689,72.88701746032129,19.083434070007435
277700,2111400,10.660631854120972,0.31367134331656593,72.88720744927569,19.083436248793156
277720,2111400,10.793493272485641,0.2904350482648956,72.88739743825596,19.083438427383296
277740,2111400,10.92944532307455,0.2693287554252553,72.88758742726206,19.083440605777845
277760,2111400,11.065718326358898,0.25099747282455087,72.88777741629401,19.083442783976807
277780,2111400,11.197076743280965,0.23565833361625635,72.88796740535182,19.08344496198018
277800,2111400,11.316899168588503,0.2232113500716135,72.88815739443545,19.08344713978796
277820,2111400,11.417860036169799,0.2133206629994524,72.88834738354494,19.083449317400156
277840,2111400,11.492472571356913,0.20549681060218133,72.88853737268026,19.083451494816757
277860,2111400,11.533706714658445,0.1992257488417097,72.88872736184142,19.083453672037773
277880,2111400,11.53580432449485,0.1941789076401767,72.8889173510284,19.083455849063206
277900,2111400,11.495254078810147,0.19047874334877954,72.88910734024121,19.083458025893044
277920,2111400,11.41164114186879,0.18888380510381936,72.88929732947986,19.08346020252729
277940,2111400,11.287832254138733,0.19064507864140284,72.88948731874432,19.08346237896595
277960,2111400,11.128893459056144,0.19683182327198337,72.8896773080346,19.083464555209027
277980,2111400,10.939340778609258,0.2072847817904331,72.88986729735072,19.083466731256507
278000,2111400,10.718651789512199,0.2196093859291269,72.89005728669265,19.083468907108394
278020,2111400,10.45546691375838,0.22728717588533554,72.8902472760604,19.083471082764696
278040,2111400,10.143090339880434,0.22530449327039415,72.89043726545395,19.08347325822541
278060,2111400,9.799472514772752,0.22106153188036784,72.89062725487334,19.08347543349053
278080,2111400,9.441494206984066,0.21814928172056952,72.89081724431851,19.083477608560056
278100,2111400,9.082237944352169,0.21760334568738626,72.89100723378951,19.083479783433997
278120,2111400,8.72956013807412,0.21913799317614788,72.89119722328631,19.083481958112348
278140,2111400,8.38600249174258,0.22204028069644838,72.8913872128089,19.08348413259511
278160,2111400,8.050244401089769,0.22579466571534831,72.8915772023573,19.08348630688228
278180,2111400,7.719203247634995,0.23033877783962,72.89176719193149,19.083488480973855
278200,2111400,7.39001188290894,0.2360433679625442,72.89195718153148,19.08349065486984
278220,2111400,7.061399559496999,0.24354904827728543,72.89214717115726,19.083492828570236
276620,2111420,4.794569087949857,0.1349914872071412,72.87694578008053,19.08349894182596
276640,2111420,4.567281848763863,0.10982284142119735,72.8771357678672,19.083501130999977
276660,2111420,4.314539911312314,0.1068374468430202,72.87732575567985,19.083503319978405
276680,2111420,4.054472604595244,0.12163344975127907,72.87751574351846,19.083505508761252
276700,2111420,3.82951171593269,0.14072397935405323,72.87770573138306,19.083507697348512
276720,2111420,3.6799147214775787,0.15476843216666358,72.87789571927361,19.08350988574019
276740,2111420,3.6143513409666777,0.15935928249165038,72.87808570719014,19.083512073936276
276760,2111420,3.5847286940993484,0.15871450316449495,72.87827569513261,19.083514261936788
276780,2111420,3.5370160762219722,0.15589497765524166,72.87846568310106,19.083516449741712
276800,2111420,3.4639933922570862,0.15347902222961898,72.87865567109546,19.083518637351045
276820,2111420,3.3896295861080765,0.1534843043276901,72.87884565911581,19.0835208247648
276840,2111420,3.361339172095452,0.15703757619853168,72.87903564716211,19.08352301198297
276860,2111420,3.4504724756512424,0.1631173141890041,72.87922563523438,19.08352519900555
276880,2111420,3.7310072532670215,0.16905496181722804,72.87941562333259,19.08352738583255
276900,2111420,4.257602320072808,0.1706262504541925,72.87960561145674,19.08352957246396
276920,2111420,5.052633704259315,0.16050564990002505,72.87979559960685,19.083531758899785
276940,2111420,6.018151818433402,0.14010130965226925,72.87998558778288,19.083533945140026
276960,2111420,6.9477838108975245,0.12348516314909368,72.88017557598485,19.08353613118468
276980,2111420,7.626081115885735,0.11834565594859539,72.88036556421278,19.08353831703375
277000,2111420,7.823312841613244,0.1143911609859148,72.88055555246663,19.08354050268723
277020,2111420,7.358200249238757,0.09946178347303589,72.8807455407464,19.08354268814513
277040,2111420,6.45182560213692,0.10633923141261818,72.88093552905212,19.083544873407437
277060,2111420,5.543037766623676,0.13262470791707517,72.88112551738377,19.083547058474164
277080,2111420,4.978233314553245,0.14783121649026498,72.88131550574133,19.0835492433453
277100,2111420,4.846488039322836,0.15439869274790993,72.88150549412482,19.083551428020854
277120,2111420,5.030222381515134,0.15711048222841187,72.88169548253424,19.08355361250082
277140,2111420,5.358169449990665,0.15372316848300452,72.88188547096956,19.0835557967852
277160,2111420,5.657205289253345,0.14122453941630525,72.8820754594308,19.08355798087398
277180,2111420,5.785026946027701,0.12405993849807667,72.88226544791797,19.083560164767185
277200,2111420,5.650988011361862,0.1122861439428989,72.88245543643104,19.083562348464806
277220,2111420,5.38999406749047,0.12078202152575042,72.88264542497001,19.08356453196683
277240,2111420,5.191421625580839,0.14147460331488668,72.8828354135349,19.083566715273275
277260,2111420,5.120665061954506,0.16098680846552385,72.8830254021257,19.083568898384122
277280,2111420,5.112587724396399,0.18081156727581055,72.8832153907424,19.08357108129939
277300,2111420,5.115311381921314,0.19364824103728087,72.88340537938497,19.083573264019073
277320,2111420,5.09710020931501,0.1969852622435864,72.88359536805346,19.08357544654316
277340,2111420,5.050554048932575,0.1963092606594365,72.88378535674786,19.083577628871666
277360,2111420,4.991989328184732,0.196063094338752,72.88397534546813,19.083579811004583
277380,2111420,4.947420468605598,0.19794770904251158,72.8841653342143,19.0835819929419
277400,2111420,4.942184197794441,0.20298220044653473,72.88435532298637,19.08358417468364
277420,2111420,4.998657261188145,0.2129111095253167,72.8845453117843,19.083586356229794
277440,2111420,5.141525698115102,0.22813150916218058,72.88473530060813,19.083588537580354
277460,2111420,5.406481981378687,0.243444091907035,72.88492528945784,19.083590718735326
277480,2111420,5.845372922276729,0.24563444507682225,72.88511527833343,19.083592899694708
277500,2111420,6.477651380190253,0.23337512494330287,72.8853052672349,19.0835950804585
277520,2111420,7.2467098958241465,0.23629887633179342,72.88549525616223,19.08359726102671
277540,2111420,8.086670333573542,0.27091371726483354,72.88568524511544,19.083599441399326
277560,2111420,8.932099363364788,0.32605029113821316,72.88587523409451,19.083601621576356
277580,2111420,9.697241250653565,0.38119526381092883,72.88606522309946,19.083603801557793
277600,2111420,10.240613368647022,0.41302587503944604,72.88625521213027,19.08360598134364
277620,2111420,10.530445784722575,0.4131495053089952,72.88644520118694,19.083608160933895
277640,2111420,10.696418149511397,0.39646277529817375,72.88663519026949,19.083610340328566
277660,2111420,10.81125953024821,0.3719551586559127,72.8868251793779,19.083612519527648
277680,2111420,10.909641233919444,0.34441162783107915,72.88701516851214,19.083614698531132
277700,2111420,11.008168446044447,0.3167404841018139,72.88720515767223,19.083616877339033
277720,2111420,11.113049588248687,0.2907591431561528,72.8873951468582,19.083619055951345
277740,2111420,11.224217067701503,0.2675258452714254,72.88758513607,19.083621234368064
277760,2111420,11.337943409909201,0.2475207556573882,72.88777512530764,19.083623412589194
277780,2111420,11.448553512016803,0.23080777050921175,72.88796511457114,19.08362559061473
277800,2111420,11.549518538807227,0.21721468821364803,72.88815510386047,19.083627768444675
277820,2111420,11.634164571726117,0.2064919781923537,72.88834509317564,19.083629946079036
277840,2111420,11.696212067385472,0.1983856980372276,72.88853508251665,19.0836321235178
277860,2111420,11.730310814603216,0.19261459573257042,72.8887250718835,19.083634300760973
277880,2111420,11.73263348908396,0.18883416866111705,72.8889150612762,19.08363647780856
277900,2111420,11.701439841222975,0.18671239303447826,72.8891050506947,19.08363865466055
277920,2111420,11.637342018066947,0.1861747994335931,72.88929504013903,19.083640831316952
277940,2111420,11.542848487950423,0.18770573884187194,72.8894850296092,19.08364300777776
277960,2111420,11.420720074018213,0.19234266871558633,72.8896750191052,19.08364518404298
277980,2111420,11.270794761169515,0.20080585660442002,72.889865008627,19.083647360112607
278000,2111420,11.085439041484815,0.21149167403961128,72.89005499817462,19.08364953598664
278020,2111420,10.84463830100086,0.21787962547714596,72.89024498774806,19.08365171166508
278040,2111420,10.536571380583734,0.21461006600612229,72.89043497734733,19.083653887147936
278060,2111420,10.187927952449668,0.20834361252609301,72.8906249669724,19.083656062435193
278080,2111420,9.825331387965562,0.20392113772093062,72.89081495662327,19.083658237526855
278100,2111420,9.46783861548534,0.2028837992656387,72.89100494629996,19.083660412422933
278120,2111420,9.124518718033775,0.20445774255685684,72.89119493600246,19.083662587123417
278140,2111420,8.795892900232856,0.20722190113493327,72.89138492573075,19.083664761628306
278160,2111420,8.477148892357734,0.2102615742854833,72.89157491548484,19.0836669359376
278180,2111420,8.161675490428676,0.21350261854006308,72.89176490526474,19.083669110051304
278200,2111420,7.843994868377083,0.21758666000171117,72.89195489507043,19.083671283969416
278220,2111420,7.521597879179111,0.22355005519494225,72.8921448849019,19.083673457691933
278240,2111420,7.1993570412679615,0.2324498122470375,72.89233487475917,19.083675631218856
276620,2111440,4.904400003351003,0.12174252005562809,72.87694347734379,19.083679569167803
276640,2111440,4.725025809565012,0.11149714129857675,72.87713346533614,19.083681758364094
276660,2111440,4.502437661491178,0.11116126268944931,72.87732345335448,19.0836839473648
276680,2111440,4.273706916712202,0.11951397595528407,72.87751344139879,19.08368613616992
276700,2111440,4.0856015528437295,0.13381215892491974,72.87770342946907,19.08368832477946
276720,2111440,3.967039472113014,0.1493204957216861,72.87789341756532,19.083690513193403
276740,2111440,3.9148572313351906,0.16277084249387652,72.87808340568752,19.083692701411767
276760,2111440,3.8824065510101753,0.17144536955476225,72.8782733938357,19.08369488943454
276780,2111440,3.807612916426748,0.1697183266053443,72.87846338200983,19.08369707726173
276800,2111440,3.692624337612829,0.16297347571192225,72.87865337020992,19.08369926489333
276820,2111440,3.5649846900897537,0.15651032176043916,72.87884335843597,19.083701452329347
276840,2111440,3.475123478016859,0.1545600526912709,72.87903334668796,19.08370363956977
276860,2111440,3.508094086713528,0.15711930725431272,72.87922333496591,19.083705826614615
276880,2111440,3.745386059390138,0.16187974954650186,72.87941332326982,19.083708013463863
276900,2111440,4.244443885545757,0.16477752096905549,72.87960331159965,19.08371020011753
276920,2111440,5.036614276857898,0.15706463936486778,72.87979329995545,19.083712386575606
276940,2111440,6.011648999095442,0.1390978841086634,72.87998328833719,19.083714572838094
276960,2111440,6.970275608094206,0.12203616363275442,72.88017327674486,19.083716758905002
276980,2111440,7.690026713637278,0.11583913508834641,72.88036326517846,19.08371894477631
277000,2111440,7.954170390357089,0.11355760514854961,72.88055325363801,19.083721130452037
277020,2111440,7.529743263284638,0.09902454325702273,72.88074324212349,19.083723315932176
277040,2111440,6.597806948936328,0.10728128382020535,72.8809332306349,19.083725501216726
277060,2111440,5.699329355054547,0.1326618102280338,72.88112321917222,19.08372768630569
277080,2111440,5.19092205314912,0.14011328286559002,72.88131320773549,19.08372987119906
277100,2111440,5.1197846920772365,0.1410589691266411,72.88150319632467,19.083732055896846
277120,2111440,5.342787649044789,0.14412539819846554,72.88169318493976,19.083734240399043
277140,2111440,5.704482527909895,0.143157589178915,72.88188317358079,19.08373642470565
277160,2111440,6.043474658822246,0.1337956208168593,72.88207316224772,19.083738608816667
277180,2111440,6.21947837405212,0.1197745309529097,72.88226315094057,19.083740792732094
277200,2111440,6.140981419562497,0.11104914804681892,72.88245313965933,19.083742976451934
277220,2111440,5.893074684216997,0.11841983803692534,72.88264312840401,19.083745159976182
277240,2111440,5.661430164025108,0.1343837847780575,72.8828331171746,19.083747343304847
277260,2111440,5.544179677170632,0.14926143338262368,72.88302310597109,19.08374952643792
277280,2111440,5.489682392087535,0.16991421145873994,72.88321309479348,19.083751709375402
277300,2111440,5.441912962062412,0.18363231776013442,72.88340308364177,19.083753892117294
277320,2111440,5.36201400660746,0.18610433847534832,72.88359307251594,19.083756074663597
277340,2111440,5.249710413087659,0.18608494800954173,72.88378306141603,19.083758257014303
277360,2111440,5.138166171483137,0.18755089625473545,72.883973050342,19.083760439169428
277380,2111440,5.0667730980774515,0.18973564574621152,72.88416303929387,19.083762621128958
277400,2111440,5.0655144390396005,0.1922933004305352,72.88435302827162,19.0837648028929
277420,2111440,5.151634188965974,0.1988949916136971,72.88454301727525,19.083766984461253
277440,2111440,5.3399149508740855,0.21320877556410703,72.88473300630477,19.083769165834013
277460,2111440,5.654308405032467,0.2320391403374824,72.88492299536017,19.083771347011183
277480,2111440,6.138897752192478,0.2397017065655112,72.88511298444146,19.083773527992758
277500,2111440,6.801269035033413,0.2323707723842599,72.88530297354862,19.08377570877875
277520,2111440,7.580105623083393,0.24039943273168668,72.88549296268165,19.083777889369145
277540,2111440,8.41895930601296,0.2771054497576695,72.88568295184056,19.083780069763954
277560,2111440,9.260726022403091,0.3320919296051436,72.88587294102533,19.083782249963168
277580,2111440,10.02891262946519,0.3871022258318141,72.88606293023597,19.083784429966794
277600,2111440,10.559388182261433,0.41766031217353816,72.88625291947248,19.083786609774826
277620,2111440,10.808943080168676,0.4136990444409791,72.88644290873485,19.083788789387267
277640,2111440,10.948326487467813,0.39428994979405096,72.88663289802308,19.083790968804117
277660,2111440,11.045315690407692,0.36791643685147823,72.88682288733717,19.08379314802537
277680,2111440,11.131413227424583,0.3390795968651037,72.88701287667712,19.08379532705104
277700,2111440,11.221048348326889,0.31057313634120476,72.88720286604293,19.083797505881112
277720,2111440,11.318748522488361,0.2841726016629951,72.88739285543457,19.08379968451559
277740,2111440,11.423231728116495,0.2608746876549987,72.88758284485208,19.08380186295448
277760,2111440,11.530079985619365,0.24101846174076622,72.88777283429542,19.083804041197777
277780,2111440,11.63347975851028,0.22447790720155816,72.88796282376462,19.083806219245478
277800,2111440,11.727290828949515,0.21096884354047532,72.88815281325964,19.08380839709759
277820,2111440,11.805687137101746,0.20034354353925177,72.88834280278051,19.08381057475411
277840,2111440,11.863597759995951,0.19266956490943238,72.88853279232723,19.083812752215035
277860,2111440,11.897109187478534,0.18800198204978036,72.88872278189979,19.08381492948037
277880,2111440,11.90387364049499,0.18601715058135576,72.88891277149816,19.083817106550107
277900,2111440,11.88342048583002,0.18587441806454172,72.88910276112236,19.083819283424255
277920,2111440,11.837114939269174,0.1865884159816447,72.8892927507724,19.08382146010281
277940,2111440,11.767394569110376,0.1878414306906221,72.88948274044826,19.08382363658577
277960,2111440,11.675886700457797,0.19066265787482808,72.88967273014995,19.083825812873133
277980,2111440,11.560007869516255,0.1967855192856868,72.88986271987746,19.083827988964902
278000,2111440,11.407520088058288,0.20562986581110523,72.89005270963078,19.083830164861084
278020,2111440,11.191837692835694,0.21088266852044685,72.89024269940992,19.08383234056167
278040,2111440,10.895504100990289,0.20612637024695976,72.89043268921489,19.083834516066656
278060,2111440,10.546956308564207,0.19638434495443896,72.89062267904565,19.083836691376053
278080,2111440,10.187290381431982,0.1897187546364531,72.89081266890223,19.083838866489856
278100,2111440,9.84218428836545,0.18857007701463152,72.89100265878461,19.083841041408068
278120,2111440,9.52064714685628,0.19096233313791433,72.89119264869281,19.083843216130678
278140,2111440,9.219461764135646,0.19417365480957066,72.8913826386268,19.083845390657704
278160,2111440,8.928709588893676,0.19669145715221528,72.89157262858659,19.083847564989124
278180,2111440,8.63710962445112,0.19843853230004846,72.89176261857217,19.083849739124958
278200,2111440,8.336061350046412,0.20046870954504406,72.89195260858357,19.08385191306519
278220,2111440,8.02192935539092,0.20445375677309593,72.89214259862075,19.08385408680983
278240,2111440,7.6965671205958195,0.2119695098644929,72.89233258868371,19.08385626035887
278260,2111440,7.400617945198358,0.2240527021655618,72.89252257877247,19.083858433712326
276620,2111460,5.0138867328973395,0.13448777960767075,72.87694117458105,19.083860196505835
276640,2111460,4.884509628066082,0.13642057782727152,72.87713116277911,19.08386238572441
276660,2111460,4.686524429765203,0.1298411501420891,72.87732115100313,19.0838645747474
276680,2111460,4.4844690108633865,0.1250976716101621,72.87751113925313,19.083866763574793
276700,2111460,4.331470996606861,0.13007740004050589,72.87770112752911,19.0838689522066
276720,2111460,4.248222516598817,0.14331647752114174,72.87789111583105,19.083871140642817
276740,2111460,4.2233358073971194,0.1602226600822847,72.87808110415895,19.083873328883445
276760,2111460,4.211995917911827,0.1747585203857307,72.8782710925128,19.083875516928494
276780,2111460,4.145020175936945,0.17746978996341498,72.87846108089265,19.083877704777947
276800,2111460,4.020071435753947,0.1703884148148786,72.87865106929843,19.08387989243181
276820,2111460,3.871217385052801,0.15919158542453174,72.87884105773017,19.08388207989008
276840,2111460,3.763191272462269,0.15017890227135086,72.87903104618786,19.08388426715277
276860,2111460,3.7837911219542333,0.14594818330884166,72.8792210346715,19.083886454219872
276880,2111460,4.0074410127279,0.14673556696255113,72.87941102318109,19.083888641091377
276900,2111460,4.482512435077102,0.14890530412383976,72.87960101171664,19.083890827767295
276920,2111460,5.215875072899711,0.14531674388026553,72.87979100027812,19.083893014247625
276940,2111460,6.130798671158339,0.13330380276171416,72.87998098886555,19.08389520053236
276960,2111460,7.054095970737969,0.12003622489879065,72.88017097747891,19.083897386621512
276980,2111460,7.7705779068154905,0.11417171024908111,72.88036096611822,19.083899572515076
277000,2111460,8.074185510216942,0.11103802708246462,72.88055095478346,19.08390175821304
277020,2111460,7.765157500661041,0.10004216588236957,72.88074094347462,19.083903943715423
277040,2111460,6.9814932847800995,0.10600186461942268,72.88093093219173,19.08390612902221
277060,2111460,6.207864857731033,0.12151138784244038,72.88112092093476,19.08390831413341
277080,2111460,5.727455686674368,0.12527612205485744,72.88131090970371,19.08391049904902
277100,2111460,5.594186225952232,0.12547464277222997,72.88150089849859,19.08391268376904
277120,2111460,5.734029429682156,0.12641621698490677,72.8816908873194,19.083914868293466
277140,2111460,6.027132716677793,0.12352919965316009,72.8818808761661,19.083917052622297
277160,2111460,6.338073659660265,0.11561902061739825,72.88207086503874,19.083919236755545
277180,2111460,6.539998807323525,0.11093444837577425,72.88226085393728,19.0839214206932
277200,2111460,6.550800272337671,0.11856089202987706,72.88245084286174,19.083923604435263
277220,2111460,6.395565150377149,0.1331003482859762,72.88264083181211,19.083925787981737
277240,2111460,6.197711657246896,0.13912712205539454,72.8828308207884,19.083927971332617
277260,2111460,6.057922353246659,0.1429036639703783,72.88302080979058,19.08393015448791
277280,2111460,5.961846235337753,0.156243601221138,72.88321079881865,19.083932337447603
277300,2111460,5.856621337495221,0.16936656748438222,72.88340078787263,19.083934520211702
277320,2111460,5.702322567238513,0.17417802331903093,72.88359077695252,19.08393670278022
277340,2111460,5.511532572207794,0.1778564404343624,72.8837807660583,19.083938885153145
277360,2111460,5.336775659864035,0.18297810510592216,72.88397075518996,19.083941067330475
277380,2111460,5.233300399900083,0.18516220642532563,72.88416074434753,19.083943249312213
277400,2111460,5.236410563172068,0.18132305316495265,72.88435073353098,19.08394543109836
277420,2111460,5.351641605001433,0.17864596851373524,72.88454072274031,19.08394761268891
277440,2111460,5.580487404892207,0.18499591515872568,72.88473071197554,19.08394979408387
277460,2111460,5.9339348907656815,0.19949647177177332,72.88492070123664,19.083951975283238
277480,2111460,6.436345309945189,0.21018678276114083,72.8851106905236,19.083954156287014
277500,2111460,7.081318462331833,0.212665091402752,72.88530067983648,19.0839563370952
277520,2111460,7.817189498426089,0.22874312317465595,72.88549066917521,19.083958517707785
277540,2111460,8.59315828765916,0.2661607069577941,72.8856806585398,19.08396069812478
277560,2111460,9.354784022059983,0.3152219227923055,72.88587064793029,19.08396287834619
277580,2111460,10.027570884168338,0.36044974415425796,72.88606063734662,19.083965058371994
277600,2111460,10.51377442899537,0.3859681730316312,72.88625062678884,19.083967238202213
277620,2111460,10.796817309517504,0.38669385550525603,72.8864406162569,19.083969417836833
277640,2111460,10.963872933996267,0.3713270726856386,72.88663060575082,19.083971597275863
277660,2111460,11.083190746100382,0.3480087670968542,72.88682059527062,19.0839737765193
277680,2111460,11.189286370420943,0.3216534272215308,72.88701058481627,19.083975955567134
277700,2111460,11.297152176671345,0.29537939778608774,72.88720057438776,19.083978134419386
277720,2111460,11.410805580093449,0.2712085327090766,72.88739056398511,19.083980313076037
277740,2111460,11.528325366459795,0.250216505340449,72.8875805536083,19.083982491537096
277760,2111460,11.645024113108935,0.2325865174235628,72.88777054325736,19.083984669802557
277780,2111460,11.755360599347984,0.21788434347659363,72.88796053293225,19.08398684787243
277800,2111460,11.853958259009408,0.20560299180753894,72.88815052263298,19.083989025746703
277820,2111460,11.936084995096039,0.19570819904844577,72.88834051235956,19.083991203425388
277840,2111460,11.997911032593745,0.18876704480613019,72.88853050211196,19.083993380908467
277860,2111460,12.036749924449293,0.185435279430646,72.88872049189021,19.08399555819596
277880,2111460,12.051336521216182,0.18559064842517126,72.8889104816943,19.083997735287852
277900,2111460,12.042036428511743,0.18785037095525048,72.8891004715242,19.083999912184158
277920,2111460,12.010730266837994,0.19004628850975927,72.88929046137994,19.08400208888486
277940,2111460,11.959999114397823,0.1905940349528838,72.8894804512615,19.08400426538997
277960,2111460,11.891269456478165,0.19014471503180147,72.88967044116889,19.08400644169949
277980,2111460,11.801850674451673,0.19198707230658557,72.8898604311021,19.084008617813407
278000,2111460,11.680713105814446,0.1987621324742187,72.89005042106112,19.084010793731725
278020,2111460,11.498472943128395,0.20523823764645968,72.89024041104597,19.084012969454456
278040,2111460,11.212445050319975,0.19665890270301958,72.89043040105662,19.08401514498159
278060,2111460,10.868380529064776,0.18174566129641084,72.8906203910931,19.08401732031312
278080,2111460,10.52337757249666,0.17370953649983678,72.89081038115538,19.084019495449063
278100,2111460,10.206064262340949,0.1743834732382688,72.89100037124345,19.084021670389404
278120,2111460,9.92294290853025,0.17915564415845733,72.89119036135735,19.084023845134148
278140,2111460,9.664884285335127,0.18365125358608725,72.89138035149705,19.084026019683296
278160,2111460,9.415020322995119,0.1859255325974016,72.89157034166254,19.08402819403685
278180,2111460,9.156313594283427,0.1859672944671074,72.89176033185385,19.084030368194806
278200,2111460,8.876714343898847,0.18536780533586814,72.89195032207093,19.084032542157164
278220,2111460,8.571813353204462,0.18683137478551864,72.89214031231381,19.084034715923924
278240,2111460,8.245230893979608,0.19274200880890902,72.8923303025825,19.084036889495085
278260,2111460,7.906799170339909,0.20419380669789072,72.89252029287695,19.084039062870655
276620,2111480,5.028943771870154,0.14610925950905454,72.87693887179235,19.084040823840073
276640,2111480,4.935089210596127,0.1495011083496906,72.87712886019611,19.084043013080922
276660,2111480,4.783986989317221,0.14255902642267124,72.87731884862582,19.084045202126184
276680,2111480,4.6238340578565165,0.13190231083708945,72.87750883708152,19.08404739097585
276700,2111480,4.5160216160515105,0.129664490636596,72.87769882556319,19.084049579629937
276720,2111480,4.479440430515933,0.13779397982025915,72.87788881407083,19.08405176808843
276740,2111480,4.495482958661632,0.15244716286211138,72.87807880260442,19.084053956351326
276760,2111480,4.518945291484882,0.16749250685715789,72.87826879116398,19.084056144418636
276780,2111480,4.497085942667762,0.1761231066265356,72.8784587797495,19.084058332290354
276800,2111480,4.3989477972487,0.1733708299705388,72.87864876836097,19.08406051996648
276820,2111480,4.258173321751735,0.1617511282426104,72.87883875699842,19.084062707447018
276840,2111480,4.161860481572244,0.14973105244391396,72.8790287456618,19.084064894731966
276860,2111480,4.1876506512811,0.1402269597618502,72.87921873435114,19.08406708182132
276880,2111480,4.3999218170287975,0.13598506437537322,72.87940872306643,19.084069268715087
276900,2111480,4.840092589225417,0.13582746580997612,72.87959871180767,19.084071455413255
276920,2111480,5.51007821575936,0.13362440089225516,72.87978870057485,19.084073641915836
276940,2111480,6.34224535382336,0.12617102990658108,72.87997868936797,19.08407582822283
276960,2111480,7.193714020960284,0.11752553486261835,72.88016867818703,19.084078014334228
276980,2111480,7.88230652139282,0.11280856208378842,72.88035866703203,19.084080200250025
277000,2111480,8.222577304378076,0.11022332660153311,72.88054865590297,19.08408238597024
277020,2111480,8.068746349445757,0.10629267552656424,72.88073864479985,19.084084571494866
277040,2111480,7.509395423518827,0.11246762791538542,72.88092863372263,19.084086756823893
277060,2111480,6.864088171100107,0.12591741433668166,72.88111862267137,19.08408894195733
277080,2111480,6.374117184778837,0.13298894399451125,72.881308611646,19.08409112689517
277100,2111480,6.1392737426503246,0.1333558266422333,72.88149860064658,19.084093311637425
277120,2111480,6.1512867133548665,0.12819441694962766,72.88168858967309,19.084095496184084
277140,2111480,6.338559081548089,0.1177985585812728,72.8818785787255,19.084097680535148
277160,2111480,6.59910880886815,0.10808410381372478,72.88206856780384,19.08409986469062
277180,2111480,6.82071575977016,0.1124570864319648,72.88225855690808,19.084102048650504
277200,2111480,6.90687269234138,0.1307914188896064,72.88244854603823,19.08410423241479
277220,2111480,6.8367527502191425,0.14403152351129886,72.8826385351943,19.084106415983484
277240,2111480,6.687483652549163,0.14306477523001768,72.88282852437628,19.084108599356586
277260,2111480,6.545846566357442,0.13929791249533993,72.88301851358416,19.084110782534093
277280,2111480,6.426163651983122,0.14473003926924688,72.88320850281795,19.084112965516006
277300,2111480,6.2778593079812,0.1542849478016431,72.88339849207762,19.084115148302324
277320,2111480,6.059000169983664,0.1617316499246175,72.88358848136319,19.08411733089305
277340,2111480,5.799082760879718,0.17167863702125222,72.88377847067467,19.08411951328818
277360,2111480,5.563879832588677,0.1839577849369792,72.88396846001204,19.084121695487724
277380,2111480,5.42810981743576,0.18754932448073103,72.8841584493753,19.084123877491663
277400,2111480,5.437850700599182,0.1766002726734881,72.88434843876445,19.08412605930001
277420,2111480,5.578537643717499,0.16516945057256144,72.8845384281795,19.084128240912772
277440,2111480,5.8372657123696365,0.16468644734112559,72.88472841762041,19.084130422329928
277460,2111480,6.213549074265339,0.17179969749156765,72.88491840708721,19.084132603551495
277480,2111480,6.7059538710224516,0.17892122649186115,72.8851083965799,19.084134784577472
277500,2111480,7.296992359708028,0.18795588298950733,72.88529838609846,19.084136965407843
277520,2111480,7.949529962177403,0.2091994181196286,72.88548837564288,19.084139146042624
277540,2111480,8.61967925112927,0.2438086831127416,72.8856783652132,19.08414132648181
277560,2111480,9.261915654285586,0.283557255792771,72.88586835480936,19.084143506725397
277580,2111480,9.824565525033929,0.3180308555946104,72.8860583444314,19.084145686773393
277600,2111480,10.26035991354246,0.33862487760673005,72.88624833407931,19.084147866625795
277620,2111480,10.563866610916017,0.3425402378127216,72.88643832375308,19.0841500462826
277640,2111480,10.77631518445451,0.33324092016652057,72.88662831345272,19.084152225743807
277660,2111480,10.944142594726205,0.3158908882159601,72.8868183031782,19.08415440500942
277680,2111480,11.096817386932644,0.2948088835222451,72.88700829292955,19.084156584079434
277700,2111480,11.247561904124558,0.2733360332002596,72.88719828270675,19.084158762953855
277720,2111480,11.399061931210664,0.25385851061849035,72.8873882725098,19.08416094163268
277740,2111480,11.548494575667256,0.23755079576074772,72.8875782623387,19.084163120115907
277760,2111480,11.691011061383566,0.22427264553601736,72.88776825219345,19.08416529840354
277780,2111480,11.82169540304139,0.21301164447325582,72.88795824207403,19.08416747649558
277800,2111480,11.936351368562416,0.20283022075890447,72.88814823198048,19.084169654392014
277820,2111480,12.031643002715859,0.1938175574439733,72.88833822191276,19.08417183209286
277840,2111480,12.105055818462985,0.18732990620962284,72.88852821187088,19.084174009598105
277860,2111480,12.154948840887965,0.18508030356507715,72.88871820185481,19.08417618690775
277880,2111480,12.18075876217684,0.18751791792345895,72.8889081918646,19.084178364021806
277900,2111480,12.183241022463514,0.19279336095975988,72.88909818190021,19.084180540940263
277920,2111480,12.164485178837266,0.19724716390669444,72.88928817196164,19.084182717663115
277940,2111480,12.127240143979721,0.19720237389383852,72.8894781620489,19.084184894190376
277960,2111480,12.072953581583654,0.19165466460114824,72.889668152162,19.08418707052204
277980,2111480,11.998619720007413,0.18462240381936879,72.88985814230091,19.084189246658106
278000,2111480,11.893137913363011,0.18262722571241125,72.89004813246564,19.084191422598572
278020,2111480,11.72996251312398,0.18431166313126268,72.89023812265619,19.08419359834344
278040,2111480,11.470556464237873,0.1756920949881374,72.89042811287256,19.084195773892713
278060,2111480,11.150630525128554,0.16084962833789207,72.89061810311472,19.08419794924638
278080,2111480,10.840069454532468,0.15647216567783426,72.89080809338272,19.08420012440445
278100,2111480,10.570406894541028,0.16228697218195706,72.8909980836765,19.084202299366936
278120,2111480,10.345039440454462,0.17069162155290563,72.8911880739961,19.084204474133813
278140,2111480,10.147051365727965,0.17678157637800515,72.8913780643415,19.08420664870509
278160,2111480,9.950881720572209,0.17901103821099562,72.8915680547127,19.084208823080772
278180,2111480,9.733160105394163,0.17721244989142199,72.8917580451097,19.084210997260854
278200,2111480,9.478353213350296,0.17328887493988732,72.89194803553248,19.084213171245338
278220,2111480,9.18170108922653,0.1716527883603517,72.89213802598107,19.084215345034224
278240,2111480,8.8498847640299,0.1760242318447632,72.89232801645545,19.08421751862751
278260,2111480,8.498031292748253,0.18695692018308616,72.89251800695563,19.084219692025197
278280,2111480,8.144568056146118,0.2042820785074248,72.89270799748158,19.08422186522728
276620,2111500,4.955517790396228,0.14879499234971988,72.87693656897767,19.084221451170503
276640,2111500,4.876759436945465,0.14919238455856335,72.87712655758712,19.084223640433635
276660,2111500,4.771752133064384,0.14618635149263287,72.87731654622254,19.084225829501175
276680,2111500,4.6649894204321365,0.1388481451475779,72.87750653488392,19.084228018373118
276700,2111500,4.616852928996667,0.13413943075973117,72.87769652357129,19.084230207049472
276720,2111500,4.645194463293905,0.1355241021724778,72.87788651228462,19.084232395530236
276740,2111500,4.720147165637386,0.1430941725244331,72.87807650102393,19.084234583815405
276760,2111500,4.7921580675415765,0.15398969565155762,72.87826648978918,19.084236771904983
276780,2111500,4.815827298081359,0.16351637529768193,72.8784564785804,19.084238959798967
276800,2111500,4.759746848670823,0.1663411734368238,72.87864646739757,19.08424114749736
276820,2111500,4.656639981257399,0.16320925952947357,72.8788364562407,19.08424333500016
276840,2111500,4.588173202427084,0.1560325704020736,72.8790264451098,19.084245522307366
276860,2111500,4.624644127550743,0.14431062162703648,72.87921643400485,19.084247709418975
276880,2111500,4.8217039079173665,0.13512025128271435,72.87940642292583,19.084249896334995
276900,2111500,5.21532526403718,0.13208444913055,72.87959641187277,19.084252083055425
276920,2111500,5.816924552274048,0.12933253668755237,72.87978640084565,19.084254269580253
276940,2111500,6.569868063324421,0.12305285317306426,72.87997638984446,19.08425645590949
276960,2111500,7.352913015301667,0.11639236290673298,72.88016637886922,19.084258642043135
276980,2111500,8.019338306426862,0.11306642840776279,72.88035636791992,19.08426082798119
277000,2111500,8.414484979519708,0.11388932831593462,72.88054635699656,19.08426301372364
277020,2111500,8.402355257566187,0.11639311517808126,72.88073634609913,19.084265199270508
277040,2111500,8.018628609740047,0.12668939263584578,72.88092633522761,19.084267384621775
277060,2111500,7.477179237956485,0.1454614669991654,72.88111632438205,19.08426956977745
277080,2111500,6.977215095493548,0.15790240926592647,72.88130631356239,19.08427175473753
277100,2111500,6.651525200549738,0.1581336726765398,72.88149630276867,19.084273939502012
277120,2111500,6.540255473122812,0.14823540218091966,72.88168629200086,19.084276124070904
277140,2111500,6.6178358586742645,0.1322902711160753,72.88187628125898,19.084278308444205
277160,2111500,6.820749081412193,0.12063293091012998,72.88206627054302,19.084280492621904
277180,2111500,7.053200016206047,0.12769936955734099,72.88225625985295,19.08428267660401
277200,2111500,7.181602522787211,0.14561634152675804,72.88244624918883,19.084284860390518
277220,2111500,7.156852969268289,0.15173257063480627,72.88263623855059,19.084287043981433
277240,2111500,7.0462519879112975,0.1466885742709886,72.88282622793827,19.084289227376754
277260,2111500,6.914977441666786,0.1401923150139451,72.88301621735184,19.08429141057648
277280,2111500,6.780729867902804,0.14063992574007195,72.88320620679131,19.084293593580608
277300,2111500,6.606448954157736,0.14624444975130554,72.8833961962567,19.08429577638914
277320,2111500,6.3619507282129195,0.15485537267578572,72.88358618574799,19.084297959002082
277340,2111500,6.073569643781485,0.1693045924703801,72.88377617526517,19.084300141419423
277360,2111500,5.811094423141561,0.18597771973056623,72.88396616480823,19.084302323641165
277380,2111500,5.655156424346669,0.18954056354174414,72.8841561543772,19.084304505667312
277400,2111500,5.66376866909871,0.17615718288285656,72.88434614397205,19.084306687497868
277420,2111500,5.8154889669916425,0.16446671305360658,72.88453613359277,19.084308869132826
277440,2111500,6.0807547133649456,0.16871305768877062,72.8847261232394,19.084311050572186
277460,2111500,6.45229301905316,0.17484428180597966,72.88491611291191,19.084313231815948
277480,2111500,6.909407489629187,0.17051160001638907,72.88510610261028,19.08431541286412
277500,2111500,7.4275821426912545,0.17333612919940503,72.88529609233456,19.084317593716687
277520,2111500,7.97709524101268,0.19097172127467624,72.8854860820847,19.08431977437366
277540,2111500,8.52229916997287,0.21816111553239073,72.8856760718607,19.084321954835037
277560,2111500,9.035211679424211,0.24683371851398808,72.88586606166257,19.084324135100815
277580,2111500,9.491769673378691,0.27089396102203456,72.88605605149031,19.084326315170994
277600,2111500,9.874310327536447,0.2865295625150376,72.88624604134392,19.084328495045575
277620,2111500,10.183114848873828,0.29218515772433146,72.8864360312234,19.084330674724566
277640,2111500,10.43833150730908,0.2885689618527633,72.88662602112875,19.084332854207954
277660,2111500,10.665359072646849,0.2778793017535771,72.88681601105993,19.084335033495744
277680,2111500,10.881809027995041,0.26321883738251167,72.88700600101697,19.084337212587936
277700,2111500,11.094412595412283,0.24804819444447573,72.887195990999885,19.084339391484534
277720,2111500,11.301872758744148,0.23516096697458,72.88738598100865,19.084341570185526
277740,2111500,11.499192528755618,0.22564748933873868,72.88757597104325,19.084343748690927
277760,2111500,11.681067995409203,0.21864145182609473,72.8877659611037,19.08434592700073
277780,2111500,11.843511937772593,0.21213597816728538,72.88795595119,19.084348105114927
277800,2111500,11.98399948633855,0.20448574119805496,72.88814594130213,19.084350283033537
277820,2111500,12.100964783963361,0.19591153717395843,72.88833593144011,19.084352460756534
277840,2111500,12.193323452993955,0.18894574022558666,72.88852592160393,19.084354638283937
277860,2111500,12.260318878561243,0.18696257921217757,72.88871591179358,19.08435681561575
277880,2111500,12.301719827372123,0.19150569828913544,72.88890590200907,19.08435899275196
277900,2111500,12.318194517712593,0.2005298575631905,72.88909589225038,19.084361169692563
277920,2111500,12.311643948289817,0.20889346769127137,72.88928588251753,19.084363346437573
277940,2111500,12.285045545016112,0.21021974535335686,72.88947587281051,19.08436552298698
277960,2111500,12.24037560513405,0.20005822320709624,72.8896658631293,19.0843676993408
277980,2111500,12.173782807786766,0.18127089270427588,72.88985585347392,19.084369875499007
278000,2111500,12.072846615877557,0.16407953116815932,72.89004584384436,19.084372051461617
278020,2111500,11.917808955161451,0.15523322264962727,72.89023583424061,19.084374227228626
278040,2111500,11.691028119274062,0.14815177943139063,72.89042582466267,19.084376402800036
278060,2111500,11.419470423858888,0.14176641162026068,72.89061581511055,19.08437857817585
278080,2111500,11.165579715966013,0.14611099184279125,72.89080580558425,19.08438075335606
278100,2111500,10.963175113916362,0.15733971202985336,72.89099579608374,19.08438292834067
278120,2111500,10.813046067484038,0.16757131813055953,72.89118578660904,19.08438510312968
278140,2111500,10.688725352428056,0.1740233298281437,72.89137577716015,19.084387277723092
278160,2111500,10.554855336084112,0.176493104935051,72.89156576773705,19.084389452120902
278180,2111500,10.38279149769426,0.17323889224705394,72.89175575833976,19.08439162632311
278200,2111500,10.153503468036012,0.16535736151198543,72.89194574896825,19.084393800329714
278220,2111500,9.861587610484584,0.16030315292705222,72.89213573962255,19.084395974140723
278240,2111500,9.518219856486763,0.16410106123773674,72.89232573030263,19.084398147756133
278260,2111500,9.14611978150911,0.1749058044019214,72.89251572100851,19.08440032117593
278280,2111500,8.770942757711577,0.19099955639697294,72.89270571174018,19.084402494400134
278300,2111500,8.414909945433507,0.2157452882395195,72.89289570249761,19.08440466742874
276620,2111520,4.830209381533124,0.14954612773599685,72.87693426613701,19.084402078497128
276640,2111520,4.755165873038762,0.14673557172952942,72.87712425495216,19.084404267782535
276660,2111520,4.67578956304011,0.1470128093378684,72.87731424379328,19.084406456872347
276680,2111520,4.6185172750163614,0.1479779272941377,72.87750423266037,19.084408645766572
276700,2111520,4.641982730315411,0.1438837570396613,72.87769422155343,19.084410834465203
276720,2111520,4.756985862395004,0.13741007409866043,72.87788421047247,19.08441302296823
276740,2111520,4.910515491943106,0.13511751816302495,72.87807419941745,19.084415211275676
276760,2111520,5.039196116807634,0.13864263300676674,72.87826418838841,19.08441739938752
276780,2111520,5.100112742581858,0.1448289735810547,72.87845417738534,19.084419587303767
276800,2111520,5.083977834548903,0.15179170828559332,72.87864416640821,19.084421775024424
276820,2111520,5.026580345455597,0.16027362640145731,72.87883415545706,19.08442396254949
276840,2111520,4.990877346564078,0.16197014729581474,72.87902414453184,19.084426149878947
276860,2111520,5.03940791041527,0.14866430052277513,72.87921413363257,19.08442833701282
276880,2111520,5.221051164995232,0.136320661448891,72.87940412275927,19.084430523951095
276900,2111520,5.567670106777264,0.1322673312731524,72.87959411191191,19.084432710693775
276920,2111520,6.097650401742431,0.12989337121143946,72.8797841010905,19.08443489724086
276940,2111520,6.770506161307789,0.12407167526127791,72.87997409029501,19.08443708359235
276960,2111520,7.489785466615287,0.11739127178296718,72.88016407952547,19.08443926974824
276980,2111520,8.13820007273178,0.11355622386350404,72.88035406878187,19.08444145570854
277000,2111520,8.582811351770056,0.11498482589061733,72.8805440580642,19.084443641473236
277020,2111520,8.686988849648781,0.11982243922260301,72.88073404737247,19.08444582704234
277040,2111520,8.418777231307956,0.12898241693604023,72.88092403670666,19.084448012415848
277060,2111520,7.957907327306179,0.1486364749342986,72.8811140260668,19.08445019759376
277080,2111520,7.475543124115687,0.16594597215954077,72.88130401545286,19.084452382576078
277100,2111520,7.09778101427693,0.16974246176005564,72.88149400486482,19.08445456736279
277120,2111520,6.891023225079941,0.16215463920036408,72.88168399430272,19.08445675195392
277140,2111520,6.8602419184909555,0.150676310446626,72.88187398376655,19.084458936349442
277160,2111520,6.9901134916090495,0.14193001510841002,72.88206397325628,19.084461120549374
277180,2111520,7.206827255172852,0.1454716966608049,72.88225396277193,19.0844633045537
277200,2111520,7.344191707318434,0.156423808153214,72.8824439523135,19.08446548836244
277220,2111520,7.339331511880984,0.1552320465523304,72.88263394188097,19.084467671975577
277240,2111520,7.256845532510549,0.1487661843926077,72.88282393147435,19.084469855393113
277260,2111520,7.140213504531099,0.14392061454015206,72.88301392109362,19.084472038615058
277280,2111520,7.002785609922767,0.14467329072334748,72.88320391073881,19.084474221641404
277300,2111520,6.828298986033049,0.150229693366286,72.8833939004099,19.084476404472152
277320,2111520,6.588842128106214,0.15763516043510775,72.88358389010688,19.0844785871073
277340,2111520,6.307694104574482,0.16826244828449347,72.88377387982976,19.084480769546847
277360,2111520,6.05843158180651,0.17959834533974087,72.88396386957854,19.084482951790804
277380,2111520,5.908736196927212,0.1797248666760249,72.88415385935319,19.084485133839156
277400,2111520,5.908800493858498,0.16943641292391728,72.88434384915375,19.084487315691916
277420,2111520,6.045775658633116,0.1645453075996083,72.88453383898019,19.084489497349075
277440,2111520,6.290074259316543,0.17377713747201715,72.88472382883252,19.084491678810632
277460,2111520,6.623070649211668,0.17700499273439457,72.88491381871074,19.08449386007659
277480,2111520,7.019913598234563,0.16713287583647538,72.88510380861482,19.084496041146956
277500,2111520,7.456719150222824,0.16404294669734082,72.88529379854478,19.084498222021722
277520,2111520,7.8984671226659104,0.17588101657819835,72.88548378850062,19.08450040270089
277540,2111520,8.316237952968496,0.19474695603619713,72.88567377848233,19.084502583184452
277560,2111520,8.703277810692189,0.21242297828187892,72.88586376848993,19.08450476347242
277580,2111520,9.062181655440815,0.2264723354138575,72.88605375852336,19.084506943564786
277600,2111520,9.394579113780093,0.23729780408292964,72.88624374858267,19.084509123461554
277620,2111520,9.703625780400792,0.24429331232613147,72.88643373866786,19.084511303162724
277640,2111520,9.998365932551774,0.2457337149351708,72.8866237287789,19.084513482668292
277660,2111520,10.28872372809672,0.24092116286828272,72.8868137189158,19.084515661978255
277680,2111520,10.579263315770042,0.23208600555824277,72.88700370907856,19.08451784109263
277700,2111520,10.866973311076448,0.2234116403773768,72.88719369926717,19.0845200200114
277720,2111520,11.143689721764456,0.21823199152632397,72.88738368948162,19.08452219873457
277740,2111520,11.400600183734221,0.21705432385142717,72.88757367972194,19.084524377262138
277760,2111520,11.631609121035348,0.21766836791396052,72.8877636699881,19.084526555594106
277780,2111520,11.83416507348687,0.21671492567881262,72.8879536602801,19.08452873373047
277800,2111520,12.0080943403278,0.21155752843126913,72.88814365059795,19.084530911671237
277820,2111520,12.154048817725547,0.20247209918782,72.88833364094164,19.084533089416407
277840,2111520,12.27250102680515,0.19362839267710258,72.88852363131116,19.084535266965972
277860,2111520,12.36341658513491,0.190644825888542,72.88871362170651,19.08453744431994
277880,2111520,12.426590146838182,0.19657869552956575,72.88890361212772,19.084539621478296
277900,2111520,12.462196734437756,0.20952807509852225,72.88909360257473,19.084541798441066
277920,2111520,12.471445231355746,0.22340746421606109,72.88928359304758,19.08454397520822
277940,2111520,12.457516387433271,0.22969868093147705,72.88947358354626,19.08454615177978
277960,2111520,12.425101468111267,0.2189256439573495,72.88966357407077,19.084548328155737
277980,2111520,12.370653747853599,0.19173005720957645,72.8898535646211,19.0845505043361
278000,2111520,12.280462450536396,0.16235045449895125,72.89004355519724,19.084552680320854
278020,2111520,12.141313010355606,0.144950518156046,72.8902335457992,19.084554856110007
278040,2111520,11.949422687924953,0.140844981979578,72.89042353642697,19.08455703170356
278060,2111520,11.741123111870083,0.14326577922817849,72.89061352708057,19.08455920710151
278080,2111520,11.560390119050451,0.15113040791608737,72.89080351775996,19.084561382303857
278100,2111520,11.438638706309524,0.16041761135994242,72.89099350846517,19.084563557310602
278120,2111520,11.369198932958554,0.16768830748647698,72.89118349919617,19.084565732121746
278140,2111520,11.318655009963068,0.1728681723230392,72.891373489953,19.084567906737284
278160,2111520,11.244561032708555,0.17689716231090175,72.8915634807356,19.08457008115722
278180,2111520,11.116744899399027,0.17372924720129268,72.89175347154402,19.084572255381556
278200,2111520,10.910861228697712,0.16175432384514568,72.89194346237824,19.08457442941029
278220,2111520,10.618143405394267,0.1541158946964484,72.89213345323823,19.084576603243416
278240,2111520,10.255727278712781,0.16022546689931488,72.89232344412403,19.084578776880942
278260,2111520,9.856489344417966,0.1713968189155895,72.89251343503561,19.084580950322866
278280,2111520,9.45457233875524,0.18366782444297747,72.89270342597298,19.084583123569185
278300,2111520,9.077477784698216,0.20614647243954845,72.89289341693615,19.0845852966199
278320,2111520,8.747927779860454,0.24526261168284336,72.89308340792508,19.08458746947501
276620,2111540,4.687982424493793,0.1541984828169317,72.87693196327038,19.084582705819944
276640,2111540,4.615787603232289,0.14862685481266655,72.87712195229122,19.084584895127634
276660,2111540,4.553293765292419,0.14908911798984675,72.87731194133805,19.08458708423973
276680,2111540,4.533870924312695,0.1545716156868284,72.87750193041084,19.084589273156226
276700,2111540,4.630048160201431,0.15200174484578594,72.8776919195096,19.08459146187713
276720,2111540,4.848898496153312,0.1375650935633453,72.87788190863434,19.084593650402432
276740,2111540,5.094959052781673,0.1270122055421552,72.87807189778505,19.08459583873214
276760,2111540,5.282656244676074,0.12558281995049414,72.8782618869617,19.084598026866257
276780,2111540,5.374300619873873,0.12833835634785185,72.87845187616432,19.08460021480477
276800,2111540,5.380807268257921,0.13335913044320086,72.87864186539291,19.084602402547688
276820,2111540,5.349363328689929,0.1428839721569648,72.87883185464744,19.08460459009501
276840,2111540,5.338711519642851,0.14915753625543746,72.87902184392793,19.084606777446737
276860,2111540,5.4008237402610195,0.1391743826136911,72.87921183323436,19.084608964602868
276880,2111540,5.571136857508825,0.1297577219666026,72.87940182256676,19.084611151563394
276900,2111540,5.874697781856915,0.13073766888015753,72.8795918119251,19.084613338328328
276920,2111540,6.331135109994542,0.13263518323422105,72.87978180130939,19.08461552489766
276940,2111540,6.919782669121586,0.12865888485371643,72.87997179071962,19.084617711271402
276960,2111540,7.572468619001596,0.12198432908873331,72.88016178015577,19.08461989744954
276980,2111540,8.195466916723971,0.11624024462817459,72.88035176961789,19.084622083432084
277000,2111540,8.669654960376256,0.11479172646966646,72.88054175910592,19.084624269219024
277020,2111540,8.850166094808396,0.11664234056925835,72.8807317486199,19.084626454810376
277040,2111540,8.675613325070174,0.12149025250311968,72.8809217381598,19.084628640206123
277060,2111540,8.294103405557864,0.13609276827493422,72.88111172772562,19.084630825406276
277080,2111540,7.857227840690585,0.15155848115588388,72.88130171731738,19.084633010410823
277100,2111540,7.47475004834724,0.1580812565970601,72.88149170693507,19.084635195219775
277120,2111540,7.214151021747308,0.1557975540501485,72.88168169657868,19.08463737983313
277140,2111540,7.102681383847874,0.15071761821585888,72.8818716862482,19.08463956425088
277160,2111540,7.1415789824514775,0.1471477291145361,72.88206167594363,19.084641748473043
277180,2111540,7.279400610346623,0.14777048320324568,72.88225166566498,19.0846439324996
277200,2111540,7.388747563195718,0.15161510847768186,72.88244165541225,19.084646116330557
277220,2111540,7.400481676679678,0.1501408862047906,72.88263164518543,19.084648299965917
277240,2111540,7.340215261942177,0.14676778141947286,72.88282163498452,19.084650483405678
277260,2111540,7.237309151522699,0.14635341610548872,72.8830116248095,19.084652666649838
277280,2111540,7.105545492112541,0.15043932823592698,72.8832016146604,19.084654849698396
277300,2111540,6.941377999162004,0.1572061929808926,72.88339160453718,19.084657032551362
277320,2111540,6.724375029074717,0.16158861504117372,72.88358159443987,19.08465921520872
277340,2111540,6.4749150991663145,0.16322822119284994,72.88377158436846,19.084661397670484
277360,2111540,6.261153195463859,0.16461717669355663,72.88396157432295,19.084663579936645
277380,2111540,6.137332829524025,0.16219665051668308,72.88415156430332,19.084665762007205
277400,2111540,6.132929535884934,0.15758896442417192,72.88434155430957,19.084667943882167
277420,2111540,6.243140877487688,0.15854230466653496,72.88453154434173,19.084670125561527
277440,2111540,6.444934330373612,0.16547160030563596,72.88472153439976,19.084672307045285
277460,2111540,6.712114601757388,0.16456041162046192,72.88491152448367,19.084674488333444
277480,2111540,7.024218579806895,0.15475012035875432,72.88510151459347,19.084676669426003
277500,2111540,7.363321763489301,0.150841943075966,72.88529150472912,19.084678850322963
277520,2111540,7.695619569493761,0.16050578987747996,72.88548149489068,19.084681031024317
277540,2111540,8.003054597978881,0.17622987517739605,72.8856714850781,19.08468321153007
277560,2111540,8.280106334987313,0.18603141137035697,72.88586147529139,19.08468539184023
277580,2111540,8.55982212166866,0.19124222306772765,72.88605146553056,19.084687571954788
277600,2111540,8.853514086127086,0.19755117290937368,72.88624145579557,19.084689751873736
277620,2111540,9.16546872938395,0.20604605363264403,72.88643144608646,19.084691931597085
277640,2111540,9.499746776744788,0.211857545014342,72.88662143640322,19.084694111124833
277660,2111540,9.855894264374445,0.21067341002985063,72.88681142674582,19.08469629045698
277680,2111540,10.226856179511055,0.20525756956799465,72.88700141711428,19.084698469593526
277700,2111540,10.598133036639766,0.2020621457118569,72.8871914075086,19.084700648534465
277720,2111540,10.952233695746598,0.2049049464636576,72.88738139792878,19.08470282727981
277740,2111540,11.275191438573618,0.21265963383630285,72.8875713883748,19.084705005829548
277760,2111540,11.560278975141884,0.2211599394788849,72.88776137884665,19.084707184183685
277780,2111540,11.807484706960993,0.2258990698638138,72.88795136934436,19.084709362342217
277800,2111540,12.019949611870347,0.22300224408365235,72.88814135986793,19.084711540305147
277820,2111540,12.200937109655856,0.21226726729025944,72.88833135041732,19.08471371807248
277840,2111540,12.352524805797334,0.2002562097174312,72.88852134099255,19.0847158956442
277860,2111540,12.475135170455435,0.19508873413950298,72.88871133159363,19.084718073020326
277880,2111540,12.568455812863418,0.20117054790918049,72.88890132222052,19.08472025020085
277900,2111540,12.63213880300866,0.21678834464648467,72.88909131287326,19.08472242718576
277920,2111540,12.666489654633692,0.23543642740546114,72.88928130355183,19.084724603975076
277940,2111540,12.674048986089169,0.24804690672744686,72.88947129425621,19.08472678056879
277960,2111540,12.664726823503853,0.240897597848198,72.88966128498642,19.084728956966895
277980,2111540,12.637593406294512,0.2123876002986524,72.88985127574246,19.08473113316939
278000,2111540,12.576514631982652,0.1806060468058065,72.89004126652432,19.084733309176293
278020,2111540,12.472962924065476,0.1610994170232883,72.89023125733198,19.08473548498759
278040,2111540,12.339052006613434,0.15690488596313965,72.89042124816547,19.084737660603288
278060,2111540,12.208222058323617,0.1589503972390085,72.89061123902478,19.08473983602337
278080,2111540,12.112703359945396,0.16062276685885987,72.89080122990987,19.084742011247855
278100,2111540,12.068531240831897,0.16167593789245188,72.8909912208208,19.084744186276733
278120,2111540,12.060500312320826,0.16383092118083717,72.89118121175751,19.084746361110014
278140,2111540,12.058199726261444,0.16886176363662683,72.89137120272004,19.084748535747675
278160,2111540,12.02673809116608,0.17529020774439044,72.89156119370837,19.084750710189745
278180,2111540,11.933961007482974,0.17371319192639093,72.8917511847225,19.084752884436206
278200,2111540,11.747020532561372,0.15887512652229716,72.89194117576241,19.084755058487062
278220,2111540,11.449721542763747,0.15312770245159876,72.89213116682814,19.084757232342312
278240,2111540,11.06446125185597,0.16616580869779865,72.89232115791964,19.08475940600196
278260,2111540,10.63510338772666,0.17728301852334724,72.89251114903693,19.084761579466
278280,2111540,10.204518376645227,0.18192758970358588,72.89270114018002,19.08476375273444
278300,2111540,9.80525712299281,0.20039734075767823,72.89289113134888,19.084765925807265
278320,2111540,9.457049447454162,0.24410945037246673,72.89308112254353,19.08476809868449
278340,2111540,9.209693180141874,0.302157400239257,72.89327111376396,19.084770271366107
276620,2111560,4.557403907936429,0.16470436657819748,72.87692966037777,19.08476333313896
276640,2111560,4.496970367600923,0.15654682259975908,72.87711964960432,19.08476552246893
276660,2111560,4.461456782623673,0.15289743374154027,72.87730963885686,19.084767711603305
276680,2111560,4.487003921163981,0.15313145469693107,72.87749962813534,19.084769900542078
276700,2111560,4.645015113007292,0.1470991461733606,72.87768961743981,19.084772089285252
276720,2111560,4.966366076454585,0.12591142262724966,72.87787960677025,19.08477427783283
276740,2111560,5.300782307759575,0.11397755054643943,72.87806959612665,19.084776466184806
276760,2111560,5.532918278070376,0.11644695541430465,72.87825958550901,19.084778654341186
276780,2111560,5.631979910612825,0.12033446644628644,72.87844957491734,19.084780842301964
276800,2111560,5.632640200455309,0.11855683636529525,72.87863956435163,19.08478303006715
276820,2111560,5.603216349372946,0.11607510975920068,72.87882955381187,19.084785217636732
276840,2111560,5.608961450356772,0.11787671345365797,72.87901954329807,19.08478740501072
276860,2111560,5.689597307904202,0.11519490046187246,72.87920953281022,19.084789592189107
276880,2111560,5.857798896582212,0.11516707388162596,72.87939952234831,19.084791779171887
276900,2111560,6.122099648711797,0.12720305116309646,72.87958951191236,19.084793965959076
276920,2111560,6.508040849991382,0.13624056028311196,72.87977950150234,19.084796152550666
276940,2111560,7.014410035153425,0.13533074666860198,72.87996949111827,19.084798338946655
276960,2111560,7.594672845648254,0.13055615286421507,72.88015948076016,19.084800525147042
276980,2111560,8.177808000932878,0.12406410295414412,72.88034947042796,19.084802711151827
277000,2111560,8.65500120926547,0.11964126607249718,72.8805394601217,19.084804896961018
277020,2111560,8.88383673801052,0.11864107069319563,72.88072944984138,19.084807082574606
277040,2111560,8.792446077359404,0.11827814508576152,72.880919439587,19.08480926799259
277060,2111560,8.494835163418713,0.1249605248172365,72.88110942935853,19.084811453214982
277080,2111560,8.119607818917496,0.134618107742021,72.881299419156,19.08481363824177
277100,2111560,7.759428173642785,0.14000128812023915,72.88148940897939,19.084815823072958
277120,2111560,7.4784961546301165,0.14032088246515195,72.8816793988287,19.084818007708538
277140,2111560,7.31262456721089,0.1391618639514306,72.88186938870393,19.084820192148527
277160,2111560,7.268153012955716,0.13907356961729206,72.88205937860506,19.08482237639291
277180,2111560,7.315881634009072,0.1387765032830568,72.88224936853213,19.084824560441692
277200,2111560,7.376522142477716,0.13883451891160023,72.8824393584851,19.084826744294876
277220,2111560,7.386335036839953,0.13924063907475132,72.88262934846398,19.084828927952458
277240,2111560,7.335865960108863,0.14085599840689164,72.88281933846878,19.084831111414434
277260,2111560,7.238074942298181,0.1450023889299652,72.88300932849948,19.084833294680816
277280,2111560,7.107406443786235,0.15124954591648737,72.88319931855608,19.084835477751593
277300,2111560,6.951836429409054,0.15794204240018445,72.88338930863857,19.084837660626768
277320,2111560,6.764470328691237,0.15996757175261614,72.88357929874697,19.084839843306337
277340,2111560,6.557182767595902,0.15436750441543498,72.88376928888127,19.08484202579031
277360,2111560,6.389766613393967,0.1497264539632643,72.88395927904146,19.08484420807868
277380,2111560,6.300204900441592,0.14844654344498245,72.88414926922755,19.084846390171446
277400,2111560,6.3018226013720335,0.15099558210082795,72.88433925943951,19.08484857206861
277420,2111560,6.3879627693618755,0.15787969316053638,72.88452924967736,19.084850753770176
277440,2111560,6.539288163974176,0.1648110875761512,72.88471923994112,19.084852935276135
277460,2111560,6.731532221469766,0.16377018305766755,72.88490923023073,19.08485511658649
277480,2111560,6.943559807429406,0.15391517882706046,72.88509922054624,19.084857297701248
277500,2111560,7.160832890480348,0.14619231851927744,72.8852892108876,19.084859478620398
277520,2111560,7.372842160291201,0.15196071301040467,72.88547920125487,19.084861659343947
277540,2111560,7.579105473607271,0.16590259529510157,72.885669191648,19.08486383987189
277560,2111560,7.787807921657622,0.17299522975206008,72.885859182067,19.08486602020423
277580,2111560,8.020973295668743,0.17024513052702914,72.88604917251187,19.08486820034097
277600,2111560,8.293826942284053,0.17125443492747777,72.88623916298259,19.08487038028211
277620,2111560,8.612633830962167,0.18053431078173246,72.8864291534792,19.08487256002764
277640,2111560,8.986562858609648,0.18970179643381904,72.88661914400166,19.08487473957757
277660,2111560,9.409067326180793,0.18850768082418579,72.88680913454998,19.084876918931897
277680,2111560,9.863707345832598,0.1831991477848365,72.88699912512415,19.08487909809062
277700,2111560,10.321964317226767,0.18414265033272723,72.88718911572418,19.084881277053732
277720,2111560,10.755394807363812,0.1947242237641793,72.88737910635007,19.08488345582125
277740,2111560,11.144480049170914,0.2106696161467935,72.88756909700179,19.084885634393157
277760,2111560,11.483037857787354,0.22560895990524443,72.88775908767937,19.084887812769463
277780,2111560,11.775400142420947,0.235087729077141,72.88794907838279,19.084889990950163
277800,2111560,12.029242161444802,0.23462324090587822,72.88813906911206,19.084892168935255
277820,2111560,12.250370607280134,0.22146515324841032,72.88832905986716,19.084894346724745
277840,2111560,12.442117925897756,0.20630709933596222,72.88851905064811,19.08489652431864
277860,2111560,12.604837769623524,0.19886306226040223,72.8887090414549,19.084898701716916
277880,2111560,12.738302648987576,0.2039452259327789,72.88889903228751,19.084900878919594
277900,2111560,12.84214599017123,0.21980174716444711,72.88908902314596,19.08490305592666
277920,2111560,12.916634581462477,0.23954768249415787,72.88927901403022,19.084905232738127
277940,2111560,12.964439029480289,0.2537859557574579,72.88946900494032,19.084907409353992
277960,2111560,12.99530050572125,0.2508363384076272,72.88965899587626,19.084909585774245
277980,2111560,13.012842362115352,0.22815335046300483,72.88984898683799,19.084911761998892
278000,2111560,13.00243349052979,0.20133232470630585,72.89003897782557,19.08491393802794
278020,2111560,12.962576128100348,0.1825158895834643,72.89022896883894,19.084916113861375
278040,2111560,12.90638157365028,0.17452629908243997,72.89041895987815,19.084918289499207
278060,2111560,12.85746562491011,0.17115689258652944,72.89060895094316,19.084920464941433
278080,2111560,12.836116042505507,0.1670958267553347,72.89079894203398,19.08492264018805
278100,2111560,12.847566336125142,0.16252341783761975,72.89098893315062,19.084924815239066
278120,2111560,12.878647584690805,0.16027975810481104,72.89117892429306,19.08492699009447
278140,2111560,12.903725051134863,0.16235103488913571,72.89136891546129,19.084929164754275
278160,2111560,12.89307058697413,0.1660046817860105,72.89155890665533,19.084931339218464
278180,2111560,12.815488575487759,0.1621210342146492,72.89174889787516,19.084933513487055
278200,2111560,12.63869307486083,0.15105047137902464,72.89193888912081,19.084935687560034
278220,2111560,12.343105874841724,0.1542522491748419,72.89212888039224,19.08493786143741
278240,2111560,11.94564931776502,0.17357974954667835,72.89231887168945,19.084940035119175
278260,2111560,11.49382519491802,0.18364464551380366,72.89250886301247,19.084942208605334
278280,2111560,11.038798558109967,0.18013321182651046,72.89269885436126,19.08494438189589
278300,2111560,10.618155704121651,0.19768530549901736,72.89288884573584,19.084946554990832
278320,2111560,10.252396796939637,0.25035209966336514,72.8930788371362,19.084948727890172
278340,2111560,9.958888368495662,0.3165197864498608,72.89326882856234,19.0849509005939
276620,2111580,4.45431016300559,0.17996180667768447,72.8769273574592,19.08494396045418
276640,2111580,4.41532845380856,0.16991543043769872,72.87711734689144,19.084946149806427
276660,2111580,4.4180671895338834,0.16023482147451357,72.87730733634967,19.084948338963073
276680,2111580,4.504155609135277,0.14842421457099875,72.87749732583389,19.08495052792412
276700,2111580,4.734369676160358,0.12874628963291368,72.87768731534406,19.08495271668958
276720,2111580,5.127119504468091,0.10282250564012964,72.8778773048802,19.08495490525942
276740,2111580,5.523739536197506,0.0973926550119608,72.8780672944423,19.08495709363367
276760,2111580,5.766702619814538,0.11125242075420531,72.87825728403038,19.084959281812317
276780,2111580,5.837337024030019,0.12340528122829211,72.8784472736444,19.084961469795367
276800,2111580,5.8009310504874945,0.1194728996543367,72.87863726328439,19.084963657582815
276820,2111580,5.755582717458998,0.10363768649487874,72.87882725295036,19.084965845174658
276840,2111580,5.775229952233152,0.09701813067930519,72.87901724264225,19.084968032570902
276860,2111580,5.8848841035789174,0.09575821624694818,72.8792072323601,19.08497021977154
276880,2111580,6.071542173336352,0.10230786179883035,72.87939722210392,19.08497240677659
276900,2111580,6.321821104564599,0.12059085514563916,72.87958721187367,19.084974593586033
276920,2111580,6.653000344945984,0.13429697338773652,72.87977720166936,19.084976780199867
276940,2111580,7.086846755742091,0.13676675799024246,72.879967191491,19.084978966618102
276960,2111580,7.595049735766577,0.1345444600727463,72.88015718133857,19.08498115284074
276980,2111580,8.120256319650913,0.12922768111053287,72.88034717121211,19.084983338867772
277000,2111580,8.570092426696784,0.12389438061076873,72.88053716111155,19.084985524699206
277020,2111580,8.811177229804189,0.123724573415296,72.88072715103694,19.08498771033504
277040,2111580,8.79242448441713,0.12274617706728191,72.88091714098826,19.084989895775266
277060,2111580,8.584108005542763,0.12257591632179933,72.8811071309655,19.084992081019895
277080,2111580,8.27952758103762,0.12486894455631652,72.88129712096868,19.08499426606891
277100,2111580,7.954627124076042,0.12670780320767017,72.88148711099778,19.084996450922333
277120,2111580,7.67034019872195,0.12708559913538262,72.8816771010528,19.08499863558015
277140,2111580,7.468092996702236,0.12774897453233836,72.88186709113374,19.085000820042364
277160,2111580,7.363114831369929,0.1295700904868785,72.88205708124059,19.085003004308977
277180,2111580,7.343369389653268,0.12974393024805614,72.88224707137337,19.085005188379988
277200,2111580,7.357449830125782,0.12856243716946358,72.88243706153204,19.08500737225539
277220,2111580,7.3484765537030245,0.12972403731579568,72.88262705171664,19.085009555935194
277240,2111580,7.290803463886059,0.1347349743563911,72.88281704192714,19.085011739419397
277260,2111580,7.1834784815919965,0.1413134038935502,72.88300703216355,19.085013922707994
277280,2111580,7.039914279537063,0.14602549361484615,72.88319702242585,19.08501610580098
277300,2111580,6.879443011755282,0.1485265439151454,72.88338701271407,19.08501828869837
277320,2111580,6.7148118317460215,0.1480317898547532,72.88357700302818,19.08502047140016
277340,2111580,6.554746723897785,0.14141647842388053,72.88376699336818,19.085022653906336
277360,2111580,6.442457053364266,0.13852719087165336,72.8839569837341,19.08502483621692
277380,2111580,6.3954365176254315,0.1434882031864458,72.88414697412588,19.085027018331893
277400,2111580,6.411485454170436,0.155807784836134,72.88433696454355,19.08502920025126
277420,2111580,6.480277173269159,0.1718966759733428,72.88452695498712,19.085031381975018
277440,2111580,6.586484563310848,0.18607232024046058,72.88471694545657,19.085033563503185
277460,2111580,6.708072754081857,0.1907899204858007,72.8849069359519,19.08503574483574
277480,2111580,6.823066716326829,0.1817411134854782,72.88509692647312,19.085037925972692
277500,2111580,6.92467089929133,0.16755064493038074,72.88528691702022,19.085040106914036
277520,2111580,7.020966739838266,0.1650022389234996,72.88547690759319,19.08504228765978
277540,2111580,7.135640216186644,0.17299464327477204,72.88566689819203,19.085044468209908
277560,2111580,7.294033995345604,0.17433928118010572,72.88585688881673,19.085046648564447
277580,2111580,7.516642188573807,0.16192655097076056,72.88604687946732,19.085048828723366
277600,2111580,7.7837676012237464,0.15419069672505717,72.88623687014376,19.08505100868669
277620,2111580,8.10335484433299,0.16122049666938004,72.88642686084607,19.085053188454403
277640,2111580,8.506661532043706,0.1717103782272189,72.88661685157426,19.08505536802651
277660,2111580,8.995122540203345,0.16927509316275077,72.88680684232828,19.085057547403014
277680,2111580,9.532180788775243,0.16331782940523934,72.88699683310817,19.08505972658391
277700,2111580,10.07122899552993,0.1680206396908157,72.88718682391391,19.085061905569205
277720,2111580,10.57659837067331,0.18521109127265917,72.88737681474551,19.08506408435889
277740,2111580,11.023588245906344,0.20671330807847083,72.88756680560296,19.08506626295297
277760,2111580,11.41036923350184,0.22490458702762203,72.88775679648623,19.08506844135144
277780,2111580,11.746042780709093,0.23582421962179026,72.88794678739536,19.085070619554312
277800,2111580,12.043024391454512,0.2366935266155475,72.88813677833036,19.085072797561565
277820,2111580,12.309536964061866,0.22402647660396752,72.88832676929117,19.08507497537322
277840,2111580,12.547896062519293,0.20878032843636748,72.88851676027784,19.085077152989268
277860,2111580,12.758856061148848,0.20074721249218647,72.88870675129033,19.085079330409705
277880,2111580,12.942593311705814,0.20460850674232464,72.88889674232865,19.085081507634538
277900,2111580,13.099118201429338,0.2187155609903857,72.88908673339282,19.085083684663765
277920,2111580,13.229266815167659,0.23638992230331787,72.88927672448281,19.085085861497383
277940,2111580,13.336180600428253,0.2489658875892086,72.88946671559862,19.085088038135396
277960,2111580,13.425808976251178,0.24868515076812672,72.88965670674027,19.085090214577797
277980,2111580,13.499983772223917,0.2348871805403769,72.88984669790773,19.085092390824588
278000,2111580,13.554002663657295,0.21588185943795934,72.89003668910101,19.085094566875785
278020,2111580,13.588461402574508,0.2000360060881785,72.8902266803201,19.085096742731363
278040,2111580,13.612747873769962,0.18991824598437934,72.89041667156502,19.085098918391335
278060,2111580,13.64098181644602,0.18271014337987362,72.89060666283574,19.085101093855698
278080,2111580,13.683821151130006,0.1753643753964261,72.89079665413227,19.085103269124453
278100,2111580,13.741498285525035,0.16787756238458448,72.89098664545463,19.085105444197602
278120,2111580,13.801856408744372,0.16229036011668518,72.89117663680278,19.085107619075142
278140,2111580,13.843323632435645,0.15969225630159622,72.89136662817673,19.085109793757074
278160,2111580,13.83957131647678,0.15759931335900362,72.89155661957649,19.085111968243393
278180,2111580,13.762652975627201,0.15185316151553702,72.89174661100203,19.085114142534103
278200,2111580,13.58661106360299,0.14610411580821384,72.8919366024534,19.085116316629215
278220,2111580,13.29874680394707,0.1527499490961049,72.89212659393054,19.085118490528707
278240,2111580,12.909657033626065,0.16798584907406247,72.89231658543348,19.085120664232594
278260,2111580,12.457233565054628,0.17385590034932524,72.8925065769622,19.08512283774088
278280,2111580,11.99165095239131,0.17128506946031513,72.89269656851673,19.08512501105354
278300,2111580,11.547824883349119,0.19951317497709253,72.89288656009703,19.0851271841706
278320,2111580,11.153601868422681,0.26578011556414555,72.8930765517031,19.085129357092047
278340,2111580,10.847771214385345,0.3385701925043672,72.89326654333496,19.085131529817893
278360,2111580,10.63626533886978,0.3978925418327234,72.8934565349926,19.085133702348124
276620,2111600,4.382045526224053,0.19739757338329078,72.876925054514615,19.085124587765584
276640,2111600,4.367080144424286,0.1872846571027095,72.87711504415259,19.085126777140115
276660,2111600,4.40324696418585,0.17522205514667719,72.87730503381653,19.085128966319044
276680,2111600,4.532330698386483,0.15760087999074868,72.87749502350644,19.085131155302367
276700,2111600,4.810896425554164,0.12921549865122509,72.87768501322232,19.085133344090092
276720,2111600,5.249850874122917,0.09602290156008479,72.87787500296417,19.085135532682212
276740,2111600,5.690266157489984,0.09038939254375895,72.87806499273199,19.08513772107873
276760,2111600,5.896285624191652,0.105203874956548,72.87825498252577,19.085139909279643
276780,2111600,5.907852157585023,0.1228514335148189,72.87844497234552,19.085142097284958
276800,2111600,5.829090069086922,0.12253694058562513,72.87863496219121,19.08514428509467
276820,2111600,5.773959824097859,0.10515232892807201,72.87882495206287,19.08514647270877
276840,2111600,5.811401515812493,0.09845075688639784,72.87901494196049,19.085148660127278
276860,2111600,5.952191037280711,0.09542085309522062,72.87920493188405,19.085150847350178
276880,2111600,6.180179999382149,0.09775579755334722,72.87939492183357,19.08515303437748
276900,2111600,6.456411037238213,0.1113477499814375,72.87958491180903,19.085155221209174
276920,2111600,6.785704963749756,0.1224022145760424,72.87977490181044,19.085157407845262
276940,2111600,7.188012758914431,0.12584026422190925,72.87996489183779,19.085159594285745
276960,2111600,7.641224599051969,0.12374973157536295,72.88015488189107,19.085161780530633
276980,2111600,8.095040205542803,0.11955407906289707,72.88034487197031,19.08516396657991
277000,2111600,8.476446215236068,0.11909091578159917,72.88053486207548,19.085166152433594
277020,2111600,8.69962399628429,0.1273089442362036,72.88072485220657,19.085168338091663
277040,2111600,8.73423995709225,0.1299421466331347,72.8809148423636,19.08517052355413
277060,2111600,8.608598298338604,0.12528342361935735,72.88110483254655,19.085172708820995
277080,2111600,8.37241577784604,0.1225642658566015,72.88129482275544,19.08517489389225
277100,2111600,8.083598838733309,0.12225682826873838,72.88148481299025,19.08517707876791
277120,2111600,7.801663485078723,0.12236186135798852,72.88167480325097,19.08517926344795
277140,2111600,7.576466455984944,0.12372991649145733,72.88186479353763,19.0851814479324
277160,2111600,7.434759192766034,0.1271506559811374,72.8820547838502,19.08518363222124
277180,2111600,7.372459456654659,0.12926837244403863,72.88224477418869,19.08518581631448
277200,2111600,7.352115249376945,0.1273516955000756,72.88243476455308,19.085188000212103
277220,2111600,7.322470866160632,0.12635307589527614,72.88262475494338,19.08519018391413
277240,2111600,7.248232715240665,0.13212033880879917,72.8828147453596,19.08519236742055
277260,2111600,7.1193747590860585,0.13945408659312886,72.8830047358017,19.085194550731366
277280,2111600,6.948037408476094,0.13942255544704518,72.88319472626975,19.085196733846573
277300,2111600,6.763005841121753,0.1333092343930652,72.88338471676366,19.085198916766174
277320,2111600,6.602286556298197,0.12732112472700646,72.88357470728349,19.085201099490174
277340,2111600,6.492817972420596,0.12590954290202122,72.88376469782919,19.08520328201856
277360,2111600,6.4432968339527745,0.1313491020826018,72.88395468840082,19.085205464351347
277380,2111600,6.441616060471172,0.14427369659709172,72.88414467899833,19.08520764648853
277400,2111600,6.474289485797659,0.16625997031027867,72.88433466962171,19.085209828430102
277420,2111600,6.528787781313063,0.19086192155551934,72.884524660271,19.08521201017607
277440,2111600,6.5984788938877275,0.21372586961397358,72.88471465094617,19.08521419172643
277460,2111600,6.662020762813914,0.22472100614785154,72.88490464164721,19.08521637308118
277480,2111600,6.702073502536523,0.2180776829299489,72.88509463237413,19.085218554240328
277500,2111600,6.720995265479268,0.19973038466870274,72.88528462312695,19.08522073520387
277520,2111600,6.741487876725105,0.18803532002953754,72.88547461390563,19.0852229159718
277540,2111600,6.800928708800368,0.18620011260074135,72.88566460471019,19.085225096544125
277560,2111600,6.932638098760132,0.17873568745850696,72.88585459554061,19.085227276920847
277580,2111600,7.1475241941626,0.15849880935446223,72.8860445863969,19.08522945710196
277600,2111600,7.411206015374101,0.1412549623649277,72.88623457727905,19.08523163708746
277620,2111600,7.724810818216758,0.1411232868327965,72.8864245681871,19.085233816877356
277640,2111600,8.140723828179121,0.14966497637839962,72.88661455912099,19.085235996471646
277660,2111600,8.6814385761918,0.14966990325150617,72.88680455008073,19.085238175870327
277680,2111600,9.280780248437077,0.14671878709900707,72.88699454106633,19.085240355073402
277700,2111600,9.874306237744923,0.15424470075446267,72.88718453207778,19.08524253408087
277720,2111600,10.426393954011777,0.17323479033212266,72.8873745231151,19.08524471289273
277740,2111600,10.916530702057878,0.19575814376327452,72.88756451417825,19.08524689150898
277760,2111600,11.346323657683428,0.21454279925240738,72.88775450526727,19.085249069929617
277780,2111600,11.726239461470641,0.22551168161694327,72.88794449638212,19.085251248154652
277800,2111600,12.069294648367311,0.22668071007297733,72.8881344875228,19.08525342618407
277820,2111600,12.38385782805589,0.21819572194428055,72.88832447868934,19.085255604017892
277840,2111600,12.673635523269168,0.20676932636119502,72.88851446988173,19.085257781656097
277860,2111600,12.939814244746028,0.20055221263245013,72.88870446109993,19.085259959098693
277880,2111600,13.182677788711151,0.20394091227155303,72.88889445234398,19.085262136345683
277900,2111600,13.40234026051203,0.21576998075716766,72.88908444361385,19.085264313397058
277920,2111600,13.599604889814055,0.23054311331056956,72.88927443490955,19.08526649025283
277940,2111600,13.776661181768162,0.24150194934256725,72.8894644262311,19.08526866691299
277960,2111600,13.936487971707201,0.24367791902317798,72.88965441757844,19.08527084337755
277980,2111600,14.080339372712135,0.23670829538128915,72.88984440895163,19.085273019646486
278000,2111600,14.207636733867128,0.2248349547974544,72.89003440035061,19.085275195719824
278020,2111600,14.31992931036291,0.21299049808603956,72.89022439177543,19.08527737159754
278040,2111600,14.422749025877472,0.2033223174985263,72.89041438322607,19.085279547279654
278060,2111600,14.52322580969385,0.1950675980150316,72.89060437470252,19.085281722766158
278080,2111600,14.625387275243845,0.1869407990146239,72.89079436620477,19.08528389805705
278100,2111600,14.72609114857665,0.17897533702905216,72.89098435773283,19.085286073152332
278120,2111600,14.813689410989728,0.17221041164159423,72.8911743492867,19.085288248052002
278140,2111600,14.869557617760647,0.16703146297306903,72.89136434086637,19.08529042275607
278160,2111600,14.871115763860363,0.16214111023049216,72.89155433247186,19.08529259726452
278180,2111600,14.795252532924204,0.15634015123218484,72.89174432410313,19.085294771577356
278200,2111600,14.623039005803696,0.1521511892970815,72.8919343157602,19.085296945694587
278220,2111600,14.34689230787809,0.15371132703714574,72.89212430744305,19.085299119616202
278240,2111600,13.976739885009916,0.1577907140263794,72.8923142991517,19.085301293342216
278260,2111600,13.541168277576535,0.15808594169672685,72.89250429088617,19.085303466872606
278280,2111600,13.077677127098063,0.16631063184969092,72.89269428264639,19.08530564020739
278300,2111600,12.618888136097766,0.20991697702564932,72.89288427443242,19.08530781334657
278320,2111600,12.19705490009749,0.2852712695671455,72.89307426624421,19.085309986290127
278340,2111600,11.875050613913313,0.35926112815544814,72.8932642580818,19.08531215903808
278360,2111600,11.661839249743565,0.41348857564779207,72.89345424994515,19.08531433159042
276620,2111620,4.337664351098928,0.21366000468593654,72.87692275154409,19.085305215073188
276640,2111620,4.343324636555193,0.2045111575452192,72.87711274138776,19.085307404469997
276660,2111620,4.39734541628138,0.19341558350751872,72.8773027312574,19.085309593671205
276680,2111620,4.529760228164586,0.1778145314007137,72.87749272115303,19.085311782676804
276700,2111620,4.785166581845894,0.15260856892296176,72.87768271107461,19.085313971486798
276720,2111620,5.2055765813796935,0.11157842785431643,72.87787270102218,19.08531616010119
276740,2111620,5.62175603929016,0.09089626891970344,72.8780626909957,19.08531834851998
276760,2111620,5.763169201176768,0.09381672413549347,72.8782526809952,19.085320536743165
276780,2111620,5.7435279980639615,0.10634960634395525,72.87844267102066,19.085322724770744
276800,2111620,5.680127970509052,0.10972333650850563,72.87863266107207,19.085324912602715
276820,2111620,5.648491269267882,0.10232398783943496,72.87882265114945,19.085327100239084
276840,2111620,5.707133036884425,0.10225888715505968,72.87901264125277,19.08532928767985
276860,2111620,5.879485963271701,0.10282727956080624,72.87920263138204,19.08533147492501
276880,2111620,6.158383853949479,0.10277861623402752,72.87939262153728,19.085333661974563
276900,2111620,6.503375496556075,0.11499857839289401,72.87958261171845,19.085335848828507
276920,2111620,6.8832629442181394,0.12320666798206314,72.87977260192557,19.085338035486853
276940,2111620,7.293759082000752,0.12172701135813875,72.87996259215863,19.08534022194959
276960,2111620,7.716078115881304,0.1152051477119093,72.88015258241764,19.085342408216718
276980,2111620,8.11122439929512,0.1107798247431694,72.88034257270259,19.085344594288244
277000,2111620,8.427491494962442,0.11579082372011021,72.88053256301346,19.085346780164166
277020,2111620,8.619901194624797,0.1297371362464422,72.88072255335027,19.08534896584448
277040,2111620,8.684688188639118,0.13315215126174756,72.88091254371301,19.08535115132919
277060,2111620,8.622775304791048,0.12489825891263033,72.88110253410169,19.085353336618287
277080,2111620,8.440690170447311,0.1226012243966163,72.88129252451628,19.085355521711787
277100,2111620,8.178796831652424,0.12501604513725909,72.8814825149568,19.085357706609674
277120,2111620,7.8966841610024705,0.12644686382096712,72.88167250542324,19.085359891311956
277140,2111620,7.655769303625414,0.12827740904831933,72.88186249591561,19.08536207581863
277160,2111620,7.4935933208363386,0.13420467517707818,72.88205248643389,19.085364260129698
277180,2111620,7.410678632021695,0.14049521610545618,72.88224247697808,19.08536644424516
277200,2111620,7.375060392307605,0.13693761031008114,72.8824324675482,19.085368628165014
277220,2111620,7.332714407931873,0.12925850806366004,72.88262245814421,19.08537081188926
277240,2111620,7.2419797320571355,0.13260646512582785,72.88281244876615,19.0853729954179
277260,2111620,7.089752414538203,0.14065764344689824,72.88300243941399,19.085375178750933
277280,2111620,6.889243594401702,0.1358018807132603,72.88319243008772,19.085377361888355
277300,2111620,6.6747893118391985,0.12254781219557095,72.88338242078736,19.085379544830175
277320,2111620,6.505147078820187,0.11245037240973624,72.8835724115129,19.085381727576383
277340,2111620,6.438275362766692,0.11409323136517098,72.88376240226432,19.085383910126982
277360,2111620,6.440242351938459,0.12550872486531045,72.88395239304167,19.085386092481976
277380,2111620,6.467365322451376,0.14310088132978518,72.88414238384487,19.08538827464136
277400,2111620,6.5043766446402564,0.16971372920614972,72.88433237467399,19.08539045660514
277420,2111620,6.543224876288617,0.19890898044050956,72.884522365529,19.085392638373307
277440,2111620,6.58029907257312,0.22460979143640833,72.88471235640986,19.085394819945865
277460,2111620,6.600330929073607,0.23690636615913457,72.88490234731664,19.085397001322818
277480,2111620,6.599127998275061,0.23263352609962337,72.88509233824927,19.085399182504162
277500,2111620,6.586086894497642,0.2168498348495384,72.8852823292078,19.085401363489893
277520,2111620,6.587160923635244,0.20186609243324044,72.88547232019219,19.085403544280023
277540,2111620,6.635532532333439,0.19166260932358817,72.88566231120247,19.085405724874537
277560,2111620,6.758436855968293,0.1785736491251853,72.88585230223862,19.085407905273446
277580,2111620,6.960005061796335,0.15879544225757553,72.88604229330062,19.085410085476745
277600,2111620,7.225660111225035,0.14097133380850818,72.8862322843885,19.08541226548443
277620,2111620,7.556347044404681,0.13668528508424013,72.88642227550226,19.08541444529651
277640,2111620,7.983521649614907,0.14432904637787725,72.88661226664185,19.085416624912977
277660,2111620,8.535984457544538,0.14834862330891102,72.88680225780732,19.085418804333845
277680,2111620,9.151256303631314,0.14596501476953977,72.88699224899862,19.085420983559086
277700,2111620,9.759655658130118,0.14911062129537317,72.88718224021581,19.08542316258873
277720,2111620,10.327318928444242,0.16268686339086272,72.88737223145884,19.085425341422763
277740,2111620,10.84112185967351,0.18161700171451486,72.88756222272772,19.085427520061177
277760,2111620,11.302870145809791,0.1987970410105778,72.88775221402244,19.08542969850399
277780,2111620,11.72220011385694,0.20970834728058188,72.88794220534301,19.085431876751183
277800,2111620,12.110121477800858,0.2126020695781393,72.88813219668943,19.085434054802775
277820,2111620,12.474607206120064,0.20860166401867727,72.88832218806166,19.08543623265875
277840,2111620,12.819744904867143,0.20228061009900491,72.88851217945977,19.085438410319117
277860,2111620,13.146873158476605,0.1993705620823695,72.8887021708837,19.085440587783875
277880,2111620,13.455973623873975,0.20329943139693263,72.88889216233346,19.08544276505302
277900,2111620,13.746670046650074,0.2133964113910717,72.88908215380906,19.085444942126554
277920,2111620,14.018968850908944,0.2257407906292553,72.88927214531047,19.085447119004478
277940,2111620,14.273606417387104,0.23557269284197113,72.88946213683774,19.085449295686786
277960,2111620,14.511661488149601,0.2395852540486351,72.88965212839081,19.085451472173492
277980,2111620,14.733724893659172,0.2373135652333649,72.88984211996971,19.085453648464576
278000,2111620,14.940017544989203,0.23085804010380515,72.89003211157443,19.085455824560057
278020,2111620,15.13165589652107,0.22299932748490023,72.89022210320496,19.085458000459916
278040,2111620,15.311129864931305,0.21538896841195965,72.89041209486132,19.085460176164176
278060,2111620,15.48084830678384,0.20825243008539573,72.89060208654348,19.085462351672817
278080,2111620,15.640475760777022,0.20135015758233585,72.89079207825145,19.08546452698584
278100,2111620,15.784595964997354,0.19483811545596316,72.89098206998524,19.08546670210326
278120,2111620,15.901899345865187,0.18916255355844228,72.89117206174483,19.085468877025065
278140,2111620,15.976158197430944,0.18432951858548935,72.89136205353022,19.085471051751256
278160,2111620,15.988532796040486,0.17961721676102033,72.89155204534141,19.085473226281838
278180,2111620,15.920791986851606,0.17443998568139898,72.8917420371784,19.085475400616797
278200,2111620,15.759495531779939,0.16936405067137775,72.8919320290412,19.085477574756155
278220,2111620,15.500791264130916,0.16513097299020296,72.89212202092978,19.0854797486999
278240,2111620,15.153965798704247,0.1612214530481725,72.89231201284416,19.08548192244802
278260,2111620,14.741204420984706,0.1604789068217657,72.89250200478433,19.085484096000542
278280,2111620,14.292288941601717,0.17731570131980165,72.89269199675029,19.085486269357443
278300,2111620,13.83907263378485,0.22570595646784714,72.89288198874202,19.08548844251873
278320,2111620,13.418974826239712,0.29612928766058916,72.89307198075954,19.085490615484407
278340,2111620,13.081422677771254,0.36422251650438253,72.89326197280285,19.085492788254463
278360,2111620,12.831000809191266,0.4177201279012936,72.89345196487194,19.085494960828914
276620,2111640,4.317245057745533,0.22573234469977135,72.87692044854755,19.08548584237699
276640,2111640,4.340401428818002,0.2165953612737676,72.87711043859694,19.08548803179608
276660,2111640,4.402874726807029,0.20522700383742531,72.8773004286723,19.085490221019562
276680,2111640,4.522323376977881,0.1888960639293987,72.87749041877365,19.085492410047436
276700,2111640,4.7239067871573335,0.1619240500319628,72.87768040890096,19.085494598879706
276720,2111640,5.015527803576506,0.12151657555737741,72.87787039905423,19.08549678751637
276740,2111640,5.272580681771347,0.09931767303001378,72.87806038923348,19.085498975957435
276760,2111640,5.381958180892126,0.10402381917543042,72.87825037943868,19.08550116420288
276780,2111640,5.406653060991421,0.10716124412334777,72.87844036966985,19.085503352252726
276800,2111640,5.3990231818742025,0.1049692449730849,72.87863035992697,19.08550554010696
276820,2111640,5.4064227070337845,0.10136023109514296,72.87882035021006,19.085507727765595
276840,2111640,5.486750173659549,0.1034242711972073,72.8790103405191,19.085509915228617
276860,2111640,5.690002580099211,0.10659328317067708,72.8792003308541,19.085512102496036
276880,2111640,6.034997907694764,0.11235926233506585,72.87939032121503,19.085514289567843
276900,2111640,6.474269564104318,0.13320953646847183,72.87958031160193,19.085516476444045
276920,2111640,6.932381584195962,0.14147148914311092,72.87977030201476,19.08551866312464
276940,2111640,7.38025397453664,0.13057314994549668,72.87996029245353,19.085520849609626
276960,2111640,7.799089753239611,0.11505379860103232,72.88015028291825,19.085523035899005
276980,2111640,8.161473528702706,0.10760490615668197,72.88034027340892,19.08552522199278
277000,2111640,8.437272679101234,0.11264057379414792,72.88053026392551,19.08552740789094
277020,2111640,8.608440330881644,0.12351424269715663,72.88072025446803,19.085529593593495
277040,2111640,8.688859148660317,0.12190837730658091,72.88091024503649,19.085531779100446
277060,2111640,8.662091673255569,0.11432827831903564,72.88110023563088,19.085533964411788
277080,2111640,8.51363651446255,0.11957584222719987,72.8812902262512,19.085536149527513
277100,2111640,8.268187086183135,0.12896100390771412,72.88148021689743,19.085538334447637
277120,2111640,7.985009759317133,0.13254479476708667,72.8816702075696,19.085540519172152
277140,2111640,7.737146153574965,0.13412259460380777,72.88186019826767,19.085542703701055
277160,2111640,7.571759546423519,0.1403254118156773,72.88205018899167,19.085544888034356
277180,2111640,7.483621103556909,0.15028712537394245,72.88224017974159,19.08554707217204
277200,2111640,7.44225285356769,0.1464004129730739,72.88243017051741,19.08554925611412
277220,2111640,7.390840162143187,0.13059240468092573,72.88262016131914,19.085551439860588
277240,2111640,7.2868242735175235,0.1293297841306799,72.88281015214679,19.085553623411446
277260,2111640,7.120498510317701,0.13456059716339236,72.88300014300034,19.085555806766703
277280,2111640,6.913113534437667,0.12922836547022154,72.88319013387981,19.08555798992634
277300,2111640,6.701526057697177,0.11752171509125633,72.88338012478516,19.08556017289037
277320,2111640,6.540300652330223,0.1143072439711704,72.88357011571641,19.085562355658794
277340,2111640,6.48198334017164,0.11959662073881569,72.88376010667356,19.0855645382316
277360,2111640,6.487119924137472,0.12818399728453755,72.88395009765661,19.08556672060881
277380,2111640,6.507873891852874,0.14337460357068968,72.88414008866555,19.085568902790396
277400,2111640,6.528778744187103,0.16733579362293297,72.88433007970038,19.085571084776376
277420,2111640,6.5451552691450035,0.19488009704339598,72.88452007076108,19.085573266566747
277440,2111640,6.553344288129374,0.218441822110311,72.88471006184768,19.085575448161507
277460,2111640,6.548449865756942,0.23103376239859252,72.88490005296018,19.085577629560657
277480,2111640,6.5320721320873,0.23019108706533867,72.88509004409853,19.085579810764198
277500,2111640,6.516774297237668,0.21955951406699528,72.88528003526278,19.085581991772127
277520,2111640,6.525264366194081,0.20618499026899176,72.8854700264529,19.085584172584444
277540,2111640,6.584021091424724,0.1935988990330432,72.88566001766888,19.085586353201148
277560,2111640,6.713633758678992,0.18001248017243004,72.88585000891074,19.085588533622246
277580,2111640,6.921168470810174,0.16504584296812483,72.88604000017848,19.085590713847733
277600,2111640,7.204269962546963,0.1546909511883751,72.88622999147208,19.085592893877603
277620,2111640,7.5647715548375825,0.15674765873661878,72.88641998279154,19.08559507371186
277640,2111640,8.01379987327605,0.16947162424355852,72.88660997413686,19.08559725335051
277660,2111640,8.556308008434533,0.1745997788491882,72.88679996550805,19.08559943279355
277680,2111640,9.150461829206455,0.1623411122671016,72.88698995690508,19.08560161204098
277700,2111640,9.738481943822539,0.15311229128962395,72.88717994832797,19.085603791092794
277720,2111640,10.294038756336247,0.1563193292239885,72.88736993977672,19.08560596994899
277740,2111640,10.809356204757101,0.16876879527559008,72.88755993125132,19.085608148609584
277760,2111640,11.28752200250323,0.18301098875332558,72.88774992275178,19.08561032707456
277780,2111640,11.736740167364987,0.19374521159480232,72.88793991427806,19.085612505343928
277800,2111640,12.16563209177213,0.19892416099106625,72.8881299058302,19.08561468341768
277820,2111640,12.58036212443532,0.19935272168818005,72.88831989740818,19.085616861295822
277840,2111640,12.983888445243995,0.19809688032366277,72.88850988901198,19.085619038978344
277860,2111640,13.376632136066476,0.19891248401276632,72.88869988064164,19.08562121646526
277880,2111640,13.75757634112617,0.20411099276707143,72.88888987229713,19.085623393756556
277900,2111640,14.125226739743734,0.21333403130839299,72.88907986397844,19.08562557085225
277920,2111640,14.47827409562551,0.22404761753388996,72.88926985568558,19.085627747752326
277940,2111640,14.815878282064238,0.23311617730898504,72.88945984741855,19.08562992445679
277960,2111640,15.137543510178585,0.23831268635294048,72.88964983917735,19.085632100965636
277980,2111640,15.442834744308989,0.23911165102815746,72.88983983096198,19.08563427727887
278000,2111640,15.73138359403204,0.2365128945372589,72.8900298227724,19.085636453396493
278020,2111640,16.003149874254987,0.23211305210445102,72.89021981460867,19.0856386293185
278040,2111640,16.2582694890755,0.22717203073058817,72.89040980647074,19.085640805044893
278060,2111640,16.496042112970766,0.22231742028081744,72.89059979835864,19.085642980575674
278080,2111640,16.713372145052936,0.2178315995910335,72.89078979027234,19.085645155910832
278100,2111640,16.903443239058536,0.21395673431885767,72.89097978221184,19.085647331050392
278120,2111640,17.055319789201945,0.21082121140503546,72.89116977417714,19.08564950599433
278140,2111640,17.154748974176844,0.20814281432345683,72.89135976616825,19.085651680742654
278160,2111640,17.186061343081406,0.20517978195257533,72.89154975818518,19.085653855295355
278180,2111640,17.134946711123167,0.20112888712645463,72.89173975022788,19.08565602965245
278200,2111640,16.991834406156958,0.1955760197188284,72.89192974229641,19.08565820381393
278220,2111640,16.755248508531803,0.1886744841882584,72.89211973439072,19.085660377779796
278240,2111640,16.433938558787997,0.18206827939789139,72.89230972651082,19.08566255155004
278260,2111640,16.04657000875463,0.1819502926933925,72.89249971865672,19.085664725124676
278280,2111640,15.619047966859007,0.20000009581981518,72.89268971082839,19.085666898503693
278300,2111640,15.181863551771983,0.24279733985312443,72.89287970302586,19.085669071687096
278320,2111640,14.769185734493334,0.30185811197775136,72.8930696952491,19.085671244674884
278340,2111640,14.411713884967913,0.3617671550587114,72.89325968749812,19.08567341746706
278360,2111640,14.116129217366513,0.4133285561978759,72.89344967977294,19.085675590063605
278380,2111640,13.868863004223131,0.4560295492814123,72.89363967207352,19.08567776246455
276620,2111660,4.316671525739357,0.23232179311951306,72.87691814552505,19.08566646967699
276640,2111660,4.3571578964401265,0.22160026638719774,72.87710813578016,19.085668659118358
276660,2111660,4.42711651648192,0.2078121243209288,72.87729812606125,19.08567084836412
276680,2111660,4.533027727924426,0.1882641294527943,72.87748811636828,19.085673037414267
276700,2111660,4.676206081537681,0.16028690742644663,72.87767810670132,19.085675226268812
276720,2111660,4.831146834947484,0.12990646471001413,72.87786809706031,19.08567741492775
276740,2111660,4.932896830055781,0.1215727740459392,72.87805808744527,19.08567960339108
276760,2111660,4.985286842282639,0.13087371464341063,72.87824807785618,19.085681791658796
276780,2111660,5.059414852857264,0.1212386653125323,72.87843806829308,19.085683979730906
276800,2111660,5.098963911142421,0.10943702526476497,72.87862805875592,19.08568616760741
276820,2111660,5.129311258413601,0.10411257476586742,72.87881804924473,19.085688355288305
276840,2111660,5.214381927853646,0.10553362887743782,72.87900803975948,19.085690542773584
276860,2111660,5.431793579216175,0.10699157821619713,72.87919803030019,19.08569273006326
276880,2111660,5.843278422583894,0.11074592341216677,72.87938802086686,19.085694917157326
276900,2111660,6.385587350889625,0.13859075857455405,72.87957801145946,19.085697104055786
276920,2111660,6.942351172881922,0.15328797431619587,72.87976800207801,19.085699290758626
276940,2111660,7.448913020406694,0.13625196290345193,72.87995799272251,19.085701477265868
276960,2111660,7.887767841449165,0.11426499636401138,72.88014798339293,19.085703663577497
276980,2111660,8.2414515536889,0.10512572973770838,72.88033797408931,19.08570584969351
277000,2111660,8.498656759069423,0.1080419957655508,72.88052796481162,19.085708035613916
277020,2111660,8.661101680417703,0.11203725553261043,72.88071795555986,19.08571022133872
277040,2111660,8.741278523561755,0.10624715105510958,72.88090794633405,19.085712406867902
277060,2111660,8.719076159842757,0.09964694400420519,72.88109793713414,19.085714592201484
277080,2111660,8.58334632709197,0.11209918895758927,72.88128792796019,19.08571677733945
277100,2111660,8.358372236951102,0.12652318746477684,72.88147791881214,19.085718962281806
277120,2111660,8.095901566439489,0.1301504630773555,72.88166790969002,19.08572114702855
277140,2111660,7.866187557138351,0.1305206780241341,72.88185790059381,19.085723331579686
277160,2111660,7.711412570998076,0.13503806522600562,72.88204789152353,19.08572551593521
277180,2111660,7.621900270593606,0.14194593823351973,72.88223788247917,19.085727700095124
277200,2111660,7.564982368076827,0.13827731703191648,72.88242787346071,19.085729884059425
277220,2111660,7.495905775090305,0.12623426843275506,72.88261786446817,19.085732067828122
277240,2111660,7.381037611451875,0.1260908235784603,72.88280785550153,19.0857342514012
277260,2111660,7.214788194903522,0.1318253843240637,72.8829978465608,19.085736434778667
277280,2111660,7.022378513886263,0.12934198955699802,72.88318783764598,19.085738617960523
277300,2111660,6.838634962303329,0.12414370194973705,72.88337782875705,19.08574080094677
277320,2111660,6.700523116207033,0.13423572324388292,72.88356781989403,19.0857429837374
277340,2111660,6.629817218369405,0.14981432167210554,72.88375781105691,19.085745166332426
277360,2111660,6.599577567661521,0.1496610001690719,72.88394780224566,19.085747348731832
277380,2111660,6.5826292878471815,0.15243815598116603,72.88413779346033,19.08574953093563
277400,2111660,6.5702303336874355,0.1666440370544477,72.88432778470087,19.08575171294381
277420,2111660,6.557953281656277,0.18738164970768192,72.88451777596731,19.08575389475639
277440,2111660,6.542825712620594,0.20675804164550565,72.88470776725963,19.08575607637335
277460,2111660,6.523862927027155,0.21865124375393805,72.88489775857784,19.085758257794698
277480,2111660,6.50550951643142,0.22074282993964794,72.88508774992192,19.085760439020437
277500,2111660,6.499951567639768,0.2148323494822955,72.88527774129187,19.085762620050556
277520,2111660,6.525955808894253,0.20487486609987748,72.88546773268772,19.085764800885066
277540,2111660,6.60439051203705,0.19378642052835612,72.88565772410942,19.085766981523964
277560,2111660,6.752320255458916,0.1825961056311755,72.885847715557,19.085769161967246
277580,2111660,6.979235166617805,0.1731243929104979,72.88603770703045,19.085771342214915
277600,2111660,7.288512395473701,0.16996221660958846,72.88622769852978,19.085773522266972
277620,2111660,7.681494818926403,0.17721073659466285,72.88641769005497,19.08577570212342
277640,2111660,8.155783239753307,0.19098126373014426,72.88660768160601,19.085777881784246
277660,2111660,8.690658683799942,0.1933938173594279,72.88679767318291,19.085780061249462
277680,2111660,9.245002421077919,0.17411726293990398,72.88698766478568,19.085782240519062
277700,2111660,9.790568062626926,0.1559872148388043,72.8871776564143,19.08578441959305
277720,2111660,10.313678934057501,0.15117751430854345,72.88736764806877,19.08578659847143
277740,2111660,10.813239586125,0.15822940470352248,72.88755763974909,19.085788777154185
277760,2111660,11.294771541187087,0.1699982059380811,72.88774763145526,19.085790955641333
277780,2111660,11.765650215530009,0.18089977165619583,72.88793762318727,19.085793133932867
277800,2111660,12.231986426248044,0.18853477729508145,72.88812761494513,19.085795312028786
277820,2111660,12.697170530747917,0.1930752855401303,72.88831760672883,19.085797489929085
277840,2111660,13.161751859034478,0.1963619249697564,72.88850759853837,19.085799667633772
277860,2111660,13.624127946850715,0.2006919172008368,72.88869759037372,19.085801845142846
277880,2111660,14.081490501782856,0.20749190190155703,72.88888758223494,19.08580402245631
277900,2111660,14.530661690798864,0.21657634789740224,72.88907757412198,19.085806199574147
277920,2111660,14.968666722300831,0.22640580319541687,72.88926756603486,19.085808376496374
277940,2111660,15.393001821864333,0.23500804003354797,72.88945755797354,19.085810553222988
277960,2111660,15.801634649963072,0.24090779295538992,72.88964754993806,19.085812729753986
277980,2111660,16.192874965682144,0.24363150749284773,72.88983754192842,19.085814906089368
278000,2111660,16.56526496525179,0.2436623537486277,72.89002753394458,19.085817082229138
278020,2111660,16.917447746844342,0.24199645247457688,72.89021752598656,19.085819258173284
278040,2111660,17.247779884141806,0.23964755845211366,72.89040751805436,19.08582143392182
278060,2111660,17.553553992068657,0.23738830277986622,72.89059751014797,19.085823609474737
278080,2111660,17.830016489212454,0.23573293993709915,72.8907875022674,19.085825784832036
278100,2111660,18.069602044972598,0.23495161216485885,72.89097749441262,19.085827959993722
278120,2111660,18.261799388729962,0.23496942529203388,72.89116748658367,19.085830134959796
278140,2111660,18.393876179346304,0.23523708784746405,72.8913574787805,19.08583230973025
278160,2111660,18.45247904074904,0.23477894186595885,72.89154747100315,19.085834484305085
278180,2111660,18.42596855891823,0.23249950384661325,72.89173746325159,19.0858366586843
278200,2111660,18.30717252283958,0.22766027315847945,72.89192745552583,19.085838832867907
278220,2111660,18.09594588202083,0.22054684414451145,72.89211744782585,19.08584100685589
278240,2111660,17.800671034591623,0.21364196022909285,72.8923074401517,19.08584318064826
278260,2111660,17.43803508482694,0.21305659527387935,72.89249743250329,19.085845354245013
278280,2111660,17.03124758869397,0.22731577975808215,72.8926874248807,19.085847527646145
278300,2111660,16.607561923249104,0.2605415224492846,72.8928774172839,19.085849700851657
278320,2111660,16.194928250623526,0.30746501883242616,72.89306740971287,19.085851873861564
278340,2111660,15.815424329276055,0.35818640341321684,72.89325740216762,19.08585404667585
278360,2111660,15.477260744714169,0.40545775884584434,72.89344739464816,19.085856219294516
278380,2111660,15.175197535224914,0.4468652253356544,72.89363738715447,19.085858391717558
276620,2111680,4.330347133348205,0.23408144099374945,72.87691584247658,19.08584709697318
276640,2111680,4.39025010908131,0.22098222787275257,72.8771058329374,19.08584928643683
276660,2111680,4.471695802485136,0.20452602225812203,72.87729582342419,19.085851475704875
276680,2111680,4.571998939234934,0.18321720071502068,72.87748581393697,19.085853664777297
276700,2111680,4.6786269896367285,0.15758146041820928,72.87767580447571,19.085855853654113
276720,2111680,4.762533358257943,0.1354634140412089,72.87786579504044,19.085858042335325
276740,2111680,4.793334843614068,0.1308974941284887,72.8780557856311,19.085860230820924
276760,2111680,4.809216738360256,0.13480607338127662,72.87824577624774,19.08586241911091
276780,2111680,4.865486806594123,0.1234309235945969,72.87843576689035,19.085864607205284
276800,2111680,4.89516172140977,0.1113231376172281,72.87862575755891,19.08586679510405
276820,2111680,4.909540735889297,0.1085745395488801,72.87881574825343,19.08586898280721
276840,2111680,4.975125904936,0.11182042745459234,72.87900573897392,19.085871170314746
276860,2111680,5.187063992355571,0.10978959814887887,72.87919572972032,19.08587335762668
276880,2111680,5.642525282543816,0.10221620798975349,72.8793857204927,19.085875544743004
276900,2111680,6.272766594605382,0.12260251378719757,72.87957571129104,19.08587773166371
276920,2111680,6.929178548418732,0.14304259025315358,72.87976570211531,19.085879918388812
276940,2111680,7.508981955274401,0.12994575864856728,72.87995569296552,19.0858821049183
276960,2111680,7.982843215914983,0.1107201778557592,72.88014568384168,19.085884291252178
276980,2111680,8.34194539225782,0.10757957510436222,72.88033567474378,19.08588647739044
277000,2111680,8.588287471400571,0.11025451410857759,72.88052566567181,19.08588866333309
277020,2111680,8.734855719736217,0.10969384002753844,72.88071565662577,19.08589084908013
277040,2111680,8.796992591177977,0.10399659252007688,72.88090564760566,19.085893034631557
277060,2111680,8.762390769641813,0.10277724607281669,72.88109563861148,19.08589521998737
277080,2111680,8.632647292087748,0.12026100135864717,72.88128562964324,19.08589740514758
277100,2111680,8.43436093073885,0.13416100729583394,72.88147562070093,19.08589959011217
277120,2111680,8.21010687739278,0.13408523450523496,72.88166561178453,19.08590177488114
277140,2111680,8.016732624097523,0.1321273529479001,72.88185560289403,19.08590395945451
277160,2111680,7.883122670880847,0.13450057751612335,72.88204559402948,19.08590614383226
277180,2111680,7.799191964435101,0.13773038254717296,72.88223558519083,19.085908328014405
277200,2111680,7.7339441732006,0.13678851495587824,72.8824255763781,19.085910512000932
277220,2111680,7.650715633524485,0.1345429102276254,72.88261556759129,19.085912695791844
277240,2111680,7.526438993633577,0.14021159496757868,72.88280555883037,19.08591487938714
277260,2111680,7.362314234150137,0.1490547891495882,72.88299555009536,19.085917062786827
277280,2111680,7.185159784329456,0.14493969066403975,72.88318554138625,19.0859192459909
277300,2111680,7.024045768823084,0.13467843796154733,72.88337553270304,19.08592142899936
277320,2111680,6.901184472925872,0.14333111468782037,72.88356552404575,19.085923611812206
277340,2111680,6.817908361619552,0.16422760725015742,72.88375551541434,19.08592579442944
277360,2111680,6.7431928079099075,0.1645733064685661,72.88394550680883,19.085927976851053
277380,2111680,6.679546140286468,0.16202989229758905,72.88413549822921,19.085930159077062
277400,2111680,6.62885521011113,0.16811937869496163,72.88432548967549,19.085932341107448
277420,2111680,6.588302514400785,0.18134745960205023,72.88451548114764,19.085934522942228
277440,2111680,6.5550039698209295,0.19584799285170337,72.88470547264568,19.08593670458139
277460,2111680,6.528749568598101,0.2063498668006315,72.88489546416962,19.085938886024934
277480,2111680,6.514263086974819,0.21030716140887026,72.88508545571942,19.085941067272863
277500,2111680,6.522140976685327,0.2080505167070678,72.88527544729511,19.085943248325187
277520,2111680,6.567651014620392,0.20161587633088043,72.88546543889666,19.085945429181884
277540,2111680,6.66764395262775,0.1932008520884996,72.8856554305241,19.08594760984297
277560,2111680,6.836874488605584,0.1846736940724937,72.88584542217741,19.085949790308444
277580,2111680,7.085524732045107,0.1783923672043956,72.88603541385658,19.0859519705783
277600,2111680,7.418743435904249,0.17746493412340805,72.88622540556163,19.08595415065254
277620,2111680,7.836240408081419,0.18338642977855976,72.88641539729252,19.085956330531165
277640,2111680,8.32735383711679,0.19179390917396394,72.8866053890493,19.085958510214176
277660,2111680,8.85746350539378,0.18975425251282135,72.88679538083193,19.085960689701572
277680,2111680,9.37725631206164,0.17088721392413037,72.88698537264042,19.085962868993352
277700,2111680,9.87495591312542,0.1522608196327786,72.88717536447476,19.085965048089513
277720,2111680,10.356575266710646,0.14584759057904323,72.88736535633495,19.08596722699006
277740,2111680,10.831332433569557,0.15079958821172354,72.887555348221,19.085969405694993
277760,2111680,11.309427914206163,0.16145823107380278,72.8877453401329,19.0859715842043
277780,2111680,11.798293957411687,0.17303324671718867,72.88793533207063,19.085973762518
277800,2111680,12.301461470316456,0.1830745978980365,72.8881253240342,19.08597594063609
277820,2111680,12.81887985211449,0.1911707610996602,72.88831531602364,19.08597811855855
277840,2111680,13.34778781072289,0.19822569552392377,72.8885053080389,19.0859802962854
277860,2111680,13.88373151563219,0.20555139156733393,72.88869530008,19.08598247381663
277880,2111680,14.421493585388882,0.21399317532606604,72.88888529214694,19.08598465115224
277900,2111680,14.955806439525954,0.22345566959561172,72.8890752842397,19.08598682829224
277920,2111680,15.481813157240632,0.23301731154289657,72.8892652763583,19.085989005236627
277940,2111680,15.995289654878274,0.24145061929469785,72.88945526850272,19.085991181985385
277960,2111680,16.492672502079447,0.24778859631815073,72.88964526067296,19.08599335853853
277980,2111680,16.970958469614448,0.25167014207734895,72.88983525286903,19.085995534896053
278000,2111680,17.42752327924693,0.25337885260224186,72.89002524509092,19.08599771105797
278020,2111680,17.859835334758742,0.25364607195070155,72.89021523733864,19.085999887024258
278040,2111680,18.26499189870845,0.25337422091600875,72.89040522961216,19.086002062794932
278060,2111680,18.63906865799589,0.2534097156827414,72.89059522191151,19.086004238369995
278080,2111680,18.976421400789892,0.25438727649291,72.89078521423664,19.08600641374943
278100,2111680,19.269195392714213,0.256591260437887,72.89097520658761,19.08600858893325
278120,2111680,19.507305960576097,0.25981285035733465,72.89116519896436,19.08601076392145
278140,2111680,19.679066827192738,0.2632745341497061,72.89135519136694,19.086012938714042
278160,2111680,19.77252483490949,0.26572874365961446,72.89154518379532,19.086015113311007
278180,2111680,19.77744352029192,0.2657869105152507,72.89173517624948,19.08601728771235
278200,2111680,19.68770793232487,0.26248640252794214,72.89192516872944,19.086019461918077
278220,2111680,19.503612585491247,0.25609896529721055,72.89211516123521,19.086021635928184
278240,2111680,19.23318715365772,0.24908941938874912,72.89230515376677,19.086023809742674
278260,2111680,18.89189852529879,0.24664588884234312,72.89249514632411,19.086025983361544
278280,2111680,18.500837793264246,0.25525665402642284,72.89268513890724,19.0860281567848
278300,2111680,18.083972840468185,0.2785121714226412,72.89287513151615,19.08603033001243
278320,2111680,17.664596978284838,0.313974665689453,72.89306512415085,19.086032503044443
278340,2111680,17.260874452092093,0.3553660944929406,72.89325511681135,19.08603467588084
278360,2111680,16.882158677566256,0.39696852358521767,72.8934451094976,19.08603684852161
278380,2111680,16.529118321222246,0.43571295647788116,72.89363510220963,19.086039020966762
276620,2111700,4.350356356034365,0.23273686791775552,72.87691353940212,19.086027724265566
276640,2111700,4.432498377287703,0.21737772085076495,72.87710353006867,19.0860299137515
276660,2111700,4.532606772423222,0.19912960907738322,72.87729352076119,19.086032103041813
276680,2111700,4.644327219149285,0.17783323664255904,72.87748351147967,19.086034292136514
276700,2111700,4.752860580876323,0.15556441795877268,72.87767350222414,19.086036481035606
276720,2111700,4.834550080073441,0.13843646604248042,72.87786349299456,19.08603866973909
276740,2111700,4.869339598814812,0.13267264791131167,72.87805348379098,19.08604085824696
276760,2111700,4.873495830235751,0.13080600136658704,72.87824347461333,19.08604304655921
276780,2111700,4.874353842073214,0.11970223485561446,72.87843346546165,19.086045234675854
276800,2111700,4.841269738491129,0.11140158680674424,72.87862345633594,19.086047422596884
276820,2111700,4.8029371087703225,0.11417523647014867,72.87881344723618,19.086049610322306
276840,2111700,4.830377148903139,0.12316249082978895,72.87900343816239,19.086051797852107
276860,2111700,5.025624936784283,0.12405288430585687,72.87919342911454,19.086053985186293
276880,2111700,5.4985826808491085,0.10769536184793818,72.87938342009262,19.08605617232487
276900,2111700,6.182046880698703,0.10979671156140515,72.87957341109667,19.086058359267838
276920,2111700,6.915339132335936,0.12725770922867322,72.87976340212666,19.086060546015187
276940,2111700,7.565968008967187,0.12235512242972969,72.8799533931826,19.08606273256692
276960,2111700,8.08055636054678,0.11557158763571584,72.88014338426449,19.08606491892305
276980,2111700,8.452089853613677,0.1238644929414476,72.8803333753723,19.086067105083558
277000,2111700,8.690933270054536,0.12301947175342007,72.88052336650605,19.086069291048457
277020,2111700,8.815517737507278,0.11315876970890187,72.88071335766574,19.086071476817732
277040,2111700,8.842455342268433,0.1102069207845823,72.88090334885136,19.086073662391403
277060,2111700,8.783199248874983,0.1211698850819897,72.88109334006292,19.08607584776946
277080,2111700,8.653367362975256,0.13765210416390447,72.88128333130038,19.0860780329519
277100,2111700,8.475162374416241,0.14666246209977937,72.88147332256378,19.086080217938722
277120,2111700,8.288141553457246,0.14417608032237375,72.88166331385311,19.08608240272993
277140,2111700,8.137728971248341,0.14074186725558202,72.88185330516835,19.086084587325526
277160,2111700,8.041880995555246,0.14209959915233025,72.88204329650951,19.08608677172551
277180,2111700,7.984047062973259,0.14592236579251477,72.88223328787659,19.08608895592987
277200,2111700,7.928896515840952,0.15001918397070527,72.88242327926957,19.086091139938624
277220,2111700,7.842149867373028,0.15591617274484276,72.88261327068848,19.08609332375176
277240,2111700,7.710454183177486,0.1668635413830747,72.8828032621333,19.08609550736928
277260,2111700,7.543850149301129,0.1760980836066914,72.88299325360401,19.086097690791178
277280,2111700,7.368294098167858,0.1681226898378948,72.88318324510062,19.086099874017474
277300,2111700,7.2097577788817215,0.1457790736314673,72.88337323662316,19.08610205704815
277320,2111700,7.082943733504926,0.13828873495308291,72.88356322817157,19.08610423988321
277340,2111700,6.980343487940835,0.1544175766061421,72.88375321974588,19.086106422522647
277360,2111700,6.874077763521371,0.16487146620665769,72.88394321134611,19.086108604966476
277380,2111700,6.773940365571768,0.16627977758010198,72.88413320297221,19.086110787214682
277400,2111700,6.693197725474328,0.1695912218557085,72.8843231946242,19.086112969267276
277420,2111700,6.631844880260306,0.17783119233221412,72.88451318630209,19.086115151124254
277440,2111700,6.587103063500526,0.18845296823246355,72.88470317800585,19.086117332785616
277460,2111700,6.558539269082911,0.19761244264941585,72.8848931697355,19.08611951425136
277480,2111700,6.550206056385286,0.20273486863874662,72.88508316149104,19.086121695521488
277500,2111700,6.570980303580558,0.20314901560495283,72.88527315327245,19.086123876595998
277520,2111700,6.633385962373478,0.19960054642589076,72.88546314507974,19.086126057474896
277540,2111700,6.751328714757782,0.19349157771891626,72.8856531369129,19.086128238158174
277560,2111700,6.937533869591925,0.18650333986525575,72.88584312877194,19.086130418645833
277580,2111700,7.20149359300137,0.1806187816874959,72.88603312065683,19.086132598937876
277600,2111700,7.548004676779154,0.1777604950334317,72.8862231125676,19.086134779034303
277620,2111700,7.975051945232441,0.17833310860681154,72.88641310450423,19.08613695893511
277640,2111700,8.468860332735442,0.17945675659088323,72.88660309646673,19.086139138640306
277660,2111700,8.99420489991461,0.17537191328533958,72.8867930884551,19.086141318149878
277680,2111700,9.487825546622854,0.16172040614157476,72.8869830804693,19.08614349746383
277700,2111700,9.945145652608637,0.1494227411872833,72.88717307250937,19.086145676582166
277720,2111700,10.386343137489709,0.14500475768085694,72.8873630645753,19.086147855504887
277740,2111700,10.835990686156842,0.14886653351497067,72.88755305666707,19.086150034231988
277760,2111700,11.31156894871527,0.15866262868395334,72.88774304878469,19.08615221276347
277780,2111700,11.82089900057502,0.17091281660752353,72.88793304092816,19.08615439109934
277800,2111700,12.364586739727255,0.18298596739443362,72.88812303309747,19.08615656923958
277820,2111700,12.938607341904563,0.19386644016827262,72.88831302529262,19.086158747184207
277840,2111700,13.536348728822713,0.20379707270384098,72.8885030175136,19.086160924933218
277860,2111700,14.150066955154387,0.21350635171923998,72.88869300976043,19.08616310248661
277880,2111700,14.77183725878285,0.22350402874981048,72.8888830020331,19.08616527984438
277900,2111700,15.394133019502197,0.23371772713516875,72.88907299433158,19.086167457006535
277920,2111700,16.0101514423359,0.2435380736929039,72.88926298665591,19.086169633973064
277940,2111700,16.613963430586185,0.25213748950057424,72.88945297900607,19.086171810743977
277960,2111700,17.200530025253265,0.25884296924654,72.88964297138205,19.086173987319274
277980,2111700,17.76560568812223,0.2633952345978867,72.88983296378383,19.086176163698948
278000,2111700,18.305528094814623,0.26603017638600035,72.89002295621145,19.086178339883002
278020,2111700,18.816874399492022,0.26740386199304483,72.8902129486649,19.086180515871437
278040,2111700,19.295969851689158,0.26842294709175535,72.89040294114415,19.086182691664256
278060,2111700,19.73828749498551,0.270034742534696,72.89059293364922,19.086184867261444
278080,2111700,20.137858482443548,0.2730003568180443,72.89078292618011,19.086187042663024
278100,2111700,20.48687214736109,0.2776646817570682,72.8909729187368,19.086189217868974
278120,2111700,20.775648212980535,0.2837663547356031,72.89116291131928,19.08619139287931
278140,2111700,20.993115899543408,0.29036222910089293,72.89135290392758,19.086193567694025
278160,2111700,21.12787462219043,0.29593314832082834,72.89154289656167,19.08619574231312
278180,2111700,21.169878785555543,0.29871872569269037,72.89173288922157,19.086197916736594
278200,2111700,21.112739056947827,0.29734540762831246,72.89192288190726,19.086200090964443
278220,2111700,20.95627544822685,0.29175583579299474,72.89211287461876,19.08620226499668
278240,2111700,20.708148290853025,0.28410541426103997,72.89230286735605,19.08620443883329
278260,2111700,20.383321195180383,0.2788860463981855,72.89249286011912,19.086206612474278
278280,2111700,20.001643339903065,0.281559970765147,72.892682852908,19.086208785919645
278300,2111700,19.584799971513323,0.29575082480354437,72.89287284572264,19.086210959169396
278320,2111700,19.1532364334233,0.32100512974876627,72.89306283856307,19.086213132223516
278340,2111700,18.723261626662598,0.35354479158846625,72.8932528314293,19.08621530508202
278360,2111700,18.305110382165115,0.3889663869621306,72.89344282432128,19.086217477744903
278380,2111700,17.902952654641854,0.4241324198623737,72.89363281723904,19.086219650212165
276620,2111720,4.367552493153026,0.23019136134277737,72.8769112363017,19.086208351554156
276640,2111720,4.472082363562734,0.21311303016405153,72.87710122717397,19.08621054106236
276660,2111720,4.59639577107033,0.1940192907647005,72.8772912180722,19.086212730374953
276680,2111720,4.733837828988093,0.17383815174813097,72.87748120899641,19.086214919491937
276700,2111720,4.872980566965307,0.15552852757060298,72.8776711999466,19.0862171084133
276720,2111720,4.996043671455908,0.14407043497710703,72.87786119092276,19.086219297139053
276740,2111720,5.080832365027749,0.14186573740427377,72.87805118192487,19.086221485669192
276760,2111720,5.100699832129808,0.13993872905171179,72.87824117295295,19.086223674003712
276780,2111720,5.032662202472326,0.126514278517693,72.87843116400701,19.08622586214262
276800,2111720,4.913952988667885,0.11546195472656925,72.87862115508702,19.086228050085918
276820,2111720,4.808844172948095,0.11847028700271713,72.87881114619297,19.086230237833597
276840,2111720,4.792839753727698,0.13150997166305578,72.8790011373249,19.08623242538566
276860,2111720,4.963905192295687,0.13940753509585072,72.87919112848277,19.08623461274211
276880,2111720,5.436016522115227,0.12293560982820341,72.87938111966659,19.086236799902945
276900,2111720,6.133117326318564,0.11257803031654372,72.87957111087637,19.086238986868157
276920,2111720,6.900808133912268,0.12091702295313013,72.87976110211208,19.086241173637763
276940,2111720,7.607760981991249,0.12462164003146536,72.87995109337375,19.08624336021175
276960,2111720,8.1608716737066,0.12754941062429564,72.88014108466135,19.086245546590124
276980,2111720,8.555366456531202,0.13866284156678427,72.88033107597488,19.08624773277288
277000,2111720,8.80395210934309,0.13255691767523728,72.88052106731438,19.08624991876002
277020,2111720,8.920127858978836,0.11893211649447917,72.88071105867978,19.086252104551537
277040,2111720,8.914927633700156,0.12078059137741912,72.88090105007113,19.086254290147448
277060,2111720,8.817578642922602,0.13510608823543363,72.8810910414884,19.086256475547735
277080,2111720,8.664570345210313,0.14150131764125082,72.8812810329316,19.086258660752424
277100,2111720,8.48251202341191,0.14502520469246538,72.88147102440072,19.086260845761476
277120,2111720,8.31748818630259,0.14537150404861637,72.88166101589577,19.08626303057492
277140,2111720,8.208999173063233,0.14548199465077993,72.88185100741674,19.086265215192743
277160,2111720,8.164092284649952,0.14925503232097184,72.88204099896363,19.086267399614954
277180,2111720,8.154410320034298,0.15703770598194405,72.88223099053644,19.086269583841542
277200,2111720,8.129561187776048,0.1661636450250569,72.88242098213514,19.08627176787252
277220,2111720,8.047895500131414,0.175920729367842,72.88261097375978,19.08627395170788
277240,2111720,7.90716763286307,0.18998696905281612,72.88280096541031,19.08627613534762
277260,2111720,7.728122915678714,0.20299783139432676,72.88299095708675,19.086278318791738
277280,2111720,7.539281255102259,0.19586418312696136,72.8831809487891,19.086280502040246
277300,2111720,7.3655774180716165,0.16360357372543904,72.88337094051735,19.086282685093135
277320,2111720,7.218971999311738,0.1405356156161403,72.8835609322715,19.086284867950404
277340,2111720,7.093363522541065,0.15031400887015242,72.88375092405154,19.08628705061206
277360,2111720,6.966557882721057,0.1650750256329311,72.88394091585748,19.086289233078094
277380,2111720,6.847516100485567,0.16843871277159733,72.88413090768933,19.08629141534851
277400,2111720,6.752741098147566,0.1709675238646657,72.88432089954703,19.086293597423307
277420,2111720,6.682656865877114,0.17690584859691322,72.88451089143065,19.086295779302485
277440,2111720,6.634480015465671,0.1855674571869484,72.88470088334014,19.086297960986048
277460,2111720,6.607670029892275,0.19424959500001623,72.88489087527553,19.08630014247399
277480,2111720,6.6058030794670985,0.20047683064711788,72.8850808672368,19.086302323766315
277500,2111720,6.636548036838119,0.20294195090900122,72.88527085922392,19.086304504863023
277520,2111720,6.710486848701567,0.20150771768012188,72.88546085123694,19.086306685764107
277540,2111720,6.839283875153194,0.1968630445435983,72.88565084327583,19.086308866469572
277560,2111720,7.0336838007631615,0.19022164914500178,72.8858408353406,19.086311046979425
277580,2111720,7.301676354900195,0.18310504460643112,72.88603082743123,19.086313227293655
277600,2111720,7.6467319302116215,0.17696783016659354,72.88622081954772,19.086315407412265
277620,2111720,8.06540870289893,0.17255111250870603,72.88641081169008,19.08631758733526
277640,2111720,8.54322832362305,0.16949964088997502,72.88660080385831,19.086319767062623
277660,2111720,9.048019549856894,0.16699172867706244,72.8867907960524,19.08632194659438
277680,2111720,9.53091334267987,0.16450597705546446,72.88698078827234,19.08632412593051
277700,2111720,9.96095853378887,0.15945060847886647,72.88717078051813,19.08632630507102
277720,2111720,10.367855004936002,0.153308434429285,72.88736077278978,19.086328484015915
277740,2111720,10.800278460286739,0.15340910858295242,72.8875507650873,19.086330662765185
277760,2111720,11.28227490068869,0.1614315722340734,72.88774075741063,19.086332841318843
277780,2111720,11.820949733336125,0.17403054915784527,72.88793074975983,19.086335019676874
277800,2111720,12.413285165318591,0.18757115649585931,72.88812074213487,19.086337197839278
277820,2111720,13.050883859651128,0.20035752057498396,72.88831073453575,19.08633937580607
277840,2111720,13.723120225483642,0.2122823625693903,72.88850072696246,19.086341553577242
277860,2111720,14.418960496888786,0.22382799314707172,72.88869071941502,19.086343731152787
277880,2111720,15.127850925913053,0.23532531977330806,72.88888071189342,19.08634590853271
277900,2111720,15.840103013817664,0.2466435968196472,72.88907070439764,19.086348085717024
277920,2111720,16.547062024618402,0.2572388551227215,72.8892606969277,19.086350262705707
277940,2111720,17.24118672153702,0.2664056858262722,72.88945068948358,19.08635243949877
277960,2111720,17.916067126640574,0.2735703323105951,72.88964068206529,19.086354616096212
277980,2111720,18.566356379141364,0.27851329012598136,72.88983067467282,19.086356792498034
278000,2111720,19.187574518486276,0.2814738156625029,72.89002066730617,19.086358968704236
278020,2111720,19.775750352169588,0.28313409020788893,72.89021065996533,19.086361144714814
278040,2111720,20.32690362675005,0.2844993345831556,72.89040065265033,19.08636332052977
278060,2111720,20.836427182171956,0.2866903182401701,72.89059064536112,19.086365496149106
278080,2111720,21.29848654038913,0.29066719495392096,72.89078063809774,19.086367671572816
278100,2111720,21.705586537658284,0.296928560914075,72.89097063086015,19.086369846800906
278120,2111720,22.048447377094494,0.30526649996346106,72.89116062364837,19.086372021833373
278140,2111720,22.316291767345422,0.31466163374418865,72.89135061646242,19.086374196670217
278160,2111720,22.497599569266487,0.3233553377267096,72.89154060930225,19.08637637131144
278180,2111720,22.58142246784453,0.3291171847751879,72.89173060216787,19.08637854575704
278200,2111720,22.55961505329271,0.3298541041666364,72.8919205950593,19.086380720007018
278220,2111720,22.430339465232468,0.3248134657381324,72.89211058797653,19.086382894061373
278240,2111720,22.2010260485013,0.3158630492568511,72.89230058091955,19.0863850679201
278260,2111720,21.88729164662208,0.30736046475601786,72.89249057388835,19.086387241583207
278280,2111720,21.50892644876014,0.30446174522328157,72.89268056688296,19.086389415050697
278300,2111720,21.086418993560546,0.3109341367408909,72.89287055990334,19.086391588322556
278320,2111720,20.638589831891778,0.3275455635735514,72.8930605529495,19.086393761398796
278340,2111720,20.180835519898398,0.3522023250930967,72.89325054602143,19.08639593427941
278360,2111720,19.7240796643122,0.38160310035284134,72.89344053911917,19.086398106964403
278380,2111720,19.27475910963129,0.4128264914190166,72.89363053224267,19.08640027945377
276640,2111740,4.493839363606476,0.2099092572405926,72.87709892425327,19.086391168369424
276660,2111740,4.641531200017659,0.19053471113758116,72.87728891535724,19.086393357704296
276680,2111740,4.807091922146826,0.17158777328723135,72.87747890648718,19.08639554684355
276700,2111740,4.983280483555196,0.15656674569575757,72.87766889764309,19.086397735787198
276720,2111740,5.156497249643599,0.1502455851735196,72.87785888882496,19.086399924535222
276740,2111740,5.29948832840922,0.15380235310393217,72.87804888003282,19.086402113087626
276760,2111740,5.347563457547112,0.15588324412375293,72.87823887126662,19.086404301444418
276780,2111740,5.225292669196678,0.13807066077883332,72.87842886252639,19.086406489605594
276800,2111740,5.03547049532549,0.11978670718899871,72.87861885381213,19.08640867757115
276820,2111740,4.8807927134716556,0.11780711703386995,72.87880884512383,19.086410865341094
276840,2111740,4.840223841638381,0.128760235919672,72.87899883646148,19.086413052915418
276860,2111740,5.000450051036595,0.13698850940733717,72.87918882782508,19.086415240294123
276880,2111740,5.448196775191188,0.12682943476840683,72.87937881921462,19.086417427477212
276900,2111740,6.119418170149064,0.11605636381919297,72.87956881063012,19.086419614464685
276920,2111740,6.877422323234737,0.11811387412832688,72.87975880207156,19.08642180125654
276940,2111740,7.599878121205829,0.12250596504078012,72.87994879353894,19.086423987852775
276960,2111740,8.195297008155435,0.12753891504210582,72.88013878503227,19.086426174253393
276980,2111740,8.640219111056954,0.13362625688261637,72.88032877655154,19.0864283604584
277000,2111740,8.933306048588882,0.13039139595736576,72.88051876809675,19.086430546467785
277020,2111740,9.071746641555938,0.12260863073217902,72.88070875966788,19.086432732281548
277040,2111740,9.056674663819956,0.12461752073748135,72.88089875126497,19.086434917899698
277060,2111740,8.915809712457001,0.13159668761628213,72.88108874288795,19.086437103322226
277080,2111740,8.706296396968654,0.12878408937411037,72.88127873453689,19.086439288549137
277100,2111740,8.47924254302481,0.13158775332770856,72.88146872621174,19.08644147358043
277120,2111740,8.303979665619432,0.13845472990242294,72.88165871791253,19.086443658416105
277140,2111740,8.224841746592736,0.1436715936220616,72.88184870963921,19.08644584305616
277160,2111740,8.23597476101948,0.1506963025427299,72.88203870139183,19.086448027500598
277180,2111740,8.290107573603539,0.16231793465207014,72.88222869317036,19.08645021174942
277200,2111740,8.31348797149929,0.1748912792904976,72.88241868497481,19.086452395802617
277220,2111740,8.241054181998367,0.1833658040385459,72.88260867680516,19.0864545796602
277240,2111740,8.088723097944076,0.19678112667937966,72.88279866866142,19.08645676332216
277260,2111740,7.889587404810005,0.21322407254808268,72.8829886605436,19.0864589467885
277280,2111740,7.677718872262816,0.21296829514402477,72.88317865245168,19.086461130059224
277300,2111740,7.479077694592565,0.1789023616593147,72.88336864438565,19.086463313134324
277320,2111740,7.304922688406102,0.14902363051535952,72.88355863634553,19.086465496013805
277340,2111740,7.1534040014238585,0.15128065718763392,72.8837486283313,19.08646767869767
277360,2111740,7.015912610082403,0.16533543824250857,72.88393862034297,19.086469861185915
277380,2111740,6.897785672061592,0.1702526952489909,72.88412861238054,19.086472043478533
277400,2111740,6.806276580813049,0.17319068883038377,72.88431860444398,19.08647422557554
277420,2111740,6.7397981781996466,0.17893948523006176,72.88450859653334,19.086476407476923
277440,2111740,6.695366526373621,0.1876381655082254,72.88469858864856,19.086478589182683
277460,2111740,6.672847135802825,0.1971253000047065,72.88488858078966,19.08648077069282
277480,2111740,6.676065724530082,0.20488553919853833,72.88507857295666,19.086482952007344
277500,2111740,6.7122853854016045,0.20915469132467904,72.88526856514953,19.086485133126246
277520,2111740,6.7909204058990635,0.20921744947657694,72.88545855736827,19.086487314049524
277540,2111740,6.921934174835292,0.2052820104584005,72.8856485496129,19.08648949477718
277560,2111740,7.114181538747703,0.1982406148344843,72.88583854188337,19.08649167530922
277580,2111740,7.373813191928721,0.18944534225026755,72.88602853417974,19.086493855645635
277600,2111740,7.70265373383843,0.18052209997509525,72.88621852650198,19.086496035786432
277620,2111740,8.09627569200189,0.17329652875916146,72.88640851885006,19.086498215731606
277640,2111740,8.541600479793066,0.16995132340825708,72.88659851122402,19.086500395481153
277660,2111740,9.01475833511624,0.1727276634375534,72.88678850362383,19.086502575035087
277680,2111740,9.478276032740018,0.1796104824735074,72.88697849604951,19.086504754393392
277700,2111740,9.886040648759703,0.17654323576812136,72.88716848850105,19.08650693355608
277720,2111740,10.273487625843396,0.16472970196938302,72.88735848097842,19.086509112523142
277740,2111740,10.705532707279202,0.16052358247778933,72.88754847348164,19.08651129129459
277760,2111740,11.209969587411072,0.16755224826986131,72.88773846601073,19.086513469870408
277780,2111740,11.791962005457432,0.18082873086527407,72.88792845856567,19.086515648250604
277800,2111740,12.444245104087315,0.1953295835939099,72.88811845114644,19.08651782643518
277820,2111740,13.153883700942066,0.20912039500795204,72.88830844375305,19.086520004424134
277840,2111740,13.906499027408639,0.22225740863666588,72.8884984363855,19.086522182217465
277860,2111740,14.688235189632255,0.23526689898609396,72.8886884290438,19.086524359815165
277880,2111740,15.486359098557404,0.2483585135450016,72.88887842172792,19.086526537217257
277900,2111740,16.289349638003298,0.2612270887932107,72.88906841443787,19.08652871442371
277920,2111740,17.08690572059482,0.27318080614077733,72.88925840717367,19.086530891434556
277940,2111740,17.86999929140379,0.2834092686026988,72.88944839993528,19.086533068249768
277960,2111740,18.630954606127336,0.2912643652839959,72.88963839272272,19.08653524486936
277980,2111740,19.36347163171593,0.2964791009302009,72.88982838553599,19.086537421293325
278000,2111740,20.062496595304776,0.29929024581128516,72.89001837837507,19.08653959752167
278020,2111740,20.723873124627023,0.30045282744923124,72.89020837123996,19.08654177355439
278040,2111740,21.34377499075905,0.30114116227806403,72.89039836413069,19.086543949391487
278060,2111740,21.917999996010476,0.30273270351856846,72.89058835704722,19.086546125032964
278080,2111740,22.441261177347936,0.3064861138456045,72.89077834998956,19.08654830047881
278100,2111740,22.906627657445686,0.3131696796909838,72.89096834295772,19.086550475729034
278120,2111740,23.305246834305148,0.32274956404244665,72.89115833595169,19.086552650783638
278140,2111740,23.626434611960857,0.33424367324820314,72.89134832897145,19.08655482564261
278160,2111740,23.858150151509548,0.34575445720181536,72.89153832201701,19.086557000305962
278180,2111740,23.987805448233892,0.35460058465100014,72.89172831508837,19.086559174773694
278200,2111740,24.00382992243951,0.35764302807115234,72.89191830818554,19.086561349045787
278220,2111740,23.90063889776274,0.35281456187729654,72.8921083013085,19.086563523122273
278240,2111740,23.68601401960698,0.34190309334353186,72.89229829445725,19.08656569700312
278260,2111740,23.378347754698467,0.32995432851369483,72.89248828763179,19.086567870688345
278280,2111740,22.998491577758017,0.32225888778120776,72.89267828083213,19.086570044177947
278300,2111740,22.56634289468677,0.32260693388511325,72.89286827405824,19.08657221747193
278320,2111740,22.099710916938825,0.3323709352951642,72.89305826731015,19.086574390570274
278340,2111740,21.613503615394638,0.35050387675661715,72.89324826058784,19.086576563473002
278360,2111740,21.119201384445674,0.3745666213825371,72.89343825389129,19.086578736180105
278380,2111740,20.624840681175733,0.40197733524979223,72.89362824722052,19.086580908691573
278400,2111740,20.15828192399769,0.4307392362612455,72.89381824057554,19.086583081007426
276640,2111760,4.483261764424129,0.20909628794802299,72.87709662130662,19.086571795672686
276660,2111760,4.646110991743318,0.18970970640720453,72.8772866126163,19.086573985029833
276680,2111760,4.829166082377808,0.1713010749432873,72.87747660395198,19.08657617419136
276700,2111760,5.027291595890213,0.15700684976512258,72.87766659531361,19.08657836315728
276720,2111760,5.228509366701542,0.15083840908154508,72.87785658670121,19.086580551927575
276740,2111760,5.402811736637174,0.1537021841460513,72.87804657811479,19.086582740502255
276760,2111760,5.469464612221629,0.155087915111272,72.87823656955432,19.08658492888131
276780,2111760,5.326883028499833,0.13586677640440364,72.87842656101982,19.086587117064756
276800,2111760,5.113397455279473,0.11628819485074829,72.87861655251129,19.086589305052573
276820,2111760,4.950629072372621,0.1134322105093354,72.8788065440287,19.08659149284478
276840,2111760,4.916341793142939,0.12434280783377255,72.87899653557209,19.08659368044136
276860,2111760,5.079353951430185,0.13536796393720832,72.87918652714141,19.08659586784233
276880,2111760,5.498432769762594,0.13119495729403635,72.87937651873668,19.086598055047673
276900,2111760,6.124904091333129,0.11915720320177671,72.8795665103579,19.086600242057397
276920,2111760,6.849945944152838,0.11391711220986206,72.87975650200508,19.086602428871505
276940,2111760,7.572153153742429,0.11515077267186777,72.8799464936782,19.086604615489993
276960,2111760,8.21303683165795,0.11966362287700376,72.88013648537726,19.08660680191286
276980,2111760,8.728508885978773,0.12437712065636897,72.88032647710226,19.086608988140114
277000,2111760,9.093937761604879,0.12511369568669126,72.8805164688532,19.08661117417174
277020,2111760,9.28876352001289,0.1234272204557327,72.88070646063007,19.08661336000775
277040,2111760,9.296559954615882,0.12319501800267503,72.88089645243286,19.086615545648137
277060,2111760,9.119473039517207,0.11915590837165001,72.8810864442616,19.086617731092907
277080,2111760,8.814712276023156,0.10595347914277808,72.88127643611625,19.086619916342052
277100,2111760,8.482419052069593,0.11486726457318641,72.88146642799684,19.08662210139558
277120,2111760,8.252539347629535,0.13027907650451415,72.88165641990335,19.086624286253485
277140,2111760,8.183075422725633,0.13756924043483926,72.88184641183577,19.086626470915775
277160,2111760,8.247261299101156,0.14540768906718873,72.88203640379412,19.086628655382437
277180,2111760,8.36860607120942,0.15864283385630218,72.88222639577837,19.086630839653484
277200,2111760,8.444861602039477,0.17084372298524353,72.88241638778855,19.086633023728908
277220,2111760,8.392479381038632,0.1758401301367174,72.88260637982464,19.086635207608712
277240,2111760,8.229798008661904,0.18364138106407688,72.88279637188663,19.086637391292893
277260,2111760,8.00849941330571,0.19691036826553238,72.88298636397454,19.08663957478145
277280,2111760,7.773596062070764,0.1989910295850546,72.88317635608834,19.08664175807439
277300,2111760,7.552468374036041,0.1756981139228706,72.88336634822805,19.086643941171705
277320,2111760,7.356023234145774,0.15300714005920923,72.88355634039365,19.086646124073404
277340,2111760,7.186135848013997,0.15372621278037013,72.88374633258518,19.086648306779473
277360,2111760,7.045938431548186,0.166492614757371,72.88393632480258,19.086650489289926
277380,2111760,6.940421230739509,0.17325412217826663,72.88412631704585,19.086652671604757
277400,2111760,6.86417842514143,0.17748352303446047,72.88431630931505,19.086654853723964
277420,2111760,6.80958197349282,0.18441525657127236,72.88450630161012,19.086657035647548
277440,2111760,6.772644416564196,0.19475001265690567,72.88469629393107,19.086659217375512
277460,2111760,6.75417136594869,0.2063190905842957,72.88488628627792,19.086661398907847
277480,2111760,6.759100122263901,0.21623699563846308,72.88507627865064,19.08666358024457
277500,2111760,6.795107793341526,0.2222932901461495,72.88526627104925,19.086665761385664
277520,2111760,6.871104684517047,0.22342106191872077,72.88545626347371,19.086667942331136
277540,2111760,6.995792644299188,0.21962727163727097,72.88564625592407,19.08667012308098
277560,2111760,7.176312534229284,0.21173972323128532,72.8858362484003,19.086672303635208
277580,2111760,7.416961742923915,0.20117857875373893,72.8860262409024,19.086674483993807
277600,2111760,7.717928591270327,0.1898646420481022,72.88621623343036,19.086676664156787
277620,2111760,8.074005873626842,0.18029711731451067,72.88640622598417,19.086678844124148
277640,2111760,8.473417683112178,0.1755070241381876,72.88659621856387,19.086681023895874
277660,2111760,8.897073755819477,0.1776233469247571,72.88678621116942,19.086683203471992
277680,2111760,9.317972569029646,0.1833049683874953,72.88697620380083,19.086685382852473
277700,2111760,9.708420412729692,0.17956013454724956,72.8871661964581,19.08668756203733
277720,2111760,10.098212987552083,0.16779904870095605,72.88735618914122,19.08668974102657
277740,2111760,10.551104890924151,0.1652548899992707,72.88754618185017,19.086691919820183
277760,2111760,11.096834284672452,0.17484223805614757,72.887736174585,19.086694098418175
277780,2111760,11.737811087653983,0.18966608720917585,72.88792616734565,19.086696276820536
277800,2111760,12.461748518496014,0.20442477259415004,72.88811616013217,19.086698455027275
277820,2111760,13.251100922299601,0.21822970759942956,72.88830615294451,19.086700633038394
277840,2111760,14.088456105170843,0.23195460666368908,72.8884961457827,19.08670281085388
277860,2111760,14.95806608001498,0.24631663087572409,72.88868613864672,19.08670498847375
277880,2111760,15.845749858786082,0.2613325968219252,72.88887613153659,19.086707165897987
277900,2111760,16.738599521564833,0.27636433592081966,72.88906612445227,19.086709343126603
277920,2111760,17.62487868388308,0.29037959110594685,72.8892561173938,19.08671152015959
277940,2111760,18.494139408471106,0.30227474229390944,72.88944611036115,19.08671369699696
277960,2111760,19.337466644685456,0.31117648667730496,72.88963610335432,19.0867158736387
277980,2111760,20.14769402821782,0.31667714138947134,72.88982609637333,19.086718050084816
278000,2111760,20.91941356299084,0.3189777276411164,72.89001608941815,19.086720226335302
278020,2111760,21.648653350827438,0.3189206131235621,72.89020608248877,19.08672240239017
278040,2111760,22.33221555992143,0.3178961640336327,72.89039607558523,19.086724578249406
278060,2111760,22.966793243299783,0.31761030814761404,72.8905860687075,19.086726753913016
278080,2111760,23.548054088928808,0.3197160244425943,72.89077606185559,19.086728929381003
278100,2111760,24.069873281548254,0.32536425818473425,72.89096605502947,19.08673110465336
278120,2111760,24.523850766385664,0.33480619417540997,72.89115604822916,19.086733279730097
278140,2111760,24.89920772474621,0.34719511952990334,72.89134604145468,19.0867354546112
278160,2111760,25.183119762184145,0.3606211384404761,72.89153603470596,19.08673762929668
278180,2111760,25.36132203644515,0.3722100984455786,72.89172602798308,19.086739803786536
278200,2111760,25.418012558708533,0.377871041909833,72.89191602128598,19.08674197808076
278220,2111760,25.339209812897753,0.37286670450285503,72.89210601461468,19.086744152179364
278240,2111760,25.135024085539303,0.3594467291558078,72.89229600796916,19.08674632608233
278260,2111760,24.830136487737683,0.3445185587494019,72.89248600134945,19.086748499789678
278280,2111760,24.44632480181755,0.33336060201148926,72.89267599475552,19.086750673301403
278300,2111760,24.002789945040977,0.3294759151927842,72.89286598818737,19.08675284661749
278320,2111760,23.516580998088436,0.33438850223204597,72.893055981645,19.086755019737954
278340,2111760,23.002358249172694,0.3476364755335518,72.89324597512844,19.086757192662787
278360,2111760,22.472126325165767,0.3674183455247843,72.89343596863763,19.086759365392002
278380,2111760,21.935188729073857,0.3915302754723976,72.8936259621726,19.086761537925582
278400,2111760,21.39838216200672,0.4180469069479051,72.89381595573336,19.086763710263536
276640,2111780,4.4311027029627255,0.21176449092253233,72.87709431833397,19.086752422972136
276660,2111780,4.596438696883141,0.19283373708870952,72.87728430984939,19.086754612351562
276680,2111780,4.779069157045569,0.1746912990913651,72.87747430139079,19.08675680153537
276700,2111780,4.972974362006871,0.15927733589418333,72.87766429295816,19.086758990523556
276720,2111780,5.165075203451102,0.14874457937877475,72.87785428455149,19.086761179316124
276740,2111780,5.325924779629933,0.14333013492259802,72.8780442761708,19.086763367913072
276760,2111780,5.384573679473421,0.13693866576767913,72.87823426781605,19.0867655563144
276780,2111780,5.263928047024504,0.11991872751406552,72.87842425948729,19.08676774452011
276800,2111780,5.085198280937319,0.10621597163837691,72.87861425118449,19.086769932530196
276820,2111780,4.962217407875236,0.10867965707732523,72.87880424290763,19.08677212034466
276840,2111780,4.965536156574763,0.12500465657942827,72.87899423465674,19.086774307963505
276860,2111780,5.1493190476756805,0.1431026228574521,72.8791842264318,19.086776495386722
276880,2111780,5.547960130218782,0.14347312606946502,72.87937421823281,19.08677868261433
276900,2111780,6.132721970439106,0.1262297774374045,72.87956421005975,19.08678086964631
276920,2111780,6.827422305246454,0.11330852260987684,72.87975420191268,19.086783056482666
276940,2111780,7.553283571540139,0.10960268132623065,72.87994419379152,19.086785243123405
276960,2111780,8.240545885019305,0.11196757705803759,72.8801341856963,19.08678742956852
276980,2111780,8.834150347115635,0.11639396784973585,72.88032417762703,19.086789615818024
277000,2111780,9.289853277154538,0.12031111580886653,72.8805141695837,19.08679180187189
277020,2111780,9.568482267571902,0.12318373415789761,72.8807041615663,19.086793987730147
277040,2111780,9.634494254135015,0.12323970722364723,72.88089415357483,19.08679617339277
277060,2111780,9.455054662953698,0.11201635038858516,72.8810841456093,19.086798358859774
277080,2111780,9.0234958299155,0.08812277491555413,72.88127413766969,19.08680054413116
277100,2111780,8.512704610472019,0.10479176484060122,72.881464129756,19.086802729206923
277120,2111780,8.174940005116337,0.1253536090653379,72.88165412186824,19.086804914087065
277140,2111780,8.090275512618847,0.1290274333790146,72.88184411400641,19.086807098771576
277160,2111780,8.198167376995926,0.13541918772854217,72.8820341061705,19.08680928326047
277180,2111780,8.385077604123362,0.15113470155449543,72.88222409836048,19.086811467553744
277200,2111780,8.514154469315496,0.16337444929082426,72.88241409057638,19.08681365165139
277220,2111780,8.484443644372128,0.16287171042069418,72.8826040828182,19.086815835553416
277240,2111780,8.308324621808636,0.1601015928861869,72.88279407508594,19.08681801925982
277260,2111780,8.06948346441218,0.16512638570907578,72.88298406737957,19.086820202770596
277280,2111780,7.823298550952389,0.16710459506517156,72.88317405969912,19.08682238608575
277300,2111780,7.595284700763939,0.15754153162947435,72.88336405204456,19.08682456920528
277320,2111780,7.393984376793561,0.14877457719130954,72.88355404441589,19.08682675212919
277340,2111780,7.221167074798117,0.15573340001805452,72.88374403681313,19.086828934857476
277360,2111780,7.086369302987938,0.1710775984556722,72.88393402923627,19.086831117390137
277380,2111780,7.0009609844376754,0.17866164529302253,72.8841240216853,19.08683329972717
277400,2111780,6.944993643374464,0.18398930064643898,72.88431401416021,19.086835481868583
277420,2111780,6.903910486421943,0.19287637573308403,72.88450400666103,19.086837663814368
277440,2111780,6.872817029278468,0.20617152623885127,72.88469399918772,19.086839845564533
277460,2111780,6.854320260192269,0.221029357123548,72.8848839917403,19.086842027119072
277480,2111780,6.8553370848700474,0.23376793753541,72.88507398431875,19.086844208477984
277500,2111780,6.884592552887788,0.2416781429722607,72.88526397692308,19.086846389641273
277520,2111780,6.95092743994368,0.24353430661182615,72.8854539695533,19.086848570608936
277540,2111780,7.062080216152654,0.23941417009223048,72.88564396220939,19.08685075138098
277560,2111780,7.223687360733507,0.23030739818138357,72.88583395489135,19.08685293195739
277580,2111780,7.438379610958845,0.21778504098307191,72.88602394759917,19.086855112338178
277600,2111780,7.704943357453305,0.20383497386982288,72.88621394033287,19.086857292523344
277620,2111780,8.0176085903045209,0.19080207680020356,72.88640393309244,19.086859472512884
277640,2111780,8.365677431019916,0.18107021018359554,72.88659392587786,19.086861652306794
277660,2111780,8.733981263566275,0.17572825004886833,72.88678391868915,19.086863831905085
277680,2111780,9.105787035654057,0.17229706198123818,72.8869739115263,19.086866011307745
277700,2111780,9.475347234717738,0.16641020139441492,72.8871639043893,19.086868190514778
277720,2111780,9.87468756530624,0.16243022979547053,72.88735389727815,19.08687036952619
277740,2111780,10.361549806034677,0.16814199851040457,72.88754389019284,19.086872548341972
277760,2111780,10.963042840473225,0.18316881928537326,72.8877338831334,19.086874726962133
277780,2111780,11.675380469124438,0.1992284131583656,72.8879238760998,19.086876905386664
277800,2111780,12.479051343357316,0.21276166410342454,72.88811386909204,19.086879083615564
277820,2111780,13.351749448645618,0.22555030479392266,72.88830386211012,19.086881261648845
277840,2111780,14.274394735286998,0.2395477323036272,72.88849385515405,19.086883439486495
277860,2111780,15.230614459776328,0.2554934361014086,72.8886838482238,19.086885617128523
277880,2111780,16.205548132539434,0.2730291924426438,72.88887384131941,19.086887794574917
277900,2111780,17.185260455617794,0.2910179082824975,72.88906383444085,19.08688997182569
277920,2111780,18.156649428161206,0.3079253799179374,72.8892538275881,19.08689214888083
277940,2111780,19.107740267681297,0.32220090795844136,72.88944382076119,19.08689432574035
277960,2111780,20.028228205553464,0.3326147951258137,72.8896338139601,19.086896502404237
277980,2111780,20.910032151853105,0.33852738013673767,72.88982380718484,19.0868986788725
278000,2111780,21.747550957332948,0.34006150710996486,72.8900138004354,19.086900855145135
278020,2111780,22.537382941401304,0.3381481314431518,72.89020379371178,19.08690303122214
278040,2111780,23.277485895447786,0.3344246155182356,72.89039378701396,19.086905207103516
278060,2111780,23.965985632795956,0.3309763673973341,72.89058378034197,19.086907382789267
278080,2111780,24.59993539501841,0.32992239600564527,72.8907737736958,19.086909558279388
278100,2111780,25.17426497747166,0.33288678093815355,72.89096376707543,19.086911733573885
278120,2111780,25.681036900387358,0.3404907092986807,72.89115376048086,19.08691390867275
278140,2111780,26.109065844268578,0.35205991524225905,72.89134375391211,19.08691608357599
278160,2111780,26.44403726852992,0.36564588723097113,72.89153374736914,19.086918258283593
278180,2111780,26.66938396004639,0.3782430957721408,72.89172374085199,19.086920432795576
278200,2111780,26.767063528952047,0.3857359150670288,72.89191373436063,19.086922607111926
278220,2111780,26.711006586883123,0.3803157283418213,72.89210372789506,19.086924781232653
278240,2111780,26.517166330214827,0.3653846807477606,72.8922937214553,19.086926955157747
278260,2111780,26.21612125901611,0.34929759378095904,72.89248371504132,19.08692912888721
278280,2111780,25.8291881617467,0.3367357435049434,72.89267370865312,19.086931302421046
278300,2111780,25.375019695162482,0.3308017261003144,72.89286370229071,19.08693347575925
278320,2111780,24.870274470909656,0.3329698994931434,72.8930536959541,19.086935648901832
278340,2111780,24.32966012071061,0.34309519559572743,72.89324368964326,19.086937821848778
278360,2111780,23.765812511787544,0.3598501245798788,72.8934336833582,19.086939994600094
278380,2111780,23.18920610685816,0.3814137011569093,72.89362367709892,19.086942167155783
278400,2111780,22.608200991777686,0.40604413469869854,72.8938136708654,19.08694433951584
276640,2111800,4.3360636865502675,0.21852373432986244,72.87709201533536,19.08693305026778
276660,2111800,4.491613781509408,0.20098404412012394,72.87728200705651,19.08693523966949
276680,2111800,4.6571352164268784,0.18417786873130398,72.87747199880364,19.086937428875576
276700,2111800,4.823906158627344,0.16910711268693965,72.87766199057674,19.08693961788604
276720,2111800,4.976340566663832,0.15651367222097257,72.87785198237582,19.086941806700878
276740,2111800,5.088097595540185,0.1459248164711132,72.87804197420084,19.086943995320095
276760,2111800,5.119181689973951,0.13431515483122936,72.87823196605184,19.08694618374369
276780,2111800,5.045213620105348,0.11754568334065241,72.87842195792881,19.086948371971665
276800,2111800,4.944606713119981,0.10425217081989609,72.87861194983172,19.086950560004016
276820,2111800,4.895841531183111,0.1056734415291482,72.87880194176061,19.08695274784074
276840,2111800,4.957380874035022,0.1222383730761401,72.87899193371545,19.08695493548185
276860,2111800,5.174232972074747,0.14204917338363363,72.87918192569624,19.086957122927327
276880,2111800,5.566587300631506,0.14281235611649218,72.87937191770298,19.086959310177186
276900,2111800,6.121948915866439,0.12509782442554238,72.87956190973567,19.086961497231425
276920,2111800,6.797897904385628,0.11035698589185124,72.87975190179431,19.08696368409003
276940,2111800,7.535832330594632,0.10513456214269037,72.8799418938789,19.08696587075302
276960,2111800,8.273875772222656,0.10645999419980451,72.88013188598941,19.086968057220385
276980,2111800,8.950518198747767,0.1104342754776318,72.88032187812588,19.086970243492125
277000,2111800,9.505308246432193,0.11547784585751247,72.88051187028827,19.08697242956825
277020,2111800,9.88040867941847,0.12064712082154333,72.88070186247661,19.086974615448735
277040,2111800,10.021120012172844,0.12243701772919587,72.88089185469089,19.08697680113361
277060,2111800,9.865833114195521,0.11208226317943565,72.88108184693108,19.086978986622853
277080,2111800,9.349030788452628,0.08505999557789694,72.8812718391972,19.086981171916474
277100,2111800,8.625250886470093,0.09463680801712467,72.88146183148925,19.086983357014468
277120,2111800,8.105166030509817,0.11784335446215288,72.88165182380723,19.086985541916842
277140,2111800,7.96907925377636,0.11645245655075266,72.88184181615112,19.086987726623583
277160,2111800,8.099901170599319,0.12079840555409374,72.88203180852094,19.08698991113471
277180,2111800,8.336793019663844,0.1401680108321211,72.88222180091667,19.086992095450206
277200,2111800,8.506019964363606,0.154375935599552,72.8824117933383,19.08699427957008
277220,2111800,8.48434033697933,0.14874328003048135,72.88260178578587,19.086996463494327
277240,2111800,8.29892667725558,0.1369937381953802,72.88279177825933,19.086998647222952
277260,2111800,8.063650542753335,0.1364380882414503,72.8829817707587,19.087000830755944
277280,2111800,7.831173315588971,0.13944212067528716,72.88317176328398,19.087003014093316
277300,2111800,7.622147613855058,0.1380116967368089,72.88336175583515,19.08700519723506
277320,2111800,7.442507976251869,0.13813619295104543,72.88355174841223,19.08700738018118
277340,2111800,7.291474972862566,0.15001144592264226,72.88374174101521,19.087009562931676
277360,2111800,7.175555944221491,0.16969019690850318,72.88393173364408,19.087011745486546
277380,2111800,7.108802567873213,0.1819934626991196,72.88412172629884,19.08701392784579
277400,2111800,7.069932244193572,0.18975384254341476,72.8843117189795,19.087016110009408
277420,2111800,7.03608023914547,0.20212217403511135,72.88450171168604,19.087018291977394
277440,2111800,7.002881118678251,0.22014074214936788,72.88469170441847,19.087020473749757
277460,2111800,6.976242680944099,0.23966283899414847,72.88488169717678,19.087022655326493
277480,2111800,6.965774278975808,0.25591917854934854,72.88507168996098,19.087024836707602
277500,2111800,6.981480181334185,0.2657395893498293,72.88526168277106,19.08702701789309
277520,2111800,7.032204610101425,0.2679851030215928,72.88545167560702,19.08702919888295
277540,2111800,7.124810988387452,0.26310306908225467,72.88564166846884,19.087031379677175
277560,2111800,7.263605761364345,0.2524593457086309,72.88583166135652,19.087033560275774
277580,2111800,7.449850971402011,0.23783370824012565,72.8860216542701,19.087035740678754
277600,2111800,7.681372778722741,0.22114406433145603,72.88621164720954,19.0870379208861
277620,2111800,7.95239808676378,0.20426804519102443,72.88640164017484,19.087040100897827
277640,2111800,8.253938946747903,0.18874604982920104,72.88659163316599,19.087042280713916
277660,2111800,8.575443430870603,0.17527856253989937,72.88678162618301,19.087044460334386
277680,2111800,8.909391735797518,0.1638359784180375,72.88697161922589,19.087046639759222
277700,2111800,9.261556444281133,0.15642780602597964,72.88716161229465,19.087048818988432
277720,2111800,9.66548180028627,0.15934410232855575,72.88735160538923,19.08705099802201
277740,2111800,10.184361994861172,0.17383034461220792,72.88754159850967,19.087053176859964
277760,2111800,10.847491542302787,0.19246890419230422,72.88773159165596,19.087055355502294
277780,2111800,11.634634416162525,0.2072717585768792,72.88792158482809,19.087057533948993
277800,2111800,12.51717955428477,0.21778842879273524,72.88811157802608,19.08705971220006
277820,2111800,13.469046796263855,0.22914472852862428,72.88830157124991,19.0870618902555
277840,2111800,14.47161145458706,0.24361202765066198,72.88849156449957,19.087064068115318
277860,2111800,15.508808910871165,0.2616758180607589,72.88868155777507,19.087066245779496
277880,2111800,16.56546434787595,0.2824941978892657,72.8888715510764,19.087068423248052
277900,2111800,17.626673279903198,0.3043326587703988,72.88906154440359,19.087070600520978
277920,2111800,18.67777853239661,0.3250396308921175,72.88925153775658,19.087072777598273
277940,2111800,19.704897737820623,0.3424880659692318,72.8894415311354,19.087074954479938
277960,2111800,20.695904710274277,0.3549655191111291,72.88963152454006,19.087077131165977
277980,2111800,21.64153719222814,0.3615045683460156,72.88982151797055,19.087079307656385
278000,2111800,22.536081844839035,0.36210703382989184,72.89001151142685,19.087081483951163
278020,2111800,23.377152535164917,0.3578003618431665,72.89020150490896,19.087083660050318
278040,2111800,24.164510369146004,0.3505021029531853,72.89039149841689,19.087085835953836
278060,2111800,24.898344963086814,0.3427119317048565,72.89058149195064,19.087088011661724
278080,2111800,25.577563127533885,0.3370520628799258,72.8907714855102,19.08709018717398
278100,2111800,26.198415328119978,0.3356767146126422,72.89096147909557,19.087092362490612
278120,2111800,26.753498998705624,0.3396505309792261,72.89115147270675,19.08709453761161
278140,2111800,27.2310102902554,0.34850753117849786,72.89134146634372,19.08709671253698
278160,2111800,27.6141920023525,0.36015156164178047,72.8915314600065,19.087098887266716
278180,2111800,27.88151955640822,0.37102693752321986,72.89172145369508,19.08710106180083
278200,2111800,28.009045013423197,0.3763411345834028,72.89191144740947,19.087103236139303
278220,2111800,27.979297827109374,0.3715215940749266,72.89210144114966,19.08710541028215
278240,2111800,27.80456703916564,0.3587121692093085,72.89229143491563,19.08710758422936
278260,2111800,27.512528906774673,0.34419136219790697,72.8924814287074,19.087109757980944
278280,2111800,27.126049760940536,0.33259039327031176,72.89267142252494,19.0871119315369
278300,2111800,26.664086255358225,0.3268045834706439,72.89286141636828,19.087114104897214
278320,2111800,26.14337556090377,0.3282236281453415,72.89305141023739,19.087116278061913
278340,2111800,25.57902333031075,0.3368912130993283,72.89324140413231,19.087118451030967
278360,2111800,24.98452398379586,0.35185910051313307,72.89343139805298,19.087120623804392
278380,2111800,24.371599400674715,0.3716881838486834,72.89362139199945,19.08712279638219
278400,2111800,23.750081141974363,0.3948929663441321,72.89381138597169,19.08712496876435
276640,2111820,4.2057419031092955,0.229088945871541,72.87708971231076,19.087113677559625
276660,2111820,4.342302906813491,0.21388814734319164,72.87727970423765,19.087115866983616
276680,2111820,4.481779176461703,0.19986789224793808,72.8774696961905,19.08711805621197
276700,2111820,4.612107664714799,0.18781273711875898,72.87765968816936,19.08712024524471
276720,2111820,4.717019873566438,0.17833520186687649,72.87784968017415,19.087122434081827
276740,2111820,4.77519180691651,0.17130179073542506,72.87803967220492,19.087124622723316
276760,2111820,4.773544683815049,0.16367706778349958,72.87822966426167,19.087126811169174
276780,2111820,4.750606478336057,0.1445656035441373,72.87841965634436,19.087128999419413
276800,2111820,4.739051948919912,0.12113542511657492,72.87860964845302,19.08713118747403
276820,2111820,4.770852739923893,0.1096116248735487,72.87879964058763,19.08713337533302
276840,2111820,4.890788405726101,0.11532976737443852,72.8789896327482,19.087135562996384
276860,2111820,5.1386758962933525,0.12775580223828312,72.87917962493472,19.087137750464127
276880,2111820,5.533369954994374,0.12684706218244857,72.87936961714722,19.087139937736236
276900,2111820,6.075599704742036,0.11262653151422285,72.87955960938564,19.08714212481273
276920,2111820,6.745531828895829,0.10224267500186947,72.87974960165002,19.08714431169359
276940,2111820,7.5032469937050035,0.1008514903884202,72.87993959394032,19.087146498378832
276960,2111820,8.296389050180236,0.10371127727851084,72.88012958625659,19.087148684868442
276980,2111820,9.059037577959428,0.10675142043990117,72.88031957859879,19.087150871162432
277000,2111820,9.713937389796177,0.11022079213789934,72.88050957096692,19.087153057260796
277020,2111820,10.18228217304256,0.11457481260130006,72.88069956336099,19.08715524316353
277040,2111820,10.392039095955228,0.11727633259715813,72.880889555781,19.087157428870636
277060,2111820,10.272293103076276,0.11394194931831961,72.88107954822694,19.08715961438212
277080,2111820,9.727175089405007,0.09862452808774946,72.88126954069878,19.087161799697977
277100,2111820,8.827258958853609,0.08645161896409284,72.88145953319659,19.08716398481821
277120,2111820,8.084028810469405,0.10173615296943969,72.88164952572029,19.08716616974281
277140,2111820,7.858390976197159,0.0991493273270345,72.88183951826993,19.087168354471792
277160,2111820,7.984801402205262,0.10088344987534217,72.88202951084547,19.087170539005143
277180,2111820,8.221647521099023,0.11636210738642007,72.88221950344693,19.087172723342867
277200,2111820,8.375229293053824,0.1268312083496943,72.88240949607433,19.08717490748496
277220,2111820,8.351887292191067,0.12331537864786322,72.8825994887276,19.08717709143143
277240,2111820,8.196526756828444,0.11627930495948817,72.88278948140682,19.087179275182276
277260,2111820,8.004003529587608,0.1188058103483431,72.88297947411192,19.087181458737486
277280,2111820,7.816712925183939,0.12413240204433372,72.88316946684294,19.08718364209708
277300,2111820,7.653693072411812,0.12444414658871278,72.88335945959986,19.087185825261034
277320,2111820,7.522940034886114,0.12424800528183316,72.88354945238267,19.087188008229365
277340,2111820,7.420586750597178,0.13420595628980508,72.88373944519138,19.087190191002072
277360,2111820,7.340015377594334,0.156651537358644,72.883929438026,19.087192373579153
277380,2111820,7.289068354320401,0.17697621463519805,72.8841194308865,19.087194555960597
277400,2111820,7.256257130650269,0.19012791068529417,72.88430942377289,19.08719673814642
277420,2111820,7.214908606229486,0.20916320978521627,72.88449941668517,19.08719892013661
277440,2111820,7.165937062362178,0.23441142445509103,72.88468940962335,19.08720110193118
277460,2111820,7.120118620250494,0.2601819326826751,72.8848794025874,19.08720328353011
277480,2111820,7.0898438316271735,0.2806505948751654,72.88506939557733,19.087205464933422
277500,2111820,7.085987085496025,0.29233527348587196,72.88525938859316,19.0872076461411
277520,2111820,7.117035134146192,0.29454957566707596,72.88544938163483,19.08720982715315
277540,2111820,7.1888387199041714,0.28849959180734874,72.8856393747024,19.08721200796957
277560,2111820,7.30447313570034,0.2761577476711409,72.88582936779584,19.087214188590362
277580,2111820,7.464150695778711,0.2596045898324821,72.88601936091516,19.087216369015522
277600,2111820,7.6652492577606965,0.24075803966463954,72.88620935406031,19.08721854924505
277620,2111820,7.902638637113709,0.22124361152592173,72.88639934723136,19.087220729278958
277640,2111820,8.169666371455213,0.20230403323228785,72.88658934042826,19.087222909117234
277660,2111820,8.460437862210997,0.18492857325716305,72.88677933365103,19.087225088759883
277680,2111820,8.774301317994118,0.17076109444589413,72.88696932689966,19.08722726820689
277700,2111820,9.122962799591459,0.16377002215191266,72.88715932017413,19.08722944745828
277720,2111820,9.538651963503655,0.16905150265750749,72.88734931347446,19.087231626514033
277740,2111820,10.089585742474656,0.18379954599050716,72.88753930680063,19.087233805374158
277760,2111820,10.80745053716713,0.19874923633295127,72.88772930015269,19.08723598403866
277780,2111820,11.653782805411863,0.2099539767746461,72.88791929353056,19.087238162507518
277800,2111820,12.59856966562574,0.21822710450267388,72.88810928693428,19.087240340780756
277820,2111820,13.615731855981148,0.22862692850525101,72.88829928036385,19.08724251885836
277840,2111820,14.686470465176274,0.2438669858349135,72.88848927381926,19.08724469674033
277860,2111820,15.794508378267206,0.2644660348881911,72.88867926730049,19.08724687442667
277880,2111820,16.924100109891675,0.2891897921264964,72.88886926080757,19.087249051917382
277900,2111820,18.05913084471876,0.31567327573072285,72.88905925434048,19.087251229212466
277920,2111820,19.182962702860635,0.34105368805275876,72.88924924789923,19.087253406311913
277940,2111820,20.27911607128937,0.3624929701558235,72.8894392414838,19.087255583215736
277960,2111820,21.332820555822448,0.3776417662069313,72.8896292350942,19.087257759923922
277980,2111820,22.333035243959763,0.38508064489377564,72.88981922873042,19.087259936436475
278000,2111820,23.27392529952005,0.3846473954930517,72.89000922239245,19.087262112753393
278020,2111820,24.15473016438906,0.3775054535678332,72.89019921608032,19.087264288874692
278040,2111820,24.977903135428477,0.3659191162114001,72.890389209794,19.08726646480035
278060,2111820,25.746467543556456,0.3528384633553702,72.89057920353349,19.08726864053038
278080,2111820,26.461651658029776,0.341387940408919,72.8907691972988,19.08727081606477
278100,2111820,27.12124391537623,0.3342600648097106,72.8909591910899,19.087272991403538
278120,2111820,27.718530357655524,0.3330333234825859,72.89114918490682,19.08727516654667
278140,2111820,28.241399887746002,0.3375931964081949,72.89133917874955,19.08727734149417
278160,2111820,28.67110347045872,0.34588723553531286,72.89152917261808,19.08727951624603
278180,2111820,28.980746515250953,0.35404876906679394,72.8917191665124,19.087281690802264
278200,2111820,29.139398735605866,0.3572560297616819,72.89190916043253,19.08728386516287
278220,2111820,29.133802202353206,0.3528293329127218,72.89209915437846,19.087286039327836
278240,2111820,28.979331130091122,0.3428080223244172,72.89228914835017,19.087288213297175
278260,2111820,28.70055983448201,0.3315303292908205,72.89247914234767,19.087290387070876
278280,2111820,28.31912323322764,0.3227410388428589,72.89266913637098,19.08729256064895
278300,2111820,27.853453782777496,0.318867314696757,72.89285913042006,19.08729473403138
278320,2111820,27.32035076278027,0.32110723245783873,72.89304912449492,19.08729690721819
278340,2111820,26.735603711472102,0.3296246792892264,72.89323911859557,19.087299080209352
278360,2111820,26.113875419231185,0.34381072335009133,72.89342911272199,19.087301253004895
278380,2111820,25.468334872917232,0.36260885603906384,72.8936191068742,19.087303425604794
278400,2111820,24.810347118608917,0.38482691928022095,72.89380910105218,19.08730559800906
276660,2111840,4.165253987307648,0.22973201660089906,72.87727740139283,19.087296494293927
276680,2111840,4.278891766358798,0.21884968635180183,72.87746739355143,19.08729868354457
276700,2111840,4.377757427307848,0.2102591528155283,72.87765738573599,19.087300872599577
276720,2111840,4.449228353786962,0.2042455499842039,72.87784737794652,19.087303061458964
276740,2111840,4.4824414875082015,0.19988248060030647,72.87803737018304,19.08730525012272
276760,2111840,4.483345296155019,0.19266140968224651,72.87822736244551,19.08730743859085
276780,2111840,4.491706454732321,0.17401890229973133,72.87841735473395,19.087309626863355
276800,2111840,4.538612316176219,0.14662252292683792,72.87860734704834,19.08731181494024
276820,2111840,4.629004272435218,0.12678232444495474,72.8787973393887,19.08731400282149
276840,2111840,4.791447993046048,0.12226802160313284,72.878987331755,19.087316190507117
276860,2111840,5.059180467735143,0.12610755103924154,72.87917732414728,19.087318377997114
276880,2111840,5.45724460550979,0.1221420995275625,72.87936731656549,19.087320565291485
276900,2111840,5.996002130524089,0.10769710464508872,72.87955730900966,19.087322752390225
276920,2111840,6.666190427470977,0.09948896887075462,72.87974730147977,19.087324939293346
276940,2111840,7.444608549817778,0.10226189298932725,72.87993729397581,19.087327126000833
276960,2111840,8.292795861527692,0.10693307519581999,72.88012728649781,19.087329312512693
276980,2111840,9.141914414331893,0.10758880707639744,72.88031727904576,19.08733149882893
277000,2111840,9.892866267275886,0.10707500010154171,72.88050727161962,19.087333684949538
277020,2111840,10.439921468386975,0.1081652845190517,72.88069726421945,19.08733587087452
277040,2111840,10.691171001815546,0.10864614957887112,72.88088725684517,19.087338056603866
277060,2111840,10.574104354316631,0.10738535285046469,72.88107724949685,19.087340242137586
277080,2111840,10.016103735183577,0.1022542556825723,72.88126724217445,19.08734242747568
277100,2111840,8.998909032054138,0.08089562019003836,72.88145723487797,19.08734461261814
277120,2111840,8.096452291998732,0.08733803757921313,72.88164722760743,19.087346797564983
277140,2111840,7.80989753291506,0.08489413731415758,72.88183722036281,19.08734898231619
277160,2111840,7.937570924719084,0.0864699229172512,72.88202721314408,19.087351166871766
277180,2111840,8.131945564681907,0.09363157267779214,72.8822172059513,19.08735335123172
277200,2111840,8.212202308808333,0.09207806054918154,72.88240719878442,19.08735553539604
277220,2111840,8.166221814510532,0.09653577107966763,72.88259719164346,19.087357719364736
277240,2111840,8.064362888723899,0.10152579806456294,72.8827871845284,19.087359903137795
277260,2111840,7.944467856081043,0.11169066516777344,72.88297717743926,19.087362086715228
277280,2111840,7.820912394155623,0.11977563577024995,72.883167170376,19.087364270097034
277300,2111840,7.717492963380608,0.11769480063946004,72.88335716333866,19.08736645328321
277320,2111840,7.65238604224703,0.11208739158913548,72.88354715632721,19.087368636273755
277340,2111840,7.6179354196817,0.11523634018158438,72.88373714934167,19.087370819068667
277360,2111840,7.58948621480134,0.13487850748504207,72.88392714238202,19.087373001667956
277380,2111840,7.554756212582606,0.16072685504066725,72.88411713544826,19.08737518407161
277400,2111840,7.506875136699775,0.18305412213902164,72.8843071285404,19.08737736627964
277420,2111840,7.4375524003831535,0.21220138586545,72.88449712165843,19.087379548292027
277440,2111840,7.356727116716277,0.24684345272396466,72.88468711480233,19.0873817301088
277460,2111840,7.280694616541097,0.2802695317412476,72.88487710797213,19.08738391172993
277480,2111840,7.223755369713645,0.3055499656725363,72.8850671011678,19.08738609315543
277500,2111840,7.19655369820613,0.318832781876493,72.88525709438936,19.087388274385304
277520,2111840,7.206554317529565,0.32047221401200143,72.88544708763679,19.087390455419552
277540,2111840,7.258341509273701,0.3129589626226024,72.8856370809101,19.087392636258155
277560,2111840,7.353804224820288,0.29903858325147603,72.88582707420929,19.087394816901142
277580,2111840,7.492378777706756,0.28112508952480625,72.88601706753433,19.087396997348492
277600,2111840,7.67141150162225,0.26124519751161923,72.88620706088524,19.087399177600208
277620,2111840,7.886830501827052,0.24107872731142171,72.88639705426203,19.087401357656297
277640,2111840,8.134454810816665,0.22206125081543,72.88658704766466,19.08740353751675
277660,2111840,8.412384334562041,0.20569110818323352,72.88677704109318,19.08740571718157
277680,2111840,8.724927702999883,0.19408132636664294,72.88696703454754,19.087407896650763
277700,2111840,9.088294887061194,0.18994231134761447,72.88715702802777,19.08741007592433
277720,2111840,9.537729401452806,0.19410369763513657,72.88734702153384,19.087412255002253
277740,2111840,10.125286467952197,0.20218733988546775,72.88753701506577,19.087414433884547
277760,2111840,10.8710806943462,0.20921629129482663,72.88772700862354,19.087416612571214
277780,2111840,11.750701050495975,0.21404429916124423,72.88791700220717,19.08741879106224
277800,2111840,12.734953762867255,0.21848451017545606,72.88810699581663,19.08742096935764
277820,2111840,13.798589534088944,0.22661718617267657,72.88829698945194,19.087423147457407
277840,2111840,14.921561986071474,0.2416595501860263,72.88848698311311,19.087425325361536
277860,2111840,16.086780351693104,0.26433061682834086,72.88867697680008,19.087427503070042
277880,2111840,17.277710553611804,0.29299230288340883,72.88886697051291,19.08742968058291
277900,2111840,18.476854224795016,0.3245492033189032,72.88905696425157,19.08743185790015
277920,2111840,19.665159103289326,0.35529674280899043,72.88924695801605,19.08743403502175
277940,2111840,20.822620035049383,0.381507949287575,72.88943695180637,19.08743621194772
277960,2111840,21.93047237671421,0.3999673972027679,72.88962694562251,19.087438388678056
277980,2111840,22.974756359403425,0.40860374339281375,72.88981693946448,19.087440565212752
278000,2111840,23.94940747394472,0.40703958643937044,72.89000693333226,19.087442741551822
278020,2111840,24.856298510308644,0.39668408861043297,72.89019692722587,19.087444917695258
278040,2111840,25.701917581387125,0.38029406186672765,72.89038692114528,19.087447093643057
278060,2111840,26.49305065307027,0.3613308983508396,72.89057691509052,19.08744926939523
278080,2111840,27.233585840311388,0.343380566664759,72.89076690906157,19.08745144495176
278100,2111840,27.922810573835715,0.32960587107681943,72.89095690305844,19.087453620312658
278120,2111840,28.55462921258231,0.32211283095589277,72.8911468970811,19.087455795477922
278140,2111840,29.117025927021384,0.3213176693599828,72.89133689112957,19.08745797044755
278160,2111840,29.59106524611644,0.3256185733971423,72.89152688520385,19.08746014522155
278180,2111840,29.947808278761812,0.33147932301697397,72.89171687930391,19.087462319799908
278200,2111840,30.142396447221085,0.33362816720088184,72.89190687342979,19.087464494182637
278220,2111840,30.15856561095517,0.32962005058768507,72.89209686758147,19.087466668369732
278240,2111840,30.02538076699131,0.32248074763512163,72.89228686175893,19.087468842361186
278260,2111840,29.76464125743665,0.31525520731363443,72.89247685596217,19.08747101615701
278280,2111840,29.393726108498814,0.31034425802353516,72.89266685019122,19.087473189757194
278300,2111840,28.92916454022918,0.30938312842152055,72.89285684444604,19.087475363161754
278320,2111840,28.38769134035427,0.3132943093980777,72.89304683872666,19.087477536370663
278340,2111840,27.78615415202917,0.32237366531801204,72.89323683303304,19.08747970938394
278360,2111840,27.140814700098222,0.3363649864806288,72.89342682736523,19.087481882201583
278380,2111840,26.466582727876727,0.3545903632660045,72.89361682172317,19.087484054823594
278400,2111840,25.77647834422774,0.3761444250487741,72.8938068161069,19.08748622724997
278420,2111840,25.117657466683504,0.4000888286730486,72.8939968105164,19.08748839948071
276660,2111860,3.9771601138581847,0.246257768689452,72.87727509852202,19.087477121600447
276680,2111860,4.07124970475209,0.23770849224219281,72.87746509088635,19.08747931087336
276700,2111860,4.150658793426451,0.23115645963522086,72.87765508327666,19.087481499950645
276720,2111860,4.208516256436947,0.22619068674287077,72.87784507569293,19.0874836888323
276740,2111860,4.243440622136052,0.22098217341588394,72.87803506813519,19.08748587751833
276760,2111860,4.26746376424015,0.21156658927151545,72.8782250606034,19.08748806600873
276780,2111860,4.306850196652991,0.19405590253465066,72.87841505309758,19.087490254303503
276800,2111860,4.383418648602174,0.17158180250442326,72.8786050456177,19.087492442402645
276820,2111860,4.507873384108848,0.1547784098905763,72.87879503816382,19.087494630306164
276840,2111860,4.696947531330196,0.15079668330580392,72.87898503073585,19.08749681801405
276860,2111860,4.974905136160077,0.15475954726315652,72.87917502333386,19.0874990055263
276880,2111860,5.37315814719812,0.14924397353977134,72.87936501595782,19.08750119284293
276900,2111860,5.910622240294486,0.12839844058661629,72.87955500860772,19.087503379963927
276920,2111860,6.577269232751217,0.11442755898933482,72.87974500128358,19.087505566889295
276940,2111860,7.365316397789506,0.11576087388671139,72.87993499398537,19.087507753619036
276960,2111860,8.259334193422355,0.11924040606895225,72.88012498671311,19.087509940153147
276980,2111860,9.191270089262922,0.1151240021789436,72.88031497946677,19.087512126491625
277000,2111860,10.03000320328526,0.11010079543623186,72.8805049722464,19.087514312634475
277020,2111860,10.637832171538005,0.1095365265104478,72.88069496505194,19.087516498581696
277040,2111860,10.89757100037747,0.10698268700015628,72.88088495788344,19.08751868433329
277060,2111860,10.729687541572158,0.09980660983013548,72.88107495074085,19.08752086988925
277080,2111860,10.095423054655763,0.09367493207791298,72.88126494362419,19.08752305524958
277100,2111860,9.067233583514822,0.0791947399929395,72.88145493653346,19.087525240414276
277120,2111860,8.187791405798004,0.0781290357089586,72.88164492946865,19.08752742538335
277140,2111860,7.926628779084771,0.07719182364006037,72.88183492242977,19.087529610156782
277160,2111860,8.069757461086603,0.08361951605574527,72.8820249154168,19.087531794734595
277180,2111860,8.200553859576928,0.09423849957228699,72.88221490842975,19.087533979116767
277200,2111860,8.178060245881444,0.08205147174659523,72.8824049014686,19.087536163303316
277220,2111860,8.085534699582002,0.08905203986368136,72.88259489453338,19.08753834729423
277240,2111860,8.028925170270293,0.0910203648005665,72.88278488762407,19.087540531089516
277260,2111860,7.974317338859338,0.10475665770418584,72.88297488074066,19.08754271468917
277280,2111860,7.902893896148161,0.11263978566101857,72.88316487388316,19.087544898093192
277300,2111860,7.848774740939087,0.10889199558202667,72.88335486705157,19.08754708130158
277320,2111860,7.8474034938043475,0.10476179836354395,72.88354486024586,19.087549264314337
277340,2111860,7.884580674550208,0.10662694306870184,72.88373485346605,19.08755144713146
277360,2111860,7.906291138772134,0.11970047575489162,72.88392484671216,19.087553629752957
277380,2111860,7.8791548591148395,0.1424713805822979,72.88411483998414,19.087555812178817
277400,2111860,7.799049450337897,0.17168615018231842,72.88430483328202,19.087557994409053
277420,2111860,7.684540749148272,0.21081619756821304,72.88449482660579,19.087560176443645
277440,2111860,7.559376233625502,0.2547437635928883,72.88468481995544,19.087562358282614
277460,2111860,7.446498878288189,0.2969013338379899,72.88487481333098,19.087564539925943
277480,2111860,7.360238932125623,0.3275984882090865,72.8850648067324,19.087566721373644
277500,2111860,7.309581628539864,0.34184911143550045,72.88525480015969,19.087568902625712
277520,2111860,7.300467029825695,0.34238434484071756,72.88544479361288,19.087571083682146
277540,2111860,7.336062320022797,0.3335102094597444,72.88563478709193,19.087573264542954
277560,2111860,7.4171320658600335,0.3185967099257761,72.88582478059685,19.08757544520812
277580,2111860,7.542561377514019,0.3002567633313013,72.88601477412764,19.087577625677657
277600,2111860,7.709924341391639,0.2806431386624218,72.8862047676843,19.087579805951556
277620,2111860,7.916309911718785,0.26162074534681423,72.88639476126683,19.087581986029825
277640,2111860,8.159677957861524,0.24492090076251097,72.88658475487523,19.087584165912464
277660,2111860,8.441001461627485,0.2323230019011268,72.88677474850948,19.087586345599465
277680,2111860,8.767327497715073,0.22566271287141018,72.88696474216958,19.087588525090837
277700,2111860,9.15555016503993,0.2260627623226019,72.88715473585555,19.08759070438657
277720,2111860,9.636032795840839,0.23184715337177345,72.88734472956737,19.087592883486664
277740,2111860,10.253382543568422,0.23539860446534516,72.88753472330504,19.087595062391138
277760,2111860,11.020009942465288,0.2337459077015343,72.88772471706858,19.087597241099967
277780,2111860,11.91819996830936,0.22909843631304622,72.88791471085794,19.08759941961317
277800,2111860,12.92499235501529,0.22514716669069695,72.88810470467315,19.087601597930732
277820,2111860,14.017046357329738,0.22722606454716343,72.88829469851422,19.08760377605266
277840,2111860,15.17476868191678,0.23931565294565318,72.88848469238111,19.087605953978954
277860,2111860,16.381177521150008,0.26229865783789935,72.88867468627383,19.08760813170961
277880,2111860,17.619488163935806,0.29400173802467017,72.88886468019241,19.087610309244635
277900,2111860,18.87114223562394,0.33043497828531393,72.88905467413682,19.087612486584028
277920,2111860,20.114608618110967,0.36689799412431623,72.88924466810704,19.087614663727784
277940,2111860,21.32544070121592,0.3985618565488429,72.88943466210311,19.087616840675903
277960,2111860,22.478834158276015,0.42099821077849753,72.889624656125,19.087619017428388
277980,2111860,23.55573788042546,0.4311202263778814,72.88981465017271,19.08762119398524
278000,2111860,24.54961069055576,0.4282559997743565,72.89000464424625,19.087623370346453
278020,2111860,25.466899125339594,0.4143172752838755,72.89019463834559,19.087625546512026
278040,2111860,26.320259717220598,0.3928388564703713,72.89038463247077,19.08762772248197
278060,2111860,27.121220720773245,0.3678842519289802,72.89057462662176,19.087629898256278
278080,2111860,27.876286092599848,0.34341177297285314,72.89076462079855,19.087632073834946
278100,2111860,28.58571637506127,0.32289596486250954,72.89095461500115,19.08763424921798
278120,2111860,29.24337816529835,0.30886495243767803,72.89114460922957,19.087636424405375
278140,2111860,29.83673374294833,0.30229832857055683,72.8913346034838,19.08763859939714
278160,2111860,30.346392214360417,0.30220135455714364,72.8915245977638,19.087640774193265
278180,2111860,30.743777404727982,0.3056559243055288,72.89171459206963,19.087642948793754
278200,2111860,30.977159977780715,0.30763610427989446,72.89190458640125,19.08764512319861
278220,2111860,31.02574399434068,0.3056000263582097,72.89209458075867,19.08764729740782
278240,2111860,30.925161106157223,0.3024918633721394,72.89228457514189,19.087649471421397
278260,2111860,30.691532846543677,0.2999980390134914,72.89247456955088,19.08765164523934
278280,2111860,30.338101176933918,0.2992780978183483,72.89266456398568,19.087653818861643
278300,2111860,29.879757954748715,0.30126245500023563,72.89285455844625,19.08765599228831
278320,2111860,29.333791624951722,0.30676895205737337,72.89304455293262,19.087658165519343
278340,2111860,28.718876844008506,0.3163860874243137,72.89323454744476,19.087660338554727
278360,2111860,28.053485805935242,0.3302693125947953,72.89342454198268,19.087662511394484
278380,2111860,27.354613079652268,0.34808530279543637,72.8936145365464,19.0876646840386
278400,2111860,26.63704854681524,0.36914749099165917,72.89380453113586,19.087666856487083
278420,2111860,25.91308908439342,0.39262914299485924,72.89399452575113,19.087669028739917
276660,2111880,3.7908631573554494,0.2618461026799815,72.87727279562523,19.087657748903155
276680,2111880,3.8736596385488897,0.2545021610556948,72.87746278819532,19.08765993819835
276700,2111880,3.945486462796927,0.24851445729143548,72.87765278079137,19.087662127297904
276720,2111880,4.004120581923018,0.2430685597306388,72.87784277341338,19.087664316201835
276740,2111880,4.052734332372487,0.23640064540393332,72.87803276606137,19.087666504910132
276760,2111880,4.102718104244472,0.2261287982747513,72.87822275873533,19.087668693422803
276780,2111880,4.171669920370394,0.2112476608995529,72.87841275143525,19.08767088173984
276800,2111880,4.275871944022344,0.19501719194747275,72.87860274416113,19.08767306986125
276820,2111880,4.427621789801045,0.18427659175834527,72.87879273691296,19.087675257787026
276840,2111880,4.640443275077013,0.18329674534484428,72.87898272969075,19.08767744551717
276860,2111880,4.933009649690488,0.18751616648879643,72.8791727224945,19.087679633051685
276880,2111880,5.334489656995793,0.18146591557903238,72.87936271532419,19.08768182039057
276900,2111880,5.867666209449351,0.15831364508975673,72.87955270817984,19.087684007533824
276920,2111880,6.523043029374162,0.13915656887385805,72.87974270106143,19.087686194481442
276940,2111880,7.302194075706098,0.13541023827585072,72.87993269396897,19.087688381233434
276960,2111880,8.218160370949828,0.13500880500081244,72.88012268690245,19.087690567789792
276980,2111880,9.213570239754763,0.12513146188060092,72.88031267986187,19.087692754150513
277000,2111880,10.11409772896776,0.11790864615553931,72.88050267284724,19.087694940315615
277020,2111880,10.76354924911647,0.12111099751226079,72.88069266585853,19.087697126285075
277040,2111880,11.017051050427044,0.11937277055775199,72.88088265889576,19.087699312058906
277060,2111880,10.792199691521,0.10460269662518372,72.88107265195892,19.08770149763711
277080,2111880,10.07810646849455,0.08727880791315239,72.881262645048,19.087703683019676
277100,2111880,9.12029244465775,0.08198175630017439,72.88145263816301,19.08770586820661
277120,2111880,8.437949350975556,0.08147162854296006,72.88164263130395,19.08770805319791
277140,2111880,8.283724996122924,0.07614142749824601,72.8818326244708,19.087710237993576
277160,2111880,8.402072426717998,0.07727253958635147,72.88202261766358,19.087712422593615
277180,2111880,8.452686127369176,0.08335547583363767,72.88221261088228,19.087714606998016
277200,2111880,8.367074164205226,0.07930463756350199,72.88240260412688,19.087716791206795
277220,2111880,8.256502362985737,0.0799225411725735,72.8825925973974,19.087718975219925
277240,2111880,8.207830219102819,0.08048415994960553,72.88278259069384,19.087721159037432
277260,2111880,8.17533185304553,0.08827827388082464,72.88297258401616,19.087723342659302
277280,2111880,8.124605815152941,0.08940211949586395,72.88316257736442,19.087725526085546
277300,2111880,8.097353762259523,0.08742770834152211,72.88335257073857,19.087727709316145
277320,2111880,8.135940628975089,0.0964229625749843,72.88354256413861,19.087729892351117
277340,2111880,8.21408751748777,0.10767812695661932,72.88373255756456,19.087732075190452
277360,2111880,8.254983202265091,0.11815408866540858,72.88392255101638,19.087734257834157
277380,2111880,8.213093922686165,0.13178228414747595,72.88411254449413,19.087736440282224
277400,2111880,8.089237809059917,0.1595139002708157,72.88430253799774,19.08773862253466
277420,2111880,7.921563706884512,0.2022171200342894,72.88449253152726,19.08774080459146
277440,2111880,7.7501651771021525,0.2534394787138619,72.88468252508265,19.08774298645263
277460,2111880,7.6023392302216415,0.30541118802575473,72.88487251866394,19.087745168118154
277480,2111880,7.490221960968423,0.3423886158854355,72.88506251227112,19.087747349588057
277500,2111880,7.4203577166834345,0.3565729966956266,72.88525250590415,19.087749530862315
277520,2111880,7.397482723744925,0.3563675788151117,72.88544249956308,19.087751711940943
277540,2111880,7.423372355653958,0.3472408867136207,72.88563249324788,19.087753892823937
277560,2111880,7.497828215461924,0.3325925433051827,72.88582248695855,19.087756073511294
277580,2111880,7.6194206365005845,0.3150759755924859,72.88601248069509,19.087758254003013
277600,2111880,7.786096103866781,0.296961382246012,72.8862024744575,19.08776043429911
277620,2111880,7.995978676312106,0.2802804366547188,72.88639246824577,19.087762614399555
277640,2111880,8.248575424259345,0.26690697379538997,72.8865824620599,19.087764794304377
277660,2111880,8.546494628030743,0.25853867207054254,72.88677245589992,19.087766974013558
277680,2111880,8.89759948566371,0.25638948606555556,72.88696244976576,19.0877691535271
277700,2111880,9.317201747568664,0.2603424179063661,72.88715244365748,19.087771332845012
277720,2111880,9.829795334993252,0.2674505275487754,72.88734243757506,19.08777351196728
277740,2111880,10.467327589396616,0.2707641023221934,72.88753243151848,19.087775690893924
277760,2111880,11.242271414678525,0.2660185318134905,72.88772242548774,19.087777869624922
277780,2111880,12.147803603102394,0.2530302266049107,72.88791241948286,19.08778004816029
277800,2111880,13.163112928533902,0.2390697018830092,72.88810241350382,19.087782226500014
277820,2111880,14.26643606316422,0.23249877448178397,72.88829240755062,19.087784404644108
277840,2111880,15.440628805242325,0.2387304857431612,72.88848240162328,19.08778658259256
277860,2111880,16.670382117492323,0.25943719660822656,72.88867239572176,19.087788760345383
277880,2111880,17.93973077860429,0.2923130554892413,72.88886238984608,19.08779093790256
277900,2111880,19.229946668747086,0.33258458533797325,72.88905238399623,19.08779311526411
277920,2111880,20.517734639462173,0.37454306766942635,72.88924237817221,19.087795292430016
277940,2111880,21.77398508137104,0.41213094234996794,72.88943237237403,19.08779746940029
277960,2111880,22.96516467211959,0.43926134823208446,72.88962236660166,19.08779964617492
277980,2111880,24.0627126155736,0.451123409900777,72.88981236085513,19.08780182275392
278000,2111880,25.059045407065017,0.446590116382175,72.8900023551344,19.087803999137275
278020,2111880,25.969396711078737,0.42866924004748086,72.8901923494395,19.087806175324996
278040,2111880,26.815815160279552,0.402147059790755,72.89038234377043,19.087808351317083
278060,2111880,27.615019395494095,0.3717332658899595,72.89057233812717,19.087810527113525
278080,2111880,28.375310037224168,0.34158764512674844,72.89076233250971,19.087812702714334
278100,2111880,29.096902018054763,0.31527871509394634,72.89095232691807,19.087814878119502
278120,2111880,29.772653802116775,0.295573390932407,72.89114232135223,19.08781705332903
278140,2111880,30.388410086579615,0.28391577335121143,72.8913323158122,19.08781922834293
278160,2111880,30.922588565389933,0.27986495565153646,72.89152231029797,19.08782140316118
278180,2111880,31.344446929133557,0.280994735757858,72.89171230480954,19.087823577783798
278200,2111880,31.61596843143698,0.28373547457610876,72.89190229934692,19.087825752210772
278220,2111880,31.72005583445439,0.28603164208288717,72.8920922939101,19.08782792644211
278240,2111880,31.668270346604157,0.2881568103893127,72.89228228849906,19.08783010047781
278260,2111880,31.47261264149979,0.2904965780175565,72.8924722831138,19.087832274317872
278280,2111880,31.14374023295117,0.2932736841404599,72.89266227775435,19.08783444796229
278300,2111880,30.695975232050085,0.2971139559901544,72.89285227242068,19.08783662141107
278320,2111880,30.14849980130872,0.30317349750388856,72.89304226711279,19.08783879466421
278340,2111880,29.523031912791513,0.31262147558803105,72.89323226183069,19.087840967721714
278360,2111880,28.840965445964887,0.32607053710365863,72.89342225657437,19.087843140583576
278380,2111880,28.121654331203686,0.34342052231047465,72.89361225134382,19.087845313249804
278400,2111880,27.381678258615462,0.3640567530782022,72.89380224613905,19.08784748572039
278420,2111880,26.63463536263116,0.3871522739083899,72.89399224096005,19.08784965799533
276660,2111900,3.614456981418261,0.2757924339250657,72.87727049270248,19.087838376202058
276680,2111900,3.6935469086635058,0.26878496829721144,72.8774604854783,19.087840565519524
276700,2111900,3.7667760449824472,0.26255283865391993,72.87765047828009,19.08784275464136
276720,2111900,3.8347515098104235,0.25627590973649106,72.87784047110786,19.087844943567564
276740,2111900,3.902228801381933,0.24871882476850043,72.8780304639616,19.08784713229813
276760,2111900,3.9788753840951316,0.23879025038171872,72.87822045684129,19.087849320833072
276780,2111900,4.077677374522273,0.22676319315711374,72.87841044974695,19.087851509172374
276800,2111900,4.211789756536435,0.21527354026135534,72.87860044267858,19.087853697316046
276820,2111900,4.393365054342173,0.20817927988470114,72.87879043563616,19.087855885264087
276840,2111900,4.635523906987994,0.20679072160439904,72.87898042861968,19.087858073016495
276860,2111900,4.955077182815954,0.20638939990586916,72.87917042162918,19.087860260573265
276880,2111900,5.373259134595797,0.19769904228843505,72.87936041466462,19.087862447934405
276900,2111900,5.90812692675375,0.1772229162600965,72.87955040772601,19.087864635099912
276920,2111900,6.561115563007693,0.15634695568234508,72.87974040081336,19.087866822069792
276940,2111900,7.336086819149534,0.14478003702581618,72.87993039392664,19.087869008844027
276960,2111900,8.24150818879574,0.1366502056070555,72.88012038706587,19.087871195422636
276980,2111900,9.21704760258921,0.12536252893987004,72.88031038023104,19.087873381805608
277000,2111900,10.105391030433589,0.12082183658341299,72.88050037342214,19.08787556799295
277020,2111900,10.751605922860637,0.12741694887628935,72.88069036663919,19.087877753984657
277040,2111900,11.002437084888598,0.12693518639765802,72.88088035988216,19.087879939780724
277060,2111900,10.776588253940568,0.10818005891743618,72.88107035315106,19.08788212538116
277080,2111900,10.061734778930163,0.08229623128190477,72.88126034644588,19.087884310785967
277100,2111900,9.240444531544867,0.09066914482355241,72.88145033976664,19.087886495995136
277120,2111900,8.788361873506087,0.09611890509528437,72.88164033311332,19.087888681008668
277140,2111900,8.748160173637757,0.09023280113387024,72.88183032648593,19.087890865826566
277160,2111900,8.844149946907281,0.08360360243880874,72.88202031988446,19.08789305044883
277180,2111900,8.830236652262363,0.07673401099560845,72.88221031330889,19.087895234875464
277200,2111900,8.719388437383325,0.07540225117354278,72.88240030675925,19.087897419106458
277220,2111900,8.626600037316821,0.08007336817993614,72.88259030023552,19.087899603141818
277240,2111900,8.596792288053308,0.08889495624685531,72.8827802937377,19.087901786981543
277260,2111900,8.575493481319645,0.09630351743795258,72.88297028726578,19.087903970625632
277280,2111900,8.531481788462553,0.09863447672358239,72.88316028081977,19.087906154074087
277300,2111900,8.511167962003674,0.09794654076499545,72.88335027439966,19.08790833732691
277320,2111900,8.543548652573932,0.10124023269566705,72.88354026800546,19.087910520384092
277340,2111900,8.591227865539606,0.10873412230936699,72.88373026163714,19.087912703245635
277360,2111900,8.590612428481224,0.1174037782728896,72.88392025529473,19.087914885911548
277380,2111900,8.507161761661294,0.1293198003879768,72.8841102489782,19.087917068381824
277400,2111900,8.332544819267678,0.1491674699501103,72.88430024268759,19.087919250656466
277420,2111900,8.115491011397957,0.18572388121836889,72.88449023642285,19.08792143273547
277440,2111900,7.9080815255583925,0.23954724050794737,72.884680230184,19.087923614618834
277460,2111900,7.7348240037621405,0.2976350396624918,72.88487022397102,19.087925796306564
277480,2111900,7.60560127345265,0.3401386167847114,72.88506021778394,19.087927977798664
277500,2111900,7.52493465000418,0.35699068145586804,72.88525021162273,19.087930159095116
277520,2111900,7.49650134677671,0.35923560534648047,72.88544020548741,19.08793234019594
277540,2111900,7.520960689066712,0.3522797785147102,72.88563019937796,19.087934521101122
277560,2111900,7.597570180586544,0.33970169790056903,72.88582019329438,19.08793670181067
277580,2111900,7.72490432986024,0.32438939982797105,72.88601018723666,19.087938882324575
277600,2111900,7.901381645296019,0.30880739565198484,72.88620018120483,19.08794106264285
277620,2111900,8.12592671665874,0.2950963650279417,72.886390175198855,19.087943242765483
277640,2111900,8.398925957691166,0.2850826463596409,72.88658016921873,19.087945422692485
277660,2111900,8.723502765172373,0.28014291593982504,72.88677016326449,19.087947602423842
277680,2111900,9.106959691669596,0.28082512809701093,72.88696015733609,19.087949781959566
277700,2111900,9.561979879235782,0.2862007661841017,72.88715015143356,19.087951961299652
277720,2111900,10.106612131018354,0.29321996966842195,72.88734014555688,19.0879541404441
277740,2111900,10.759885134665184,0.29720407848153746,72.88753013970606,19.087956319392905
277760,2111900,11.533822138840183,0.2934960751447977,72.88772013388107,19.087958498146076
277780,2111900,12.436291252615963,0.2758122092474665,72.88791012808194,19.087960676703602
277800,2111900,13.44484911571095,0.25520384505805793,72.88810012230866,19.0879628550655
277820,2111900,14.541403910321847,0.24130180516850303,72.88829011656121,19.087965033231754
277840,2111900,15.712671611391494,0.24065407958991264,72.88848011083961,19.087967211202372
277860,2111900,16.946033257463704,0.25662700352318407,72.88867010514383,19.08796938897735
277880,2111900,18.22724342172262,0.2880169983332219,72.88886009947392,19.08797156655669
277900,2111900,19.538443329175102,0.3300333412408906,72.88905009382981,19.087973743940392
277920,2111900,20.856149755090236,0.37629789499212823,72.88924008821155,19.08797592112845
277940,2111900,22.14843160651634,0.41972244060074304,72.88943008261911,19.08797809812087
277960,2111900,23.371447788105666,0.4523165898788371,72.8896200770525,19.087980274917655
277980,2111900,24.477670706212947,0.4661404471252085,72.88981007151172,19.087982451518798
278000,2111900,25.45682827638815,0.4591874825377744,72.89000006599674,19.0879846279243
278020,2111900,26.34300874265846,0.4370133390349077,72.8901900605076,19.087986804134164
278040,2111900,27.170805637928844,0.4061408627634097,72.89038005504428,19.087988980148392
278060,2111900,27.960427242348192,0.37167237909558737,72.89057004960677,19.087991155966975
278080,2111900,28.720137551362818,0.33768656961951793,72.89076004419506,19.087993331589917
278100,2111900,29.448986363123712,0.3076513377028952,72.89095003880917,19.087995507017222
278120,2111900,30.138256856334987,0.28443407835112866,72.89114003344909,19.087997682248886
278140,2111900,30.77212346755609,0.26985428338997114,72.89133002811482,19.087999857284913
278160,2111900,31.3279090856297,0.2640198007787216,72.89152002280633,19.088002032125296
278180,2111900,31.77703168506112,0.26512989425566463,72.89171001752366,19.088004206770034
278200,2111900,32.09053857781254,0.2703296527432734,72.89190001226679,19.088006381219138
278220,2111900,32.250851348646464,0.2771708549359901,72.8920900070357,19.088008555472598
278240,2111900,32.25468479870188,0.2841364220721177,72.89228000183043,19.08801072953042
278260,2111900,32.10421719087866,0.2901337766516221,72.89246999665093,19.088012903392595
278280,2111900,31.804699844667155,0.2945555699782015,72.89265999149724,19.088015077059133
278300,2111900,31.36970986119613,0.29815845372084976,72.89284998636931,19.088017250530033
278320,2111900,30.822163314432,0.30305015645785227,72.8930399812672,19.08801942380529
278340,2111900,30.188311718798367,0.3112872318903059,72.89322997619084,19.088021596884904
278360,2111900,29.492947097578945,0.3238608343490797,72.89341997114026,19.088023769768874
278380,2111900,28.7577859497845,0.34066851158854217,72.89360996611548,19.088025942457207
278400,2111900,28.001053822019102,0.3609489772905872,72.89379996111646,19.088028114949896
278420,2111900,27.23743624541369,0.3837350475987159,72.89398995614322,19.08803028724694
276660,2111920,3.4520787775507285,0.2880466197310013,72.87726818975375,19.08801900349716
276680,2111920,3.533438367803959,0.2808781594013929,72.87745818273531,19.0880211928369
276700,2111920,3.6141955281555567,0.2741152410447773,72.87764817574285,19.08802338198101
276720,2111920,3.696494707962038,0.26712550593768813,72.87783816877636,19.088025570929485
276740,2111920,3.785486474905679,0.25919275665078506,72.87802816183584,19.088027759682323
276760,2111920,3.88945231671305,0.24995991923863212,72.8782181549213,19.08802994823953
276780,2111920,4.018865072631727,0.24002466852067564,72.87840814803269,19.088032136601104
276800,2111920,4.184995725665664,0.23109352900307162,72.87859814117006,19.088034324767037
276820,2111920,4.399387966471266,0.22491829904808086,72.87878813433339,19.088036512737343
276840,2111920,4.674641825225419,0.22118315070040023,72.87897812752267,19.088038700512012
276860,2111920,5.02543180048914,0.21620759059213543,72.87916812073792,19.088040888091044
276880,2111920,5.467747748215712,0.2048744991892852,72.87935811397911,19.08804307547444
276900,2111920,6.0144016503147855,0.18591760982808478,72.87954810724625,19.0880452626622
276920,2111920,6.670752512698346,0.16472990881402086,72.87973810053933,19.088047449654326
276940,2111920,7.436927806626895,0.14709324146674568,72.87992809385837,19.08804963645082
276960,2111920,8.297795987764848,0.13293725025071798,72.88011808720333,19.08805182305168
276980,2111920,9.189809682039838,0.12194284029182145,72.88030808057425,19.088054009456894
277000,2111920,9.994948205723015,0.11907907224318028,72.88049807397111,19.08805619566648
277020,2111920,10.579571772031652,0.12307435459775512,72.88068806739389,19.088058381680423
277040,2111920,10.82340003831218,0.12121482903888026,72.8808780608426,19.088060567498736
277060,2111920,10.658486201609765,0.10681761271216349,72.88106805431727,19.088062753121417
277080,2111920,10.118948567195293,0.09420533798744703,72.88125804781784,19.088064938548452
277100,2111920,9.52413701583165,0.09359461522323193,72.88144804134436,19.08806712377986
277120,2111920,9.209484632465337,0.09369770104584965,72.8816380348968,19.088069308815626
277140,2111920,9.191375780621055,0.09531278613299636,72.88182802847514,19.088071493655754
277160,2111920,9.266138406625599,0.09719005477682051,72.88201802207941,19.088073678300248
277180,2111920,9.213124179678655,0.08458948981660169,72.8822080157096,19.088075862749108
277200,2111920,9.111085072835314,0.08242564488338132,72.8823980093657,19.088078047002323
277220,2111920,9.076177705307146,0.08846290231779819,72.88258800304772,19.088080231059912
277240,2111920,9.108900630600433,0.09183176218104265,72.88277799675565,19.08808241492185
277260,2111920,9.13017536477074,0.10378048845597537,72.88296799048948,19.088084598588168
277280,2111920,9.112281783660046,0.11923188498057895,72.88315798424922,19.08808678205883
277300,2111920,9.083232629231603,0.12545980726361752,72.88334797803486,19.088088965333867
277320,2111920,9.057095282734227,0.12070105441506788,72.8835379718464,19.088091148413262
277340,2111920,9.008333740761636,0.11656960043225231,72.88372796568385,19.08809333129702
277360,2111920,8.907806842175194,0.1202626098313474,72.88391795954718,19.088095513985145
277380,2111920,8.741300214296977,0.1322778395283159,72.88410795343641,19.088097696477625
277400,2111920,8.510251570656717,0.14550136018499368,72.88429794735153,19.088099878774468
277420,2111920,8.256679224045637,0.1700969731161503,72.88448794129255,19.088102060875677
277440,2111920,8.02655389408913,0.21786341515429672,72.88467793525945,19.088104242781245
277460,2111920,7.839678616777339,0.2739208204574663,72.88486792925224,19.088106424491176
277480,2111920,7.70399368481937,0.31866252727218497,72.88505792327089,19.088108606005463
277500,2111920,7.622882198875986,0.34323057590798206,72.88524791731545,19.088110787324112
277520,2111920,7.598069280780691,0.35146971642686575,72.88543791138586,19.088112968447128
277540,2111920,7.629703254218091,0.34896951444466606,72.88562790548217,19.088115149374506
277560,2111920,7.717035553356052,0.3400521694307011,72.88581789960433,19.08811733010624
277580,2111920,7.858990905299536,0.3280836778609033,72.88600789375238,19.088119510642333
277600,2111920,8.054537317017282,0.3157599958055101,72.88619788792629,19.088121690982792
277620,2111920,8.303137112098547,0.30524311917003694,72.88638788212606,19.08812387112761
277640,2111920,8.605418437484014,0.2981739745575112,72.8865778763517,19.08812605107679
277660,2111920,8.964052945074389,0.2955464131129454,72.88676787060321,19.08812823083033
277680,2111920,9.38465958496872,0.2974272879296794,72.88695786488056,19.088130410388228
277700,2111920,9.876327118086772,0.30259438727585214,72.88714785918378,19.08813258975049
277720,2111920,10.45099912788443,0.3083487327951786,72.88733785351285,19.088134768917108
277740,2111920,11.121010547238255,0.31081870391750444,72.88752784786777,19.088136947888085
277760,2111920,11.896602867546754,0.3053860727837932,72.88771784224855,19.088139126663425
277780,2111920,12.78179971828561,0.28941956685433096,72.88790783665517,19.088141305243123
277800,2111920,13.766313147079302,0.26868119411758346,72.88809783108765,19.08814348362718
277820,2111920,14.837555072915269,0.25156417018596117,72.88828782554594,19.088145661815602
277840,2111920,15.985841925817155,0.24520933369920178,72.8884778200301,19.088147839808382
277860,2111920,17.201543159606832,0.25481160971941563,72.88866781454009,19.088150017605514
277880,2111920,18.472470938424415,0.2815676988010862,72.8888578090759,19.088152195207012
277900,2111920,19.782004852474802,0.32203232494516765,72.88904780363757,19.08815437261287
277920,2111920,21.107651656980426,0.3698471518331545,72.88923779822507,19.088156549823083
277940,2111920,22.418545929136915,0.4174035303030596,72.88942779283838,19.08815872683765
277960,2111920,23.667055973723958,0.4557010825435595,72.8896177874775,19.088160903656586
277980,2111920,24.77088213266992,0.4717422033946944,72.88980778214248,19.088163080279877
278000,2111920,25.711138324754742,0.46125512095468507,72.88999777683328,19.088165256707523
278020,2111920,26.563171392862735,0.43566130106489964,72.89018777154988,19.08816743293953
278040,2111920,27.3690263041386,0.4024544376538721,72.8903777662923,19.088169608975896
278060,2111920,28.14772042769736,0.36643849309448717,72.89056776106055,19.08817178481662
278080,2111920,28.905832390559052,0.331374944156935,72.89075775585461,19.088173960461702
278100,2111920,29.64086247265787,0.3005735545548375,72.89094775067447,19.088176135911137
278120,2111920,30.342708019389327,0.27697903740890373,72.89113774552014,19.08817831116494
278140,2111920,30.994600733682105,0.2627091715388247,72.89132774039162,19.088180486223095
278160,2111920,31.57411160353356,0.2582224430602671,72.8915177352889,19.088182661085607
278180,2111920,32.05514487707193,0.26189046777033287,72.89170773021199,19.088184835752475
278200,2111920,32.41220857418678,0.27064742643129547,72.89189772516086,19.088187010223702
278220,2111920,32.62602110336026,0.28127504996408403,72.89208772013555,19.08818918449929
278240,2111920,32.68538778033375,0.29128179422351935,72.89227771513602,19.088191358579227
278260,2111920,32.5831443269369,0.2987981105268634,72.89246771016228,19.088193532463528
278280,2111920,32.31470301242522,0.30240599592060924,72.89265770521433,19.08819570615218
278300,2111920,31.891626293102554,0.30326752501597914,72.89284770029217,19.088197879645193
278320,2111920,31.344152951771648,0.3053126702928085,72.89303769539579,19.088200052942565
278340,2111920,30.704215723143616,0.31161971320432047,72.89322769052521,19.088202226044288
278360,2111920,29.999590474380557,0.3232124303946004,72.89341768568039,19.088204398950367
278380,2111920,29.254003975868855,0.33963678406755404,72.89360768086136,19.088206571660812
278400,2111920,28.4870929993173,0.3597570803704965,72.8937976760681,19.088208744175603
278420,2111920,27.71436341320334,0.38235571063672324,72.89398767130062,19.088210916494756
276680,2111940,3.3930522474120175,0.2913148233415498,72.87745587996635,19.088201820150477
276700,2111940,3.485289771648083,0.28397601713321463,72.87764587317965,19.088204009316858
276720,2111940,3.5847665130834216,0.2764342884237161,72.8778358664189,19.088206198287608
276740,2111940,3.696619147603734,0.26832311134148434,72.87802585968413,19.088208387062718
276760,2111940,3.8281419273233905,0.2595976074814541,72.87821585297533,19.08821057564219
276780,2111940,3.988264517067916,0.25075699963741666,72.87840584629248,19.08821276402603
276800,2111940,4.18687669179094,0.24270182552977096,72.8785958396356,19.088214952214233
276820,2111940,4.434508531159003,0.2359823178523162,72.87878583300467,19.088217140206794
276840,2111940,4.742463474258781,0.22976748655328508,72.87897582639971,19.088219328003728
276860,2111940,5.122796986366132,0.22157655907492727,72.8791658198207,19.088221515605014
276880,2111940,5.587131545408208,0.20869599910361025,72.87935581326764,19.08822370301067
276900,2111940,6.143870662123279,0.1906731058800454,72.87954580674052,19.08822589022068
276920,2111940,6.795101269653217,0.17025378833462596,72.87973580023936,19.088228077235062
276940,2111940,7.533066844949391,0.1510814488079076,72.87992579376414,19.088230264053806
276960,2111940,8.330923710460358,0.13537465864813086,72.88011578731486,19.08823245067691
276980,2111940,9.129834122725327,0.12512996346015737,72.88030578089153,19.088234637104375
277000,2111940,9.839962068101023,0.1224096321528369,72.88049577449412,19.088236823336203
277020,2111940,10.361160506876468,0.12466049992263083,72.88068576812267,19.088239009372394
277040,2111940,10.610551163939476,0.1252732325412362,72.88087576177713,19.08824119521295
277060,2111940,10.553827338934362,0.12223444138222259,72.88106575545754,19.088243380857865
277080,2111940,10.237385636735713,0.11606974122570145,72.88125574916387,19.08824556630714
277100,2111940,9.836568205060614,0.10124866438430453,72.88144574289613,19.088247751560775
277120,2111940,9.573358238054123,0.09279144022446635,72.88163573665432,19.088249936618777
277140,2111940,9.504894158436722,0.09630610669118936,72.88182573043842,19.088252121481137
277160,2111940,9.52552621941824,0.09966659683295033,72.88201572424845,19.08825430614786
277180,2111940,9.506745901800478,0.10147125708403858,72.88220571808439,19.088256490618946
277200,2111940,9.488823891975573,0.11203173704377253,72.88239571194623,19.088258674894387
277220,2111940,9.562955081621629,0.10972966323233777,72.882585705834,19.08826085897419
277240,2111940,9.683610354016253,0.10191930020767705,72.88277569974768,19.08826304285836
277260,2111940,9.77130874584251,0.1136575217034653,72.88296569368727,19.088265226546884
277280,2111940,9.786562317423673,0.1346798015340725,72.88315568765276,19.088267410039776
277300,2111940,9.7348670306364955,0.1467622057526773,72.88334568164416,19.088269593337028
277320,2111940,9.625085444646611,0.1434878784026,72.88353567566146,19.08827177643863
277340,2111940,9.452286570701455,0.13123489085324996,72.88372566970465,19.088273959344605
277360,2111940,9.22269725268649,0.12912067244222378,72.88391566377373,19.08827614205493
277380,2111940,8.944393588683996,0.14034986271957492,72.88410565786872,19.088278324569618
277400,2111940,8.642302647400095,0.14990217291332325,72.88429565198959,19.088280506888673
277420,2111940,8.358003795059373,0.16176540901985584,72.88448564613635,19.088282689012082
277440,2111940,8.115422278618086,0.19843316499711294,72.88467564030901,19.088284870939848
277460,2111940,7.924941006766885,0.24946227476256957,72.88486563450755,19.08828705267198
277480,2111940,7.791922668385679,0.2946239110174127,72.88505562873198,19.088289234208467
277500,2111940,7.718496865512207,0.3238648380565535,72.88524562298227,19.088291415549314
277520,2111940,7.705010585019886,0.3374698945447119,72.88543561725845,19.088293596694516
277540,2111940,7.751130936004876,0.3397572319224234,72.8856256115605,19.088295777644085
277560,2111940,7.856402452262832,0.33511179683430503,72.88581560588842,19.08829795839801
277580,2111940,8.020369860757965,0.3270757301689771,72.88600560024221,19.088300138956292
277600,2111940,8.242599268462016,0.31837401235814305,72.88619559462188,19.088302319318935
277620,2111940,8.522840398473676,0.31102471796865183,72.88638558902741,19.088304499485933
277640,2111940,8.861410211637493,0.30637984904663634,72.88657558345882,19.088306679457293
277660,2111940,9.25974937936895,0.30508390482684733,72.88676557791607,19.088308859233013
277680,2111940,9.720981447784272,0.30695388004961516,72.88695557239917,19.08831103881309
277700,2111940,10.250178195418624,0.31082728451581265,72.88714556690815,19.08831321819752
277720,2111940,10.853973984612951,0.31451252134033386,72.88733556144298,19.088315397386317
277740,2111940,11.539427608429813,0.31501104010888253,72.88752555600367,19.088317576379467
277760,2111940,12.312399104445484,0.3092766268102422,72.88771555059019,19.088319755176975
277780,2111940,13.174894302569705,0.2962721570523616,72.88790554520256,19.08832193377884
277800,2111940,14.123525511777641,0.2788825194815319,72.88809553984078,19.088324112185067
277820,2111940,15.153166019302907,0.262362369056431,72.88828553450486,19.088326290395646
277840,2111940,16.259224078087495,0.2525418785284026,72.88847552919475,19.088328468410587
277860,2111940,17.435705703251156,0.25522124300521093,72.88866552391049,19.08833064622988
277880,2111940,18.672460121029527,0.27426526498708387,72.88885551865208,19.08833282385353
277900,2111940,19.953266439232372,0.3089822599776992,72.88904551341949,19.088335001281546
277920,2111940,21.25518073199423,0.3538948653105955,72.88923550821272,19.08833717851391
277940,2111940,22.54758593544458,0.4008407421815726,72.8894255030318,19.088339355550634
277960,2111940,23.785303019329806,0.44024526603897157,72.8896154978767,19.08834153239172
277980,2111940,24.871275204265746,0.4573298415126513,72.88980549274743,19.08834370903715
278000,2111940,25.77956733556508,0.44634955598635456,72.88999548764399,19.088345885486948
278020,2111940,26.609962214301515,0.42138440151554774,72.89018548256634,19.088348061741097
278040,2111940,27.402584963323026,0.3895770937793422,72.89037547751452,19.088350237799606
278060,2111940,28.175655378233245,0.3554768963284607,72.89056547248852,19.088352413662466
278080,2111940,28.935263894548477,0.32266188489832465,72.89075546748833,19.088354589329686
278100,2111940,29.678277004133285,0.29438576082910856,72.89094546251397,19.088356764801265
278120,2111940,30.393917794065384,0.2737026987952603,72.89113545756538,19.08835894007719
278140,2111940,31.06513905194149,0.26289716658435786,72.89132545264263,19.088361115157475
278160,2111940,31.67015175673572,0.2624059770713432,72.89151544774566,19.088363290042118
278180,2111940,32.18439491059061,0.2702081707749242,72.8917054428745,19.08836546473112
278200,2111940,32.58313735282044,0.2824726403930371,72.89189543802914,19.088367639224465
278220,2111940,32.844700161062754,0.2950650042178023,72.89208543320959,19.08836981352217
278240,2111940,32.953789174042264,0.30521957049488335,72.89227542841581,19.088371987624235
278260,2111940,32.899329043227496,0.311798821116324,72.89246542364783,19.088374161530655
278280,2111940,32.66165924935246,0.31251691583563357,72.89265541890563,19.088376335241424
278300,2111940,32.24729607793563,0.30864544791720755,72.89284541418924,19.08837850875656
278320,2111940,31.701747372039414,0.3073946495440406,72.89303540949862,19.088380682076043
278340,2111940,31.060160579696408,0.31216917711098874,72.89322540483379,19.088382855199878
278360,2111940,30.351894124227268,0.3234066811281458,72.89341540019474,19.088385028128062
278380,2111940,29.60260901977365,0.3400054152925285,72.89360539558146,19.08838720086061
278400,2111940,28.83332762572627,0.3603356421993984,72.89379539099396,19.08838937339751
278420,2111940,28.06011846619998,0.3829145747490351,72.89398538643223,19.08839154573877
278440,2111940,27.332813539893646,0.40668644684564853,72.89417538189628,19.088393717884376
276680,2111960,3.270585300793816,0.30059724979935526,72.87745357717142,19.088382447460244
276700,2111960,3.376654760552858,0.2927115454148921,72.87764357059046,19.088384636648904
276720,2111960,3.494724778673462,0.2847057419895294,72.87783356403547,19.088386825641923
276740,2111960,3.6297653922371986,0.27640214531516677,72.87802355750645,19.088389014439308
276760,2111960,3.788308150206206,0.2678376309991714,72.8782135510034,19.088391203041045
276780,2111960,3.978132162460915,0.25930757731606596,72.87840354452631,19.088393391447156
276800,2111960,4.207860596136255,0.25117921732123166,72.87859353807518,19.08839557965762
276820,2111960,4.486648843926697,0.24344491676247054,72.87878353165,19.088397767672447
276840,2111960,4.823933668441248,0.23528503252296526,72.87897352525079,19.08839995549163
276860,2111960,5.228899124601364,0.22514934719594484,72.87916351887753,19.088402143115182
276880,2111960,5.709191019397411,0.21163537092467788,72.87935351253022,19.088404330543096
276900,2111960,6.268700550491441,0.19467797535058703,72.87954350620886,19.088406517775365
276920,2111960,6.904608389360583,0.17595936143578161,72.87973349991344,19.088408704811993
276940,2111960,7.603353663832669,0.1580867714501257,72.87992349364397,19.08841089165299
276960,2111960,8.334969068406567,0.14359851927994297,72.88011348740046,19.088413078298338
276980,2111960,9.048770832786923,0.13464931970784177,72.88030348118288,19.088415264748054
277000,2111960,9.677093842852518,0.13210042557105264,72.88049347499123,19.08841745100213
277020,2111960,10.14953973208368,0.13401614349228524,72.88068346882551,19.08841963706056
277040,2111960,10.413541272427045,0.13707323710842004,72.88087346268574,19.08842182292335
277060,2111960,10.454997602889769,0.13941208438960773,72.8810634565719,19.088424008590508
277080,2111960,10.305243423420738,0.13606552858411008,72.88125345048398,19.08842619406202
277100,2111960,10.03797352993513,0.11532109001347256,72.881443444422,19.088428379337895
277120,2111960,9.808498918762385,0.10294903496201663,72.88163343838593,19.088430564418125
277140,2111960,9.704365137578026,0.11404779007832386,72.8818234323758,19.08843274930272
277160,2111960,9.712217797861907,0.12545744908755793,72.88201342639157,19.088434933991667
277180,2111960,9.783115301915094,0.1292750375899332,72.88220342043326,19.08843711848498
277200,2111960,9.909463015489457,0.13092891512494714,72.88239341450087,19.088439302782653
277220,2111960,10.10101505214378,0.12479065133546786,72.88258340859439,19.088441486884676
277240,2111960,10.303717578356094,0.12157685393815494,72.88277340271382,19.088443670791065
277260,2111960,10.447553413920973,0.13375864120988604,72.88296339685917,19.088445854501813
277280,2111960,10.47655794628727,0.15149155981140616,72.8831533910304,19.088448038016917
277300,2111960,10.384667957566624,0.16124891585962384,72.88334338522756,19.08845022133638
277320,2111960,10.188239971963858,0.1575938523010598,72.8835333794506,19.088452404460206
277340,2111960,9.895324560087294,0.14143313417516942,72.88372337369955,19.08845458738838
277360,2111960,9.540238348419905,0.13557551214354766,72.8839133679744,19.088456770120917
277380,2111960,9.15016284269095,0.14459056368046477,72.88410336227514,19.088458952657817
277400,2111960,8.768328168026004,0.15413355278676333,72.88429335660177,19.088461134999076
277420,2111960,8.449042599161533,0.1597008564648156,72.88448335095428,19.088463317144686
277440,2111960,8.195197448433733,0.1869150271027354,72.8846733453327,19.08846549909465
277460,2111960,8.004808241662047,0.2322962730300111,72.884863339737,19.088467680848982
277480,2111960,7.879407824137249,0.2756090642880806,72.88505333416717,19.088469862407663
277500,2111960,7.8188802985800265,0.30553235898250464,72.88524332862322,19.088472043770704
277520,2111960,7.821741891665104,0.3216686054688287,72.88543332310515,19.088474224938103
277540,2111960,7.887210500329143,0.3275459059799565,72.88562331761295,19.08847640590986
277560,2111960,8.01541888780622,0.3269095256235964,72.88581331214664,19.088478586685973
277580,2111960,8.206772490270673,0.32289153571802404,72.8860033067062,19.088480767266446
277600,2111960,8.461469104023482,0.31788519310914654,72.88619330129161,19.088482947651272
277620,2111960,8.779328594065541,0.3135526547791358,72.8863832959029,19.088485127840457
277640,2111960,9.159910210070706,0.31086589817728666,72.88657329054006,19.088487307833994
277660,2111960,9.60283559236935,0.3101641332333233,72.88676328520307,19.08848948763189
277680,2111960,10.108175155034383,0.31119549671680385,72.88695327989194,19.088491667234145
277700,2111960,10.676709285156734,0.3131151485347981,72.88714327460667,19.088493846640755
277720,2111960,11.309896056621225,0.3144941616754912,72.88733326934725,19.088496025851722
277740,2111960,12.009506201686637,0.31350813394571614,72.8875232641137,19.088498204867047
277760,2111960,12.777011118047698,0.308532698399361,72.88771325890598,19.08850038368672
277780,2111960,13.61300024063644,0.29913269415914684,72.8879032537241,19.088502562310754
277800,2111960,14.51766899138022,0.28657437030503885,72.88809324856808,19.088504740739143
277820,2111960,15.492406767467704,0.27323585627566227,72.88828324343791,19.088506918971888
277840,2111960,16.53912550834202,0.26237412742647487,72.88847323833357,19.088509097008988
277860,2111960,17.6563568206985,0.2588154709927735,72.88866323325507,19.088511274850443
277880,2111960,18.836069864792165,0.2681179399633836,72.88885322820241,19.088513452496255
277900,2111960,20.061211188405412,0.293133911789715,72.88904322317558,19.088515629946418
277920,2111960,21.30562767330174,0.33043540362156665,72.88923321817458,19.08851780720094
277940,2111960,22.535154685513266,0.3711727732014968,72.88942321319942,19.088519984259815
277960,2111960,23.70239238340923,0.4044651215588984,72.88961320825008,19.088522161123045
277980,2111960,24.747241870902144,0.419697081407167,72.88980320332655,19.088524337790627
278000,2111960,25.6590294918399,0.41409536914352707,72.88999319842885,19.08852651426257
278020,2111960,26.489710585466973,0.3946847010559273,72.890183193557,19.088528690538862
278040,2111960,27.281382859749563,0.36833917255287696,72.89037318871092,19.088530866619507
278060,2111960,28.055929084523928,0.3397100172056871,72.89056318389069,19.088533042504512
278080,2111960,28.821281906789352,0.31231897993272345,72.89075317909625,19.088535218193865
278100,2111960,29.57479870418158,0.2893998667009694,72.89094317432763,19.088537393687577
278120,2111960,30.305504311570928,0.2740826431570027,72.89113316958483,19.08853956898564
278140,2111960,30.99619593299615,0.26865781473731526,72.89132316486783,19.088541744088054
278160,2111960,31.62550811280909,0.2732685096052036,72.89151316017663,19.08854391899483
278180,2111960,32.169759010712134,0.28527730305532756,72.89170315551122,19.08854609370595
278200,2111960,32.604033901318104,0.30002586136270104,72.89189315087162,19.088548268221434
278220,2111960,32.902558856723736,0.3121770068223443,72.89208314625782,19.088550442541262
278240,2111960,33.045066091013354,0.31836997067461154,72.8922731416698,19.088552616665446
278260,2111960,33.0233737085836,0.3198420846479171,72.8924631371076,19.08855479059398
278280,2111960,32.81339949023376,0.3161137874671524,72.89265313257117,19.088556964326877
278300,2111960,32.41590644505988,0.30887323433319003,72.89284312806052,19.088559137864117
278320,2111960,31.88252995446726,0.30652230523350826,72.89303312357568,19.088561311205712
278340,2111960,31.24731812396777,0.3116293858847692,72.8932231191166,19.088563484351656
278360,2111960,30.542754652393043,0.3238733451370154,72.8934131146833,19.08856565730196
278380,2111960,29.797927954318357,0.3415328957920226,72.89360311027579,19.088567830056615
278400,2111960,29.035517761771285,0.3625401586075762,72.89379310589406,19.08857000261562
278420,2111960,28.27178511550864,0.38524962234070714,72.89398310153808,19.088572174978978
278440,2111960,27.518409261504015,0.40866389617484483,72.8941730972079,19.08857434714669
276680,2111980,3.1634567840662147,0.30913310850486486,72.87745127435052,19.08856307476621
276700,2111980,3.284496440747682,0.30074391982610643,72.8776412679753,19.08856526397714
276720,2111980,3.4214891406050434,0.2923086565838397,72.87783126162607,19.088567452992436
276740,2111980,3.5791545993297813,0.28373434701426575,72.8780212553028,19.088569641812082
276760,2111980,3.7633487370816705,0.27504622749646723,72.8782112490055,19.0885718304361
276780,2111980,3.9808313432692932,0.26636658966242155,72.87840124273417,19.088574018864467
276800,2111980,4.238944446257446,0.2577707547658269,72.87859123648879,19.0885762070972
276820,2111980,4.545250512626118,0.24905394563961744,72.87878123026937,19.088578395134288
276840,2111980,4.9070709648364295,0.23957946200813598,72.87897122407591,19.088580582975734
276860,2111980,5.330731828339396,0.22843452729555142,72.8791612179084,19.08858277062155
276880,2111980,5.820289359271798,0.21494977757714143,72.87935121176685,19.088584958071714
276900,2111980,6.37562999853257,0.19929856770109164,72.87954120565125,19.08858714532624
276920,2111980,6.989981451493136,0.18271689034325125,72.87973119956159,19.088589332385126
276940,2111980,7.646936631496754,0.16717372184853968,72.87992119349788,19.088591519248368
276960,2111980,8.317618653627607,0.15478179397844202,72.8801111874601,19.088593705915965
276980,2111980,8.960055152055794,0.14714961165245546,72.88030118144827,19.088595892387932
277000,2111980,9.52356447586152,0.14453965395388327,72.8804911754624,19.08859807866425
277020,2111980,9.958981383512642,0.14538724423824745,72.88068116950244,19.08860026474492
277040,2111980,10.232212041850811,0.14712522736640957,72.88087116356841,19.08860245062996
277060,2111980,10.335604546357096,0.1470889111239703,72.88106115766031,19.08860463631935
277080,2111980,10.286905707181944,0.1408015668049018,72.88125115177816,19.0886068218131
277100,2111980,10.123516876426285,0.12402931607673877,72.88144114592194,19.088609007111206
277120,2111980,9.950739665751145,0.11812505316806558,72.88163114009163,19.088611192213673
277140,2111980,9.863681827115073,0.1417685016356155,72.88182113428724,19.088613377120495
277160,2111980,9.917169638346747,0.1609636633968436,72.88201112850876,19.08861556183168
277180,2111980,10.101793637158583,0.1573597255975801,72.88220112275621,19.088617746347214
277200,2111980,10.365717799817368,0.14334358891036736,72.88239111702957,19.088619930667104
277220,2111980,10.657353375654134,0.13232764435682032,72.88258111132885,19.08862211479136
277240,2111980,10.921657073986253,0.13125321183007052,72.88277110565404,19.088624298719967
277260,2111980,11.092650667819713,0.14173012182771352,72.88296110000513,19.088626482452934
277280,2111980,11.115464545823535,0.1543718989520335,72.88315109438214,19.088628665990257
277300,2111980,10.978855482105624,0.15993829150703862,72.88334108878504,19.088630849331935
277320,2111980,10.701758982523534,0.154618872891311,72.88353108321385,19.08863303247797
277340,2111980,10.313576184463853,0.1424121517871389,72.88372107766857,19.088635215428358
277360,2111980,9.85547747223043,0.13678837979016145,72.88391107214917,19.088637398183103
277380,2111980,9.372280008077077,0.14312337734697667,72.88410106665566,19.088639580742207
277400,2111980,8.920358940349635,0.15240236857431275,72.88429106118805,19.08864176310567
277420,2111980,8.557514955571119,0.15974551067387116,72.88448105574632,19.088643945273482
277440,2111980,8.285922623676122,0.1827472677609903,72.88467105033048,19.088646127245653
277460,2111980,8.094414955738038,0.2228781707714006,72.88486104494055,19.088648309022176
277480,2111980,7.977747687754752,0.2625006472200314,72.88505103957648,19.08865049060306
277500,2111980,7.932172821386818,0.2895434857825554,72.88524103423828,19.088652671988296
277520,2111980,7.953039703408284,0.3058841847955507,72.88543102892598,19.088654853177893
277540,2111980,8.039590305725534,0.3142603057878924,72.88562102363954,19.088657034171835
277560,2111980,8.193044962367294,0.3172409306629808,72.88581101837899,19.088659214970143
277580,2111980,8.414923170982107,0.3171424907372651,72.8860010131443,19.088661395572796
277600,2111980,8.706083041270208,0.3157695657887614,72.88619100793548,19.088663575979812
277620,2111980,9.066237615837272,0.31427868237675133,72.88638100275253,19.088665756191173
277640,2111980,9.493844305710926,0.3131951435421388,72.88657099759544,19.0886679362069
277660,2111980,9.98627155638741,0.3125645128621178,72.8867609924642,19.08867011602697
277680,2111980,10.540129282402924,0.3121567268282932,72.88695098735883,19.088672295651406
277700,2111980,11.151641947765576,0.31159741663420876,72.88714098227932,19.08867447508019
277720,2111980,11.816976252199686,0.31038558647898423,72.88733097722566,19.08867665431333
277740,2111980,12.532521043500848,0.30793399931490384,72.88752097219788,19.088678833350823
277760,2111980,13.295247821918391,0.3038040882977345,72.88771096719591,19.088681012192666
277780,2111980,14.103508847941754,0.29801138003068417,72.88790096221982,19.088683190838868
277800,2111980,14.958829132351136,0.2908886148463197,72.88809095726954,19.08868536928942
277820,2111980,15.868204519188934,0.28240600103769953,72.88828095234513,19.088687547544332
277840,2111980,16.841907297329254,0.2726569833803117,72.88847094744655,19.08868972560359
277860,2111980,17.883210325569753,0.26472640824849353,72.88866094257381,19.088691903467204
277880,2111980,18.986661785376345,0.2643668448438495,72.88885093772691,19.088694081135174
277900,2111980,20.13445902261999,0.277614262782687,72.88904093290584,19.08869625860749
277920,2111980,21.296077834732316,0.3045387864161134,72.8892309281106,19.088698435884165
277940,2111980,22.437661934187087,0.3363477259605412,72.88942092334119,19.08870061296519
277960,2111980,23.521431822681855,0.36212780630808583,72.88961091859761,19.088702789850572
277980,2111980,24.514655400848635,0.37472463056081734,72.88980091387987,19.088704966540305
278000,2111980,25.41292618551815,0.3729780191015832,72.88999090918793,19.088707143034387
278020,2111980,26.242718473258755,0.3605593557238805,72.89018090452181,19.088709319332825
278040,2111980,27.035952403438188,0.3422003310344306,72.89037089988152,19.088711495435614
278060,2111980,27.814521266579366,0.3216457809964808,72.89056089526703,19.088713671342752
278080,2111980,28.587602247553264,0.30188279079929964,72.89075089067838,19.08871584705425
278100,2111980,29.3527153349264,0.28590915943258566,72.8909408861155,19.088718022570095
278120,2111980,30.09812770825017,0.2768465877741585,72.89113088157846,19.088720197890293
278140,2111980,30.80577216310026,0.27695309352897013,72.89132087706723,19.088722373014843
278160,2111980,31.453914082944646,0.28608051018758024,72.89151087258178,19.088724547943738
278180,2111980,32.01919554160799,0.30099060620401746,72.89170086812214,19.08872672267699
278200,2111980,32.477328452287594,0.31642143448293275,72.89189086368832,19.088728897214597
278220,2111980,32.799004415986445,0.3261964319263607,72.89208085928027,19.088731071556545
278240,2111980,32.95155427655497,0.3243216432628881,72.89227085489803,19.088733245702855
278260,2111980,32.93702381315279,0.31663151251680455,72.89246085054157,19.08873541965351
278280,2111980,32.74919023250341,0.3078736566763945,72.8926508462109,19.08873759340852
278300,2111980,32.389487664440715,0.3015771284082029,72.89284084190602,19.08873976696788
278320,2111980,31.882111093375965,0.30177540605189734,72.89303083762692,19.088741940331587
278340,2111980,31.261236456563918,0.30965247424942466,72.89322083337362,19.088744113499647
278360,2111980,30.568063161813015,0.32449789062899537,72.89341082914609,19.088746286472055
278380,2111980,29.837178087527192,0.34416385672959593,72.89360082494434,19.088748459248816
278400,2111980,29.09248025920398,0.36624046564512636,72.89379082076837,19.088750631829924
278420,2111980,28.34956287733258,0.38910986147007337,72.89398081661817,19.088752804215385
278440,2111980,27.618407391739687,0.4120296408110709,72.89417081249374,19.088754976405195
276680,2112000,3.068762734927332,0.3172341517823709,72.87744897150364,19.08874370206837
276700,2112000,3.2049717047281274,0.30839101802383145,72.87763896533419,19.088745891301578
276720,2112000,3.3603696203904616,0.2995515856569045,72.87782895919071,19.08874808033914
276740,2112000,3.539364624742021,0.290654393327503,72.8780189530732,19.088750269181066
276760,2112000,3.7471600427233813,0.28169144390431544,72.87820894698166,19.088752457827344
276780,2112000,3.9895404747006484,0.27267491583342235,72.87839894091607,19.088754646277984
276800,2112000,4.272560892333571,0.263547822045271,72.87858893487643,19.08875683453298
276820,2112000,4.602139414061815,0.2540780549911572,72.87877892886279,19.088759022592328
276840,2112000,4.983501603277487,0.24383036820738396,72.87896892287507,19.08876121045604
276860,2112000,5.420371377217681,0.23230955192596767,72.87915891691333,19.088763398124108
276880,2112000,5.913804158763383,0.21926733464083323,72.87934891097753,19.08876558559653
276900,2112000,6.460633879707228,0.20501794245614288,72.87953890506769,19.08876777287331
276920,2112000,7.051633408064967,0.19055108537510376,72.87972889918377,19.088769959954448
276940,2112000,7.669691162472326,0.17734353380832238,72.87991889332584,19.088772146839943
276960,2112000,8.288713485602186,0.16692657474096825,72.88010888749382,19.088774333529795
276980,2112000,8.87447524826882,0.1602996818595379,72.88029888168774,19.088776520024
277000,2112000,9.388595412710638,0.15734120526881246,72.88048887590762,19.088778706322564
277020,2112000,9.795648570002909,0.15660525166821132,72.8806788701534,19.08878089242548
277040,2112000,10.0715681536506,0.15574323051280403,72.88086886442515,19.088783078332757
277060,2112000,10.209923616732338,0.15213614374652698,72.88105885872281,19.088785264044386
277080,2112000,10.223805061110209,0.14386637487593457,72.88124885304642,19.088787449560375
277100,2112000,10.152429210710158,0.13302616412012386,72.88143884739594,19.088789634880715
277120,2112000,10.075803128937643,0.12983611370183612,72.88162884177139,19.08879182000542
277140,2112000,10.075412898660984,0.14746632195223475,72.88181883617276,19.088794004934467
277160,2112000,10.212969432369983,0.1646835562439554,72.88200883060004,19.088796189667878
277180,2112000,10.485825422985679,0.16306607286567923,72.88219882505327,19.088798374205645
277200,2112000,10.836120774456942,0.15003823017660656,72.88238881953238,19.088800558547764
277220,2112000,11.196718677745404,0.1387044410907545,72.88257881403743,19.088802742694234
277240,2112000,11.50153540572674,0.13660024588495542,72.88276880856837,19.088804926645064
277260,2112000,11.683531286422413,0.14354792156423277,72.88295880312522,19.088807110400246
277280,2112000,11.690087732411195,0.15226828194988357,72.88314879770799,19.088809293959784
277300,2112000,11.505990390163415,0.1552676134247641,72.88333879231664,19.08881147732368
277320,2112000,11.159129938323447,0.15068183345505348,72.88352878695122,19.08881366049193
277340,2112000,10.69265271381359,0.14233873991532128,72.88371878161168,19.088815843464527
277360,2112000,10.154819507035917,0.13848820494873773,72.88390877629803,19.088818026241483
277380,2112000,9.600032769844194,0.14423881753094772,72.8840987710103,19.0888202088228
277400,2112000,9.090145006460423,0.15523148797455236,72.88428876574844,19.088822391208463
277420,2112000,8.685346192314936,0.16536153221291594,72.88447876051248,19.088824573398476
277440,2112000,8.39825537178411,0.18263384632644455,72.88466875530241,19.08882675539285
277460,2112000,8.207093233496023,0.21442125656501212,72.88485875011821,19.088828937191575
277480,2112000,8.098692951515737,0.24851864719877917,72.8850487449599,19.088831118794655
277500,2112000,8.065954598977047,0.2728426510555434,72.88523873982749,19.088833300202086
277520,2112000,8.10246069499245,0.2898077580513416,72.88542873472093,19.08883548141387
277540,2112000,8.208508469168033,0.3008033305729871,72.88561872964026,19.088837662430013
277560,2112000,8.386825236982682,0.30737998088021473,72.88580872458546,19.0888398432505
277580,2112000,8.640239458581535,0.3111296323164061,72.88599871955654,19.088842023875348
277600,2112000,8.97029249227951,0.3132833274707576,72.88618871455347,19.08884420430454
277620,2112000,9.376461308444748,0.31448084127696413,72.88637870957628,19.088846384538087
277640,2112000,9.855851196102309,0.3147729467684167,72.88656870462496,19.088848564575997
277660,2112000,10.403260547903376,0.3138676003890186,72.88675869969948,19.088850744418252
277680,2112000,11.011528010059939,0.3115315258883396,72.88694869479988,19.08885292406486
277700,2112000,11.6720781089232,0.3078941591012121,72.88713868992613,19.088855103515822
277720,2112000,12.375614312262915,0.3034382690951007,72.88732868507823,19.088857282771126
277740,2112000,13.112977265826663,0.29878323718805677,72.88751868025619,19.088859461830797
277760,2112000,13.876275509090702,0.29453731859878446,72.88770867546,19.088861640694812
277780,2112000,14.66050795407042,0.2912176017724207,72.88789867068965,19.088863819363176
277800,2112000,15.466104312651835,0.2888591091314669,72.88808866594515,19.0888659978359
277820,2112000,16.30349109141888,0.28589687087016724,72.8882786612265,19.088868176112967
277840,2112000,17.196416014535284,0.2783730397839913,72.88846865653369,19.08887035419439
277860,2112000,18.151134955545835,0.2681254630930539,72.8886586518667,19.088872532080167
277880,2112000,19.162409992061566,0.26097865256496827,72.88884864722557,19.088874709770288
277900,2112000,20.215408666969584,0.26391646408491215,72.88903864261027,19.088876887264767
277920,2112000,21.276160510721333,0.28101757543233,72.8892286380208,19.088879064563592
277940,2112000,22.317912098842697,0.3039652822923649,72.88941863345715,19.08888124166677
277960,2112000,23.313515231407308,0.32174419025612083,72.88960862891933,19.0888834185743
277980,2112000,24.244582238396376,0.3305269081738972,72.88979862440735,19.08888559528618
278000,2112000,25.109422565828844,0.3309992307687625,72.88998861992117,19.088887771802405
278020,2112000,25.923602950313672,0.3253079111153207,72.89017861546081,19.08888994812299
278040,2112000,26.7102983683032,0.31589398600743307,72.89036861102629,19.088892124247913
278060,2112000,27.488891789207173,0.3045783433027658,72.89055860661757,19.0888943001772
278080,2112000,28.26797209664107,0.2930663634086461,72.89074860223467,19.08889647591083
278100,2112000,29.04339467504708,0.28389411778793194,72.89093859787758,19.088898651448808
278120,2112000,29.80084914121409,0.28024302274658164,72.89112859354628,19.08890082679114
278140,2112000,30.51991922384175,0.2844906347145559,72.89131858924081,19.088903001937815
278160,2112000,31.17715624249581,0.2964346042123897,72.89150858496114,19.08890517688885
278180,2112000,31.748178962721205,0.31217094622073066,72.89169858070727,19.088907351644224
278200,2112000,32.20843375793671,0.32500787554125954,72.89188857647919,19.088909526203956
278220,2112000,32.52960176879061,0.3286121594673999,72.89207857227692,19.08891170056803
278240,2112000,32.68050974445209,0.3190089793551525,72.89226856810045,19.08891387473646
278260,2112000,32.66998403630684,0.30426019121273934,72.89245856394976,19.088916048709237
278280,2112000,32.503668498778936,0.2925787135071829,72.89264855982486,19.088918222486367
278300,2112000,32.182217444392116,0.28903020383016187,72.89283855572573,19.08892039606784
278320,2112000,31.70496933051593,0.29425275296585174,72.8930285516524,19.088922569453654
278340,2112000,31.100889945653794,0.30661727869590555,72.89321854760487,19.08892474264383
278360,2112000,30.42700212821611,0.32549035531274495,72.8934085435831,19.088926915638346
278380,2112000,29.721523385949165,0.3479438284716687,72.89359853958712,19.088929088437215
278400,2112000,29.00721864766495,0.3712231387107266,72.8937885356169,19.08893126104043
278420,2112000,28.297681725954092,0.3940689165868074,72.89397853167247,19.088933433447995
278440,2112000,27.601143294414634,0.4162558114645253,72.89416852775382,19.088935605659906
276680,2112020,2.9835747217406405,0.3251243720576796,72.8774466686308,19.088924329366726
276700,2112020,3.1344281982206312,0.3158871690428746,72.8776366626671,19.088926518622205
276720,2112020,3.3070705540008944,0.306687011202134,72.87782665672938,19.088928707682044
276740,2112020,3.505557651703486,0.29747266140212636,72.87801665081761,19.088930896546238
276760,2112020,3.7344532659753575,0.28820927627449255,72.87820664493184,19.088933085214787
276780,2112020,3.9986090377123986,0.2788518980985795,72.87839663907201,19.08893527368769
276800,2112020,4.302846798849861,0.2692988141376932,72.87858663323814,19.08893746196495
276820,2112020,4.651531239062847,0.25935426095375325,72.87877662743024,19.088939650046566
276840,2112020,5.047998383601672,0.24874866382157773,72.8789666216483,19.088941837932534
276860,2112020,5.493790376207861,0.23725079009337205,72.8791566158923,19.08894402562286
276880,2112020,5.987664802996405,0.22485072072634102,72.87934661016226,19.08894621311754
276900,2112020,6.524411502130084,0.21192645864694643,72.87953660445818,19.08894840041658
276920,2112020,7.093623312486635,0.19928496860111689,72.87972659878004,19.088950587519967
276940,2112020,7.678736936520368,0.18801289390482903,72.87991659312783,19.088952774427714
276960,2112020,8.256877556694874,0.17914587621822312,72.88010658750159,19.088954961139812
276980,2112020,8.800177483757407,0.17323691475825428,72.88029658190126,19.088957147656266
277000,2112020,9.279029152544659,0.17000133518985508,72.8804865763269,19.088959333977076
277020,2112020,9.667042236387594,0.1682873678290989,72.88067657077846,19.088961520102234
277040,2112020,9.94660695069771,0.1665084126258171,72.88086656525594,19.088963706031752
277060,2112020,10.113735191323363,0.16350881047736512,72.88105655975937,19.08896589176562
277080,2112020,10.182616525417068,0.15964079274051218,72.88124655428874,19.088968077303846
277100,2112020,10.19347598871268,0.15503797777108194,72.88143654884402,19.088970262646427
277120,2112020,10.219064891801295,0.1447463651426951,72.88162654342524,19.088972447793356
277140,2112020,10.328052075241688,0.14054008961679257,72.88181653803237,19.08897463274464
277160,2112020,10.551495748562258,0.1489076416243786,72.88200653266541,19.088976817500278
277180,2112020,10.88389406917024,0.15571024161146224,72.8821965273244,19.08897900206027
277200,2112020,11.280400007616567,0.15484529764502344,72.88238652200927,19.08898118642461
277220,2112020,11.676960568718247,0.14975113780679541,72.88257651672006,19.088983370593308
277240,2112020,12.002582699029476,0.14703526443521475,72.88276651145677,19.08898555456636
277260,2112020,12.184261584692424,0.14970437231304382,72.88295650621939,19.08898773834376
277280,2112020,12.169984905358708,0.15499078061255972,72.88314650100791,19.088989921925517
277300,2112020,11.935102685160341,0.15581200005536383,72.88333649582233,19.088992105311625
277320,2112020,11.532179015548188,0.1525911183030489,72.88352649066266,19.088994288502086
277340,2112020,11.009518467933281,0.14695500220145516,72.8837164855289,19.0889964714969
277360,2112020,10.417477299871873,0.1438123703805827,72.88390648042102,19.08899865429607
277380,2112020,9.814896867231123,0.14974224413095258,72.88409647533904,19.089000836899583
277400,2112020,9.262282404185243,0.16364908735104503,72.88428647028294,19.089003019307448
277420,2112020,8.830469104051723,0.17363473000790455,72.88447646525275,19.089005201519672
277440,2112020,8.537893038634982,0.18163175719739386,72.88466646024844,19.089007383536245
277460,2112020,8.351163181914385,0.2016202118327362,72.88485645527,19.08900956535717
277480,2112020,8.249462552039969,0.22916725359761467,72.88504645031746,19.089011746982447
277500,2112020,8.223580567371258,0.2541619098109351,72.88523644539079,19.089013928412076
277520,2112020,8.270279029212553,0.27363383567881844,72.88542644049002,19.089016109646053
277540,2112020,8.391639637854933,0.2879100840367954,72.8856164356151,19.08901829068438
277560,2112020,8.59227120275915,0.2981463683066922,72.88580643076607,19.089020471527064
277580,2112020,8.876520220330475,0.3055727331538141,72.8859964259429,19.08902265217409
277600,2112020,9.246678625608006,0.31103378127234244,72.88618642114561,19.089024832625473
277620,2112020,9.701936981433112,0.3147571766583546,72.88637641637418,19.08902701288121
277640,2112020,10.237898206432565,0.316328364263686,72.8865664116286,19.089029192941293
277660,2112020,10.84657137698766,0.31499510985559853,72.88675640690892,19.08903137280573
277680,2112020,11.516780807418284,0.3103559242330562,72.88694640221506,19.089033552474515
277700,2112020,12.234923776057215,0.30299191743117726,72.88713639754708,19.08903573194765
277720,2112020,12.986035639743351,0.2944033523117996,72.88732639290494,19.08903791122513
277740,2112020,13.755196975579645,0.28635906073893996,72.88751638828867,19.08904009030697
277760,2112020,14.52937726082273,0.2803173570791852,72.88770638369824,19.089042269193154
277780,2112020,15.299783699369272,0.2771369706322138,72.88789637913366,19.089044447883687
277800,2112020,16.064778594172033,0.2767391353670791,72.88808637459492,19.089046626378572
277820,2112020,16.834315871700714,0.27722464461677154,72.88827637008204,19.08904880467781
277840,2112020,17.64602294699989,0.2715936347006073,72.888466365595,19.08905098278139
277860,2112020,18.510852145417594,0.26032488383075914,72.88865636113378,19.08905316068932
277880,2112020,19.413752058093426,0.2518899053548813,72.88884635669841,19.089055338401607
277900,2112020,20.347027762114724,0.25172449307379996,72.88903635228885,19.089057515918235
277920,2112020,21.28966867756286,0.26244628306900253,72.88922634790515,19.089059693239214
277940,2112020,22.223205752432005,0.2778132942370794,72.88941634354727,19.089061870364546
277960,2112020,23.126460301429347,0.2874978021746143,72.88960633921523,19.089064047294226
277980,2112020,23.987580542957335,0.2920216214752495,72.88979633490901,19.089066224028247
278000,2112020,24.804347046738567,0.29380544585541857,72.8899863306286,19.08906840056662
278020,2112020,25.586859517818144,0.29427333472795797,72.890176326374,19.089070576909346
278040,2112020,26.353922285511953,0.2937061885179655,72.89036632214524,19.089072753056417
278060,2112020,27.124002129266056,0.2912485706803477,72.8905563179423,19.089074929007836
278080,2112020,27.904676058194543,0.28674004389986574,72.89074631376516,19.089077104763604
278100,2112020,28.687300129268525,0.282507767982885,72.89093630961383,19.089079280323723
278120,2112020,29.451978169052758,0.2821856560928895,72.89112630548831,19.08908145568819
278140,2112020,30.174382811976393,0.2883018859107335,72.89131630138861,19.089083630856997
278160,2112020,30.82814810365784,0.3009139490516268,72.89150629731469,19.089085805830155
278180,2112020,31.386947112082296,0.3159992235141927,72.89169629326659,19.089087980607665
278200,2112020,31.82522529147875,0.3242630652215957,72.89188628924428,19.089090155189517
278220,2112020,32.12031702255059,0.3193344097492049,72.89207628524778,19.089092329575717
278240,2112020,32.25950754925747,0.3041874841300967,72.89226628127706,19.089094503766265
278260,2112020,32.24679310386289,0.28577733100446534,72.89245627733214,19.089096677761162
278280,2112020,32.09152384322602,0.27308957857018323,72.892646273413,19.0890988515604
278300,2112020,31.797621170328735,0.2729257154098223,72.89283626951968,19.08910102516399
278320,2112020,31.346351103028848,0.2840540787381312,72.89302626565211,19.089103198571927
278340,2112020,30.765216286973374,0.30264147646632406,72.89321626181034,19.08910537178421
278360,2112020,30.12367237131663,0.3271391591012421,72.89340625799433,19.08910754480084
278380,2112020,29.458173688978004,0.35281888276842827,72.89359625420411,19.089109717621817
278400,2112020,28.78850587368341,0.3769838691281388,72.89378625043967,19.08911189024714
278420,2112020,28.12539845862147,0.3993993255289182,72.89397624670102,19.089114062676806
278440,2112020,27.47518613227329,0.4205961866196745,72.89416624298812,19.089116234910822
276700,2112040,3.0695707403963723,0.32338295645015674,72.87763435997404,19.089107145939035
276720,2112040,3.2578335987073896,0.3138893794192934,72.87782435424207,19.08910933502115
276740,2112040,3.473620238496595,0.30441694005711367,72.87801434853608,19.08911152390761
276760,2112040,3.7208863581939338,0.2949163553850147,72.87820434285605,19.08911371259843
276780,2112040,4.003623384868212,0.2853187299882688,72.87839433720198,19.0891159010936
276800,2112040,4.325537896530245,0.27551646839615035,72.87858433157388,19.089118089393125
276820,2112040,4.689630817150662,0.2653605276963048,72.87877432597173,19.089120277497
276840,2112040,5.097659879167982,0.254696734896525,72.87896432039555,19.089122465405236
276860,2112040,5.549471422071652,0.2434502619331409,72.87915431484532,19.089124653117818
276880,2112040,6.042211936544191,0.23173667201413722,72.87934430932104,19.089126840634755
276900,2112040,6.5694842236741335,0.2199466127874214,72.87953430382271,19.089129027956044
276920,2112040,7.120598344331106,0.2087417788515601,72.87972429835033,19.08913121508169
276940,2112040,7.680174739528993,0.1989224455286265,72.87991429290389,19.089133402011683
276960,2112040,8.228451836095187,0.19117592128819635,72.8801042874834,19.089135588746036
276980,2112040,8.742652272630565,0.185784022223863,72.88029428208885,19.089137775284733
277000,2112040,9.199574628533167,0.18244004153607077,72.88048427672024,19.089139961627787
277020,2112040,9.579207419741788,0.18034167297137257,72.88067427137757,19.08914214777519
277040,2112040,9.868829754789502,0.17863286988759414,72.88086426606083,19.08914433372695
277060,2112040,10.067174407496143,0.17705406565309093,72.88105426077001,19.089146519483055
277080,2112040,10.189001023519745,0.1759846808393992,72.88124425550514,19.089148705043517
277100,2112040,10.27105855457034,0.17347684152651704,72.88143425026618,19.08915089040833
277120,2112040,10.379054499733526,0.15884412942632975,72.88162424505316,19.089153075577492
277140,2112040,10.572074616192808,0.1369731000758625,72.88181423986606,19.08915526055101
277160,2112040,10.857758060911236,0.13683870101689755,72.88200423470487,19.089157445328873
277180,2112040,11.226398536794878,0.15201051609268357,72.88219422956959,19.089159629911094
277200,2112040,11.639531491213425,0.16375124555328643,72.88238422446025,19.089161814297665
277220,2112040,12.037012886741396,0.16347930268785504,72.8825742193768,19.089163998488587
277240,2112040,12.35520921619591,0.15860356561843908,72.88276421431928,19.089166182483858
277260,2112040,12.507307297323608,0.15473222719180282,72.88295420928766,19.08916836628348
277280,2112040,12.46352945462021,0.1559063820778253,72.88314420428195,19.089170549887452
277300,2112040,12.196346528920166,0.15645089948948013,72.88333419930213,19.089172733295772
277320,2112040,11.772749511132142,0.1565119743034228,72.88352419434823,19.08917491650845
277340,2112040,11.228448380579016,0.15294404460854433,72.88371418942022,19.08917709952547
277360,2112040,10.618134199108837,0.14849260850566348,72.8839041845181,19.089179282346844
277380,2112040,10.005181770896037,0.15179118916566656,72.88409417964189,19.08918146497257
277400,2112040,9.446613613408502,0.16350584821262226,72.88428417479156,19.089183647402642
277420,2112040,9.002798012331679,0.17339854029562649,72.88447416996712,19.08918582963707
277440,2112040,8.70949567234553,0.17526030124880357,72.88466416516857,19.08918801167584
277460,2112040,8.526045191757087,0.1875371270837755,72.8848541603959,19.089190193518963
277480,2112040,8.426250859814864,0.21128007191865916,72.88504415564914,19.089192375166437
277500,2112040,8.401642377481918,0.23705778341114667,72.88523415092824,19.089194556618256
277520,2112040,8.452261077414095,0.2591006703329768,72.88542414623322,19.08919673787443
277540,2112040,8.583493241386432,0.2763920037311008,72.88561414156406,19.089198918934954
277560,2112040,8.80263865652156,0.28981235372080433,72.8858041369208,19.089201099799823
277580,2112040,9.11591661535523,0.30036398516695556,72.8859941323034,19.08920328046904
277600,2112040,9.526557862139851,0.3086272929820513,72.88618412771187,19.089205460942612
277620,2112040,10.033553404438436,0.3145907069071183,72.8863741231462,19.089207641220526
277640,2112040,10.630981183674004,0.3174623640616485,72.8865641186064,19.08920982130279
277660,2112040,11.307936210051025,0.3158169053220543,72.88675411409247,19.089212001189406
277680,2112040,12.04902896498206,0.3087089476754561,72.8869441096044,19.08921418088036
277700,2112040,12.835392434605671,0.29710884830540857,72.88713410514218,19.089216360375673
277720,2112040,13.646116085609915,0.2837247064362892,72.88732410070581,19.089218539675333
277740,2112040,14.460172832618163,0.2714517340311626,72.8875140962953,19.089220718779337
277760,2112040,15.259034191308853,0.26227134458349566,72.88770409191063,19.089222897687694
277780,2112040,16.030069672238863,0.2569548250316577,72.88789408755183,19.089225076400396
277800,2112040,16.770630477252595,0.2549618549152967,72.88808408321886,19.089227254917446
277820,2112040,17.492914294197952,0.25393539050821246,72.88827407891173,19.08922943323884
277840,2112040,18.224809983389466,0.24990203109056128,72.88846407463045,19.089231611364585
277860,2112040,18.980943120931666,0.24365839943829792,72.88865407037501,19.08923378929468
277880,2112040,19.75848452270806,0.24057664298907172,72.8888440661454,19.089235967029122
277900,2112040,20.55554979315405,0.2437448693671561,72.88903406194163,19.089238144567908
277920,2112040,21.367793512381116,0.2519465482264926,72.88922405776368,19.08924032191104
277940,2112040,22.18747710595442,0.25982097246878205,72.88941405361157,19.089242499058518
277960,2112040,22.999439946515984,0.26303741397195407,72.88960404948529,19.089244676010352
277980,2112040,23.788379698472898,0.26361495230519316,72.88979404538483,19.08924685276652
278000,2112040,24.548192883236247,0.26565886444974235,72.8899840413102,19.089249029327046
278020,2112040,25.28574723780334,0.270956783961397,72.89017403726139,19.089251205691912
278040,2112040,26.0190641329691,0.27795026463542616,72.89036403323838,19.08925338186112
278060,2112040,26.770140869257713,0.28244142266390443,72.8905540292412,19.089255557834683
278080,2112040,27.54797887854973,0.28182662061023533,72.89074402526984,19.08925773361259
278100,2112040,28.334418637659862,0.27946116830360507,72.89093402132428,19.089259909194837
278120,2112040,29.09923903816106,0.2803100788502787,72.89112401740454,19.089262084581435
278140,2112040,29.814482061841836,0.2860990538122234,72.8913140135106,19.089264259772374
278160,2112040,30.450156344196714,0.29705008984509,72.89150400964245,19.089266434767662
278180,2112040,30.978196204761073,0.30971328370585627,72.89169400580012,19.089268609567302
278200,2112040,31.375716040969486,0.31412652873871993,72.89188400198358,19.089270784171283
278220,2112040,31.628421880790725,0.30423657047467867,72.89207399819284,19.089272958579603
278240,2112040,31.734317310377193,0.28597120864498127,72.8922639944279,19.089275132792274
278260,2112040,31.698992408132636,0.2659838605241716,72.89245399068875,19.089277306809286
278280,2112040,31.531537217161258,0.25314290312279253,72.89264398697539,19.08927948063065
278300,2112040,31.235671976154123,0.2549213655764362,72.8928339832878,19.089281654256357
278320,2112040,30.805046969639307,0.27153859556790466,72.89302397962602,19.089283827686405
278340,2112040,30.266612118129785,0.2985329033786466,72.89321397599001,19.089286000920797
278360,2112040,29.673875447878938,0.32985228793718235,72.89340397237979,19.089288173959535
278380,2112040,29.063789506076386,0.3582202306996252,72.89359396879534,19.08929034680262
278400,2112040,28.45251841996582,0.38241033059387286,72.89378396523668,19.089292519450044
278420,2112040,27.847651230496663,0.40400425607669876,72.8939739617038,19.08929469190182
278440,2112040,27.254082113639807,0.42414912599649424,72.89416395819666,19.089296864157934
278460,2112040,26.70453516550229,0.44358706966069555,72.89435395471531,19.089299036218396
276700,2112060,3.007565363273409,0.33093890824222405,72.877632057255,19.089287773252053
276720,2112060,3.209512723507034,0.32123350964432235,72.8778220517288,19.08928996235644
276740,2112060,3.4402070490554357,0.31159419463601457,72.87801204622858,19.089292151265173
276760,2112060,3.70305523760124,0.30196764198727233,72.8782020407543,19.08929433997826
276780,2112060,4.001296193423839,0.29227737618189964,72.878392035306,19.089296528495698
276800,2112060,4.3376867499786025,0.28242009166745485,72.87858202988366,19.08929871681749
276820,2112060,4.714107231638052,0.2722792890274413,72.87877202448728,19.08930090494363
276840,2112060,5.13108495535226,0.2617660776086759,72.87896201911686,19.08930309287412
276860,2112060,5.587243372981763,0.2508855969550277,72.87915201377238,19.08930528060897
276880,2112060,6.078708066358529,0.23980914478959842,72.87934200845388,19.08930746814816
276900,2112060,6.598542158527423,0.22891578057731984,72.87953200316132,19.089309655491704
276920,2112060,7.136340210160813,0.2187636573240301,72.87972199789469,19.089311842639596
276940,2112060,7.67816837857395,0.20996761570012415,72.87991199265402,19.089314029591844
276960,2112060,8.207071318916759,0.20299804560773974,72.88010198743929,19.089316216348443
276980,2112060,8.704331884997508,0.19797176472984687,72.88029198225051,19.089318402909388
277000,2112060,9.151540831267122,0.19455148603745243,72.88048197708765,19.08932058927469
277020,2112060,9.533345747347582,0.19205551472046964,72.88067197195075,19.089322775444334
277040,2112060,9.840624423323725,0.18977139748300795,72.88086196683977,19.089324961418335
277060,2112060,10.07390680538758,0.18724760422101513,72.88105196175472,19.08932714719668
277080,2112060,10.247084806032529,0.18393546060199906,72.88124195669562,19.08932933277938
277100,2112060,10.391342620083657,0.17729548953939003,72.88143195166242,19.08933151816643
277120,2112060,10.55786437541552,0.16038739525774817,72.88162194665516,19.08933370335782
277140,2112060,10.793317711095568,0.1370883351685727,72.88181194167382,19.089335888353567
277160,2112060,11.102617148313337,0.1345691965379572,72.8820019367184,19.089338073153666
277180,2112060,11.473259631837292,0.15203463690941024,72.8821919317889,19.08934025775811
277200,2112060,11.866570295402665,0.16865146175487153,72.8823819268853,19.089342442166906
277220,2112060,12.219437500553624,0.16677298258864506,72.88257192200763,19.089344626380047
277240,2112060,12.480076313475552,0.15742085897016408,72.88276191715586,19.089346810397544
277260,2112060,12.585690905012223,0.14999898818339505,72.88295191233001,19.08934899421938
277280,2112060,12.5083083796611,0.14939110786359108,72.88314190753007,19.089351177845572
277300,2112060,12.247936138785182,0.15317685072368584,72.88333190275603,19.089353361276107
277320,2112060,11.837087618797847,0.15616509135577994,72.88352189800788,19.089355544510997
277340,2112060,11.315451387185327,0.15440754556866923,72.88371189328564,19.08935772755023
277360,2112060,10.73590014765756,0.1498902486352581,72.88390188858929,19.089359910393814
277380,2112060,10.155687676281831,0.14914642670229303,72.88409188391884,19.089362093041746
277400,2112060,9.62740637682993,0.155175450007259,72.88428187927428,19.089364275494027
277420,2112060,9.201521231868954,0.1623734599335681,72.88447187465562,19.089366457750653
277440,2112060,8.910591379132843,0.16490437116190443,72.88466187006283,19.089368639811628
277460,2112060,8.724948150123137,0.17598868433882986,72.88485186549595,19.08937082167695
277480,2112060,8.620804736222093,0.19836708761737268,72.88504186095493,19.08937300334662
277500,2112060,8.591669302589148,0.22439526276107782,72.8852318564398,19.08937518482064
277520,2112060,8.640081073780003,0.2473958687303309,72.88542185195054,19.089377366099
277540,2112060,8.77578240928236,0.2662565963406133,72.88561184748716,19.089379547181714
277560,2112060,9.00943571884704,0.2817591111442952,72.88580184304966,19.089381728068776
277580,2112060,9.349462210133131,0.2944411019250758,72.88599183863803,19.08938390876018
277600,2112060,9.80041638108321,0.30454197482382733,72.88618183425227,19.08938608925593
277620,2112060,10.3614019810117,0.31209178204152793,72.88637182989237,19.089388269556032
277640,2112060,11.025124217112028,0.31629116953672254,72.88656182555835,19.08939044966048
277660,2112060,11.777752429221898,0.31483497292606,72.88675182125017,19.089392629569268
277680,2112060,12.599499066445379,0.3053954739500501,72.88694181696786,19.08939480928241
277700,2112060,13.46595657746918,0.2893768466731526,72.88713181271142,19.089396988799898
277720,2112060,14.349879933854183,0.27137889767083995,72.88732180848082,19.08939916812173
277740,2112060,15.223501121742679,0.2554405411485274,72.88751180427607,19.089401347247904
277760,2112060,16.061828108870184,0.24359875872640221,72.88770180009718,19.089403526178433
277780,2112060,16.847160444533092,0.23605705969260127,72.88789179594414,19.0894057049133
277800,2112060,17.574277810242446,0.23184950522037787,72.88808179181694,19.089407883452512
277820,2112060,18.253515482831084,0.22951427810061234,72.8882717877156,19.089410061796073
277840,2112060,18.906087201534216,0.22820291904448503,72.88846178364008,19.089412239943982
277860,2112060,19.550420183199705,0.22935713271498176,72.8886517795904,19.089414417896233
277880,2112060,20.197030267569236,0.23525489926402574,72.88884177556656,19.08941659565283
277900,2112060,20.854432862296676,0.24525577575996163,72.88903177156857,19.089418773213772
277920,2112060,21.533620222242316,0.25467415302622437,72.8892217675964,19.089420950579054
277940,2112060,22.243527330486057,0.25777444760545815,72.88941176365006,19.08942312774869
277960,2112060,22.97097584457205,0.2541608904396277,72.88960175972954,19.089425304722663
277980,2112060,23.69064804444103,0.24931128063989588,72.88979175583485,19.089427481500987
278000,2112060,24.390380409910616,0.2491252898499875,72.88998175196598,19.089429658083652
278020,2112060,25.075004614957198,0.2560379955971637,72.89017174812294,19.089431834470663
278040,2112060,25.762726617475213,0.26749799054992207,72.89036174430571,19.089434010662014
278060,2112060,26.483640191332416,0.27595693373198066,72.89055174051431,19.089436186657714
278080,2112060,27.257909386695893,0.27450159852570694,72.89074173674871,19.08943836245776
278100,2112060,28.045825441480673,0.27046774841644844,72.89093173300891,19.089440538062142
278120,2112060,28.7993558792706,0.2719635274324442,72.89112172929494,19.089442713470877
278140,2112060,29.493590314929907,0.2767843161828144,72.89131172560677,19.089444888683953
278160,2112060,30.092950769832946,0.2854272140178291,72.89150172194441,19.089447063701368
278180,2112060,30.568738683992986,0.2946101789811725,72.89169171830784,19.08944923852313
278200,2112060,30.90529436142491,0.2964945273831676,72.89188171469708,19.089451413149234
278220,2112060,31.09702986006451,0.28701774573869604,72.89207171111211,19.08945358757968
278240,2112060,31.14786532748128,0.26930968810482053,72.89226170755295,19.089455761814477
278260,2112060,31.06751108963961,0.250058044204915,72.89245170401956,19.08945793585361
278280,2112060,30.86726159785522,0.23817273168604525,72.89264170051197,19.08946010969709
278300,2112060,30.555655815498607,0.2416717229542798,72.89283169703016,19.089462283344908
278320,2112060,30.14133605834738,0.26242139705016304,72.89302169357416,19.089464456797067
278340,2112060,29.647239701009784,0.29569369435436216,72.89321169014393,19.08946663005358
278360,2112060,29.110453331061734,0.33281064396087523,72.89340168673947,19.089468803114425
278380,2112060,28.566590905595493,0.3618990375720688,72.8935916833608,19.089470975979612
278400,2112060,28.02293530191158,0.38568230429021155,72.8937816800079,19.089473148649148
278420,2112060,27.484581473799164,0.40668680188804224,72.89397167668078,19.089475321123025
278440,2112060,26.95529356110462,0.42613071815275133,72.89416167337943,19.08947749340124
278460,2112060,26.438361885910414,0.44480149621541676,72.89435167010384,19.089479665483797
276700,2112080,2.9460936359799157,0.3385229030394774,72.87762975451,19.08946840056127
276720,2112080,3.159594039376973,0.32868418875769917,72.87781974918957,19.089470589687927
276740,2112080,3.4027164378360495,0.31897523758250296,72.87800974389509,19.089472778618934
276760,2112080,3.678404392962013,0.3093461658604272,72.87819973862659,19.089474967354292
276780,2112080,3.989279080221309,0.2997188125651172,72.87838973338405,19.089477155893995
276800,2112080,4.337339333086084,0.289989737306894,72.87857972816748,19.08947934423805
276820,2112080,4.723604234901156,0.28005108702924336,72.87876972297686,19.08948153238645
276840,2112080,5.1477074594643435,0.26983378069185715,72.8789597178122,19.089483720339206
276860,2112080,5.607462815267042,0.25936725065860944,72.87914971267351,19.089485908096304
276880,2112080,6.098438822726795,0.24883640192698334,72.87933970756075,19.089488095657757
276900,2112080,6.613608026813282,0.2386057036075143,72.87952970247395,19.089490283023558
276920,2112080,7.143170690592852,0.2291793835942313,72.87971969741311,19.089492470193708
276940,2112080,7.674681654597606,0.22108128846397965,72.87990969237819,19.089494657168203
276960,2112080,8.19361502946005,0.2146713731962002,72.88009968736924,19.089496843947053
276980,2112080,8.684464598256671,0.20996171704390995,72.88028968238622,19.08949903053025
277000,2112080,9.132393725591019,0.2065248048867994,72.88047967742914,19.089501216917785
277020,2112080,9.525344306224328,0.20355891828865946,72.88066967249799,19.089503403109678
277040,2112080,9.856445315768054,0.20007971718939543,72.88085966759279,19.08950558910592
277060,2112080,10.126566300062603,0.19508510776480276,72.8810496627135,19.089507774906505
277080,2112080,10.34686808318757,0.18748523685995896,72.88123965786015,19.08950996051144
277100,2112080,10.540817271285192,0.17590603284259673,72.88142965303273,19.08951214592072
277120,2112080,10.74281048080713,0.15998441478436054,72.88161964823124,19.089514331134353
277140,2112080,10.985950088834011,0.1449804457230737,72.88180964345567,19.08951651615233
277160,2112080,11.282947311180257,0.13964976373931096,72.88199963870602,19.089518700974654
277180,2112080,11.617494312322826,0.14681928606830974,72.88218963398228,19.089520885601328
277200,2112080,11.952124207898537,0.15591325594158112,72.88237962928446,19.089523070032346
277220,2112080,12.238118698401582,0.15569111410352302,72.88256962461254,19.089525254267713
277240,2112080,12.432180007319538,0.14948837723762964,72.88275961996656,19.089527438307424
277260,2112080,12.493186057530515,0.14589509773021012,72.88294961534648,19.089529622151485
277280,2112080,12.39792027421436,0.1495402597719061,72.8831396107523,19.089531805799894
277300,2112080,12.148596055549117,0.15711300271421366,72.883329606184,19.089533989252647
277320,2112080,11.768839203184191,0.1618951596191191,72.88351960164164,19.089536172509742
277340,2112080,11.295341805640174,0.16054078906035654,72.88370959712516,19.089538355571193
277360,2112080,10.774311955108931,0.15474638564816176,72.88389959263459,19.08954053843698
277380,2112080,10.255344614200641,0.14976967513658504,72.88408958816991,19.089542721107122
277400,2112080,9.784339472920065,0.1504700493409086,72.88427958373111,19.089544903581608
277420,2112080,9.398982845023346,0.15645926452145084,72.88446957931822,19.089547085860435
277440,2112080,9.11804748470663,0.16166619389260906,72.8846595749312,19.089549267943614
277460,2112080,8.927796295676673,0.17102287950725742,72.88484957057008,19.089551449831138
277480,2112080,8.816817013993738,0.19100016356713573,72.88503956623484,19.089553631523003
277500,2112080,8.780367074991657,0.21567996212558715,72.88522956192547,19.089555813019217
277520,2112080,8.822194918429501,0.23710942459908207,72.885419557642,19.08955799431978
277540,2112080,8.958821827499783,0.25590955090180345,72.88560955338438,19.089560175424676
277560,2112080,9.203914467270264,0.2724248458651109,72.88579954915265,19.089562356333925
277580,2112080,9.568373043050839,0.2860912982293937,72.88598954494678,19.08956453704752
277600,2112080,10.05895887118551,0.2964920424413991,72.8861795407668,19.089566717565464
277620,2112080,10.675542118522829,0.30413831263184554,72.88636953661266,19.089568897887744
277640,2112080,11.409822720860163,0.3091801133622422,72.88655953248441,19.08957107801437
277660,2112080,12.245236958385357,0.3088571243680576,72.88674952838201,19.089573257945343
277680,2112080,13.157373563597858,0.2975308350157424,72.88693952430548,19.089575437680654
277700,2112080,14.115933092988488,0.27744112653970165,72.8871295202548,19.089577617220318
277720,2112080,15.086855481193188,0.2566113956536826,72.88731951622997,19.089579796564323
277740,2112080,16.0347819817613,0.23981029071214785,72.88750951223099,19.089581975712672
277760,2112080,16.92672523809249,0.22851420687588309,72.88769950825788,19.089584154665367
277780,2112080,17.737390324515015,0.22178164421396834,72.8878895043106,19.089586333422403
277800,2112080,18.456471243442184,0.21794778616465935,72.88807950038918,19.089588511983784
277820,2112080,19.092546658523528,0.2163851058252389,72.8882694964936,19.089590690349503
277840,2112080,19.66764782177294,0.21832135116835277,72.88845949262387,19.089592868519574
277860,2112080,20.20661192782496,0.2261359577178272,72.88864948877996,19.089595046493987
277880,2112080,20.73035961739466,0.2403634754938103,72.88883948496189,19.089597224272737
277900,2112080,21.256682379145733,0.25749451680552526,72.88902948116967,19.089599401855843
277920,2112080,21.808055065405462,0.27056847929482514,72.88921947740327,19.089601579243276
277940,2112080,22.42134627076644,0.2709449883198076,72.8894094736627,19.08960375643506
277960,2112080,23.078779701631056,0.26062505863773217,72.88959946994795,19.089605933431184
277980,2112080,23.73580281992995,0.2493116041338935,72.88978946625903,19.089608110231655
278000,2112080,24.377588463306147,0.24401411149260033,72.88997946259595,19.089610286836464
278020,2112080,25.010273915266886,0.24745193771776214,72.89016945895867,19.08961246324562
278040,2112080,25.65297159219343,0.25707198479365456,72.89035945534722,19.089614639459114
278060,2112080,26.33576492470385,0.2653457399479067,72.89054945176159,19.089616815476955
278080,2112080,27.109534884774092,0.2583244147833067,72.89073944820176,19.089618991299137
278100,2112080,27.89112052741972,0.251285955500731,72.89092944466775,19.089621166925657
278120,2112080,28.61959524901049,0.2536679935878124,72.89111944115955,19.089623342356518
278140,2112080,29.26896610680733,0.26131273329238647,72.89130943767715,19.089625517591724
278160,2112080,29.805305724414282,0.27151945899564994,72.89149943422055,19.089627692631275
278180,2112080,30.204262704606265,0.28020846952737194,72.89168943078977,19.089629867475164
278200,2112080,30.457093128745623,0.281840719272776,72.89187942738478,19.08963204212339
278220,2112080,30.565564751123247,0.27395590675698334,72.89206942400558,19.08963421657597
278240,2112080,30.53968638194157,0.258747827465091,72.89225942065218,19.089636390832876
278260,2112080,30.39466462418756,0.2421903067826701,72.89244941732458,19.089638564894134
278280,2112080,30.14737597533722,0.23266894391642073,72.89263941402277,19.08964073875973
278300,2112080,29.813788771882024,0.23786892752439645,72.89282941074674,19.089642912429664
278320,2112080,29.410096118797743,0.25987918808049537,72.89301940749651,19.089645085903943
278340,2112080,28.95689766143738,0.2938031401900472,72.89320940427204,19.089647259182556
278360,2112080,28.47993085962367,0.330421094999717,72.89339940107337,19.089649432265517
278380,2112080,28.001435004781815,0.361036663405802,72.89358939790047,19.089651605152813
278400,2112080,27.527412238848793,0.3857420702878035,72.89377939475335,19.089653777844457
278420,2112080,27.05948593386728,0.4070129309093431,72.893969391632,19.08965595034043
278440,2112080,26.598956910402958,0.426326031846909,72.89415938853644,19.08965812264075
278460,2112080,26.146442301140887,0.4446294257632956,72.89434938546663,19.089660294745407
276700,2112100,2.883372598588601,0.346015559766261,72.87762745173902,19.089649027866685
276720,2112100,3.106180904536748,0.33609894792252226,72.87781744662436,19.089651217015614
276740,2112100,3.3592308870124774,0.3263979035005275,72.87800744153564,19.089653405968896
276760,2112100,3.6451081114396917,0.316872677971789,72.87819743647292,19.08965559472652
276780,2112100,3.965967003586269,0.30744538178359176,72.87838743143614,19.089657783288487
276800,2112100,4.3232479062341636,0.29800288271271425,72.87857742642534,19.089659971654807
276820,2112100,4.7173584863057725,0.28841988388013023,72.87876742144049,19.089662159825476
276840,2112100,5.147336647087029,0.27860632509143607,72.8789574164816,19.08966434780049
276860,2112100,5.610519970139207,0.2685723982491464,72.87914741154867,19.08966653557985
276880,2112100,6.102257666423819,0.2584901881945713,72.87933740664168,19.08966872316356
276900,2112100,6.615716404103927,0.24871978238795736,72.87952740176065,19.089670910551607
276920,2112100,7.1418496661909225,0.2397672109871199,72.87971739690558,19.08967309774402
276940,2112100,7.669614165149673,0.2321574035274387,72.87990739207643,19.089675284740764
276960,2112100,8.186513881298886,0.22623930209087817,72.88009738727324,19.089677471541858
276980,2112100,8.679521586912795,0.2219844379733596,72.88028738249598,19.0896796581473
277000,2112100,9.136369080916962,0.21886701601933292,72.88047737774468,19.089681844557088
277020,2112100,9.5471245177045585,0.2158877548680355,72.8806673730193,19.08968403077122
277040,2112100,9.905904878513601,0.21173097678957206,72.88085736831987,19.0896862167897
277060,2112100,10.212503998315754,0.20499993885196532,72.88104736364636,19.08968840261253
277080,2112100,10.473653296897389,0.19459363992863482,72.88123735899877,19.089690588239698
277100,2112100,10.703621588444477,0.18070714323739295,72.88142735437712,19.089692773671217
277120,2112100,10.92334989202319,0.16672729349389181,72.8816173497814,19.089694958907078
277140,2112100,11.1561321114119,0.15679331249571046,72.8818073452116,19.089697143947287
277160,2112100,11.416010384066873,0.14596527554772304,72.88199734066771,19.089699328791845
277180,2112100,11.690535737378893,0.1387539413278935,72.88218733614974,19.089701513440744
277200,2112100,11.949653020573267,0.14140431238148596,72.8823773316577,19.089703697893984
277220,2112100,12.161048722269285,0.1459135639389129,72.88256732719155,19.08970588215158
277240,2112100,12.292849205405876,0.1482566270841897,72.88275732275133,19.08970806621351
277260,2112100,12.313545548634297,0.1529314245389947,72.88294731833702,19.08971025007979
277280,2112100,12.20392251145097,0.16351720116159366,72.88313731394861,19.08971243375041
277300,2112100,11.96668104382319,0.1749862390101552,72.88332730958611,19.089714617225383
277320,2112100,11.622645558207228,0.17972650990295985,72.8835173052495,19.089716800504693
277340,2112100,11.203125565279853,0.1767846836585582,72.8837073009388,19.089718983588355
277360,2112100,10.748020786689516,0.16839955774959892,72.88389729665398,19.089721166476355
277380,2112100,10.299336059896211,0.1596186703538527,72.88408729239508,19.089723349168697
277400,2112100,9.894316226163909,0.15739951263701518,72.88427728816205,19.08972553166539
277420,2112100,9.559360346964926,0.16440921037184655,72.88446728395493,19.089727713966425
277440,2112100,9.298645241486993,0.16957752982193477,72.88465727977369,19.0897298960718
277460,2112100,9.106365992792306,0.17078962614570478,72.88484727561833,19.089732077981527
277480,2112100,8.990310519646275,0.1841161066676059,72.88503727148887,19.089734259695586
277500,2112100,8.948448915205724,0.2050315639778749,72.88522726738528,19.089736441213997
277520,2112100,8.986093570920433,0.22425991625770342,72.88541726330756,19.089738622536746
277540,2112100,9.124609655893106,0.24278545190608614,72.88560725925574,19.089740803663844
277560,2112100,9.379797684242613,0.2599830919355645,72.88579725522978,19.089742984595283
277580,2112100,9.766218163697623,0.2738264288185784,72.88598725122968,19.08974516533106
277600,2112100,10.294902906442337,0.2825417402595368,72.88617724725546,19.08974734587118
277620,2112100,10.967413575597005,0.2876209396538558,72.8863672433071,19.089749526215652
277640,2112100,11.774993573121154,0.29119666052483556,72.88655723938462,19.089751706364456
277660,2112100,12.699030892692745,0.29178272415324713,72.886747235488,19.089753886317613
277680,2112100,13.710237452583836,0.2794120783516239,72.88693723161724,19.089756066075108
277700,2112100,14.771816837570741,0.2579193971739906,72.887127227772325,19.08975824563694
277720,2112100,15.842129644515326,0.23853476469237272,72.88731722395327,19.089760425003114
277740,2112100,16.87753268500995,0.22566812004713374,72.88750722016007,19.08976260417364
277760,2112100,17.83590600239622,0.21999584562540775,72.88769721639272,19.089764783148503
277780,2112100,18.681174585252286,0.21883004877771234,72.88788721265124,19.0897669619277
277800,2112100,19.395360491860394,0.21902230877772016,72.88807720893557,19.08976914051125
277820,2112100,19.98841163096538,0.21990751880045944,72.88826720524577,19.08977131889914
277840,2112100,20.48960937054491,0.22380206125558286,72.8884572015818,19.089773497091368
277860,2112100,20.93427423728722,0.23502418884992615,72.88864719794368,19.08977567508794
277880,2112100,21.35410692560507,0.25393698394445974,72.88883719433139,19.08977785288885
277900,2112100,21.776022003497857,0.2751045195004497,72.88902719074493,19.089780030494104
277920,2112100,22.228702653434596,0.29018710579078194,72.88921718718431,19.0897822079037
277940,2112100,22.762631920708834,0.2892846947251105,72.88940718364952,19.089784385117632
277960,2112100,23.356002208145707,0.27524422145131605,72.88959718014056,19.089786562135906
277980,2112100,23.955940981779502,0.25907067926740684,72.8897871766574,19.089788738958525
278000,2112100,24.545937320531532,0.24780539408900762,72.8899771732001,19.08979091558548
278020,2112100,25.13522421870552,0.24376124219268028,72.89016716976859,19.089793092016773
278040,2112100,25.753759688455443,0.2435900141909593,72.89035716636292,19.089795268252416
278060,2112100,26.429846178880936,0.24124563972524088,72.89054716298305,19.089797444292394
278080,2112100,27.173562326792975,0.23278944314755776,72.89073715962901,19.08979962013671
278100,2112100,27.919642107969764,0.22848916641748956,72.89092715630078,19.089801795785366
278120,2112100,28.60049326388619,0.23572656148655902,72.89111715299835,19.08980397123836
278140,2112100,29.17704008933021,0.25010463321166854,72.89130714972173,19.089806146495704
278160,2112100,29.621739879168466,0.26462346585331026,72.8914971464709,19.08980832155738
278180,2112100,29.91829435426229,0.2742907228008524,72.8916871432459,19.089810496423397
278200,2112100,30.063969332612867,0.2760846541346864,72.89187714004667,19.089812671093757
278220,2112100,30.066956358041793,0.2694999150336643,72.89206713687327,19.089814845568448
278240,2112100,29.943741090179373,0.257089806959235,72.89225713372565,19.089817019847487
278260,2112100,29.716322192405276,0.24426556741961652,72.89244713060381,19.08981919393086
278280,2112100,29.40902392590889,0.23815878091707468,72.89263712750778,19.08982136781857
278300,2112100,29.045378997725596,0.24482394812979003,72.89282712443753,19.089823541510622
278320,2112100,28.646162337785178,0.26556514350632965,72.89301712139306,19.089825715007017
278340,2112100,28.2291899354452,0.29607731104648094,72.89320711837439,19.089827888307738
278360,2112100,27.809417911435858,0.3292084042650632,72.89339711538149,19.08983006141281
278380,2112100,27.396483722503177,0.35914172637108915,72.89358711241437,19.089832234322213
278400,2112100,26.99259853620305,0.384379150092465,72.89377710947302,19.089834407035962
278420,2112100,26.59644775554389,0.4060013680630424,72.89396710655745,19.089836579554042
278440,2112100,26.206482728655725,0.42533700158878107,72.89415710366765,19.08983875187646
278460,2112100,25.821490147327932,0.4434225542226035,72.89434710080363,19.08984092400322
276700,2112120,2.818155606028504,0.3532244213111362,72.87762514894207,19.089829655168295
276720,2112120,3.0479643869286077,0.3432424434886177,72.87781514403316,19.089831844339493
276740,2112120,3.30844984571489,0.3335831926833008,72.87800513915025,19.089834033315043
276760,2112120,3.60195775052818,0.3242261720588492,72.87819513429326,19.089836222094934
276780,2112120,3.930333808876046,0.3150978158915238,72.87838512946227,19.089838410679175
276800,2112120,4.294654997142364,0.3060676019481712,72.87857512465723,19.089840599067756
276820,2112120,4.694943683263392,0.2969687152304424,72.87876511987815,19.08984278726069
276840,2112120,5.12988871798671,0.2876520109827169,72.87895511512504,19.089844975257964
276860,2112120,5.596601612869721,0.27806869277156215,72.87914511039789,19.089847163059584
276880,2112120,6.090437563875906,0.2683564970785703,72.87933510569667,19.089849350665553
276900,2112120,6.604913962302544,0.2588863906274879,72.8795251010214,19.08985153807586
276920,2112120,7.131766623936344,0.25022534197297547,72.8797150963721,19.089853725290514
276940,2112120,7.661192831147813,0.24299272362249466,72.879905091748725,19.089855912309513
276960,2112120,8.182328541900796,0.23762992944473652,72.8800950871513,19.089858099132858
276980,2112120,8.683983534470308,0.23415248944224412,72.88028508257982,19.089860285760547
277000,2112120,9.15561241996301,0.23198506240905978,72.88047507803428,19.089862472192582
277020,2112120,9.588439989615335,0.229959361911198,72.88066507351468,19.089864658428958
277040,2112120,9.97658794428922,0.2264889966276023,72.88085506902101,19.08986684446968
277060,2112120,10.317937615050438,0.21988553514457765,72.88104506455326,19.089869030314745
277080,2112120,10.614274728721288,0.208800828843561,72.88123506011146,19.089871215964155
277100,2112120,10.870618846252645,0.19300967104372627,72.88142505569557,19.089873401417904
277120,2112120,11.096930344046052,0.17547400141787603,72.88161505130563,19.089875586676
277140,2112120,11.309728780909907,0.16112514401819966,72.8818050469416,19.089877771738443
277160,2112120,11.522106538302305,0.14502336308193917,72.88199504260349,19.089879956605223
277180,2112120,11.727916159717854,0.13238988602555027,72.8821850382913,19.089882141276348
277200,2112120,11.9072650263562,0.13570759791309628,72.88237503400501,19.089884325751818
277220,2112120,12.043296148252292,0.14773722647092702,72.88256502974465,19.089886510031633
277240,2112120,12.119151244146263,0.15735829030877546,72.88275502551019,19.08988869411579
277260,2112120,12.104863925211545,0.16794504654998357,72.88294502130165,19.089890878004287
277280,2112120,11.981206410451314,0.18394177192950936,72.88313501711902,19.08989306169713
277300,2112120,11.752249839645291,0.19925004712562489,72.88332501296229,19.089895245194313
277320,2112120,11.439130191937727,0.20341725420959939,72.88351500883147,19.089897428495842
277340,2112120,11.067561838963083,0.1993496139197275,72.88370500472652,19.089899611601705
277360,2112120,10.673247897623657,0.1883596241426107,72.88389500064748,19.089901794511917
277380,2112120,10.290984279960457,0.17506597781714853,72.88408499659435,19.089903977226474
277400,2112120,9.947984415256204,0.16792626540217276,72.88427499256711,19.089906159745365
277420,2112120,9.660610996990053,0.17158397094108305,72.88446498856575,19.089908342068604
277440,2112120,9.426690753427554,0.1740241013421799,72.8846549845903,19.089910524196185
277460,2112120,9.242658112814432,0.16829615511272453,72.88484498064071,19.0899127061281
277480,2112120,9.126141505767881,0.1734025303659887,72.88503497671701,19.089914887864367
277500,2112120,9.084236803535168,0.18887116161383943,72.8852249728192,19.08991706940497
277520,2112120,9.126840564473868,0.20713785102578194,72.88541496894726,19.089919250749908
277540,2112120,9.271680578557788,0.22564151505861926,72.88560496510121,19.0899214318992
277560,2112120,9.536999666453596,0.24331894628971287,72.88579496128102,19.08992361285283
277580,2112120,9.941940867994383,0.25729364336281413,72.88598495748671,19.089925793610792
277600,2112120,10.505728818313878,0.2626871753663684,72.88617495371825,19.0899279741731
277620,2112120,11.23190715536074,0.26293889523345554,72.88636494997567,19.089930154539754
277640,2112120,12.112563578839412,0.2619354031824092,72.88655494625897,19.089932334710742
277660,2112120,13.128455988292279,0.2582739975264782,72.88674494256811,19.089934514686075
277680,2112120,14.24556945860821,0.2471766856028358,72.88693493890314,19.08993669446575
277700,2112120,15.41876793421076,0.23117807315591696,72.887124935264,19.08993887404976
277720,2112120,16.5972156051222,0.21844289482251292,72.88731493165072,19.08994105343811
277740,2112120,17.728731117548417,0.21374097394809918,72.8875049280633,19.0899432326308
277760,2112120,18.76273691350215,0.21738583863669161,72.88769492450173,19.089945411627834
277780,2112120,19.650328917758983,0.2249312774647056,72.887884920966,19.089947590429205
277800,2112120,20.36076255666476,0.23102597119034363,72.88807491745612,19.089949769034916
277820,2112120,20.910760987689283,0.23491189753778016,72.8882649139721,19.089951947444966
277840,2112120,21.34265005745685,0.23839053888746733,72.8884549105139,19.089954125659357
277860,2112120,21.707056760176428,0.24994784579844173,72.88864490708156,19.08995630367809
277880,2112120,22.046790527559804,0.27043725691631454,72.88883490367503,19.089958481501156
277900,2112120,22.398838820720627,0.2924654167237968,72.88902490029436,19.089960659128565
277920,2112120,22.79874293255362,0.3061781391590585,72.88921489693952,19.089962836560318
277940,2112120,23.27315559052214,0.30485517310607224,72.8894048936105,19.089965013796398
277960,2112120,23.80715239045252,0.29091009655929934,72.88959489030731,19.08996719083682
277980,2112120,24.361953894818246,0.2726018502496612,72.88978488702995,19.089969367681586
278000,2112120,24.914778085963086,0.25661409603257007,72.88997488377841,19.08997154433069
278020,2112120,25.470115250084653,0.24529407599841027,72.89016488055269,19.089973720784133
278040,2112120,26.075167242789195,0.23463518321982568,72.89035487735279,19.08997589704191
278060,2112120,26.74018680096623,0.22409395118492378,72.8905448741787,19.089978073104025
278080,2112120,27.44860736519746,0.216761699850413,72.89073487103045,19.089980248970484
278100,2112120,28.138551760772494,0.22023898019560603,72.89092486790798,19.089982424641278
278120,2112120,28.745521007752068,0.23607849143233178,72.89111486481134,19.08998460011641
278140,2112120,29.226681153565337,0.25637007427670877,72.8913048617405,19.089986775395875
278160,2112120,29.557628429675635,0.27244904824829275,72.89149485869545,19.089988950479682
278180,2112120,29.730068091863252,0.28082021943340735,72.89168485567622,19.089991125367828
278200,2112120,29.74801631362974,0.2809846530335518,72.89187485268278,19.08999330006031
278220,2112120,29.62590774389629,0.27428346404108184,72.89206484971514,19.089995474557124
278240,2112120,29.386918309322642,0.2640486255154022,72.8922548467733,19.08999764885829
278260,2112120,29.060599951416872,0.2552731469063248,72.89244484385725,19.08999982296378
278280,2112120,28.679870192767304,0.25331679133524104,72.89263484096699,19.090001996873607
278300,2112120,28.276548336978436,0.2617000247800309,72.89282483810253,19.090004170587775
278320,2112120,27.87538574415092,0.2803676103074832,72.89301483526384,19.090006344106285
278340,2112120,27.49007024898781,0.3060414817175126,72.89320483245095,19.09000851742912
278360,2112120,27.124654011543132,0.3341266240901364,72.89339482966382,19.090010690556298
278380,2112120,26.777480617555888,0.36085719367808966,72.89358482690248,19.090012863487814
278400,2112120,26.444086247237053,0.38459834503208,72.89377482416693,19.09001503622366
278420,2112120,26.119490436929265,0.4054659407028991,72.89396482145713,19.090017208763847
278440,2112120,25.799631842333152,0.4242600246921799,72.89415481877313,19.090019381108377
278460,2112120,25.481652466782553,0.4418474468447078,72.89434481611487,19.090021553257227
276700,2112140,2.7521355918326416,0.35990638633895444,72.87762284611915,19.090010282466093
276720,2112140,2.9841952576975306,0.3498104666380031,72.87781284141602,19.09001247165957
276740,2112140,3.249634362601096,0.3401604498817838,72.87800283673886,19.090014660657392
276760,2112140,3.5482757962100493,0.3309697894310462,72.87819283208766,19.090016849459552
276780,2112140,3.8818164347587416,0.3221811994188878,72.87838282746245,19.090019038066053
276800,2112140,4.2511558349789444,0.3136476002831723,72.87857282286318,19.090021226476907
276820,2112140,4.656129457565323,0.3051425242594304,72.87876281828987,19.0900234146921
276840,2112140,5.095271160224044,0.2964200174307424,72.87895281374253,19.090025602711634
276860,2112140,5.565638268417999,0.28732763460000704,72.87914280922114,19.090027790535512
276880,2112140,6.062721738382384,0.27794132184248277,72.87933280472569,19.090029978163738
276900,2112140,6.580450155377745,0.2686555643688228,72.87952280025621,19.090032165596302
276920,2112140,7.111294912779122,0.26015759229478136,72.87971279581267,19.09003435283321
276940,2112140,7.646497978317358,0.2532540203728304,72.87990279139507,19.090036539874458
276960,2112140,8.176453142434653,0.24858092243922064,72.88009278700342,19.09003872672005
276980,2112140,8.691254564003524,0.24628556774005814,72.88028278263772,19.09004091336999
277000,2112140,9.181383231000883,0.24579933762834308,72.88047277829794,19.09004309982427
277020,2112140,9.638449828949422,0.24580041372105516,72.88066277398411,19.090045286082887
277040,2112140,10.055864029846184,0.2443920458475292,72.88085276969622,19.09004747214585
277060,2112140,10.42924090222428,0.23945498389919506,72.88104276543426,19.090049658013154
277080,2112140,10.756150092740494,0.2290635446043544,72.88123276119823,19.090051843684797
277100,2112140,11.033627663878134,0.21136086400340243,72.88142275698812,19.090054029160786
277120,2112140,11.25939642887839,0.1856715514701668,72.88161275280393,19.090056214441113
277140,2112140,11.450038909141066,0.16077667554680522,72.88180274864567,19.090058399525788
277160,2112140,11.616558724300454,0.1425193813651353,72.88199274451334,19.0900605844148
277180,2112140,11.757104283371008,0.13382400424220742,72.88218274040692,19.090062769108155
277200,2112140,11.863813811223634,0.13903289287038276,72.88237273632642,19.090064953605847
277220,2112140,11.929009886642456,0.1556294260874051,72.88256273227184,19.090067137907887
277240,2112140,11.95721389593048,0.16653447833211202,72.88275272824316,19.090069322014262
277260,2112140,11.910132851289625,0.17925514947864943,72.8829427242404,19.090071505924982
277280,2112140,11.771081928685728,0.1972793455015766,72.88313272026353,19.09007368964004
277300,2112140,11.54502824878546,0.21438170896373474,72.88332271631256,19.090075873159435
277320,2112140,11.250397625509157,0.22288598653654243,72.88351271238751,19.09007805648318
277340,2112140,10.913523331822272,0.22133876440541408,72.88370270848836,19.09008023961126
277360,2112140,10.568549373073804,0.2091487769899157,72.8838927046151,19.090082422543677
277380,2112140,10.243661775942705,0.1902914259075976,72.88408270076773,19.09008460528044
277400,2112140,9.954027667844084,0.1748723964429779,72.88427269694627,19.090086787821537
277420,2112140,9.707052459591978,0.1698323247243556,72.8844626931507,19.090088970166974
277440,2112140,9.501328953102037,0.1681047812570236,72.88465268938101,19.09009115231676
277460,2112140,9.337903651867835,0.1618180566042705,72.88484268563721,19.090093334270875
277480,2112140,9.232735177875346,0.16270654559268707,72.88503268191927,19.09009551602934
277500,2112140,9.199332480854297,0.17351764083591925,72.88522267822724,19.090097697592135
277520,2112140,9.251669389059435,0.18935686789714612,72.88541267456108,19.090099878959276
277540,2112140,9.406974938655159,0.2065238760391073,72.88560267092079,19.090102060130754
277560,2112140,9.6842928221986,0.22311162068855,72.88579266730639,19.090104241106566
277580,2112140,10.105431747836107,0.23627364212829083,72.88598266371785,19.09010642188672
277600,2112140,10.697534293997553,0.24011341436428518,72.8861726601552,19.09010860247122
277620,2112140,11.469076999566562,0.23850091669083312,72.88636265661839,19.09011078286005
277640,2112140,12.4183026863692,0.23445359398813187,72.88655265310746,19.090112963053226
277660,2112140,13.527008229462222,0.22744125781927008,72.88674264962238,19.090115143050735
277680,2112140,14.754273333990753,0.217261171183705,72.88693264616317,19.090117322852585
277700,2112140,16.04349927043906,0.20685736895826123,72.8871226427298,19.09011950245877
277720,2112140,17.33256840334791,0.20154234331761398,72.88731263932232,19.090121681869295
277740,2112140,18.560163932726446,0.20491030594731774,72.88750263594068,19.09012386108416
277760,2112140,19.667476350229702,0.21626393826684057,72.88769263258487,19.090126040103364
277780,2112140,20.596523332386244,0.23043047199812816,72.88788262925493,19.090128218926896
277800,2112140,21.306888740372013,0.24149326501279436,72.88807262595084,19.090130397554773
277820,2112140,21.813963314373606,0.24707739143574484,72.88826262267258,19.09013257598699
277840,2112140,22.184345819960406,0.2503020214293816,72.88845261942018,19.090134754223545
277860,2112140,22.485763011823412,0.2627235367497824,72.8886426161936,19.090136932264432
277880,2112140,22.768098888881678,0.28461634485721626,72.88883261299287,19.090139110109657
277900,2112140,23.074666723136033,0.3074464070820676,72.88902260981797,19.090141287759224
277920,2112140,23.443470063598305,0.3203810106041479,72.8892126066689,19.09014346521312
277940,2112140,23.890334961891345,0.31819677799862295,72.88940260354566,19.090145642471366
277960,2112140,24.39790533477535,0.3044278426258508,72.88959260044825,19.090147819533936
277980,2112140,24.935504620486135,0.2855598476621616,72.88978259737668,19.090149996400847
278000,2112140,25.48116437628434,0.2663090546335565,72.88997259433091,19.09015217307209
278020,2112140,26.03522267529712,0.24830522030852428,72.89016259131098,19.090154349547678
278040,2112140,26.624189164305818,0.23156981053088252,72.89035258831686,19.0901565258276
278060,2112140,27.256062337431295,0.22029409802101205,72.89054258534854,19.090158701911857
278080,2112140,27.915448163844648,0.22002845523668021,72.89073258240606,19.09016087780045
278100,2112140,28.531906468887968,0.23315549298921692,72.89092257948938,19.090163053493377
278120,2112140,29.04462195159014,0.25640397854434893,72.89111257659852,19.090165228990642
278140,2112140,29.41230776617359,0.2795662578269109,72.891302573733455,19.090167404292245
278160,2112140,29.612652620134803,0.29298108314150995,72.8914925708942,19.090169579398182
278180,2112140,29.645733315849856,0.29721209808659627,72.89168256808075,19.09017175430846
278200,2112140,29.521144347916177,0.2937290325220143,72.8918725652931,19.090173929023063
278220,2112140,29.259273640290576,0.2853986606857308,72.89206256253124,19.090176103542
278240,2112140,28.89003036548946,0.2765846756640508,72.89225255979517,19.09017827786528
278260,2112140,28.45052172466498,0.27201181785472656,72.8924425570849,19.090180451992897
278280,2112140,27.98299751697179,0.2750038383305751,72.89263255440044,19.090182625924843
278300,2112140,27.529958860056464,0.286021863768586,72.89282255174174,19.090184799661127
278320,2112140,27.122071024778794,0.30312129348210765,72.89301254910885,19.090186973201742
278340,2112140,26.767001586586666,0.3238306472971423,72.89320254650171,19.0901891465467
278360,2112140,26.455144508967773,0.3459820878574736,72.89339254392038,19.090191319695982
278380,2112140,26.172777542520617,0.3677689095963717,72.89358254136484,19.090193492649608
278400,2112140,25.90819985466056,0.3881017688024388,72.89377253883505,19.09019566540756
278420,2112140,25.65264986992084,0.406745170131724,72.89396253633105,19.090197837969853
278440,2112140,25.399958073800878,0.4240340264892293,72.8941525338528,19.090200010336478
278460,2112140,25.146003477047493,0.4405342712843756,72.89434253140034,19.090202182507433
276720,2112160,2.9146690563577606,0.3554629301624396,72.87781053877289,19.090193098975842
276740,2112160,3.182575760950493,0.34570075975036274,72.87800053430152,19.090195287995932
276760,2112160,3.4838669970693417,0.3365810050243861,72.8781905298561,19.09019747682036
276780,2112160,3.820251725666224,0.3280882198672394,72.87838052543664,19.090199665449138
276800,2112160,4.192631578772033,0.3200765598506075,72.87857052104316,19.090201853882252
276820,2112160,4.600831001378037,0.3122547327177454,72.87876051667563,19.090204042119705
276840,2112160,5.043376271056845,0.30424241949570285,72.87895051233406,19.0902062301615
276860,2112160,5.517371525323655,0.29572454968175266,72.87914050801844,19.09020841800764
276880,2112160,6.018491545497601,0.28666965039479075,72.87933050372878,19.090210605658125
276900,2112160,6.541065887158492,0.2774992385800682,72.87952049946504,19.090212793112933
276920,2112160,7.078213182558358,0.2690788069916185,72.8797104952273,19.090214980372103
276940,2112160,7.622021682894093,0.2624883172706194,72.87990049101548,19.0902171674356
276960,2112160,8.163812837790122,0.25864268401216184,72.8800904868296,19.090219354303446
276980,2112160,8.694511261555826,0.2578865532732204,72.88028048266968,19.090221540975627
277000,2112160,9.205086020298946,0.25969302227326174,72.88047047853568,19.090223727452152
277020,2112160,9.686968157325307,0.2625652189764982,72.88066047442763,19.090225913733015
277040,2112160,10.1323150237525,0.26415740013638195,72.88085047034551,19.090228099818216
277060,2112160,10.533998863954425,0.2615571630010532,72.88104046628932,19.090230285707758
277080,2112160,10.885197814665917,0.25167035974947266,72.88123046225905,19.09023247140165
277100,2112160,11.17745007358515,0.23135715245654495,72.88142045825472,19.09023465689987
277120,2112160,11.402769013711962,0.19958761196702518,72.88161045427633,19.09023684220243
277140,2112160,11.57535840563752,0.168400132681566,72.88180045032385,19.090239027309334
277160,2112160,11.705564076924011,0.15085836546973044,72.88199044639728,19.090241212220576
277180,2112160,11.795665743943779,0.14628914305286023,72.88218044249665,19.09024339693616
277200,2112160,11.849582363270882,0.14510493867604987,72.88237043862192,19.090245581456074
277220,2112160,11.865062980931954,0.153076343193684,72.8825604347731,19.09024776578034
277240,2112160,11.840890818773719,0.16487100062770996,72.8827504309502,19.090249949908937
277260,2112160,11.755907061462759,0.18040238502363948,72.88294042715322,19.09025213384187
277280,2112160,11.596616205460942,0.20048014202638095,72.88313042338213,19.090254317579145
277300,2112160,11.366376458568109,0.2203046670991727,72.88332041963695,19.090256501120763
277320,2112160,11.08050140478443,0.23403664532020327,72.88351041591767,19.090258684466715
277340,2112160,10.76435454618174,0.2376690015300739,72.8837004122243,19.09026086761701
277360,2112160,10.456078013830913,0.22616132932107172,72.88389040855682,19.090263050571632
277380,2112160,10.179942330271363,0.20185286884975237,72.88408040491522,19.090265233330605
277400,2112160,9.935081446658636,0.1789735247078713,72.88427040129955,19.09026741589391
277420,2112160,9.723422601430263,0.16734400412229355,72.88446039770974,19.090269598261546
277440,2112160,9.546646919871344,0.16502829084875043,72.88465039414584,19.090271780433532
277460,2112160,9.409065317523167,0.15999189681641576,72.8848403906078,19.090273962409853
277480,2112160,9.323415053130747,0.15719733457060386,72.88503038709567,19.09027614419051
277500,2112160,9.305146627496537,0.16332169517532122,72.88522038360941,19.090278325775504
277520,2112160,9.371647074485525,0.1759255352992772,72.88541038014903,19.090280507164838
277540,2112160,9.541447059405055,0.19103471979230235,72.88560037671452,19.090282688358503
277560,2112160,9.833963811580704,0.2061927993624844,72.8857903733059,19.09028486935651
277580,2112160,10.271830133828663,0.21905894331167075,72.88598036992313,19.090287050158853
277600,2112160,10.88095900973819,0.2274582379183598,72.88617036656625,19.09028923076553
277620,2112160,11.683712668936174,0.23107689886622998,72.88636036323523,19.09029141117655
277640,2112160,12.693176422022143,0.22875911136285973,72.88655035993007,19.0902935913919
277660,2112160,13.894044686574167,0.21986707496258756,72.88674035665078,19.09029577141159
277680,2112160,15.233328094750732,0.20743022225344748,72.88693035339735,19.09029795123562
277700,2112160,16.63772934337838,0.19712087894616606,72.88712035016978,19.090300130863984
277720,2112160,18.031649796711168,0.19431278775281977,72.88731034696805,19.090302310296682
277740,2112160,19.345031379627002,0.20107680480124085,72.8875003437922,19.090304489533715
277760,2112160,20.512133764059417,0.21494270217013928,72.88769034064218,19.090306668575085
277780,2112160,21.46972820266142,0.23029264548897033,72.88788033751801,19.090308847420797
277800,2112160,22.170484628937512,0.2411002811043223,72.8880703344197,19.090311026070836
277820,2112160,22.637264642001657,0.24588443379752933,72.88826033134724,19.090313204525216
277840,2112160,22.965025553086438,0.2525135217929294,72.8884503283006,19.09031538278393
277860,2112160,23.226365571892433,0.26813680289718383,72.88864032527982,19.090317560846977
277880,2112160,23.474408125502105,0.2922798752739743,72.88883032228486,19.09031973871436
277900,2112160,23.754744895672605,0.31716480628027044,72.88902031931575,19.09032191638608
277920,2112160,24.11342661801935,0.33040135032557866,72.88921031637246,19.090324093862133
277940,2112160,24.564626461893248,0.32673665674041447,72.889400313455,19.090326271142526
277960,2112160,25.07940916470424,0.3134311392264603,72.88959031056336,19.09032844822725
277980,2112160,25.630152280844282,0.2957342116210185,72.88978030769758,19.09033062511631
278000,2112160,26.196673233024416,0.2758293770046697,72.8899703048576,19.0903328018097
278020,2112160,26.771427333932518,0.25392413925132257,72.89016030204344,19.090334978307432
278040,2112160,27.358359262178947,0.2330813076409308,72.8903502992551,19.09033715460949
278060,2112160,27.95688720725053,0.2222364167597292,72.89054029649259,19.09033933071589
278080,2112160,28.544283412061866,0.2297072019031426,72.89073029375587,19.09034150662662
278100,2112160,29.06424409608299,0.25100673008014146,72.89092029104498,19.090343682341683
278120,2112160,29.465300142211344,0.2790240194983616,72.8911102883599,19.09034585786108
278140,2112160,29.708585836978862,0.3038140701078745,72.89130028570061,19.090348033184814
278160,2112160,29.772154949035308,0.31525968171265834,72.89149028306714,19.090350208312884
278180,2112160,29.660214081531223,0.3160213539458628,72.89168028045948,19.090352383245285
278200,2112160,29.386072966084672,0.30860675376351543,72.8918702778776,19.09035455798201
278220,2112160,28.97698549824401,0.29801357135202505,72.89206027532154,19.090356732523077
278240,2112160,28.46987054182271,0.2903443554420135,72.89225027279124,19.090358906868484
278260,2112160,27.908164779458456,0.29034152913235234,72.89244027028677,19.090361081018212
278280,2112160,27.342413873099986,0.2992791952843161,72.89263026780807,19.090363254972278
278300,2112160,26.829770670959903,0.31424408281562904,72.89282026535517,19.09036542873068
278320,2112160,26.41399891449492,0.3306507524188062,72.89301026292804,19.090367602293416
278340,2112160,26.091971436096898,0.3467118498887512,72.89320026052671,19.09036977566048
278360,2112160,25.833472577238435,0.36278294722998494,72.89339025815116,19.090371948831873
278380,2112160,25.612535931736637,0.3788974723491236,72.8935802558014,19.090374121807606
278400,2112160,25.411719423015704,0.3947249764706017,72.8937702534774,19.090376294587664
278420,2112160,25.219462503047737,0.41005894783746993,72.89396025117918,19.09037846717206
278440,2112160,25.028084286709714,0.4249784070600238,72.89415024890673,19.090380639560784
278460,2112160,24.832570086954068,0.43978100178399154,72.89434024666005,19.090382811753845
278480,2112160,24.63187837739528,0.4548684165779677,72.89453024443914,19.090384983751232
276720,2112180,2.8397317519246736,0.3598670337015517,72.87780823610382,19.09037372628831
276740,2112180,3.107595972997731,0.3497617183316129,72.8779982318382,19.090375915330675
276760,2112180,3.409011520454626,0.3404907692012801,72.87818822759857,19.090378104177375
276780,2112180,3.7458638167934937,0.33212402660434515,72.87837822338489,19.090380292828414
276800,2112180,4.119239733233051,0.32456314650470847,72.87856821919716,19.090382481283797
276820,2112180,4.529121593014601,0.31747472602943066,72.87875821503542,19.09038466954351
276840,2112180,4.974142385001434,0.3103136655951828,72.87894821089962,19.09038685760757
276860,2112180,5.451488792313062,0.30251884577488236,72.87913820678979,19.09038904547597
276880,2112180,5.956990177412972,0.2938702389277992,72.87932820270589,19.0903912331487
276900,2112180,6.48531374867953,0.2848067366692283,72.87951819864797,19.090393420625777
276920,2112180,7.030126010480788,0.27643473769058324,72.87970819461597,19.09039560790719
276940,2112180,7.584187199097684,0.2701785599161814,72.87989819060994,19.09039779499295
276960,2112180,8.139471430318578,0.2672697292613449,72.88008818662983,19.090399981883035
276980,2112180,8.687379321696216,0.2682683803076095,72.88027818267568,19.090402168577466
277000,2112180,9.218997213331013,0.2727103368390662,72.88046817874746,19.090404355076238
277020,2112180,9.72527298549622,0.27894083901773037,72.8806581748452,19.090406541379345
277040,2112180,10.196940407753676,0.2841405293305007,72.88084817096885,19.09040872748679
277060,2112180,10.624029922777794,0.2844516052663295,72.88103816711845,19.090410913398568
277080,2112180,10.995050493188415,0.2752111990430327,72.88122816329397,19.09041309911469
277100,2112180,11.297560034758758,0.2522089299714072,72.88141815949541,19.090415284635146
277120,2112180,11.525698122812717,0.21677092077793472,72.88160815572279,19.090417469959945
277140,2112180,11.687322293081396,0.1812531769909352,72.88179815197608,19.09041965508908
277160,2112180,11.793231030472214,0.1619303261358614,72.8819881482553,19.09042184002255
277180,2112180,11.85007692966393,0.15771398337719353,72.88217814456044,19.09042402476036
277200,2112180,11.865027322060069,0.15140499779341887,72.8823681408915,19.090426209302503
277220,2112180,11.840413010906012,0.14950599905064688,72.88255813724847,19.090428393648985
277240,2112180,11.77199827512226,0.15761884532643133,72.88274813363134,19.090430577799804
277260,2112180,11.649980828173716,0.17425726269833444,72.88293813004013,19.090432761754965
277280,2112180,11.467938577916689,0.19620204141665346,72.88312812647483,19.09043494551446
277300,2112180,11.229707819851322,0.21837871127990513,72.88331812293544,19.090437129078285
277320,2112180,10.949036262828939,0.23536195655348682,72.88350811942193,19.09043931244645
277340,2112180,10.648747125139629,0.2423552377508143,72.88369811593434,19.090441495618954
277360,2112180,10.367446757862108,0.2322502944449362,72.88388811247263,19.090443678595793
277380,2112180,10.126920807155512,0.20602392939665415,72.88407810903684,19.090445861376967
277400,2112180,9.916192869971551,0.18025090942460328,72.88426810562692,19.090448043962482
277420,2112180,9.73509942157405,0.1671843486568626,72.8844581022429,19.090450226352328
277440,2112180,9.586056095195023,0.16783424163986646,72.88464809888477,19.090452408546508
277460,2112180,9.475929104262367,0.16366252686434019,72.88483809555252,19.090454590545026
277480,2112180,9.412999300328359,0.15672089965066696,72.88502809224616,19.09045677234788
277500,2112180,9.413030215760584,0.15925419801507634,72.88521808896569,19.090458953955075
277520,2112180,9.497371531415027,0.1699986587736554,72.88540808571109,19.090461135366596
277540,2112180,9.686076704752594,0.1847759149865118,72.88559808248237,19.090463316582458
277560,2112180,9.99682207889872,0.20180779795443304,72.88578807927952,19.090465497602654
277580,2112180,10.449610302703544,0.21997681791769833,72.88597807610255,19.090467678427185
277600,2112180,11.069316338201547,0.23755688471309036,72.88616807295143,19.090469859056046
277620,2112180,11.88895916725848,0.25084586463907094,72.8863580698262,19.090472039489246
277640,2112180,12.948101978998285,0.25296899110271026,72.88654806672683,19.090474219726783
277660,2112180,14.240297802838947,0.24104421591144734,72.88673806365331,19.090476399768654
277680,2112180,15.690011714921804,0.22177163354904972,72.88692806060567,19.090478579614857
277700,2112180,17.201393148214642,0.2053327270338996,72.88711805758388,19.090480759265397
277720,2112180,18.6839442682758,0.19907318491008394,72.88730805458795,19.090482938720267
277740,2112180,20.06074862072517,0.20392124443010623,72.88749805161787,19.090485117979476
277760,2112180,21.264476027659207,0.2155567415545689,72.88768804867364,19.090487297043016
277780,2112180,22.219585404562622,0.2267406961249945,72.88787804575526,19.09048947591089
277800,2112180,22.888605326887646,0.2330145124594874,72.88806804286273,19.090491654583097
277820,2112180,23.332847409862158,0.23787111265608274,72.88825803999603,19.090493833059636
277840,2112180,23.642220506006588,0.24761147090750044,72.88844803715519,19.090496011340512
277860,2112180,23.889013288694112,0.26578353135464056,72.88863803434019,19.090498189425723
277880,2112180,24.12952733775716,0.29063933499172145,72.88882803155101,19.09050036731527
277900,2112180,24.41012705138436,0.3155868971835649,72.88901802878767,19.09050254500914
277920,2112180,24.780588249005316,0.329052676809305,72.88920802605017,19.090504722507344
277940,2112180,25.25557545538208,0.3261564827539159,72.88939802333852,19.090506899809892
277960,2112180,25.798352534757015,0.3158606634771245,72.88958802065265,19.09050907691676
277980,2112180,26.382609893928382,0.3021095504736717,72.88977801799265,19.090511253827966
278000,2112180,26.985756400686657,0.28549648800394706,72.88996801535845,19.09051343054351
278020,2112180,27.588467835409656,0.2638738752402524,72.89015801275008,19.09051560706338
278040,2112180,28.178715695692468,0.24067304371272716,72.89034801016753,19.090517783387586
278060,2112180,28.745384770784614,0.22858167210365746,72.8905380076108,19.090519959516122
278080,2112180,29.26039043636252,0.23617062093169874,72.89072800507986,19.09052213544899
278100,2112180,29.67988781328599,0.25982413094748064,72.89091800257476,19.09052431118619
278120,2112180,29.962871130205436,0.289739489913186,72.89110800009547,19.090526486727722
278140,2112180,30.07951721397246,0.3158506996226173,72.89129799764196,19.090528662073584
278160,2112180,30.01258745554489,0.3301277007587429,72.89148799521429,19.090530837223785
278180,2112180,29.75931991180272,0.33035765387359994,72.89167799281239,19.090533012178312
278200,2112180,29.336505043380395,0.3198311417683285,72.89186799043631,19.090535186937167
278220,2112180,28.78194770453483,0.3072401746662927,72.89205798808602,19.090537361500363
278240,2112180,28.140153526114887,0.3011019425383012,72.89224798576154,19.090539535867887
278260,2112180,27.458619529800185,0.30614282772386975,72.89243798346284,19.090541710039734
278280,2112180,26.791402952238464,0.3217475787434251,72.89262798118992,19.090543884015922
278300,2112180,26.209348923231733,0.3420182661185736,72.89281797894282,19.090546057796434
278320,2112180,25.79052290047216,0.3582285887078938,72.89300797672148,19.090548231381284
278340,2112180,25.50560495925538,0.37008178236741107,72.89319797452593,19.090550404770454
278360,2112180,25.29536987455267,0.38082072319679633,72.89338797235617,19.090552577963965
278380,2112180,25.126928133596845,0.3916737100541621,72.89357797021218,19.0905547509618
278400,2112180,24.98007213439427,0.40293178220471065,72.89376796809397,19.090556923763973
278420,2112180,24.84154826907251,0.41460519756762143,72.89395796600155,19.09055909637047
278440,2112180,24.7025714835082,0.4267297384538056,72.89414796393488,19.090561268781293
278460,2112180,24.557397832836752,0.43945817488145783,72.894337961894,19.09056344099645
278480,2112180,24.402391206547048,0.4530431706400156,72.89452795987887,19.09056561301594
276720,2112200,2.7603101934122223,0.36275273288184184,72.87780593340877,19.090554353596975
276740,2112200,3.025585112967623,0.35195055549113,72.87799592934893,19.090556542661606
276760,2112200,3.324504936069878,0.34214381358520074,72.87818592531507,19.090558731530574
276780,2112200,3.659301480550816,0.3335470263231218,72.87837592130717,19.090560920203878
276800,2112200,4.0314496573584115,0.32619634967631084,72.87856591732523,19.09056310868153
276820,2112200,4.4412811096403155,0.3197956757243373,72.87875591336926,19.09056529696351
276840,2112200,4.887644601523499,0.31363876540825697,72.87894590943924,19.090567485049828
276860,2112200,5.367782427124369,0.306803267328804,72.87913590553518,19.090569672940486
276880,2112200,5.877555958710976,0.29873160781873737,72.87932590165707,19.090571860635478
276900,2112200,6.411861729393902,0.28985718552895573,72.87951589780491,19.090574048134812
276920,2112200,6.964839917192614,0.2816201899382279,72.87970589397871,19.090576235438473
276940,2112200,7.529795240330208,0.27583087885299823,72.87989589017846,19.09057842254648
276960,2112200,8.099125987360837,0.27397442377379166,72.88008588640415,19.090580609458822
276980,2112200,8.664424960702473,0.2767599980838084,72.88027588265575,19.0905827961755
277000,2112200,9.216657216970392,0.2838043955288382,72.88046587893332,19.090584982696512
277020,2112200,9.746228844043351,0.2934050617803991,72.88065587523684,19.090587169021862
277040,2112200,10.242763850315168,0.3024763085046006,72.88084587156627,19.09058935515155
277060,2112200,10.694412904590989,0.3065918839805123,72.88103586792164,19.090591541085573
277080,2112200,11.086605262846824,0.29999717509717916,72.88122586430295,19.090593726823926
277100,2112200,11.402175159856313,0.2764401988646741,72.88141586071018,19.09059591236662
277120,2112200,11.632768883840921,0.23635851888023288,72.88160585714333,19.090598097713652
277140,2112200,11.787433259517538,0.1940403099315258,72.88179585360241,19.090600282865015
277160,2112200,11.877922791157177,0.16815777259610892,72.8819858500874,19.090602467820712
277180,2112200,11.912664425829355,0.16240425981909307,72.88217584659833,19.090604652580755
277200,2112200,11.900047356674701,0.1557560963179806,72.88236584313516,19.090606837145128
277220,2112200,11.844362545447057,0.14895116682908724,72.8825558396979,19.090609021513828
277240,2112200,11.74219963629382,0.15233913279315373,72.88274583628657,19.090611205686873
277260,2112200,11.589636345797249,0.1669103879451563,72.88293583290114,19.090613389664245
277280,2112200,11.386477324802158,0.1884995376079334,72.88312582954163,19.090615573445955
277300,2112200,11.13970503697125,0.21101569205962217,72.883315826208,19.090617757032003
277320,2112200,10.864216405914718,0.22827516187387373,72.88350582290029,19.090619940422375
277340,2112200,10.582635680376109,0.23452258044577975,72.88369581961848,19.0906221236171
277360,2112200,10.322814839922785,0.22496710813314075,72.88388581636256,19.090624306616146
277380,2112200,10.100259104661841,0.2017786122868356,72.88407581313254,19.09062648941953
277400,2112200,9.91307144861451,0.17655439157003303,72.88426580992842,19.090628672027243
277420,2112200,9.758882982269213,0.16247910518816638,72.88445580675018,19.09063085443929
277440,2112200,9.638178455069154,0.16323924784325514,72.88464580359783,19.09063303665568
277460,2112200,9.555035304315435,0.16172824018454265,72.88483580047136,19.090635218676397
277480,2112200,9.513835378183007,0.1555021043444244,72.88502579737079,19.09063740050145
277500,2112200,9.532381227231308,0.15867655619412688,72.8852157942961,19.090639582130837
277520,2112200,9.637561000957138,0.17061933419488237,72.88540579124728,19.090641763564552
277540,2112200,9.8510057290645765,0.18740230984682485,72.88559578822434,19.090643944802608
277560,2112200,10.185903380510556,0.2091656792006875,72.88578578522728,19.090646125844987
277580,2112200,10.659374744066225,0.23492321907194277,72.88597578225608,19.09064830669171
277600,2112200,11.293639486571006,0.2619683920183043,72.88616577931076,19.090650487342756
277620,2112200,12.122518952289527,0.28479843958419854,72.88635577639133,19.090652667798146
277640,2112200,13.220046041246318,0.29108035798709386,72.88654577349773,19.090654848057856
277660,2112200,14.59742974391623,0.27450361669621587,72.88673577063,19.09065702812191
277680,2112200,16.14482794802656,0.24675599321617317,72.88692576778814,19.09065920799029
277700,2112200,17.74273547441063,0.22302489578933346,72.88711576497212,19.090661387663
277720,2112200,19.286122092185856,0.21229152188496236,72.88730576218198,19.090663567140048
277740,2112200,20.690237818798646,0.21341820142648532,72.88749575941769,19.090665746421426
277760,2112200,21.886191675293542,0.21984098132656274,72.88768575667923,19.090667925507137
277780,2112200,22.80808101035127,0.2245631741304305,72.88787575396665,19.090670104397176
277800,2112200,23.448029455410904,0.22628656671427846,72.88806575127991,19.090672283091553
277820,2112200,23.8809540408217,0.2303542768063304,72.88825574861899,19.09067446159026
277840,2112200,24.18698532688026,0.24095238438784403,72.88844574598394,19.090676639893296
277860,2112200,24.43854358588835,0.2589846251255567,72.88863574337472,19.090678818000665
277880,2112200,24.695411932145117,0.28145304623204564,72.88882574079133,19.090680995912358
277900,2112200,25.006465202208183,0.3023981390192053,72.88901573823378,19.090683173628396
277920,2112200,25.40991527949398,0.3148310164260754,72.88920573570208,19.09068535114876
277940,2112200,25.91431960998079,0.316803479134985,72.88939573319618,19.09068752847345
277960,2112200,26.496014735736225,0.312539154091837,72.88958573071612,19.090689705602472
277980,2112200,27.125089600335066,0.30498285555358196,72.8897757282619,19.09069188253583
278000,2112200,27.772332825422783,0.29390318433587764,72.88996572583349,19.09069405927351
278020,2112200,28.407381667084795,0.27602115283715284,72.89015572343091,19.090696235815532
278040,2112200,29.005813430251052,0.25393392359622813,72.89034572105413,19.090698412161874
278060,2112200,29.54800421690283,0.2406224241691619,72.89053571870319,19.09070058831255
278080,2112200,30.001536516101215,0.24438786313545116,72.89072571637806,19.090702764267554
278100,2112200,30.328343366956283,0.2641537959977679,72.89091571407873,19.090704940026892
278120,2112200,30.49759611658402,0.291657099700979,72.89110571180522,19.09070711559056
278140,2112200,30.492006242032936,0.3177364646902376,72.89129570955751,19.090709290958554
278160,2112200,30.30281775751511,0.3348749347392464,72.89148570733562,19.09071146613088
278180,2112200,29.91823830064591,0.33590012131934754,72.89167570513952,19.090713641107538
278200,2112200,29.354833513281427,0.32261167102159055,72.89186570296923,19.090715815888526
278220,2112200,28.668298729401137,0.3092876543424849,72.89205570082471,19.090717990473838
278240,2112200,27.908822689010666,0.30590501985234714,72.89224569870602,19.090720164863484
278260,2112200,27.12713220393119,0.3162922218468441,72.89243569661312,19.090722339057454
278280,2112200,26.380390698786186,0.3377211663886987,72.892625694546,19.090724513055754
278300,2112200,25.741220870906737,0.362489512692923,72.89281569250467,19.090726686858385
278320,2112200,25.319134895273407,0.3791083394895907,72.89300569048913,19.090728860465347
278340,2112200,25.054631936544183,0.3887984560170791,72.89319568849936,19.090731033876633
278360,2112200,24.87428131756949,0.3961684042189486,72.8933856865354,19.09073320709225
278380,2112200,24.741870493808214,0.40315851838334055,72.8935756845972,19.090735380112196
278400,2112200,24.634376082005815,0.41066276945977387,72.89376568268477,19.090737552936467
278420,2112200,24.536614437036064,0.4190467994339646,72.89395568079813,19.090739725565072
278440,2112200,24.438533935951178,0.42847910175575005,72.89414567893725,19.090741897998
278460,2112200,24.333540362949368,0.43910925637986814,72.89433567710216,19.09074407023526
278480,2112200,24.217406135515702,0.45112989189105013,72.89452567529283,19.090746242276843
276720,2112220,2.677967680426652,0.36398039897093426,72.87780363068774,19.09073498090183
276740,2112220,2.938081019001391,0.3520135913895361,72.87799362683367,19.090737169988735
276760,2112220,3.2317542916090396,0.34110046781758296,72.8781836230056,19.09073935887998
276780,2112220,3.561735083475736,0.3316572157847142,72.87837361920349,19.09074154757555
276800,2112220,3.930122795536973,0.32398151408997833,72.87856361542734,19.09074373607546
276820,2112220,4.337858915228706,0.3179922808881153,72.87875361167714,19.090745924379704
276840,2112220,4.784175701023675,0.3129357181332647,72.8789436079529,19.09074811248828
276860,2112220,5.266293098038647,0.30740171434067315,72.87913360425462,19.090750300401197
276880,2112220,5.779825259832656,0.30020433016617193,72.8793236005823,19.090752488118454
276900,2112220,6.319740123644601,0.291739590881445,72.87951359693592,19.090754675640035
276920,2112220,6.880669751554633,0.28397689500597,72.8797035933155,19.09075686296596
276940,2112220,7.456397238739256,0.2790795751286368,72.87989358972102,19.090759050096214
276960,2112220,8.039519960971568,0.2785122602991754,72.8800835861525,19.090761237030804
276980,2112220,8.621547909543281,0.282939241029722,72.88027358260989,19.090763423769726
277000,2112220,9.193131784095115,0.29209358460210383,72.88046357909325,19.09076561031299
277020,2112220,9.744147055388154,0.30440983238558744,72.88065357560254,19.09076779666058
277040,2112220,10.26347882119531,0.31679884378672957,72.88084357213775,19.090769982812507
277060,2112220,10.738432851012167,0.3246785931317579,72.88103356869891,19.090772168768765
277080,2112220,11.153599118904271,0.322036388147698,72.88122356528599,19.090774354529362
277100,2112220,11.486340497030088,0.30014044841355,72.881413561899,19.090776540094293
277120,2112220,11.720275904674887,0.25449104381960164,72.88160355853795,19.090778725463558
277140,2112220,11.873523288398403,0.20454172155683012,72.8817935552028,19.090780910637154
277160,2112220,11.957544263480516,0.1699892695522093,72.88198355189358,19.090783095615084
277180,2112220,11.980343449176706,0.15946684900532532,72.8821735486103,19.090785280397345
277200,2112220,11.95047775436307,0.15739977742833539,72.88236354535292,19.090787464983944
277220,2112220,11.873345281716285,0.15236999152027197,72.88255354212146,19.090789649374873
277240,2112220,11.746522728286774,0.1523801008207869,72.8827435389159,19.090791833570137
277260,2112220,11.56986326221089,0.1625449912068793,72.88293353573624,19.09079401756973
277280,2112220,11.348139318829087,0.18120662708175223,72.88312353258252,19.090796201373657
277300,2112220,11.092260280272095,0.2021188742264275,72.88331352945468,19.090798384981913
277320,2112220,10.8189749324233,0.21821554455955774,72.88350352635274,19.09080056839451
277340,2112220,10.549337933424523,0.22354317084586184,72.88369352327672,19.090802751611438
277360,2112220,10.304219842082764,0.21477000958726694,72.88388352022659,19.09080493463269
277380,2112220,10.096223444103334,0.19397384978091015,72.88407351720235,19.090807117458287
277400,2112220,9.927878562809129,0.16962738102508773,72.88426351420401,19.090809300088207
277420,2112220,9.798199433363814,0.15323856846510564,72.88445351123157,19.090811482522458
277440,2112220,9.706547715523252,0.15097627250794884,72.884643508285,19.090813664761043
277460,2112220,9.650351731472831,0.15412092966736965,72.88483350536433,19.090815846803963
277480,2112220,9.630313355842166,0.15319581789372294,72.88502350246954,19.090818028651213
277500,2112220,9.669709843591109,0.15884985548119607,72.88521349960062,19.090820210302795
277520,2112220,9.799580100994708,0.17295058114014053,72.88540349675759,19.090822391758707
277540,2112220,10.042687076877872,0.19309983012558396,72.88559349394045,19.090824573018953
277560,2112220,10.409598199163371,0.22007514958402138,72.88578349114917,19.090826754083526
277580,2112220,10.917063661441235,0.25160476649649405,72.88597348838377,19.09082893495243
277600,2112220,11.587596619672539,0.2833704437568357,72.88616348564423,19.090831115625665
277620,2112220,12.456670317591858,0.30846839393220865,72.88635348293056,19.090833296103234
277640,2112220,13.597708568072811,0.31440319272668177,72.88654348024275,19.09083547638513
277660,2112220,15.020457547630361,0.29596845026318813,72.88673347758082,19.090837656471358
277680,2112220,16.621696718320155,0.26499706847913634,72.88692347494474,19.090839836361923
277700,2112220,18.26770342576812,0.23959920578432797,72.88711347233452,19.090842016056804
277720,2112220,19.838585234342403,0.22920921304335296,72.88730346975017,19.09084419555603
277740,2112220,21.234261668670808,0.2295681031169974,72.88749346719166,19.09084637485958
277760,2112220,22.38197889724131,0.2313664862244713,72.88768346465899,19.090848553967458
277780,2112220,23.24897216766901,0.2299328060862452,72.88787346215219,19.09085073287967
277800,2112220,23.85718238013161,0.22736915838308797,72.88806345967123,19.090852911596205
277820,2112220,24.274194805644143,0.22893866323875592,72.88825345721612,19.090855090117074
277840,2112220,24.578262086667426,0.23781705501454284,72.88844345478685,19.090857268442274
277860,2112220,24.84176773929751,0.25324076855120203,72.8886334523834,19.090859446571802
277880,2112220,25.125729382676194,0.2715420009579381,72.88882345000582,19.09086162450566
277900,2112220,25.477448624906735,0.2881543300093484,72.88901344765405,19.090863802243845
277920,2112220,25.926499363408258,0.29966899605791136,72.88920344532812,19.090865979786365
277940,2112220,26.47747007968497,0.30577978237294845,72.88939344302804,19.090868157133205
277960,2112220,27.110769667594447,0.3084221045834909,72.88958344075377,19.09087033428438
277980,2112220,27.793740453846336,0.30828028309249156,72.88977343850533,19.090872511239883
278000,2112220,28.489238558485273,0.30338817698478204,72.8899634362827,19.09087468799971
278020,2112220,29.160284391441298,0.2911746488524527,72.8901534340859,19.090876864563874
278040,2112220,29.775312420017954,0.27405386126154707,72.89034343191494,19.090879040932364
278060,2112220,30.30505974024891,0.26062950965752774,72.89053342976977,19.090881217105178
278080,2112220,30.712673579860457,0.25873101743968563,72.89072342765043,19.090883393082322
278100,2112220,30.958946580080912,0.2698458353436186,72.8909134255569,19.090885568863794
278120,2112220,31.02054581129605,0.2892175555690676,72.89110342348918,19.090887744449596
278140,2112220,30.89561488618682,0.3099428601321984,72.89129342144727,19.09088991983972
278160,2112220,30.588877471022,0.3252426949955313,72.89148341943115,19.09089209503418
278180,2112220,30.088688999834375,0.3261777314526988,72.89167341744086,19.090894270032962
278200,2112220,29.410999087969397,0.31312799818230624,72.89186341547634,19.09089644483607
278220,2112220,28.62188202807228,0.3025615420533488,72.89205341353762,19.09089861944351
278240,2112220,27.77339917344681,0.3041306798269358,72.89224341162472,19.090900793855273
278260,2112220,26.921417264731573,0.3202171612511201,72.8924334097376,19.09090296807137
278280,2112220,26.133030839785054,0.3458154703372927,72.89262340787627,19.09090514209179
278300,2112220,25.487107252149823,0.37168188108161254,72.89281340604074,19.090907315916535
278320,2112220,25.0412613346731,0.38988067122889053,72.89300340423098,19.09090948954561
278340,2112220,24.763689534879653,0.40016118236537235,72.89319340244703,19.090911662979007
278360,2112220,24.589203313237206,0.4063147765047095,72.89338340068883,19.090913836216735
278380,2112220,24.473308507404624,0.41112701883339875,72.89357339895643,19.090916009258788
278400,2112220,24.388331297099626,0.4161193939788849,72.8937633972498,19.090918182105167
278420,2112220,24.316553148448328,0.42205373357814685,72.89395339556894,19.090920354755877
278440,2112220,24.24638104644175,0.4293170312069173,72.89414339391388,19.09092252721091
278460,2112220,24.170177421734575,0.438155313492937,72.89433339228457,19.09092469947026
278480,2112220,24.082953495610024,0.4487873265509964,72.89452339068102,19.090926871533945
276720,2112240,2.5951656947786343,0.3636121768967614,72.87780132794073,19.09091560820288
276740,2112240,2.847391853877257,0.34995218191180066,72.87799132429247,19.090917797312056
276760,2112240,3.1329450554869482,0.3372017805218674,72.87818132067017,19.090919986225565
276780,2112240,3.4550436325887257,0.32598767675800844,72.87837131707384,19.090922174943405
276800,2112240,3.8166709612121656,0.31698802269707904,72.87856131350347,19.090924363465582
276820,2112240,4.219752149848076,0.3106239324834367,72.87875130995906,19.09092655179209
276840,2112240,4.66426539306782,0.3064730918790623,72.87894130644061,19.090928739922933
276860,2112240,5.147379769605533,0.302670845363056,72.87913130294811,19.090930927858107
276880,2112240,5.663848579399429,0.29680108041334075,72.87932129948157,19.090933115597615
276900,2112240,6.208481048274959,0.28918186967681186,72.87951129604097,19.090935303141457
276920,2112240,6.776671770183863,0.28277650687571354,72.87970129262635,19.09093749048963
276940,2112240,7.362628728838697,0.2798146304846997,72.87989128923765,19.090939677642137
276960,2112240,7.958829821766858,0.28105853268078146,72.8800812858749,19.090941864598978
276980,2112240,8.556376913939163,0.28683218411858513,72.8802712825381,19.090944051360147
277000,2112240,9.145406023784851,0.2971426675014034,72.88046127922723,19.09094623792565
277020,2112240,9.715232429891051,0.3108289050897175,72.8806512759423,19.09094842429549
277040,2112240,10.25410381511276,0.32498878755679633,72.8808412726833,19.09095061046966
277060,2112240,10.74846670850389,0.33486084486179146,72.88103126945025,19.090952796448164
277080,2112240,11.18142624294305,0.33361232420237574,72.88122126624312,19.09095498223099
277100,2112240,11.529595898272198,0.31172107784941805,72.8814112630619,19.090957167818157
277120,2112240,11.778257364550978,0.2659308251567086,72.88160125990663,19.090959353209648
277140,2112240,11.941081623813654,0.21278238440352906,72.88179125677729,19.090961538405477
277160,2112240,12.029752933530116,0.1734310038200132,72.88198125367386,19.090963723405636
277180,2112240,12.051961144476842,0.16134249878253737,72.88217125059634,19.090965908210126
277200,2112240,12.015310286998982,0.16410446832792372,72.88236124754475,19.09096809281895
277220,2112240,11.925501213087479,0.16144795341421433,72.88255124451908,19.090970277232103
277240,2112240,11.78163913961578,0.15728982832245184,72.88274124151931,19.09097246144959
277260,2112240,11.585737671844784,0.16154307129929368,72.88293123854545,19.090974645471402
277280,2112240,11.34689098804087,0.17601344968862487,72.8831212355975,19.09097682929755
277300,2112240,11.080148112578781,0.19468424648038887,72.88331123267545,19.090979012928024
277320,2112240,10.804199425138894,0.20964058407081368,72.88350122977931,19.090981196362833
277340,2112240,10.53919086154437,0.21468462667590796,72.88369122690906,19.09098337960197
277360,2112240,10.303436112657662,0.2066836021373221,72.88388122406472,19.090985562645436
277380,2112240,10.107993564702895,0.18746505611800465,72.88407122124627,19.090987745493234
277400,2112240,9.955759536030703,0.16448851856410368,72.88426121845373,19.09098992814536
277420,2112240,9.846466356380159,0.1484522698172714,72.88445121568706,19.090992110601817
277440,2112240,9.779317266103671,0.14706826008697774,72.88464121294628,19.090994292862607
277460,2112240,9.749782632118665,0.15466937121008417,72.8848312102314,19.090996474927724
277480,2112240,9.754555774232726,0.15658465685680548,72.8850212075424,19.09099865679717
277500,2112240,9.82141415569855,0.16040776781257957,72.88521120487927,19.091000838470944
277520,2112240,9.98151708672611,0.1738171099280309,72.88540120224204,19.091003019949053
277540,2112240,10.25682812600721,0.1971947443227209,72.88559119963067,19.09100520123149
277560,2112240,10.662256441028868,0.2283477737779899,72.88578119704518,19.091007382318253
277580,2112240,11.21514360272593,0.2629633847655207,72.88597119448556,19.091009563209344
277600,2112240,11.939955518284647,0.2950768634379677,72.88616119195181,19.09101174390477
277620,2112240,12.873148830152426,0.31689262529069245,72.88635118944394,19.091013924404514
277640,2112240,14.058438627183966,0.3195595134262939,72.88654118696194,19.091016104708597
277660,2112240,15.493544647849083,0.3009959624657308,72.88673118450578,19.091018284817007
277680,2112240,17.099805773706517,0.27231430059912326,72.8869211820755,19.09102046472974
277700,2112240,18.755782331468293,0.2514636933647067,72.88711117967105,19.09102264444681
277720,2112240,20.32876588876461,0.24753995340232543,72.88730117729249,19.0910248239682
277740,2112240,21.69493125111714,0.2520400933519155,72.88749117493977,19.091027003293924
277760,2112240,22.773812309583555,0.25201326438366506,72.8876811726129,19.091029182423974
277780,2112240,23.564296105659306,0.24536149515337838,72.88787117031188,19.091031361358347
277800,2112240,24.11765148278406,0.23799086369048292,72.88806116803671,19.091033540097055
277820,2112240,24.503664941085177,0.23600191590280117,72.8882511657874,19.09103571864009
277840,2112240,24.79736074134353,0.2419119599095209,72.88844116356391,19.091037896987448
277860,2112240,25.069490944679874,0.2538345739411546,72.88863116136628,19.091040075139137
277880,2112240,25.38033222996989,0.2676992712184442,72.88882115919446,19.09104225309515
277900,2112240,25.774760270317195,0.2801812387346778,72.88901115704849,19.091044430855497
277920,2112240,26.27726993935268,0.29039461586429305,72.88920115492836,19.091046608420164
277940,2112240,26.888429810113244,0.2997005027340573,72.88939115283405,19.091048785789162
277960,2112240,27.586385524327575,0.3094085241047125,72.88958115076558,19.091050962962488
277980,2112240,28.333376445636723,0.31808299970189097,72.88977114872293,19.091053139940136
278000,2112240,29.083969229985115,0.3215381139732758,72.8899611467061,19.09105531672211
278020,2112240,29.794145584063415,0.31620526923795156,72.89015114471509,19.091057493308416
278040,2112240,30.428559808956912,0.3032842565540091,72.89034114274992,19.091059669699046
278060,2112240,30.95645634563328,0.2891488069691441,72.89053114081054,19.091061845894
278080,2112240,31.33664111034287,0.2806979287554285,72.89072113889699,19.09106402189328
278100,2112240,31.517418951162615,0.28036551152875916,72.89091113700924,19.09106619769689
278120,2112240,31.478296582978594,0.2865486423121431,72.89110113514732,19.091068373304825
278140,2112240,31.2401022557276,0.295827816706896,72.8912911333112,19.09107054871708
278160,2112240,30.821507707652817,0.30267403988759484,72.89148113150088,19.09107272393367
278180,2112240,30.227996769282218,0.30130801538298646,72.89167112971637,19.091074898954584
278200,2112240,29.48085063559078,0.2933801142207583,72.89186112795765,19.091077073779818
278220,2112240,28.628226087992484,0.28938080129217575,72.89205112622474,19.091079248409383
278240,2112240,27.723626725192553,0.29789819516702454,72.89224112451762,19.091081422843263
278260,2112240,26.826929780068834,0.3200232388357463,72.8924311228363,19.09108359708148
278280,2112240,26.01195908189576,0.349430833513005,72.89262112118077,19.091085771124018
278300,2112240,25.360931255849387,0.3763012925029769,72.89281111955103,19.091087944970884
278320,2112240,24.9094169159221,0.39446786642775916,72.89300111794705,19.09109011862207
278340,2112240,24.62063432374531,0.40481609692736065,72.8931911163689,19.09109229207758
278360,2112240,24.439963877815565,0.4105942160318911,72.8933811148165,19.09109446533742
278380,2112240,24.324910112713564,0.4144853154151097,72.8935711132899,19.09109663840158
278400,2112240,24.246757116842105,0.4181879292929899,72.89376111178905,19.09109881127007
278420,2112240,24.18641796799658,0.42268056431418016,72.89395111031399,19.091100983942876
278440,2112240,24.131079167913327,0.4285291267080753,72.8941411088647,19.091103156420008
278460,2112240,24.07207304294617,0.43610525594589367,72.89433110744119,19.091105328701467
278480,2112240,24.00355115687111,0.44570849416457925,72.89452110604346,19.09110750078725
276740,2112260,2.75674879358328,0.34613963474766385,72.87798902172528,19.09109842463158
276760,2112260,3.03128807439819,0.3307931822204358,72.87817901830877,19.091100613567352
276780,2112260,3.342144559041551,0.316659336061424,72.87836901491822,19.091102802307468
276800,2112260,3.693400450818571,0.3047805134774814,72.87855901155365,19.091104990851907
276820,2112260,4.088406491781774,0.29631959791953755,72.87874900821501,19.09110717920068
276840,2112260,4.52857999993031,0.2918938401685069,72.87893900490235,19.09110936735378
276860,2112260,5.011551056299489,0.29006157103043734,72.87912900161564,19.091111555311215
276880,2112260,5.529948085521219,0.2861494727164892,72.87931899835489,19.09111374307298
276900,2112260,6.078085773099347,0.28029543207322466,72.87950899512009,19.091115930639077
276920,2112260,6.652881572593207,0.2772933159487506,72.87969899191124,19.091118118009504
276940,2112260,7.2485911637150124,0.27835691445807753,72.87988898872834,19.091120305184262
276960,2112260,7.857071341433664,0.282274469978945,72.88007898557136,19.09112249216335
276980,2112260,8.468663275586403,0.2889283474502832,72.88026898244036,19.09112467894677
277000,2112260,9.072832492345896,0.29911876832712275,72.88045897933526,19.091126865534523
277020,2112260,9.65837290912921,0.31243616575254846,72.88064897625614,19.0911290519266
277040,2112260,10.213110563787213,0.32640288203534945,72.88083897320293,19.09113123812301
277060,2112260,10.723067369279539,0.336394464191543,72.88102897017565,19.091133424123747
277080,2112260,11.170943781711527,0.3354402382726183,72.8812189671743,19.09113560992882
277100,2112260,11.535853654393394,0.31455848035723644,72.8814089641989,19.09113779553822
277120,2112260,11.805466198592384,0.2710794220234727,72.8815989612494,19.091139980951947
277140,2112260,11.98725217544153,0.21924433982919067,72.88178895832586,19.091142166170012
277160,2112260,12.091638298562643,0.18049616001317645,72.8819789554282,19.091144351192398
277180,2112260,12.12488343120649,0.17012658420645235,72.88216895255648,19.091146536019117
277200,2112260,12.091931900214506,0.17668050874160057,72.88235894971066,19.091148720650164
277220,2112260,11.999004260475429,0.1720186022883467,72.8825489468908,19.091150905085538
277240,2112260,11.844709136695036,0.16180139526169438,72.8827389440968,19.091153089325243
277260,2112260,11.63274647912817,0.16045484433656956,72.88292894132874,19.09115527336928
277280,2112260,11.376933830421748,0.1718466075327951,72.88311893858658,19.09115745721764
277300,2112260,11.09734109040375,0.18926387508094722,72.88330893587032,19.091159640870337
277320,2112260,10.814805597100134,0.20371722854207575,72.88349893317996,19.091161824327358
277340,2112260,10.548740171693465,0.20909055551776656,72.88368893051552,19.091164007588702
277360,2112260,10.318007731125507,0.20179279094376965,72.88387892787695,19.091166190654377
277380,2112260,10.132851358537124,0.18351035631904788,72.8840689252643,19.09116837352439
277400,2112260,9.993020252552336,0.1626911005134065,72.88425892267755,19.091170556198723
277420,2112260,9.897816110517445,0.15000005203110142,72.88444892011667,19.09117273867738
277440,2112260,9.84749605785142,0.15250813389543547,72.88463891758168,19.091174920960373
277460,2112260,9.839842223574674,0.163920481853543,72.88482891507257,19.091177103047688
277480,2112260,9.872124854311389,0.16565383315600402,72.88501891258937,19.09117928493933
277500,2112260,9.970179678266637,0.1641427075146719,72.88520891013204,19.091181466635298
277520,2112260,10.164791577297569,0.1742818114809529,72.88539890770059,19.091183648135605
277540,2112260,10.47740528126978,0.198814399956984,72.88558890529502,19.09118582944023
277560,2112260,10.924644085809145,0.23278997123808992,72.88577890291532,19.091188010549185
277580,2112260,11.524298398376372,0.2693102434914239,72.8859689005615,19.091190191462466
277600,2112260,12.299176234484515,0.3012954456636228,72.88615889823355,19.09119237218007
277620,2112260,13.277418154455688,0.3214674384001687,72.88634889593145,19.09119455270201
277640,2112260,14.48376632703376,0.32312958154034627,72.88653889365523,19.091196733028266
277660,2112260,15.914272793948758,0.3043878032713337,72.88672889140487,19.091198913158863
277680,2112260,17.506034404591208,0.2768692582614175,72.88691888918038,19.09120109309377
277700,2112260,19.149096462806767,0.2609687342398658,72.88710888698174,19.091203272833013
277720,2112260,20.709174219478616,0.265595774459411,72.88729888480896,19.09120545237658
277740,2112260,22.03614031379622,0.27674800993175475,72.88748888266204,19.09120763172447
277760,2112260,23.029009014506865,0.27633836674941226,72.88767888054096,19.09120981087669
277780,2112260,23.728361111516183,0.2659008482049124,72.88786887844573,19.091211989833237
277800,2112260,24.21298066996518,0.25494488054197323,72.88805887637636,19.091214168594107
277820,2112260,24.55511610247504,0.25032534519288435,72.88824887433283,19.091216347159307
277840,2112260,24.82769159313766,0.2542101987886535,72.88843887231513,19.091218525528824
277860,2112260,25.099829444171128,0.2637001914529174,72.88862887032329,19.091220703702678
277880,2112260,25.431305690455165,0.2739900882350563,72.88881886835728,19.091222881680842
277900,2112260,25.86589597988569,0.2823507558830573,72.8890088664171,19.091225059463348
277920,2112260,26.424799350723617,0.29013079109575557,72.88919886450276,19.091227237050166
277940,2112260,27.103867727562914,0.30124981374674825,72.88938886261424,19.09122941444132
277960,2112260,27.875975317971225,0.3177547814112104,72.88957886075156,19.091231591636788
277980,2112260,28.695839069153973,0.33631879287752225,72.88976885891472,19.09123376863659
278000,2112260,29.507029080139002,0.3493876978201628,72.88995885710368,19.09123594544071
278020,2112260,30.254885329155513,0.3504134686456441,72.89014885531846,19.09123812204916
278040,2112260,30.90296429593574,0.3392581938021259,72.89033885355907,19.091240298461937
278060,2112260,31.430941346572205,0.3225019968294494,72.89052885182551,19.091242474679028
278080,2112260,31.803739511842416,0.3074334784781902,72.89071885011775,19.091244650700446
278100,2112260,31.939272621652407,0.2956295309683884,72.8909088484358,19.091246826526195
278120,2112260,31.811093266516355,0.28670087163733976,72.89109884677966,19.091249002156257
278140,2112260,31.484896689223103,0.28232891863057225,72.89128884514933,19.09125117759065
278160,2112260,30.990609594478702,0.279814321320787,72.89147884354482,19.091253352829366
278180,2112260,30.341509852700334,0.27601017396127897,72.8916688419661,19.09125552787241
278200,2112260,29.558475866398798,0.27244715005582854,72.89185884041316,19.091257702719766
278220,2112260,28.67860659896241,0.27561047611238354,72.89204883888605,19.091259877371456
278240,2112260,27.75082547838405,0.2910072485381076,72.89223883738474,19.091262051827464
278260,2112260,26.833618675361684,0.3180924393912872,72.8924288359092,19.091264226087798
278280,2112260,25.997992572150206,0.3504831342298925,72.89261883445947,19.091266400152453
278300,2112260,25.343883024130502,0.37767550279190604,72.89280883303552,19.09126857402143
278320,2112260,24.903432369708987,0.39395139077531255,72.89299883163734,19.091270747694733
278340,2112260,24.60935523756709,0.40351686623745336,72.89318883026498,19.09127292117236
278360,2112260,24.41651516002854,0.40919763280183585,72.89337882891839,19.091275094454303
278380,2112260,24.290736766872794,0.413043512285899,72.89356882759756,19.09127726754057
278400,2112260,24.206302312420263,0.4165016350966242,72.89375882630253,19.091279440431165
278420,2112260,24.14453898013871,0.42053164435460894,72.89394882503328,19.091281613126082
278440,2112260,24.092094749708817,0.42577634837314815,72.89413882378977,19.091283785625315
278460,2112260,24.0394799795395,0.4327115689520326,72.89432882257206,19.09128595792888
278480,2112260,23.97999691594057,0.4417397090038906,72.89451882138012,19.091288130036755
278500,2112260,23.910044064156786,0.45322516154450904,72.89470882021394,19.09129030194896
276740,2112280,2.670443011221383,0.341368578941538,72.87798671913214,19.091279051947293
276760,2112280,2.93131463444302,0.32291670447796644,72.87817671592141,19.09128124090534
276780,2112280,3.227493575482116,0.30485239241550266,72.87836671273665,19.091283429667715
276800,2112280,3.5642215730905917,0.28830692130368146,72.87855670957785,19.09128561823442
276820,2112280,3.946583342265712,0.2750114360003575,72.87874670644503,19.09128780660546
276840,2112280,4.37811059781088,0.26695106464211327,72.87893670333814,19.091289994780826
276860,2112280,4.858201474266397,0.2648333576718043,72.87912670025723,19.09129218276052
276880,2112280,5.37746994141654,0.2636192911351168,72.87931669720226,19.09129437054454
276900,2112280,5.929129789396487,0.2628566273353349,72.87950669417324,19.091296558132896
276920,2112280,6.510916760279303,0.26724640674894035,72.87969669117018,19.09129874552557
276940,2112280,7.116445012902418,0.27559285027792957,72.87988668819307,19.091300932722582
276960,2112280,7.73654317588457,0.2829715994813852,72.8800766852419,19.091303119723918
276980,2112280,8.36057189455929,0.28980709578980834,72.88026668231666,19.091305306529588
277000,2112280,8.977321064044753,0.29865628415059675,72.88045667941738,19.09130749313958
277020,2112280,9.575261052643622,0.3099661348642229,72.88064667654402,19.091309679553902
277040,2112280,10.142242475170562,0.3218527810773646,72.8808366736966,19.091311865772557
277060,2112280,10.664942733883043,0.3303790089182515,72.88102667087513,19.091314051795536
277080,2112280,11.128194223046183,0.3298630291396408,72.88121666807957,19.091316237622845
277100,2112280,11.513287052409247,0.31240356140110154,72.88140666530995,19.09131842325448
277120,2112280,11.803365619018603,0.27092942476621223,72.88159666256625,19.091320608690445
277140,2112280,12.009393597084506,0.22300509149548137,72.88178665984849,19.091322793930733
277160,2112280,12.138807140472439,0.18749351513767257,72.88197665715663,19.09132497897535
277180,2112280,12.19486791397139,0.1769396893170839,72.8821666544907,19.0913271638243
277200,2112280,12.178720196007246,0.18129833555436556,72.88235665185069,19.091329348477572
277220,2112280,12.091379467640289,0.17373316922651522,72.88254664923659,19.091331532935172
277240,2112280,11.931958926947692,0.15923029266565103,72.8827366466484,19.0913337171971
277260,2112280,11.706291710641139,0.1549869058675456,72.88292664408611,19.091335901263353
277280,2112280,11.433091473308831,0.16654688252740155,72.88311664154975,19.09133808513393
277300,2112280,11.139922558263294,0.1847075730284363,72.88330663903929,19.09134026880884
277320,2112280,10.850586660905906,0.19863581302709551,72.88349663655472,19.091342452288075
277340,2112280,10.580335161231103,0.2041567221872469,72.88368663409605,19.091344635571634
277360,2112280,10.350922002413258,0.19743019569326703,72.8838766316633,19.09134681865952
277380,2112280,10.173527868947987,0.1793468999512232,72.88406662925644,19.091349001551734
277400,2112280,10.040399793917805,0.1608628959081552,72.88425662687547,19.09135118424827
277420,2112280,9.95153334337799,0.15141917975970454,72.88444662452038,19.091353366749136
277440,2112280,9.909380981418892,0.15620379187995623,72.8846366221912,19.091355549054327
277460,2112280,9.916147653898692,0.16889655391933048,72.88482661988789,19.091357731163846
277480,2112280,9.97396995721867,0.17093171770413693,72.885016617610475,19.091359913077685
277500,2112280,10.104235536632373,0.16505740614683068,72.88520661535894,19.09136209479585
277520,2112280,10.335711066276728,0.1727584040270242,72.88539661313327,19.09136427631835
277540,2112280,10.687248192191701,0.19830644477760262,72.8855866109335,19.091366457645165
277560,2112280,11.174206671540807,0.23489605995436436,72.88577660875958,19.091368638776306
277580,2112280,11.812775815193081,0.2737742269294485,72.88596660661156,19.091370819711777
277600,2112280,12.621428886148095,0.30728411003818723,72.88615660448939,19.091373000451572
277620,2112280,13.61877288526145,0.32882780991229305,72.8863466023931,19.091375180995687
277640,2112280,14.817509646287736,0.3329710146851268,72.88653660032267,19.09137736134413
277660,2112280,16.222137889865916,0.31468648875341404,72.88672659827812,19.091379541496902
277680,2112280,17.77559289188523,0.28626141329362925,72.88691659625941,19.091381721453995
277700,2112280,19.371546206358722,0.27137819976795835,72.88710659426657,19.091383901215412
277720,2112280,20.884247976104515,0.2790205845808978,72.88729659229958,19.09138608078115
277740,2112280,22.14725246865617,0.2930124992838892,72.88748659035845,19.091388260151213
277760,2112280,23.073407674094394,0.2951249038074992,72.88767658844317,19.091390439325604
277780,2112280,23.70011018060241,0.28498709376136805,72.88786658655374,19.091392618304315
277800,2112280,24.120230181081578,0.27334688021619663,72.88805658469015,19.091394797087357
277820,2112280,24.41524674457629,0.26863452154592204,72.88824658285242,19.091396975674716
277840,2112280,24.659307122381634,0.27305054983636556,72.88843658104052,19.091399154066398
277860,2112280,24.92173299941616,0.28260546089474214,72.88862657925446,19.091401332262407
277880,2112280,25.26416803571272,0.29104667934890976,72.88881657749425,19.09140351026274
277900,2112280,25.732432028981062,0.29512729997377446,72.88900657575986,19.09140568806739
277920,2112280,26.345660496534823,0.2982693847553981,72.88919657405133,19.09140786567637
277940,2112280,27.093378981326417,0.3084342889368788,72.88938657236861,19.09141004308967
277960,2112280,27.941845748050813,0.33008475442925495,72.88957657071172,19.091412220307294
277980,2112280,28.838002066164066,0.3583992349533823,72.88976656908066,19.09141439732924
278000,2112280,29.711722110905622,0.3812364634248771,72.88995656747544,19.091416574155513
278020,2112280,30.490195388817618,0.38719241323569237,72.89014656589602,19.0914187507861
278040,2112280,31.13377183970628,0.374618977957398,72.89033656434242,19.091420927221012
278060,2112280,31.645401330057183,0.3529724751177545,72.89052656281464,19.09142310346025
278080,2112280,32.00485086492169,0.3308520749336069,72.89071656131267,19.09142527950381
278100,2112280,32.11693360698359,0.3095248737831578,72.89090655983654,19.09142745535169
278120,2112280,31.948295993076187,0.2889554891355507,72.89109655838618,19.091429631003887
278140,2112280,31.59106099423361,0.2740034475565694,72.89128655696166,19.09143180646041
278160,2112280,31.075628780547373,0.2644627202663856,72.89147655556293,19.091433981721263
278180,2112280,30.417659988537622,0.25905946929571194,72.89166655419002,19.091436156786433
278200,2112280,29.636810733230718,0.2588769074731294,72.89185655284288,19.091438331655915
278220,2112280,28.764873052477704,0.26749459426152505,72.89204655152157,19.09144050632973
278240,2112280,27.847517925458572,0.2872742227743935,72.89223655022604,19.091442680807855
278260,2112280,26.94358194709826,0.3158513471055357,72.89242654895632,19.09144485509031
278280,2112280,26.123377352342512,0.34681778866247065,72.89261654771238,19.091447029177083
278300,2112280,25.477373287751345,0.37178433972573594,72.89280654649423,19.09144920306818
278320,2112280,25.030222318879975,0.38699724416990733,72.89299654530186,19.091451376763594
278340,2112280,24.719057821085944,0.3964521873561381,72.89318654413529,19.09145355026333
278360,2112280,24.504584311783226,0.4026848647681752,72.89337654299449,19.09145572356739
278380,2112280,24.358123610323638,0.4072829933004032,72.89356654187947,19.091457896675767
278400,2112280,24.256947424492523,0.4113769496548036,72.89375654079024,19.091460069588464
278420,2112280,24.183362375982608,0.4157933052146272,72.89394653972677,19.091462242305482
278440,2112280,24.12389904781826,0.4211707185906041,72.89413653868907,19.091464414826817
278460,2112280,24.068462297818666,0.4280552582183465,72.89432653767716,19.091466587152482
278480,2112280,24.009583660219793,0.4369561915233606,72.89451653669101,19.091468759282456
278500,2112280,23.941824570398712,0.4483552147264393,72.89470653573062,19.091470931216758
276740,2112300,2.5938526476560884,0.3367249879084426,72.87798441651302,19.091459679259206
276760,2112300,2.839095394333469,0.31525653296128164,72.87817441350809,19.09146186823952
276780,2112300,3.117626238055604,0.29303388363455957,72.87836441052912,19.09146405702417
276800,2112300,3.4357017290399785,0.270854498555316,72.87855440757612,19.091466245613134
276820,2112300,3.8002228120702863,0.2504064144436493,72.87874440464907,19.09146843400643
276840,2112300,4.217323042218762,0.23452236700215112,72.87893440174798,19.09147062220406
276860,2112300,4.688578329559632,0.22649101802941257,72.87912439887286,19.09147281020601
276880,2112300,5.207338936802895,0.22769565465281422,72.87931439602369,19.091474998012295
276900,2112300,5.765034904968604,0.23743955330552552,72.87950439320045,19.0914771856229
276920,2112300,6.355535645630732,0.25376773347887804,72.87969439040319,19.091479373037835
276940,2112300,6.971284931828438,0.2720612194568044,72.87988438763185,19.091481560257098
276960,2112300,7.6022264649085765,0.28272607873834815,72.88007438488647,19.091483747280684
276980,2112300,8.236739042109132,0.28955547739285176,72.88026438216704,19.0914859341086
277000,2112300,8.863167684834565,0.2966398815541033,72.88045437947355,19.091488120740838
277020,2112300,9.4699377742123,0.30497844146675884,72.88064437680599,19.091490307177406
277040,2112300,10.045234001866723,0.3133253758312446,72.88083437416435,19.0914924934183
277060,2112300,10.576627474972653,0.31847841693650863,72.88102437154868,19.09149467946352
277080,2112300,11.050580708027015,0.3156115782440585,72.88121436895891,19.09149686531306
277100,2112300,11.45125839005789,0.298250767064671,72.88140436639507,19.091499050966934
277120,2112300,11.766889818454988,0.2634591096618949,72.88159436385718,19.091501236425128
277140,2112300,12.002667666415027,0.22288062949364534,72.8817843613452,19.09150342168765
277160,2112300,12.163909761047291,0.19162858398603877,72.88197435885914,19.091505606754502
277180,2112300,12.251749242506758,0.178723711994619,72.882164356399,19.091507791625673
277200,2112300,12.26355080343174,0.17671239790966461,72.88235435396477,19.091509976301175
277220,2112300,12.192576721133241,0.16639711843038263,72.88254435155648,19.091512160780997
277240,2112300,12.035465688820654,0.14934831349800098,72.88273434917409,19.091514345065146
277260,2112300,11.80071436796665,0.14430113696662267,72.8829243468176,19.091516529153623
277280,2112300,11.510899370444053,0.15931230018145878,72.88311434448701,19.091518713046412
277300,2112300,11.205331752023644,0.1801378454852482,72.88330434218234,19.091520896743543
277320,2112300,10.914788979028751,0.19190429410833937,72.88349433990358,19.091523080244986
277340,2112300,10.644871384224082,0.19478930023569213,72.8836843376507,19.09152526355076
277360,2112300,10.414852585876298,0.18759135082334924,72.88387433542376,19.091527446660855
277380,2112300,10.235690567497292,0.17176124367483586,72.88406433322268,19.09152962957528
277400,2112300,10.100982600481402,0.15606332629306008,72.8842543310475,19.091531812294022
277420,2112300,10.010808494721067,0.14813099568032875,72.88444432889821,19.091533994817087
277440,2112300,9.968873359307683,0.15159023023451879,72.88463432677482,19.09153617714448
277460,2112300,9.981487815280955,0.1617004049233968,72.88482432467731,19.0915383592762
277480,2112300,10.058055113914719,0.16430503029058424,72.88501432260568,19.091540541212236
277500,2112300,10.219489843520082,0.16014533332728714,72.88520432055994,19.091542722952603
277520,2112300,10.487305472149252,0.16892691272322508,72.88539431854007,19.091544904497287
277540,2112300,10.874699052150964,0.19671731166328074,72.88558431654609,19.0915470858463
277560,2112300,11.393823247867566,0.2365486959621374,72.88577431457799,19.091549266999635
277580,2112300,12.058107546912476,0.2789343072249135,72.88596431263575,19.09155144795729
277600,2112300,12.881824257503864,0.31583207605001523,72.88615431071938,19.091553628719268
277620,2112300,13.877470396166364,0.34046464129996723,72.88634430882888,19.09155580928557
277640,2112300,15.052132402325778,0.346969000380112,72.88653430696425,19.0915579896562
277660,2112300,16.402870158341653,0.3316607774991504,72.88672430512548,19.091560169831144
277680,2112300,17.878492300161653,0.3050619077610884,72.88691430331258,19.09156234981041
277700,2112300,19.383532534181143,0.28791267215926,72.88710430152554,19.091564529594006
277720,2112300,20.802268213191372,0.29071647117194405,72.88729429976435,19.091566709181922
277740,2112300,22.006102617681666,0.30396895507732175,72.88748429802901,19.09156888857416
277760,2112300,22.888832284875885,0.3087560817273076,72.88767429631953,19.091571067770715
277780,2112300,23.45985271363366,0.29995585313694983,72.88786429463589,19.091573246771596
277800,2112300,23.828671020878396,0.2897517537413647,72.8880542929781,19.0915754255768
277820,2112300,24.082352296171077,0.28741024376555857,72.88824429134615,19.091577604186323
277840,2112300,24.29599100364093,0.29499716515823554,72.88843428974008,19.09157978260017
277860,2112300,24.540178077325727,0.3073647651498307,72.8886242881598,19.091581960818335
277880,2112300,24.88143183844803,0.3161701969141349,72.8888142866054,19.091584138840826
277900,2112300,25.373487036442373,0.3158261425074906,72.88900428507681,19.091586316667637
277920,2112300,26.034522735903373,0.3111700236436696,72.88919428357406,19.091588494298772
277940,2112300,26.842596398282613,0.31605122676266556,72.88938428209715,19.091590671734217
277960,2112300,27.7564809114599,0.338988049957669,72.88957428064606,19.091592848973995
277980,2112300,28.7191641448587,0.37467847113326436,72.8897642792208,19.091595026018087
278000,2112300,29.646049049403103,0.4055861451920677,72.88995427782136,19.091597202866502
278020,2112300,30.445907892530478,0.4149923327474568,72.89014427644774,19.091599379519238
278040,2112300,31.066118392921336,0.39887998388916884,72.89033427509995,19.091601555976293
278060,2112300,31.549616885681143,0.37277570753236466,72.89052427377797,19.09160373223767
278080,2112300,31.875128848808835,0.34457679611681613,72.8907142724818,19.091605908303364
278100,2112300,31.98368327028114,0.316926335549622,72.89090427121145,19.09160808417338
278120,2112300,31.857118930502857,0.29171174684382173,72.89109426996691,19.09161025984772
278140,2112300,31.538122081105875,0.2722904890215658,72.89128426874818,19.091612435326375
278160,2112300,31.059990487692502,0.26017046789819476,72.89147426755525,19.09161461060935
278180,2112300,30.442096033331396,0.2552341121906404,72.89166426638813,19.091616785696644
278200,2112300,29.703663461608368,0.25775514466592736,72.8918542652468,19.091618960588264
278220,2112300,28.873716181868684,0.26900926106820255,72.89204426413129,19.091621135284193
278240,2112300,27.996702957247017,0.2893951329483671,72.89223426304157,19.091623309784445
278260,2112300,27.135272905828632,0.3155262091883624,72.89242426197764,19.091625484089022
278280,2112300,26.3638941121629,0.34052445726323044,72.89261426093948,19.09162765819791
278300,2112300,25.737434380395875,0.360613301198758,72.89280425992715,19.091629832111124
278320,2112300,25.26813048742541,0.37495181238688285,72.89299425894058,19.091632005828657
278340,2112300,24.927390926256038,0.3849756541392425,72.89318425797981,19.091634179350503
278360,2112300,24.682802688019002,0.3923936647218163,72.8933742570448,19.091636352676666
278380,2112300,24.508403758754273,0.3983839731810289,72.89356425613559,19.091638525807152
278400,2112300,24.383285121308678,0.4037727472767561,72.89375425525215,19.091640698741962
278420,2112300,24.290572319839313,0.4092094409822629,72.8939442543945,19.091642871481078
278440,2112300,24.216831071316054,0.41527815100945076,72.8941342535626,19.091645044024524
278460,2112300,24.15153641522365,0.4225662469032268,72.89432425275649,19.091647216372284
278480,2112300,24.086572147260682,0.4316883935981465,72.89451425197613,19.091649388524356
278500,2112300,24.015789047577744,0.4432636683600913,72.89470425122155,19.091651560480752
276740,2112320,2.5332303424865104,0.3332350405117964,72.87798211386793,19.091640306567307
276760,2112320,2.7621582478650657,0.30961952680659494,72.87817211106879,19.091642495569893
276780,2112320,3.02136478096184,0.28431842153952325,72.87836210829562,19.091644684376803
276800,2112320,3.3178344571334657,0.2575907663858079,72.87855210554841,19.09164687298804
276820,2112320,3.660188338530575,0.2306148792445563,72.87874210282715,19.0916490614036
276840,2112320,4.058075321339823,0.20651662634633183,72.87893210013186,19.09165124962349
276860,2112320,4.518143043308741,0.19197319812534872,72.87912209746253,19.091653437647704
276880,2112320,5.0345064979832665,0.19536389020598974,72.87931209481914,19.091655625476236
276900,2112320,5.5969424862417485,0.21513126493532778,72.87950209220172,19.091657813109105
276920,2112320,6.1961993666840405,0.2415766847826491,72.87969208961023,19.09166000054629
276940,2112320,6.821723243377159,0.26535379994021485,72.8798820870447,19.091662187787804
276960,2112320,7.461690052465391,0.28022964263984346,72.88007208450513,19.09166437483364
276980,2112320,8.103902150405274,0.28846013605701754,72.88026208199149,19.0916665616838
277000,2112320,8.73655920286945,0.29436205363677714,72.88045207950377,19.09166874833829
277020,2112320,9.348281601752921,0.2997464316539192,72.88064207704201,19.0916709347971
277040,2112320,9.927782407387438,0.30413739545150953,72.88083207460618,19.091673121060236
277060,2112320,10.463590809519328,0.3051513549536506,72.88102207219627,19.091675307127694
277080,2112320,10.943906513644004,0.29902050702828975,72.88121206981232,19.091677492999473
277100,2112320,11.357324442422213,0.2818607653624607,72.88140206745429,19.091679678675582
277120,2112320,11.696858240943907,0.25344623763340846,72.88159206512216,19.091681864156012
277140,2112320,11.962845800254627,0.2205929665011778,72.88178206281599,19.09168404944076
277160,2112320,12.157587691546896,0.1935145012036419,72.88197206053573,19.091686234529842
277180,2112320,12.280682910361751,0.1785475057214556,72.88216205828138,19.091688419423246
277200,2112320,12.326768931547475,0.1713931160753789,72.88235205605297,19.091690604120966
277220,2112320,12.28341884397586,0.15954155259113972,72.88254205385046,19.091692788623014
277240,2112320,12.139610782758117,0.13947135573189814,72.88273205167384,19.091694972929385
277260,2112320,11.906441030864807,0.1333782425440898,72.88292204952316,19.09169715704008
277280,2112320,11.609599561360218,0.15159880244222024,72.88311204739838,19.091699340955095
277300,2112320,11.297235207316179,0.1746887527395952,72.8833020452995,19.091701524674434
277320,2112320,11.004947072965027,0.18488076787880117,72.88349204322654,19.091703708198093
277340,2112320,10.735379565571678,0.18477715583153148,72.88368204117947,19.09170589152608
277360,2112320,10.502854689057681,0.1767009083894605,72.88387203915829,19.091708074658385
277380,2112320,10.316142711252224,0.16341935622937884,72.88406203716302,19.091710257595015
277400,2112320,10.175105621472213,0.1502554470207621,72.88425203519364,19.091712440335968
277420,2112320,10.07976458967867,0.14281219475881937,72.88444203325014,19.091714622881234
277440,2112320,10.033752683791636,0.1439287518987146,72.88463203133256,19.09171680523083
277460,2112320,10.045719644367928,0.15111571147357228,72.88482202944084,19.091718987384745
277480,2112320,10.132781771589114,0.15664606287150043,72.885012027575,19.091721169342986
277500,2112320,10.32116704433893,0.15605912477722678,72.88520202573507,19.09172335110554
277520,2112320,10.62051648517011,0.16609956945651652,72.885392023921,19.09172553267242
277540,2112320,11.035606012459244,0.19574989614278088,72.88558202213281,19.09172771404363
277560,2112320,11.574600887366483,0.23886199423984178,72.88577202037051,19.091729895219146
277580,2112320,12.248010200197054,0.28567337177529784,72.88596201863406,19.091732076198994
277600,2112320,13.066767351177607,0.3277589084867562,72.8861520169235,19.09173425698316
277620,2112320,14.039552229073049,0.35773857459928843,72.8863420152388,19.091736437571644
277640,2112320,15.168803486855657,0.3690436395544398,72.88653201357997,19.091738617964456
277660,2112320,16.44136200333787,0.35897002084251217,72.886722011947,19.09174079816158
277680,2112320,17.811764392207923,0.3352526743946551,72.8869120103399,19.091742978163026
277700,2112320,19.201699061870993,0.3144524427554948,72.88710200875865,19.091745157968795
277720,2112320,20.51366304167216,0.30892414996555345,72.88729200720326,19.091747337578884
277740,2112320,21.641887718622666,0.3155333663949882,72.88748200567372,19.091749516993293
277760,2112320,22.47762358502258,0.31830437747298346,72.88767200417003,19.09175169621202
277780,2112320,23.011831995757685,0.3101807444143024,72.8878620026922,19.09175387523507
277800,2112320,23.348394270509413,0.3021013078822363,72.88805200124021,19.09175605406244
277820,2112320,23.573656962276697,0.3032986720829099,72.88824199981407,19.091758232694122
277840,2112320,23.761274340384233,0.31533689958932304,72.88843199841378,19.091760411130135
277860,2112320,23.982425078810206,0.33206263339199577,72.88862199703931,19.09176258937046
277880,2112320,24.309624102250343,0.34318907678267785,72.8888119956907,19.09176476741511
277900,2112320,24.813246999104077,0.33871034472208705,72.88900199436792,19.091766945264077
277920,2112320,25.51242241621956,0.3232071208842981,72.88919199307097,19.09176912291736
277940,2112320,26.361456419273814,0.31868770269828445,72.88938199179985,19.091771300374965
277960,2112320,27.31136134906756,0.33726521590215086,72.88957199055456,19.091773477636888
277980,2112320,28.303354175802117,0.3733360269715554,72.8897619893351,19.091775654703135
278000,2112320,29.24386740225047,0.4057441332513164,72.88995198814146,19.091777831573694
278020,2112320,30.042926283372605,0.41542095218132846,72.89014198697366,19.091780008248573
278040,2112320,30.676046279078378,0.4029076276277242,72.89033198583165,19.091782184727773
278060,2112320,31.161626560522333,0.37824859103475195,72.89052198471548,19.091784361011285
278080,2112320,31.489182854176217,0.34939730950031095,72.89071198362511,19.091786537099125
278100,2112320,31.629505645802425,0.3207447553530149,72.89090198256058,19.091788712991274
278120,2112320,31.572169616699956,0.2956227116971035,72.891091981521825,19.091790888687743
278140,2112320,31.334508065955657,0.2771770965647683,72.89128198050891,19.09179306418853
278160,2112320,30.93938234373507,0.26712311904488506,72.89147197952177,19.09179523949364
278180,2112320,30.404072049848544,0.2651328882966217,72.89166197856045,19.091797414603057
278200,2112320,29.744636314632448,0.26990548328449476,72.89185197762494,19.0917995895168
278220,2112320,28.9865421064588,0.28074253239313096,72.89204197671522,19.09180176423486
278240,2112320,28.173458283326312,0.297525081364574,72.8922319758313,19.091803938757234
278260,2112320,27.36820423638271,0.31804157929592497,72.89242197497316,19.091806113083926
278280,2112320,26.649374759130612,0.3351738023861888,72.89261197414082,19.091808287214935
278300,2112320,26.045542278151427,0.34954881715093805,72.89280197333427,19.091810461150267
278320,2112320,25.565248030506815,0.36175772959030866,72.89299197255352,19.091812634889905
278340,2112320,25.197756498043407,0.37194006988329287,72.89318197179854,19.091814808433867
278360,2112320,24.9223643160407,0.38059524061574496,72.89337197106936,19.09181698178215
278380,2112320,24.71798973338989,0.38821727004005313,72.89356197036594,19.091819154934743
278400,2112320,24.56596570537001,0.39521892460040337,72.89375196968831,19.091821327891655
278420,2112320,24.45042601653511,0.40200656381444116,72.89394196903645,19.091823500652882
278440,2112320,24.35819122622959,0.40906164483724394,72.89413196841036,19.091825673218423
278460,2112320,24.278525558012998,0.41698662900916805,72.89432196781004,19.091827845588277
278480,2112320,24.202846130717603,0.42650004392577984,72.8945119672355,19.09183001776245
278500,2112320,24.124426793426444,0.4383769882360927,72.89470196668671,19.09183218974094
276740,2112340,2.4951477822143504,0.331400447358535,72.87797981119688,19.091820933871606
276760,2112340,2.7088784816041955,0.30705245427010097,72.87816980860353,19.091823122896464
276780,2112340,2.9492165890726354,0.2808465271928373,72.87835980603614,19.091825311725643
276800,2112340,3.2236252993074777,0.25269629867861826,72.87854980349474,19.091827500359145
276820,2112340,3.542274557720331,0.2233120466011373,72.87873980097929,19.09182968879697
276840,2112340,3.9188491277265687,0.19557963373572645,72.87892979848978,19.09183187703912
276860,2112340,4.366381614616491,0.17828741650147936,72.87911979602625,19.091834065085592
276880,2112340,4.876943436491935,0.1847472952107411,72.87930979358866,19.091836252936393
276900,2112340,5.440305104452104,0.21002107947841073,72.87949979117703,19.09183844059151
276920,2112340,6.045620562307161,0.23927945863247982,72.87968978879134,19.091840628050946
276940,2112340,6.678302222380817,0.263472593878005,72.87987978643162,19.091842815314713
276960,2112340,7.324024120801501,0.2794318415260684,72.88006978409783,19.091845002382797
276980,2112340,7.97003684656482,0.2884937878351459,72.88025978178997,19.09184718925521
277000,2112340,8.604738372526485,0.2936451431721931,72.88044977950807,19.091849375931936
277020,2112340,9.217201485077945,0.2967685369664203,72.8806397772521,19.091851562412995
277040,2112340,9.796845746355086,0.29796214173661245,72.88082977502206,19.09185374869837
277060,2112340,10.333352812930519,0.2957348866460509,72.88101977281796,19.091855934788068
277080,2112340,10.816993461237933,0.2875998886559408,72.881209770639785,19.09185812068209
277100,2112340,11.239716164109108,0.27132342923188685,72.88139976848757,19.091860306380433
277120,2112340,11.59681902928638,0.24711097983844574,72.88158976636124,19.091862491883095
277140,2112340,11.88709090921664,0.21928433536301883,72.88177976426086,19.091864677190078
277160,2112340,12.110496823242045,0.19476708405631205,72.8819697621864,19.091866862301387
277180,2112340,12.26544423483821,0.178436776141135,72.88215976013784,19.091869047217013
277200,2112340,12.345679457498752,0.16849873198815024,72.88234975811521,19.091871231936967
277220,2112340,12.335366903339342,0.15600026858749283,72.88253975611852,19.09187341646124
277240,2112340,12.21660045460287,0.1366603815940733,72.8827297541477,19.091875600789827
277260,2112340,11.99802355081161,0.13144415541262178,72.88291975220282,19.091877784922744
277280,2112340,11.711077617763204,0.1517093491703103,72.88310975028384,19.091879968859974
277300,2112340,11.399671016461816,0.17552683341178849,72.88329974839077,19.091882152601528
277320,2112340,11.098639082077755,0.18441510924361196,72.8834897465236,19.091884336147405
277340,2112340,10.825840379665378,0.18204738572308024,72.88367974468231,19.091886519497603
277360,2112340,10.591952282179372,0.17278111697348064,72.88386974286695,19.091888702652117
277380,2112340,10.402556250264611,0.16014494039839539,72.88405974107748,19.091890885610955
277400,2112340,10.258738085969412,0.1482905639514087,72.8842497393139,19.09189306837411
277420,2112340,10.16100311936072,0.14157123289960066,72.88443973757619,19.091895250941583
277440,2112340,10.112871504267945,0.14278926329209585,72.8846297358644,19.09189743331338
277460,2112340,10.12411238366725,0.15124051474795686,72.88481973417848,19.091899615489496
277480,2112340,10.21658640210659,0.16043250404287202,72.88500973251847,19.091901797469934
277500,2112340,10.422790889562549,0.16043975474880473,72.88519973088431,19.09190397925469
277520,2112340,10.74289175778621,0.1679131593867933,72.88538972927606,19.09190616084376
277540,2112340,11.172259312195829,0.19662593788750474,72.88557972769367,19.091908342237158
277560,2112340,11.714972270910751,0.24162073597790917,72.88576972613716,19.09191052343487
277580,2112340,12.378701119048696,0.29269982543205075,72.88595972460651,19.0919127044369
277600,2112340,13.17129989093007,0.3411188977652012,72.88614972310175,19.091914885243252
277620,2112340,14.097882967751676,0.379174053665051,72.88633972162285,19.09191706585392
277640,2112340,15.157014650515144,0.39917287465070234,72.88652972016982,19.091919246268912
277660,2112340,16.333467050549704,0.39548716197452993,72.88671971874265,19.09192142648822
277680,2112340,17.58726880442895,0.37284859689666244,72.88690971734135,19.091923606511845
277700,2112340,18.852580497609683,0.3469824751905974,72.8870997159659,19.09192578633979
277720,2112340,20.04836062414951,0.33144209643999006,72.8872897146163,19.09192796597205
277740,2112340,21.086466900253363,0.32782955327759083,72.88747971329256,19.091930145408632
277760,2112340,21.874105847509636,0.32503610727122473,72.88766971199469,19.09193232464953
277780,2112340,22.386389219051484,0.3152386608867129,72.88785971072265,19.091934503694752
277800,2112340,22.71155423172406,0.30868141109059805,72.88804970947648,19.091936682544286
277820,2112340,22.92648215835287,0.3129680262335445,72.88823970825614,19.091938861198134
277840,2112340,23.09940133782431,0.3286282467906168,72.88842970706163,19.0919410396563
277860,2112340,23.300305044861627,0.34878024945673636,72.88861970589299,19.091943217918793
277880,2112340,23.609491043716325,0.36128703626782477,72.88880970475016,19.0919453959856
277900,2112340,24.116342801078336,0.3521648542287877,72.88899970363319,19.091947573856714
277920,2112340,24.831872492129893,0.3275713250670541,72.88918970254204,19.091949751532162
277940,2112340,25.69169568399608,0.3134662247275806,72.88937970147673,19.091951929011916
277960,2112340,26.63953017036385,0.32408112823627794,72.88956970043725,19.09195410629599
277980,2112340,27.614096562971074,0.3535071680281963,72.88975969942359,19.091956283384384
278000,2112340,28.538967512974274,0.3824676797558945,72.88994969843574,19.091958460277088
278020,2112340,29.34853774037593,0.3954265791457155,72.89013969747374,19.09196063697411
278040,2112340,30.015780073706203,0.38995609211345256,72.89032969653755,19.09196281347545
278060,2112340,30.536643422845945,0.3715557397920045,72.89051969562718,19.091964989781108
278080,2112340,30.903829034161387,0.34705076325039974,72.89070969474261,19.091967165891077
278100,2112340,31.10430889691179,0.32199167117744804,72.89089969388387,19.091969341805367
278120,2112340,31.133211406719994,0.3008958246392783,72.89108969305093,19.091971517523966
278140,2112340,30.998892124003266,0.28726242945706004,72.89127969224381,19.09197369304689
278160,2112340,30.71534365742927,0.2825774063196896,72.89146969146249,19.091975868374128
278180,2112340,30.29401624352101,0.28550288375340566,72.89165969070697,19.091978043505677
278200,2112340,29.74268293939242,0.29255919155637106,72.89184968997726,19.09198021844154
278220,2112340,29.078645760584838,0.30088189783549746,72.89203968927335,19.09198239318173
278240,2112340,28.347547823356447,0.3105558239357121,72.89222968859522,19.09198456772623
278260,2112340,27.614639789047903,0.32151909238367116,72.8924196879429,19.091986742075044
278280,2112340,26.941415431658903,0.33171362059610277,72.89260968731637,19.091988916228168
278300,2112340,26.359075734328627,0.34126094210536434,72.89279968671562,19.09199109018561
278320,2112340,25.877140675010924,0.35091130070845217,72.89298968614067,19.09199326394737
278340,2112340,25.492230076087324,0.36059060866574455,72.89317968559149,19.091995437513443
278360,2112340,25.192114736611064,0.37005026214049125,72.89336968506811,19.09199761088383
278380,2112340,24.96116751664602,0.37909203692350363,72.8935596845705,19.09199978405853
278400,2112340,24.783689992376214,0.38762653997698693,72.89374968409867,19.092001957037546
278420,2112340,24.645311707166467,0.3957405562976152,72.89393968365262,19.092004129820882
278440,2112340,24.533473578236677,0.40376060673534186,72.89412968323234,19.092006302408528
278460,2112340,24.4375275727505,0.41227913973061114,72.89431968283783,19.092008474800483
278480,2112340,24.348666971539295,0.42212044692265105,72.89450968246909,19.092010646996755
278500,2112340,24.259780260753452,0.43423828514103263,72.89469968212612,19.092012818997343
276760,2112360,2.687301708119501,0.30715905987813613,72.8781675061123,19.092003750219227
276780,2112360,2.911747599984588,0.2822870733322279,72.87835750375073,19.092005939070674
276800,2112360,3.166811997059313,0.25617188710140426,72.87854750141511,19.09200812772644
276820,2112360,3.4643247161618986,0.22920458666257273,72.87873749910545,19.092010316186535
276840,2112360,3.821744327824609,0.20385999442455277,72.87892749682175,19.092012504450942
276860,2112360,4.253855273884313,0.18965823792932043,72.879117494564,19.092014692519676
276880,2112360,4.751772875060931,0.19963304165791015,72.87930749233222,19.092016880392727
276900,2112360,5.310429716804303,0.22455979982183827,72.87949749012638,19.0920190680701
276920,2112360,5.9178459591392665,0.24926138864291045,72.87968748794651,19.092021255551796
276940,2112360,6.552744140505991,0.26919390355912215,72.87987748579256,19.092023442837814
276960,2112360,7.19878448949632,0.2830670217659528,72.88006748366458,19.09202562992815
276980,2112360,7.8432173371825025,0.29146613487264633,72.88025748156252,19.092027816822807
277000,2112360,8.474908656389854,0.29597791920259225,72.8804474794864,19.09203000352178
277020,2112360,9.083514901340124,0.29783093048021875,72.88063747743625,19.09203219002508
277040,2112360,9.659173666680758,0.29721454538435116,72.88082747541202,19.0920343763327
277060,2112360,10.19257335129693,0.2932756069331413,72.88101747341372,19.092036562444637
277080,2112360,10.67549433778324,0.2844825639523585,72.88120747144136,19.092038748360892
277100,2112360,11.101886991444804,0.269235694428208,72.8813974694949,19.092040934081478
277120,2112360,11.468595220872459,0.24704196229641012,72.8815874675744,19.09204311960637
277140,2112360,11.77377423328122,0.22071986829273402,72.8817774656798,19.09204530493559
277160,2112360,12.01545921984528,0.19601768294684463,72.88196746381114,19.092047490069124
277180,2112360,12.191362697657185,0.17744573903620875,72.88215746196839,19.09204967500698
277200,2112360,12.296023311452785,0.16499625753690184,72.88234746015158,19.09205185974916
277220,2112360,12.31476153914484,0.153200436144871,72.88253745836066,19.09205404429565
277240,2112360,12.22559324445174,0.13875716412828862,72.88272745659566,19.092056228646463
277260,2112360,12.025252511648851,0.13664067260200624,72.88291745485657,19.0920584128016
277280,2112360,11.754074353679082,0.16021352251799253,72.88310745314338,19.092060596761048
277300,2112360,11.45297461616104,0.1846116872140839,72.88329745145612,19.092062780524817
277320,2112360,11.155913179345232,0.19153710311232902,72.88348744979474,19.09206496409291
277340,2112360,10.889795333529014,0.18767885120608688,72.88367744815928,19.09206714746531
277360,2112360,10.664115730951075,0.17720207974527458,72.8838674465497,19.09206933064204
277380,2112360,10.482419416864477,0.16402551537615725,72.88405744496603,19.092071513623086
277400,2112360,10.34549163534984,0.15244846842873014,72.88424744340824,19.09207369640845
277420,2112360,10.254009571272384,0.14672550938150491,72.88443744187637,19.092075878998127
277440,2112360,10.211516572997095,0.14972617458266965,72.88462744037037,19.092078061392126
277460,2112360,10.227825473443216,0.16094966913827152,72.88481743889025,19.09208024359044
277480,2112360,10.324727849042233,0.17338302172689815,72.88500743743602,19.092082425593077
277500,2112360,10.538210461745456,0.17211878934541158,72.88519743600769,19.092084607400025
277520,2112360,10.86359895626146,0.17476172771799703,72.88538743460522,19.092086789011294
277540,2112360,11.289872212399464,0.19960095584644275,72.88557743322863,19.09208897042688
277560,2112360,11.818084766629216,0.2436204000664087,72.88576743187792,19.09209115164678
277580,2112360,12.453174992021278,0.29686766863746333,72.88595743055309,19.092093332671006
277600,2112360,13.199949276445018,0.35053621239949107,72.88614742925412,19.092095513499544
277620,2112360,14.060232168812757,0.3970115030799361,72.88633742798102,19.092097694132395
277640,2112360,15.030247541517541,0.4279224811992728,72.8865274267338,19.092099874569566
277660,2112360,16.09827746544512,0.43117887564873897,72.88671742551243,19.09210205481105
277680,2112360,17.230802212510515,0.4071743931064904,72.88690742431695,19.09210423485686
277700,2112360,18.368947027867495,0.3759152113893247,72.8870974231473,19.09210641470698
277720,2112360,19.44539817337436,0.3508613043759604,72.88728742200351,19.092108594361413
277740,2112360,20.38859969621866,0.3358897891761252,72.88747742088557,19.092110773820167
277760,2112360,21.12544438195182,0.3250824032703489,72.88766741979349,19.092112953083237
277780,2112360,21.63199718612169,0.313576022395556,72.88785741872726,19.092115132150617
277800,2112360,21.967342230341448,0.3079948526722748,72.88804741768689,19.092117311022317
277820,2112360,22.19293390084598,0.31373389222136067,72.88823741667235,19.092119489698334
277840,2112360,22.368792303681744,0.33029666369850824,72.88842741568367,19.092121668178667
277860,2112360,22.561134263996685,0.35069291133978703,72.88861741472081,19.092123846463316
277880,2112360,22.853527843687445,0.36246167138285623,72.8888074137838,19.092126024552282
277900,2112360,23.355355395422624,0.3492598846706754,72.88899741287263,19.09212820244556
277920,2112360,24.06059394994423,0.32025980627010026,72.88918741198728,19.09213038014315
277940,2112360,24.89817989250489,0.3010965927931587,72.88937741112777,19.09213255764506
277960,2112360,25.81357307641141,0.30558215690841334,72.8895674102941,19.092134734951287
277980,2112360,26.75199945067597,0.3287862561575451,72.88975740948624,19.092136912061825
278000,2112360,27.65495722523237,0.3545324014199203,72.88994740870422,19.09213908897668
278020,2112360,28.47204468965596,0.36970689424543157,72.890137407948,19.092141265695844
278040,2112360,29.1724067613053,0.37022125075914625,72.89032740721763,19.092143442219324
278060,2112360,29.740732839733756,0.35874671579681566,72.89051740651306,19.092145618547118
278080,2112360,30.167052214669962,0.3406794612080314,72.8907074058343,19.092147794679235
278100,2112360,30.443550750920082,0.32170965652409644,72.89089740518136,19.092149970615658
278120,2112360,30.568094853905563,0.3068961261024751,72.89108740455423,19.092152146356394
278140,2112360,30.54596694074434,0.29989799725213673,72.89127740395291,19.09215432190145
278160,2112360,30.386531617418456,0.301856319969029,72.8914674033774,19.09215649725081
278180,2112360,30.09716410979947,0.31063707514186334,72.89165740282769,19.09215867240449
278200,2112360,29.67474575839692,0.3208387307553276,72.89184740230378,19.092160847362486
278220,2112360,29.11545931721553,0.3263326690404353,72.89203740180567,19.092163022124797
278240,2112360,28.473240990786653,0.32868803683776837,72.89222740133336,19.09216519669141
278260,2112360,27.8164620488095,0.33096915356935525,72.89241740088684,19.09216737106235
278280,2112360,27.19582354210093,0.33407918547882315,72.89260740046612,19.092169545237592
278300,2112360,26.64216653790253,0.338707554124203,72.89279740007119,19.092171719217156
278320,2112360,26.169125024127336,0.34535933557180826,72.89298739970204,19.092173893001025
278340,2112360,25.778323285286106,0.35382277171291265,72.89317739935866,19.092176066589214
278360,2112360,25.463302073230473,0.36340529762131363,72.8933673990411,19.09217823998171
278380,2112360,25.213153942608816,0.3733254235915953,72.8935573987493,19.09218041317852
278400,2112360,25.015330675053498,0.3829709194656232,72.89374739848327,19.092182586179643
278420,2112360,24.857335399298893,0.39205473675173597,72.89393739824303,19.092184758985077
278440,2112360,24.72759960771766,0.4007043133077451,72.89412739802856,19.092186931594828
278460,2112360,24.615887360324287,0.40948418667462194,72.89431739783986,19.092189104008884
278480,2112360,24.51344213390347,0.41933604300540034,72.89450739767693,19.092191276227258
278500,2112360,24.41299349465839,0.43142626545895113,72.89469739753976,19.092193448249937
278520,2112360,24.312404469785328,0.44691894041570207,72.89488739742836,19.09219562007694
276760,2112380,2.7036846743821155,0.30818967960501903,72.87816520359512,19.09218437753819
276780,2112380,2.9174553183855485,0.2858094574409874,72.87835520143933,19.092186566411904
276800,2112380,3.158252018988575,0.26370710322734026,72.87854519930951,19.09218875508994
276820,2112380,3.4395038665307998,0.2417571224037419,72.87873519720566,19.09219094357229
276840,2112380,3.7811651059480167,0.2215659066181811,72.87892519512776,19.09219313185896
276860,2112380,4.195846818153476,0.21250186796232073,72.87911519307582,19.092195319949955
276880,2112380,4.677170374777313,0.22450012861499538,72.87930519104984,19.092197507845267
276900,2112380,5.225265472460736,0.24599955501413978,72.8794951890498,19.0921996955449
276920,2112380,5.8274449729479905,0.2637534701108234,72.87968518707571,19.09220188304884
276940,2112380,6.455847215609938,0.2784598391793595,72.87987518512757,19.09220407035711
276960,2112380,7.094222609207908,0.2895601141105495,72.88006518320537,19.092206257469694
276980,2112380,7.73019411868513,0.29706794083245475,72.88025518130914,19.092208444386603
277000,2112380,8.353054129643086,0.30151907438155323,72.88044517943882,19.092210631107825
277020,2112380,8.952912796232079,0.3033236034505906,72.88063517759447,19.092212817633367
277040,2112380,9.520411381329797,0.3023483408376756,72.88082517577602,19.092215003963222
277060,2112380,10.046811067480876,0.2979345663161742,72.88101517398353,19.092217190097404
277080,2112380,10.52448320023703,0.2891355692903789,72.88120517221698,19.092219376035903
277100,2112380,10.947969885024891,0.27475827567902694,72.88139517047634,19.092221561778718
277120,2112380,11.315535127137498,0.25279826250639736,72.88158516876162,19.092223747325843
277140,2112380,11.624802481288228,0.22483286413277967,72.88177516707283,19.092225932677298
277160,2112380,11.870794372510089,0.1975294244025172,72.88196516540998,19.09222811783306
277180,2112380,12.050608710798068,0.1751129900784082,72.88215516377302,19.092230302793148
277200,2112380,12.16044270899709,0.1585385455206374,72.88234516216201,19.092232487557546
277220,2112380,12.188798088773062,0.1449481208875024,72.8825351605769,19.092234672126263
277240,2112380,12.110552435984978,0.1307501491181112,72.88272515901771,19.0922368564993
277260,2112380,11.928703629537411,0.13277288187723235,72.8829151574844,19.092239040676645
277280,2112380,11.683404106416107,0.1597386515309123,72.88310515597703,19.09224122465832
277300,2112380,11.412495796806875,0.18714160606190727,72.88329515449557,19.092243408444304
277320,2112380,11.145944742073961,0.1989051620137865,72.88348515304,19.092245592034608
277340,2112380,10.906593745215105,0.19699778376155405,72.88367515161032,19.092247775429232
277360,2112380,10.70502049927098,0.18638990322251767,72.88386515020656,19.092249958628166
277380,2112380,10.545116021301306,0.17243701802380618,72.8840551488287,19.09225214163142
277400,2112380,10.4278964811164,0.160568707242683,72.8842451474767,19.092254324438983
277420,2112380,10.354239985271793,0.155482542346826,72.88443514615064,19.09225650705087
277440,2112380,10.327807473734824,0.15971347363616287,72.88462514485043,19.092258689467066
277460,2112380,10.35814917825811,0.17182880198425704,72.88481514357613,19.092260871687582
277480,2112380,10.464341801643322,0.18464978026261963,72.88500514232771,19.09226305371241
277500,2112380,10.674224815239567,0.1856653932122574,72.88519514110517,19.09226523554156
277520,2112380,10.98705669887486,0.1863232387375112,72.88538513990851,19.092267417175023
277540,2112380,11.392143256756494,0.20514937286167892,72.88557513873774,19.092269598612802
277560,2112380,11.888501734103208,0.24379362241898567,72.88576513759283,19.092271779854894
277580,2112380,12.478443016269841,0.2947940138462607,72.8859551364738,19.092273960901302
277600,2112380,13.164018747609065,0.3495635521611903,72.88614513538063,19.092276141752027
277620,2112380,13.944713255743096,0.40014313534281404,72.88633513431334,19.092278322407065
277640,2112380,14.815683636160035,0.4376963587209946,72.88652513327193,19.092280502866416
277660,2112380,15.76887463404637,0.4468857082647003,72.88671513225637,19.092282683130083
277680,2112380,16.777640335747737,0.4243869973238095,72.88690513126667,19.092284863198064
277700,2112380,17.79028999336305,0.3915071210323441,72.88709513030282,19.09228704307036
277720,2112380,18.751583655436175,0.3603381413351818,72.88728512936486,19.092289222746974
277740,2112380,19.603521322015965,0.3362172270392884,72.88747512845273,19.0922914022279
277760,2112380,20.29538177895799,0.3183468842217607,72.88766512756645,19.09229358151314
277780,2112380,20.80999819247851,0.30539505856901056,72.88785512670603,19.09229576060269
277800,2112380,21.173432982271486,0.30003084521259654,72.88804512587146,19.092297939496557
277820,2112380,21.429718107633565,0.3049826181891191,72.88823512506274,19.092300118194736
277840,2112380,21.629415376149588,0.31886752121807727,72.88842512427985,19.09230229669723
277860,2112380,21.832544469126756,0.3352661357227361,72.8886151235228,19.092304475004035
277880,2112380,22.1190193622484,0.3433014242609589,72.8888051227916,19.092306653115163
277900,2112380,22.599894808504544,0.32889658737359373,72.88899512208623,19.092308831030593
277920,2112380,23.26307949569761,0.30230485317397154,72.8891851214067,19.09231100875034
277940,2112380,24.04749109518964,0.28536011805819816,72.889375120753,19.092313186274403
277960,2112380,24.907585790673753,0.2892998978057093,72.88956512012511,19.09231536360278
277980,2112380,25.798303377672774,0.3095523863867736,72.88975511952307,19.092317540735458
278000,2112380,26.673602617910948,0.3327907439816213,72.88994511894686,19.09231971767246
278020,2112380,27.49139283257431,0.34827625406744683,72.89013511839646,19.092321894413775
278040,2112380,28.21906519216323,0.35207250806659185,72.89032511787187,19.0923240709594
278060,2112380,28.8346450097336,0.3457114920650737,72.89051511737311,19.092326247309337
278080,2112380,29.324246384411175,0.3335728775364485,72.89070511690018,19.09232842346358
278100,2112380,29.67999971460725,0.32092372746748715,72.89089511645304,19.09233059942214
278120,2112380,29.899835345476728,0.31265061523961857,72.89108511603172,19.092332775185017
278140,2112380,29.987026501928614,0.3120857534024332,72.89127511563622,19.092334950752203
278160,2112380,29.9478516632992,0.31986906295816514,72.89146511526651,19.092337126123695
278180,2112380,29.787278618851364,0.33345150289290876,72.8916551149226,19.092339301299507
278200,2112380,29.499127405355996,0.34708584023125677,72.89184511460451,19.09234147627962
278220,2112380,29.04972836488897,0.3513734743926738,72.89203511431221,19.092343651064063
278240,2112380,28.5072467504759,0.3497485007005328,72.8922251140457,19.0923458256528
278260,2112380,27.93574942271795,0.3464382945382752,72.892415113805,19.092348000045856
278280,2112380,27.378352579855736,0.34376438861027475,72.89260511359008,19.09235017424322
278300,2112380,26.865355924896985,0.34358982436426333,72.89279511340095,19.092352348244894
278320,2112380,26.413900769484286,0.3469010016659972,72.89298511323761,19.092354522050883
278340,2112380,26.030026888747283,0.3535565236800985,72.89317511310006,19.092356695661177
278360,2112380,25.711770238321687,0.3625913054259215,72.89336511298829,19.092358869075785
278380,2112380,25.452153566994824,0.37274374947337713,72.8935551129023,19.09236104229471
278400,2112380,25.241607035990608,0.38289907138259777,72.8937451128421,19.09236321531794
278420,2112380,25.069658790356055,0.3923750808721663,72.89393511280765,19.092365388145474
278440,2112380,24.925993358959627,0.40107670850690125,72.894125112799,19.092367560777323
278460,2112380,24.80106526779719,0.4095394318105308,72.89431511281612,19.092369733213484
278480,2112380,24.686427163072704,0.4188530700931751,72.894505112859,19.092371905453952
278500,2112380,24.574878554455065,0.4304523909966455,72.89469511292764,19.092374077498736
278520,2112380,24.460500536754502,0.445796503382301,72.89488511302206,19.092376249347822
276760,2112400,2.7611448666608576,0.3079595383590943,72.87816290105197,19.092365004853352
276780,2112400,2.9712235692422104,0.2874624940556447,72.87835289910197,19.09236719374933
276800,2112400,3.2043122248444518,0.2690172995874352,72.87854289717795,19.092369382449633
276820,2112400,3.4744935315575995,0.2517937752112431,72.87873289527991,19.092371570954246
276840,2112400,3.8032004973234588,0.23553244576387383,72.8789228934078,19.092373759263175
276860,2112400,4.2018272603045395,0.22996267367150872,72.87911289156168,19.09237594737643
276880,2112400,4.668024112285829,0.24141506835584492,72.8793028897415,19.092378135293995
276900,2112400,5.200879153791086,0.25838075038016883,72.87949288794725,19.09238032301588
276920,2112400,5.783533554902971,0.2732212587773228,72.87968288617898,19.092382510542087
276940,2112400,6.393710628899185,0.285532932696582,72.87987288443665,19.09238469787261
276960,2112400,7.014984238245187,0.2955860052529083,72.88006288272025,19.09238688500744
276980,2112400,7.6349249589381,0.3034487599344994,72.88025288102982,19.092389071946595
277000,2112400,8.242905059905384,0.3091347804687212,72.8804428793653,19.09239125869006
277020,2112400,8.82918759706432,0.3123501698877983,72.88063287772675,19.092393445237853
277040,2112400,9.384612137715536,0.31233998131140145,72.88082287611412,19.092395631589948
277060,2112400,9.900603807091024,0.3081010448047698,72.88101287452741,19.09239781774637
277080,2112400,10.369474200419342,0.29878040386062815,72.88120287296665,19.092400003707098
277100,2112400,10.785209943197232,0.28365064900253695,72.88139287143183,19.092402189472146
277120,2112400,11.145788598355285,0.2605364746179575,72.88158286992292,19.09240437504151
277140,2112400,11.447708645613636,0.2304919369312743,72.88177286843994,19.0924065604152
277160,2112400,11.683274772560253,0.2005624111827242,72.88196286698287,19.092408745593197
277180,2112400,11.84858830648278,0.17449529445647044,72.88215286555175,19.092410930575504
277200,2112400,11.940013912191732,0.15360766826048006,72.88234286414652,19.09241311536213
277220,2112400,11.950746391572805,0.13714648534711507,72.88253286276722,19.09241529995307
277240,2112400,11.872085858424057,0.1262256368746622,72.88272286141382,19.09241748434833
277260,2112400,11.711566759833824,0.1316285079850043,72.88291286008635,19.0924196685479
277280,2112400,11.504306989690946,0.15910692777163082,72.88310285878477,19.09242185255179
277300,2112400,11.28017459754852,0.18873537520754058,72.8832928575091,19.092424036359994
277320,2112400,11.062428960611333,0.20518759360879543,72.88348285625935,19.092426219972506
277340,2112400,10.867879637062456,0.20611994862386923,72.88367285503548,19.09242840338934
277360,2112400,10.706342917624895,0.19564964279493516,72.88386285383753,19.092430586610487
277380,2112400,10.582652446604886,0.18085121462220966,72.88405285266546,19.092432769635945
277400,2112400,10.498182206541422,0.1685403517493249,72.88424285151929,19.092434952465716
277420,2112400,10.453617394522942,0.16387736654362964,72.88443285039902,19.092437135099807
277440,2112400,10.452247900405009,0.16910906793179517,72.88462284930462,19.092439317538208
277460,2112400,10.502697273094784,0.1823528724276373,72.88481284823612,19.09244149978092
277480,2112400,10.619977279541427,0.19734585989767944,72.88500284719352,19.092443681827955
277500,2112400,10.820652906460323,0.20408574413646308,72.88519284617678,19.0924458636793
277520,2112400,11.108243858113596,0.20371874028608195,72.88538284518593,19.092448045334955
277540,2112400,11.478275138284985,0.21359014688441602,72.88557284422096,19.09245022679492
277560,2112400,11.929576648572343,0.24153831062474004,72.88576284328185,19.092452408059206
277580,2112400,12.46241238023295,0.28458245270530536,72.88595284236862,19.0924545891278
277600,2112400,13.076635003228972,0.3347538982894949,72.88614284148127,19.092456770000712
277620,2112400,13.77058910269714,0.3830700274163924,72.8863328406198,19.09245895067793
277640,2112400,14.540328355125588,0.4192569700199094,72.88652283978419,19.092461131159467
277660,2112400,15.377713017352633,0.4317249293774924,72.88671283897443,19.092463311445318
277680,2112400,16.26171007404381,0.41797684245277344,72.88690283819054,19.092465491535478
277700,2112400,17.155360959104282,0.3889693775442435,72.88709283743252,19.092467671429944
277720,2112400,18.014416276326077,0.3566214492105771,72.88728283670034,19.09246985112873
277740,2112400,18.793472815952246,0.32842032381873965,72.88747283599403,19.09247203063183
277760,2112400,19.4551070732908,0.307021419625406,72.88766283531356,19.092474209939244
277780,2112400,19.98250774010553,0.2929303066196234,72.88785283465894,19.092476389050958
277800,2112400,20.384132600383897,0.286940729469561,72.88804283403017,19.09247856796699
277820,2112400,20.68656493823823,0.28927385044440607,72.88823283342725,19.092480746687336
277840,2112400,20.928645003808626,0.2976426920883831,72.8884228328502,19.092482925211996
277860,2112400,21.162430668185948,0.30667699812835225,72.88861283229895,19.092485103540962
277880,2112400,21.45889725465339,0.30855395476722747,72.88880283177356,19.09248728167424
277900,2112400,21.89771253218658,0.2968569390243785,72.888992831274,19.092489459611834
277920,2112400,22.48726729600005,0.27962170847826084,72.88918283080028,19.09249163735373
277940,2112400,23.19322563644632,0.2721269047606283,72.88937283035237,19.092493814899946
277960,2112400,23.9808218572156,0.28126951906135,72.88956282993031,19.092495992250473
277980,2112400,24.81359011541984,0.30173112689806564,72.88975282953409,19.092498169405307
278000,2112400,25.654504875891636,0.32265532777279005,72.88994282916367,19.092500346364446
278020,2112400,26.466175089247976,0.3361253629263229,72.89013282881909,19.09250252312791
278040,2112400,27.213609499047784,0.33989409672233584,72.89032282850032,19.092504699695674
278060,2112400,27.869690762886435,0.33578398457914665,72.89051282820736,19.09250687606775
278080,2112400,28.41683695040468,0.32765551997535475,72.89070282794023,19.09250905224414
278100,2112400,28.845393431559316,0.3200713416811232,72.8908928276989,19.092511228224836
278120,2112400,29.1517800450447,0.31719672908289026,72.89108282748342,19.092513404009843
278140,2112400,29.336714788032612,0.3216124777218369,72.8912728272937,19.092515579599155
278160,2112400,29.402652161229657,0.3332953137321152,72.89146282712981,19.092517754992787
278180,2112400,29.349476993472,0.3492589169232787,72.89165282699172,19.09251993019072
278200,2112400,29.167628490966553,0.3638184369994644,72.89184282687943,19.092522105192966
278220,2112400,28.848536866571155,0.3710853075983063,72.89203282679294,19.092524279999527
278240,2112400,28.427166715661887,0.3707284482920893,72.89222282673225,19.092526454610386
278260,2112400,27.9533385752792,0.36550635335219017,72.89241282669735,19.092528629025566
278280,2112400,27.469618221319166,0.3591138594466829,72.89260282668825,19.09253080324504
278300,2112400,27.008964015903064,0.3550964059340123,72.89279282670493,19.092532977268835
278320,2112400,26.59188405253501,0.35539203501029154,72.89298282674741,19.09253515109694
278340,2112400,26.227937103385987,0.360164723778609,72.89317282681567,19.092537324729342
278360,2112400,25.91868181212678,0.3683274186565884,72.89336282690971,19.092539498166065
278380,2112400,25.66037401014081,0.37824701607986394,72.89355282702954,19.092541671407098
278400,2112400,25.44611264344947,0.3883621351089835,72.89374282717513,19.09254384445243
278420,2112400,25.267427454484825,0.3976104766926529,72.89393282734652,19.09254601730207
278440,2112400,25.11538442025576,0.4056778805237674,72.89412282754367,19.092548189956027
278460,2112400,24.981318786607442,0.4130930439154637,72.8943128277666,19.092550362414283
278480,2112400,24.85729804705104,0.42115331109216686,72.89450282801529,19.09255253467685
278500,2112400,24.73639203722573,0.4316523595760774,72.89469282828975,19.09255470674373
278520,2112400,24.612804451233853,0.44643290207517955,72.89488282858997,19.092556878614914
276760,2112420,2.858428383705734,0.30528731149058436,72.87816059848284,19.0925456321647
276780,2112420,3.073139259063436,0.28433453345055915,72.87835059673866,19.092547821082945
276800,2112420,3.3069186658164034,0.2663578191402871,72.87854059502044,19.09255000980551
276820,2112420,3.572537724057194,0.25108870037656505,72.87873059332819,19.092552198332392
276840,2112420,3.8940587777558635,0.23499315197705112,72.8789205916619,19.092554386663583
276860,2112420,4.273708606450148,0.23232192468415955,72.87911059002157,19.092556574799097
276880,2112420,4.718327342586109,0.2445577606124674,72.87930058840719,19.092558762738925
276900,2112420,5.22843923394991,0.25948032979031416,72.87949058681876,19.092560950483062
276920,2112420,5.782790041208449,0.2740994435637224,72.87968058525628,19.09256313803152
276940,2112420,6.364976412429468,0.2870703664732475,72.87987058371976,19.092565325384292
276960,2112420,6.960660212992194,0.29846545297888283,72.88006058220918,19.09256751254138
276980,2112420,7.557682001823012,0.3085062526080191,72.88025058072455,19.092569699502775
277000,2112420,8.1453313231105,0.3170466994544575,72.88044057926584,19.09257188626849
277020,2112420,8.713775089532946,0.32326821233109937,72.88063057783309,19.092574072838524
277040,2112420,9.253803180487258,0.32559276840382567,72.88082057642627,19.092576259212862
277060,2112420,9.75675395939588,0.32211958698348486,72.88101057504538,19.09257844539152
277080,2112420,10.214571590643803,0.3115815942215612,72.88120057369042,19.092580631374492
277100,2112420,10.620292964204875,0.29369004402337207,72.8813905723614,19.09258281716178
277120,2112420,10.968578108620678,0.26854818046142054,72.8815805710583,19.09258500275338
277140,2112420,11.253328008845912,0.2383131355347455,72.88177056978112,19.092587188149288
277160,2112420,11.46728906346035,0.20753036149078166,72.88196056852988,19.09258937334952
277180,2112420,11.605343913851236,0.1801775709142522,72.88215056730455,19.092591558354055
277200,2112420,11.664700446438271,0.15940101548054622,72.88234056610513,19.09259374316291
277220,2112420,11.645336873780721,0.14770290870105468,72.88253056493163,19.092595927776074
277240,2112420,11.554513469631896,0.1437591537335429,72.88272056378405,19.092598112193553
277260,2112420,11.41326621706735,0.14664954193520255,72.88291056266237,19.092600296415345
277280,2112420,11.246941159773257,0.16635697229776997,72.88310056156661,19.092602480441453
277300,2112420,11.075100600083156,0.192836204927496,72.88329056049675,19.09260466427187
277320,2112420,10.914180523350025,0.20998540585125766,72.88348055945279,19.092606847906595
277340,2112420,10.77520361641157,0.2120875628079909,72.88367055843474,19.092609031345642
277360,2112420,10.66530963425934,0.2007196531287964,72.88386055744259,19.092611214589
277380,2112420,10.58989113956312,0.18514180115233894,72.88405055647632,19.09261339763667
277400,2112420,10.549349504250403,0.17270633360916893,72.88424055553597,19.092615580488644
277420,2112420,10.5428021577797,0.1686376435681542,72.8844305546215,19.092617763144936
277440,2112420,10.571905240009437,0.17518894724564324,72.88462055373293,19.092619945605538
277460,2112420,10.643347707419014,0.19091114264141798,72.88481055287023,19.092622127870456
277480,2112420,10.768453125547282,0.21069836592391963,72.88500055203343,19.092624309939684
277500,2112420,10.957828058092861,0.2238718833669019,72.88519055122251,19.092626491813228
277520,2112420,11.215391820842449,0.22222887849411904,72.88538055043746,19.092628673491074
277540,2112420,11.543473753362635,0.22153319111619266,72.88557054967829,19.092630854973233
277560,2112420,11.942761261666067,0.23544342949646202,72.88576054894502,19.092633036259706
277580,2112420,12.412226981637602,0.26597954607919727,72.88595054823759,19.092635217350487
277600,2112420,12.949895946497412,0.30687057938809514,72.88614054755605,19.092637398245586
277620,2112420,13.553287913015364,0.3490885851276066,72.88633054690038,19.09263957894499
277640,2112420,14.21917357053779,0.3829199368064258,72.88652054627057,19.092641759448707
277660,2112420,14.941752189252288,0.3990705144889344,72.88671054566663,19.092643939756734
277680,2112420,15.708242591788725,0.392842347322502,72.88690054508855,19.092646119869077
277700,2112420,16.4947430218747,0.36919616088237517,72.88709054453633,19.092648299785726
277720,2112420,17.268337264474187,0.33931660147654047,72.88728054400998,19.092650479506688
277740,2112420,17.993852868956285,0.31198329983814926,72.88747054350947,19.092652659031952
277760,2112420,18.640803578145906,0.29131446561729457,72.88766054303483,19.09265483836153
277780,2112420,19.19040325730066,0.27831991981474197,72.88785054258602,19.092657017495423
277800,2112420,19.639369637761476,0.272491032810678,72.88804054216305,19.092659196433626
277820,2112420,19.99924582534126,0.27215665405273426,72.88823054176596,19.09266137517613
277840,2112420,20.295189637497728,0.27440953727700257,72.88842054139468,19.09266355372295
277860,2112420,20.56697067528752,0.27560156707533123,72.88861054104926,19.092665732074074
277880,2112420,20.869046284129276,0.27257895461828424,72.88880054072969,19.092667910229512
277900,2112420,21.256970291139258,0.2655756100179054,72.88899054043593,19.092670088189262
277920,2112420,21.75958996332236,0.2610427245810733,72.88918054016803,19.092672265953315
277940,2112420,22.37504931065682,0.266602218678536,72.88937053992593,19.092674443521684
277960,2112420,23.081013267475136,0.2834838296036749,72.88956053970968,19.092676620894352
277980,2112420,23.847550679748593,0.30554149352080695,72.88975053951927,19.092678798071336
278000,2112420,24.647104558586637,0.3236641903674069,72.88994053935467,19.09268097505263
278020,2112420,25.446097187284803,0.33267470834287005,72.8901305392159,19.09268315183823
278040,2112420,26.204104348930677,0.33346226523474665,72.89032053910294,19.09268532842814
278060,2112420,26.889319104592076,0.32907372947583563,72.8905105390158,19.092687504822354
278080,2112420,27.481825422621696,0.32301175425776446,72.89070053895449,19.092689681020882
278100,2112420,27.970342192549257,0.3189083438272759,72.89089053891898,19.092691857023713
278120,2112420,28.349337773772042,0.3198928183353439,72.89108053890926,19.09269403283086
278140,2112420,28.616790219012426,0.32764284309133274,72.89127053892538,19.092696208442305
278160,2112420,28.77184972575835,0.34161961224473303,72.89146053896731,19.092698383858064
278180,2112420,28.81220362428829,0.358986919723295,72.89165053903503,19.092700559078132
278200,2112420,28.733394109531467,0.37538635008042703,72.89184053912855,19.092702734102506
278220,2112420,28.53670586418796,0.3866736286346599,72.89203053924787,19.09270490893118
278240,2112420,28.238083028727925,0.3901165973455378,72.892220539393,19.092707083564168
278260,2112420,27.865310388312047,0.38510357332786005,72.89241053956393,19.092709258001463
278280,2112420,27.461105462081967,0.37672994880260313,72.89260053976064,19.092711432243064
278300,2112420,27.06221736475167,0.3704433438778115,72.89279053998314,19.09271360628897
278320,2112420,26.690990030981382,0.3688868409470078,72.89298054023142,19.09271578013919
278340,2112420,26.359081177130225,0.3724519322989858,72.8931705405055,19.092717953793713
278360,2112420,26.070583706664273,0.3799954132276967,72.89336054080535,19.09272012725254
278380,2112420,25.824342838616325,0.38962146818002424,72.89355054113099,19.092722300515675
278400,2112420,25.61577295778705,0.39940701660506434,72.89374054148242,19.092724473583118
278420,2112420,25.438272856935612,0.4079525120642728,72.8939305418596,19.092726646454864
278440,2112420,25.284299082151893,0.41474700722044167,72.89412054226257,19.09272881913092
278460,2112420,25.146156209740493,0.42035429998654206,72.8943105426913,19.092730991611283
278480,2112420,25.016556318310425,0.42637224789030126,72.89450054314582,19.09273316389595
278500,2112420,24.888988854680544,0.43509231726695236,72.8946905436261,19.09273533598492
278520,2112420,24.757936126445234,0.44887371957086925,72.89488054413214,19.092737507878198
276760,2112440,2.9887367283566495,0.3013238562508997,72.87815829588774,19.092726259472244
276780,2112440,3.2162915701618924,0.27741449899244586,72.87834829434937,19.092728448412757
276800,2112440,3.460309013576748,0.25528407641008555,72.87853829283696,19.09273063715759
276820,2112440,3.730611313932864,0.23526595560718924,72.87872829135051,19.092732825706733
276840,2112440,4.042555530700342,0.21982403772604434,72.87891828989004,19.092735014060192
276860,2112440,4.404007813465983,0.2186863855484451,72.87910828845551,19.09273720221796
276880,2112440,4.822134659832255,0.23173607238664012,72.87929828704694,19.092739390180046
276900,2112440,5.296725734994021,0.2493064966049593,72.87948828566432,19.09274157794644
276920,2112440,5.814667967134937,0.26658136233799234,72.87967828430766,19.092743765517152
276940,2112440,6.362048913191337,0.2823708001928739,72.87986828297693,19.092745952892177
276960,2112440,6.926098735953891,0.2968775319828466,72.88005828167216,19.09274814007151
276980,2112440,7.495120945344677,0.3105348212740246,72.88024828039333,19.092750327055157
277000,2112440,8.0583453845361,0.3232486118186384,72.88043827914045,19.09275251384312
277020,2112440,8.605728609810475,0.3339225187963542,72.8806282779135,19.092754700435396
277040,2112440,9.127860945487916,0.3401699936637377,72.88081827671247,19.092756886831978
277060,2112440,9.615886676766278,0.33865627401424286,72.88100827553741,19.092759073032873
277080,2112440,10.061073259998325,0.3273299392472124,72.88119827438825,19.09276125903808
277100,2112440,10.454538996063944,0.3073171742671365,72.88138827326505,19.092763444847606
277120,2112440,10.78770219012761,0.2809981628173381,72.88157827216774,19.09276563046144
277140,2112440,11.052146554787027,0.2510030139551846,72.88176827109639,19.09276781587958
277160,2112440,11.240136936449565,0.2204632875432252,72.88195827005094,19.09277000110204
277180,2112440,11.34644372646873,0.19289806622329195,72.88214826903142,19.092772186128805
277200,2112440,11.370053306027769,0.17261012019469535,72.88233826803781,19.092774370959884
277220,2112440,11.316918843993745,0.16367038715768803,72.88252826707013,19.09277655559527
277240,2112440,11.20623384028386,0.16349235522997843,72.88271826612835,19.092778740034973
277260,2112440,11.074137666146385,0.1622254718563708,72.88290826521249,19.09278092427899
277280,2112440,10.941656350229133,0.17166963525996737,72.88309826432254,19.092783108327307
277300,2112440,10.817622664007462,0.1918046924507648,72.88328826345848,19.09278529217994
277320,2112440,10.71267799543897,0.20664265185867176,72.88347826262034,19.09278747583689
277340,2112440,10.633041798615064,0.20883791305887026,72.88366826180811,19.092789659298145
277360,2112440,10.58228834149099,0.19769164106507256,72.88385826102176,19.09279184256371
277380,2112440,10.564204696215562,0.18282283740616845,72.88404826026131,19.092794025633584
277400,2112440,10.57614492744349,0.17107857651601283,72.88423825952675,19.09279620850777
277420,2112440,10.613803237155818,0.16756335488081417,72.8844282588181,19.092798391186264
277440,2112440,10.675559311401114,0.1745592589885814,72.88461825813533,19.092800573669074
277460,2112440,10.765583600363273,0.19112065866822278,72.88480825747845,19.092802755956185
277480,2112440,10.8934488767389,0.21331717551201568,72.88499825684747,19.092804938047614
277500,2112440,11.06891100349232,0.231336969314577,72.88518825624234,19.092807119943348
277520,2112440,11.296066831069524,0.2298855954142853,72.88537825566311,19.09280930164339
277540,2112440,11.581717180342457,0.22113232098681804,72.88556825510976,19.092811483147745
277560,2112440,11.928660880388705,0.2225099216712793,72.88575825458229,19.09281366445641
277580,2112440,12.334499164496208,0.239522018726303,72.88594825408069,19.092815845569383
277600,2112440,12.795398262429261,0.2686551684557132,72.88613825360495,19.092818026486665
277620,2112440,13.308137686787003,0.302635036403077,72.8863282531551,19.092820207208252
277640,2112440,13.870640610874256,0.33351711140752954,72.88651825273111,19.092822387734156
277660,2112440,14.481471182258984,0.35339983107044365,72.88670825233298,19.092824568064362
277680,2112440,15.138667358195663,0.35344121105744786,72.88689825196072,19.092826748198878
277700,2112440,15.83112732361269,0.3343364062904753,72.8870882516143,19.0928289281377
277720,2112440,16.53548976836444,0.3096604884498012,72.88727825129375,19.092831107880833
277740,2112440,17.225091226201865,0.28783025983458366,72.88746825099906,19.092833287428277
277760,2112440,17.873040081449684,0.27250003362595737,72.88765825073023,19.09283546678003
277780,2112440,18.45707375361446,0.26416304905037336,72.88784825048722,19.092837645936083
277800,2112440,18.963800604027767,0.2611591755685497,72.8880382502701,19.092839824896448
277820,2112440,19.390694172550806,0.2603947601366928,72.8882282500788,19.092842003661122
277840,2112440,19.747242324447456,0.25841931538299107,72.88841824991334,19.092844182230102
277860,2112440,20.05650639678347,0.2533149868924375,72.88860824977374,19.092846360603396
277880,2112440,20.355098715054968,0.24672556395523262,72.88879824965997,19.092848538780988
277900,2112440,20.688226311056315,0.24432077102074073,72.88898824957204,19.09285071676289
277920,2112440,21.10270398340061,0.2517308418587617,72.88917824950994,19.0928528945491
277940,2112440,21.629185736210296,0.26860022653327825,72.88936824947366,19.092855072139617
277960,2112440,22.254391469518836,0.29119288940594135,72.88955824946324,19.092857249534447
277980,2112440,22.94846273970336,0.31428641457323975,72.88974824947863,19.092859426733572
278000,2112440,23.698445280144487,0.3291386044849497,72.88993824951984,19.09286160373701
278020,2112440,24.47745957763021,0.3319404473723808,72.89012824958688,19.092863780544757
278040,2112440,25.232513875921885,0.32867556678629467,72.89031824967974,19.092865957156803
278060,2112440,25.930386561358493,0.32326222894306683,72.89050824979842,19.092868133573162
278080,2112440,26.551346607589227,0.31849992592058796,72.89069824994291,19.09287030979383
278100,2112440,27.083182214934613,0.31693296854417147,72.89088825011322,19.092872485818795
278120,2112440,27.518438404197934,0.32060925673161284,72.89107825030935,19.09287466164807
278140,2112440,27.852617841502116,0.33042309680043114,72.89126825053127,19.092876837281658
278160,2112440,28.082687997504117,0.3456154184837083,72.891458250779,19.092879012719543
278180,2112440,28.206146358186345,0.36385635172992975,72.89164825105254,19.092881187961737
278200,2112440,28.221972099099244,0.38195282781802,72.891838251351885,19.092883363008234
278220,2112440,28.134033600209687,0.39676458159839645,72.89202825167702,19.09288553785904
278240,2112440,27.949700975867092,0.40491217755476594,72.89221825202797,19.09288771251415
278260,2112440,27.672197768702468,0.40067844939960107,72.89240825240469,19.092889886973566
278280,2112440,27.350784649555635,0.3923690730752754,72.89259825280722,19.092892061237286
278300,2112440,27.021503022231634,0.38611852360905086,72.89278825323554,19.09289423530531
278320,2112440,26.705853560363195,0.3845910334324779,72.89297825368965,19.09289640917764
278340,2112440,26.416415971188215,0.3882577564854947,72.89316825416954,19.092898582854275
278360,2112440,26.159082323161723,0.39596951682243625,72.8933582546752,19.09290075633521
278380,2112440,25.93477092771007,0.40568051120466,72.89354825520667,19.092902929620458
278400,2112440,25.74086892169631,0.41520058864480874,72.8937382557639,19.09290510271001
278420,2112440,25.57244505615985,0.4228370186448094,72.89392825634691,19.09290727560386
278440,2112440,25.42325495925261,0.4278958684632505,72.8941182569557,19.092909448302013
278460,2112440,25.2865581960856,0.43101770963068786,72.89430825759025,19.092911620804475
278480,2112440,25.155754351066914,0.43422497779906316,72.89449825825058,19.092913793111244
278500,2112440,25.024837613709547,0.440508376259576,72.89468825893667,19.09291596522231
278520,2112440,24.888681159299935,0.45293488575762186,72.89487825964854,19.092918137137687
276760,2112460,3.142219993335893,0.2993279398286471,72.87815599326669,19.09290688677598
276780,2112460,3.385377295971204,0.2722645667152587,72.87834599193413,19.092909075738763
276800,2112460,3.6447017400650297,0.24522884265892292,72.87853599062753,19.09291126450587
276820,2112460,3.9209111319759637,0.2196422982136303,72.87872598934689,19.092913453077273
276840,2112460,4.222842413242006,0.2011897899294563,72.87891598809222,19.092915641452986
276860,2112460,4.562973712118661,0.19912257732177813,72.87910598686351,19.092917829633024
276880,2112460,4.950284494649149,0.21244167168120656,72.87929598566073,19.092920017617367
276900,2112460,5.3862925575564935,0.23241537527549533,72.87948598448394,19.092922205406015
276920,2112460,5.864207231376098,0.2529625032155744,72.87967598333307,19.092924392998977
276940,2112460,6.373483479063091,0.2722645913459824,72.87986598220817,19.092926580396252
276960,2112460,6.902829388745739,0.29051215167176214,72.8800559811092,19.09292876759784
276980,2112460,7.441117950963795,0.3082795220684777,72.88024598003618,19.092930954603737
277000,2112460,7.977636840195744,0.3256006777369467,72.88043597898911,19.09293314141394
277020,2112460,8.502140188159101,0.3414104648128203,72.88062597796797,19.092935328028457
277040,2112460,9.004915417571649,0.35302534970486327,72.88081597697276,19.092937514447286
277060,2112460,9.476986581399544,0.3553303447460436,72.8810059760035,19.09293970067042
277080,2112460,9.909143859476917,0.34417116766273975,72.88119597506015,19.09294188669787
277100,2112460,10.290087172683602,0.32368145143150545,72.88138597414276,19.092944072529626
277120,2112460,10.608459257121453,0.29811633853892855,72.88157597325127,19.09294625816569
277140,2112460,10.853744054752196,0.26967503689886585,72.88176597238572,19.092948443606073
277160,2112460,11.017246166334319,0.2400235630734019,72.88195597154609,19.092950628850755
277180,2112460,11.094036420699041,0.21134682444738245,72.88214597073238,19.09295281389975
277200,2112460,11.085183802047355,0.18735545133353318,72.88233596994458,19.092954998753058
277220,2112460,11.001004304907111,0.1728908169998036,72.88252596918271,19.09295718341067
277240,2112460,10.867804570364642,0.16807918411467243,72.88271596844675,19.092959367872588
277260,2112460,10.732258899359733,0.16325363156689068,72.88290596773669,19.092961552138828
277280,2112460,10.617196755422976,0.16812800973045403,72.88309596705255,19.092963736209363
277300,2112460,10.528443248213842,0.1820339962286524,72.88328596639433,19.092965920084215
277320,2112460,10.471359311281045,0.19291402316747794,72.88347596576199,19.092968103763372
277340,2112460,10.448532294134726,0.1945470730962299,72.88366596515556,19.092970287246843
277360,2112460,10.460443434056886,0.18681641372549176,72.88385596457502,19.09297247053462
277380,2112460,10.505055222508668,0.1748147222601937,72.8840459640204,19.0929746536267
277400,2112460,10.575199179682594,0.16450138719750806,72.88423596349166,19.092976836523096
277420,2112460,10.66104062938078,0.1609877153804254,72.88442596298881,19.09297901922379
277440,2112460,10.75560426028041,0.166301533882009,72.88461596251186,19.0929812017288
277460,2112460,10.860087578188466,0.17921536249142528,72.8848059620608,19.092983384038117
277480,2112460,10.984481114949066,0.19748733015441008,72.88499596163561,19.092985566151736
277500,2112460,11.141907082523916,0.21480439137713617,72.8851859612363,19.09298774806967
277520,2112460,11.340360303458029,0.21554205823073522,72.8853759608629,19.09298992979191
277540,2112460,11.588324675842504,0.20498491312477107,72.88556596051535,19.09299211131846
277560,2112460,11.88859063591264,0.20027785530661185,72.8857559601937,19.092994292649312
277580,2112460,12.236109011815183,0.2070855047891338,72.88594595989791,19.09299647378447
277600,2112460,12.624885935043427,0.2243515753250144,72.88613595962799,19.09299865472394
277620,2112460,13.051272099454279,0.24820756618806405,72.88632595938394,19.09300083546771
277640,2112460,13.514983795782046,0.27323632176081425,72.88651595916578,19.093003016015796
277660,2112460,14.019841329307967,0.29304325214925175,72.88670595897345,19.093005196368182
277680,2112460,14.5748941176258,0.29767930778159335,72.886895958807,19.093007376524874
277700,2112460,15.182626859405124,0.285552714341199,72.88708595866642,19.093009556485878
277720,2112460,15.830414432913448,0.2704913343149616,72.88727595855168,19.093011736251185
277740,2112460,16.499208587932,0.2588713811693907,72.8874659584628,19.093013915820798
277760,2112460,17.16299710641605,0.25311712160185446,72.88765595839978,19.093016095194713
277780,2112460,17.794403164396503,0.253004336530672,72.8878459583626,19.093018274372945
277800,2112460,18.370228723965138,0.2562163283153723,72.88803595835128,19.093020453355475
277820,2112460,18.87437888268869,0.2587353667356561,72.88822595836581,19.09302263214231
277840,2112460,19.29972494196242,0.2560516099793492,72.88841595840616,19.09302481073345
277860,2112460,19.65117387807604,0.2464660507938533,72.88860595847237,19.0930269891289
277880,2112460,19.948959180326426,0.2350151686928523,72.88879595856442,19.09302916732866
277900,2112460,20.2298562492136,0.2331866908441948,72.8889859586823,19.09303134533271
277920,2112460,20.553911681262093,0.24827028896060646,72.88917595882602,19.09303352314108
277940,2112460,21.000197442064287,0.27097017163857706,72.88936595899557,19.093035700753752
277960,2112460,21.552799541429543,0.29414713787880614,72.88955595919094,19.093037878170726
277980,2112460,22.176479625075704,0.3147499843892367,72.88974595941217,19.093040055392006
278000,2112460,22.866787803335672,0.3259507290153541,72.88993595965918,19.09304223241759
278020,2112460,23.604944165781923,0.3249497162890794,72.89012595993205,19.093044409247476
278040,2112460,24.33331180884563,0.32030413052839674,72.89031596023072,19.093046585881673
278060,2112460,25.021831108482324,0.31565950028966905,72.89050596055522,19.09304876232017
278080,2112460,25.65128889833584,0.3130449720350345,72.89069596090552,19.09305093856297
278100,2112460,26.20817652073358,0.31404419241509096,72.89088596128165,19.093053114610075
278120,2112460,26.682797563062064,0.3198451556633895,72.8910759616836,19.093055290461486
278140,2112460,27.0681972354516,0.33085120236836235,72.89126596211133,19.0930574661172
278160,2112460,27.35942943750337,0.34633972872281965,72.89145596256489,19.09305964157722
278180,2112460,27.553329155956575,0.3644968813247814,72.89164596304424,19.09306181684154
278200,2112460,27.64910750069858,0.38280797300501185,72.89183596354941,19.093063991910167
278220,2112460,27.648956305838354,0.3983823513269788,72.89202596408037,19.093066166783096
278240,2112460,27.55543550112805,0.407522016218096,72.89221596463712,19.09306834146033
278260,2112460,27.375919044694935,0.4074277882526189,72.89240596521967,19.093070515941864
278280,2112460,27.143361398020613,0.40282008006460823,72.89259596582802,19.093072690227704
278300,2112460,26.89001896396012,0.39936929631933377,72.89278596646217,19.09307486431785
278320,2112460,26.637148512683762,0.3999612747730889,72.89297596712208,19.093077038212286
278340,2112460,26.398112861290546,0.40523687062798025,72.89316596780779,19.09307921191104
278360,2112460,26.180226954832364,0.41414101101602074,72.89335596851929,19.093081385414088
278380,2112460,25.986090941349055,0.42459286997821694,72.89354596925656,19.093083558721435
278400,2112460,25.814736018806833,0.43421682094503267,72.89373597001962,19.093085731833096
278420,2112460,25.662648785240183,0.4410392716720072,72.89392597080845,19.09308790474905
278440,2112460,25.524700403816674,0.4441476494695681,72.89411597162305,19.093090077469313
278460,2112460,25.394986953111996,0.44426527442905167,72.89430597246343,19.09309224999387
278480,2112460,25.26754673377772,0.443987142338505,72.89449597332957,19.09309442232274
278500,2112460,25.13689568151064,0.44728901380778996,72.89468597422149,19.093096594455904
278520,2112460,24.99836091719545,0.45821052368176646,72.89487597513917,19.093098766393375
276780,2112480,3.559958673380172,0.2743403830984003,72.87834368949292,19.093089703060972
276800,2112480,3.835340372402811,0.2450193280732553,72.87853368839212,19.093091891850335
276820,2112480,4.115594727051783,0.21510139145536508,72.8787236873173,19.093094080444004
276840,2112480,4.405546327818683,0.19120798358038524,72.87891368626843,19.093096268841986
276860,2112480,4.721881731483991,0.18392894523413902,72.87910368524552,19.09309845704428
276880,2112480,5.077259798106465,0.19408363273689505,72.8792936842486,19.09310064505088
276900,2112480,5.475923696430874,0.21379003184833925,72.8794836832776,19.093102832861785
276920,2112480,5.914791204230481,0.23609448437098102,72.87967368233254,19.093105020477005
276940,2112480,6.386280714532832,0.25816606359718564,72.87986368141345,19.09310720789653
276960,2112480,6.880768833926145,0.2796846175586196,72.88005368052029,19.09310939512037
276980,2112480,7.387928481504322,0.3010424145318123,72.88024367965309,19.09311158214851
277000,2112480,7.8973350026256846,0.3222474401582428,72.88043367881183,19.093113768980963
277020,2112480,8.398721409846496,0.34230962614837135,72.88062367799651,19.093115955617723
277040,2112480,8.882107568306887,0.35878148840913926,72.8808136772071,19.093118142058792
277060,2112480,9.338217485743497,0.3664044663334386,72.88100367644365,19.093120328304167
277080,2112480,9.758151306390184,0.357020134455006,72.88119367570614,19.09312251435385
277100,2112480,10.127965374539407,0.3395512663287951,72.88138367499454,19.09312470020785
277120,2112480,10.434288564817214,0.3180773114319412,72.88157367430887,19.09312688586615
277140,2112480,10.664514097998147,0.29355076811626307,72.88176367364913,19.093129071328757
277160,2112480,10.808575367997681,0.2659317670529653,72.88195367301532,19.09313125659567
277180,2112480,10.86189238345623,0.2357344370813355,72.88214367240742,19.0931334416669
277200,2112480,10.827660614255295,0.20525752722161134,72.88233367182545,19.093135626542427
277220,2112480,10.719489699940677,0.1791085989441511,72.88252367126938,19.093137811222267
277240,2112480,10.566761275966675,0.1626537558114366,72.88271367073924,19.093139995706412
277260,2112480,10.414033313817473,0.158637194356618,72.882903670235,19.09314217999486
277280,2112480,10.296430107381406,0.16549516906785453,72.88309366975666,19.09314436408762
277300,2112480,10.227686005250971,0.17250030931349458,72.88328366930425,19.093146547984688
277320,2112480,10.207501641582866,0.17692950577791464,72.88347366887774,19.09314873168606
277340,2112480,10.234313333794747,0.17788402072661932,72.88366366847711,19.093150915191735
277360,2112480,10.305080489317726,0.17404204993500227,72.88385366810239,19.093153098501723
277380,2112480,10.412643409155752,0.1659683852502761,72.88404366775359,19.093155281616017
277400,2112480,10.543637779732634,0.15712160767451616,72.88423366743066,19.093157464534613
277420,2112480,10.68010654067476,0.15299299238514943,72.88442366713363,19.09315964725752
277440,2112480,10.806696770594208,0.15540549152882707,72.88461366686249,19.09316182978473
277460,2112480,10.920916881610921,0.16048713507247184,72.88480366661724,19.093164012116247
277480,2112480,11.035461361532338,0.16665518253848968,72.88499366639788,19.093166194252063
277500,2112480,11.17045776547442,0.17516091297608627,72.8851836662044,19.093168376192196
277520,2112480,11.342788624210568,0.17787993520246628,72.8853736660368,19.093170557936624
277540,2112480,11.561822224968378,0.17293637850283236,72.88556366589508,19.093172739485365
277560,2112480,11.825711835385396,0.17147135107709727,72.88575366577922,19.093174920838404
277580,2112480,12.124329496276552,0.17468339333492008,72.88594366568927,19.093177101995757
277600,2112480,12.449389896412184,0.18228242323245877,72.88613366562515,19.093179282957415
277620,2112480,12.7975624393145,0.1950869269682547,72.88632366558693,19.093181463723372
277640,2112480,13.170414288601151,0.21071507952191462,72.88651366557457,19.093183644293635
277660,2112480,13.577173023735586,0.22406200093471892,72.88670366558807,19.0931858246682
277680,2112480,14.035950570957043,0.2301355583398008,72.88689366562744,19.093188004847075
277700,2112480,14.563385936604998,0.2295809402493601,72.88708366569267,19.09319018483025
277720,2112480,15.163569771654696,0.22841276592548662,72.88727366578374,19.09319236461773
277740,2112480,15.824152428518945,0.22997671748859863,72.88746366590068,19.093194544209517
277760,2112480,16.51651940234258,0.2358032760914946,72.88765366604348,19.093196723605608
277780,2112480,17.2064028104883,0.24548295926221403,72.88784366621213,19.093198902806005
277800,2112480,17.86148296197277,0.25707195507517605,72.88803366640661,19.0932010818107
277820,2112480,18.453721560606663,0.26645919765407355,72.88822366662696,19.093203260619703
277840,2112480,18.959817471863843,0.26713296221809946,72.88841366687313,19.093205439233007
277860,2112480,19.366292578937227,0.2549651523509083,72.88860366714516,19.093207617650616
277880,2112480,19.679542572078763,0.2357483380559697,72.88879366744303,19.093209795872525
277900,2112480,19.931346902870455,0.22620494185637402,72.88898366776674,19.09321197389875
277920,2112480,20.186611089356667,0.23934053893442095,72.88917366811627,19.093214151729264
277940,2112480,20.54058933984604,0.2641627981889754,72.88936366849164,19.093216329364086
277960,2112480,21.017858483574997,0.28421345783351165,72.88955366889283,19.093218506803208
277980,2112480,21.572615547868637,0.29874439001963743,72.88974366931987,19.093220684046642
278000,2112480,22.1901349898341,0.30636717426222604,72.88993366977272,19.093222861094368
278020,2112480,22.85252702668491,0.3074567065706176,72.89012367025138,19.093225037946404
278040,2112480,23.525673337498176,0.3062112509497449,72.89031367075589,19.093227214602734
278060,2112480,24.18155469695148,0.30557083008748503,72.8905036712862,19.093229391063378
278080,2112480,24.79967625606489,0.30690120286813555,72.89069367184233,19.093231567328317
278100,2112480,25.364057379507052,0.3110766840032259,72.89088367242428,19.09323374339756
278120,2112480,25.86209745004974,0.31878775639308965,72.89107367303204,19.093235919271105
278140,2112480,26.284080558682312,0.3303170090431222,72.8912636736656,19.09323809494895
278160,2112480,26.62286236346151,0.34521980638465793,72.89145367432498,19.0932402704311
278180,2112480,26.873774265459918,0.3622116370303663,72.89164367501016,19.09324244571755
278200,2112480,27.034729128109834,0.37930134482959693,72.89183367572113,19.093244620808303
278220,2112480,27.10615464060606,0.39400047447073555,72.89202367645792,19.093246795703354
278240,2112480,27.091152230396105,0.4037330313865005,72.89221367722048,19.09324897040271
278260,2112480,26.999876150225777,0.40757916351161344,72.89240367800886,19.093251144906368
278280,2112480,26.853849932987647,0.4080874808279682,72.89259367882303,19.093253319214323
278300,2112480,26.677560064998925,0.40912866133568426,72.892783679663,19.09325549332658
278320,2112480,26.49059876568872,0.41330491084526383,72.89297368052874,19.093257667243137
278340,2112480,26.30652924775787,0.42133608587623683,72.89316368142026,19.093259840964
278360,2112480,26.133621471454905,0.43229954836738277,72.89335368233759,19.093262014489163
278380,2112480,25.975744731622754,0.44416423070874117,72.89354368328068,19.093264187818626
278400,2112480,25.833221510394782,0.45442688156908745,72.89373368424955,19.093266360952388
278420,2112480,25.703651320729282,0.460797998560304,72.8939236852442,19.09326853389045
278440,2112480,25.582747450284156,0.4620191643296113,72.89411368626463,19.093270706632808
278460,2112480,25.465213401415102,0.4588136137342334,72.89430368731082,19.093272879179473
278480,2112480,25.345582938178715,0.454514251069348,72.89449368838281,19.093275051530433
278500,2112480,25.21884986602687,0.45449927362259646,72.89468368948054,19.0932772236857
278520,2112480,25.08081223503276,0.46413726485237383,72.89487369060404,19.093279395645258
276780,2112500,3.717927553629363,0.2841225034544727,72.87834138702573,19.09327033037937
276800,2112500,4.008592165679607,0.2566552600848635,72.87853138613076,19.093272519191
276820,2112500,4.290861525150039,0.22523991245574027,72.87872138526176,19.093274707806934
276840,2112500,4.565403600002531,0.19471890911244166,72.8789113844187,19.093276896227174
276860,2112500,4.857522879030295,0.1782410993453083,72.87910138360161,19.093279084451723
276880,2112500,5.183002179770576,0.1805999253515665,72.87929138281048,19.09328127248058
276900,2112500,5.54791675065885,0.1964326775538666,72.8794813820453,19.093283460313746
276920,2112500,5.951416659221457,0.2182110803505279,72.87967138130607,19.09328564795122
276940,2112500,6.388078510645903,0.2416430630320093,72.87986138059279,19.093287835393003
276960,2112500,6.849845448929783,0.265352804669005,72.88005137990544,19.09329002263908
276980,2112500,7.327354856159486,0.2891608662696195,72.88024137924405,19.093292209689476
277000,2112500,7.81072507312447,0.31279529927504507,72.8804313786086,19.093294396544174
277020,2112500,8.289982394580244,0.3351095371808447,72.88062137799909,19.09329658320318
277040,2112500,8.755301118007846,0.35351022037120866,72.88081137741551,19.09329876966649
277060,2112500,9.197165372495808,0.36341256282442497,72.88100137685788,19.093300955934108
277080,2112500,9.605173370963708,0.36168736340322577,72.88119137632619,19.09330314200603
277100,2112500,9.965858508525375,0.3523102766630104,72.8813813758204,19.09330532788226
277120,2112500,10.264324949310575,0.33865124504657695,72.88157137534056,19.09330751356279
277140,2112500,10.485347888187725,0.3206459406880033,72.88176137488662,19.093309699047634
277160,2112500,10.616362186515463,0.29660505049667796,72.88195137445862,19.093311884336778
277180,2112500,10.65301709651662,0.26589413868952877,72.88214137405654,19.09331406943023
277200,2112500,10.60089516323105,0.2302904129050445,72.88233137368039,19.093316254327984
277220,2112500,10.474385191758568,0.19417338078603605,72.88252137333014,19.093318439030046
277240,2112500,10.302383894541347,0.1677041714846856,72.88271137300582,19.093320623536417
277260,2112500,10.127482217609796,0.16292615577428485,72.8829013727074,19.093322807847088
277280,2112500,9.994137252004897,0.16869810490955228,72.88309137243488,19.093324991962064
277300,2112500,9.930963994595883,0.16482958086327854,72.88328137218828,19.093327175881345
277320,2112500,9.934353137392263,0.1616423942654697,72.88347137196757,19.093329359604937
277340,2112500,9.999448242550118,0.16347714598317073,72.88366137177277,19.09333154313283
277360,2112500,10.120224873277465,0.16554775763756918,72.88385137160388,19.09333372646502
277380,2112500,10.285605643631618,0.1625369621759672,72.88404137146088,19.093335909601524
277400,2112500,10.476090354485356,0.15451012556120178,72.88423137134377,19.09333809254233
277420,2112500,10.66384397889015,0.14922597560678222,72.88442137125256,19.09334027528743
277440,2112500,10.821215704436037,0.15079332965130643,72.88461137118725,19.093342457836847
277460,2112500,10.941419320655122,0.1494876874346627,72.8848013711478,19.093344640190562
277480,2112500,11.04265657383485,0.13938362312277622,72.88499137113425,19.093346822348582
277500,2112500,11.153844826758167,0.13127910668683732,72.8851813711466,19.09334900431091
277520,2112500,11.304033017925342,0.13276960790518375,72.88537137118482,19.093351186077534
277540,2112500,11.505394409581442,0.1381424258398233,72.88556137124891,19.093353367648465
277560,2112500,11.745195646949938,0.14829837687722808,72.88575137133888,19.0933555490237
277580,2112500,12.005615824061083,0.15433077059735906,72.88594137145473,19.093357730203234
277600,2112500,12.27691110659781,0.15595852862189502,72.88613137159646,19.093359911187076
277620,2112500,12.55808751107663,0.16008602693618149,72.88632137176404,19.093362091975216
277640,2112500,12.850942793420957,0.16614305599432655,72.8865113719575,19.093364272567662
277660,2112500,13.16706427195196,0.16983104287335163,72.88670137217682,19.093366452964414
277680,2112500,13.534780863078707,0.17333674694968187,72.886891372422,19.093368633165465
277700,2112500,13.98725990250628,0.18129625632390053,72.88708137269305,19.093370813170814
277720,2112500,14.546521622040489,0.19330822258729305,72.88727137298996,19.093372992980473
277740,2112500,15.209223482507632,0.20558192480137444,72.88746137331272,19.09337517259443
277760,2112500,15.938246384988823,0.22088523673980948,72.88765137366133,19.09337735201269
277780,2112500,16.6917877878675,0.2385078450271312,72.8878413740358,19.09337953123525
277800,2112500,17.43029529868046,0.2579238038266637,72.88803137443611,19.09338171026212
277820,2112500,18.11781763260521,0.27618369136788057,72.88822137486227,19.093383889093285
277840,2112500,18.71734316615095,0.2840288795104396,72.88841137531428,19.09338606772875
277860,2112500,19.19451277717129,0.2715475979260129,72.88860137579212,19.09338824616852
277880,2112500,19.545021833887322,0.2440852869650156,72.8887913762958,19.09339042441259
277900,2112500,19.796258671270124,0.22119418442363661,72.88898137682533,19.093392602460966
277920,2112500,20.012003152569896,0.2235386472383857,72.88917137738069,19.093394780313638
277940,2112500,20.27842384627259,0.24472677211469832,72.88936137796188,19.093396957970615
277960,2112500,20.656761528923703,0.26197234298290595,72.8895513785689,19.093399135431888
277980,2112500,21.11871504272229,0.2720677523694352,72.88974137920175,19.09340131269746
278000,2112500,21.64157213531365,0.2786629974511904,72.88993137986041,19.09340348976734
278020,2112500,22.21171798734629,0.2839337001340601,72.89012138054491,19.093405666641523
278040,2112500,22.810356189067015,0.2893065215868605,72.89031138125523,19.093407843319998
278060,2112500,23.41571281559388,0.2953252376119836,72.89050138199137,19.09341001980278
278080,2112500,24.006524396449226,0.3020761258124402,72.89069138275332,19.09341219608985
278100,2112500,24.5637838199658,0.3098262673571555,72.8908813835411,19.093414372181233
278120,2112500,25.071557567553565,0.319123140057366,72.89107138435467,19.093416548076913
278140,2112500,25.517137171762172,0.3304815343276366,72.89126138519406,19.093418723776892
278160,2112500,25.890963710332336,0.34396478904763866,72.89145138605926,19.09342089928117
278180,2112500,26.186553723119975,0.35892585108593,72.89164138695025,19.093423074589747
278200,2112500,26.400468852142684,0.37402364232100843,72.89183138786706,19.093425249702626
278220,2112500,26.532404409884464,0.3875063405582681,72.89202138880967,19.09342742461981
278240,2112500,26.5859368667744,0.39784380456176405,72.89221138977807,19.093429599341285
278260,2112500,26.57041863086288,0.4047662550675423,72.89240139077226,19.093431773867056
278280,2112500,26.50150202719893,0.40983086619326536,72.89259139179225,19.093433948197134
278300,2112500,26.39751217869907,0.41549146762301276,72.89278139283803,19.093436122331514
278320,2112500,26.275021988818516,0.4236414219072203,72.8929713939096,19.093438296270183
278340,2112500,26.146771565776977,0.43484099203383747,72.89316139500696,19.093440470013157
278360,2112500,26.021313432419937,0.448252876714558,72.8933513961301,19.093442643560426
278380,2112500,25.90330295305818,0.46195108020616127,72.89354139727902,19.093444816911997
278400,2112500,25.793979723414683,0.4733690034148056,72.89373139845371,19.093446990067864
278420,2112500,25.691725238386322,0.4798545023809573,72.89392139965419,19.093449163028037
278440,2112500,25.592745009683462,0.47956159055258263,72.89411140088045,19.093451335792494
278460,2112500,25.491992955983118,0.47295081620610646,72.89430140213247,19.093453508361257
278480,2112500,25.38425555931709,0.4642660673459863,72.89449140341026,19.093455680734326
278500,2112500,25.26492937437288,0.460944911977488,72.89468140471382,19.093457852911683
278520,2112500,25.13026701980892,0.4701401649289403,72.89487140604315,19.09346002489334
276780,2112520,3.837288932100189,0.2960114609192084,72.87833908453258,19.093450957693964
276800,2112520,4.1359079291168985,0.2718242127426759,72.87852908384343,19.093453146527857
276820,2112520,4.41778245731099,0.241298746336918,72.87871908318024,19.093455335166055
276840,2112520,4.678850671937514,0.20570335853910263,72.878909082543,19.09345752360856
276860,2112520,4.951159368877287,0.1798564198973234,72.87909908193173,19.09345971185537
276880,2112520,5.252080830628528,0.1722511754899671,72.87928908134643,19.09346189990649
276900,2112520,5.588890529617304,0.1817203406646191,72.87947908078705,19.093464087761905
276920,2112520,5.962349662621763,0.2012030905504849,72.87966908025363,19.093466275421633
276940,2112520,6.36871430859253,0.2247285548598635,72.87985907974617,19.093468462885664
276960,2112520,6.801322020108938,0.24946756115488805,72.88004907926465,19.093470650154
276980,2112520,7.251820999237633,0.27446279012760405,72.88023907880908,19.093472837226635
277000,2112520,7.711030576102656,0.29912691948372744,72.88042907837945,19.093475024103583
277020,2112520,8.169471086303384,0.32229208620076605,72.88061907797575,19.09347721078483
277040,2112520,8.617609543147443,0.3418247477136917,72.880809077598,19.093479397270382
277060,2112520,9.04572768954708,0.35510635266523655,72.88099907724619,19.093481583560237
277080,2112520,9.44308084775348,0.36109179585729645,72.8811890769203,19.093483769654405
277100,2112520,9.796897998017679,0.36140464918524967,72.88137907662033,19.09348595555286
277120,2112520,10.092045539794176,0.35742488340484524,72.8815690763463,19.093488141255637
277140,2112520,10.310510271733468,0.34763172740336246,72.88175907609819,19.09349032676271
277160,2112520,10.434352426288607,0.32808453409385036,72.88194907587602,19.093492512074082
277180,2112520,10.459077903157441,0.29752170220686597,72.88213907567975,19.093494697189765
277200,2112520,10.395815971938054,0.2594389312960556,72.8823290755094,19.093496882109743
277220,2112520,10.256133054303753,0.21734311845725146,72.88251907536498,19.09349906683403
277240,2112520,10.065964862868748,0.18139009778814183,72.88270907524647,19.093501251362625
277260,2112520,9.872218998148428,0.16713730240368083,72.88289907515387,19.093503435695517
277280,2112520,9.721617510085885,0.16353759841235158,72.88308907508718,19.093505619832712
277300,2112520,9.650105724449757,0.15207250902521097,72.88327907504639,19.09350780377421
277320,2112520,9.662582383248402,0.1464215807318288,72.88346907503151,19.09350998752001
277340,2112520,9.752246344728425,0.1534928461532364,72.88365907504254,19.093512171070113
277360,2112520,9.90969623565144,0.16425302184975737,72.88384907507945,19.093514354424517
277380,2112520,10.121023485332199,0.16714127863828357,72.88403907514227,19.09351653758323
277400,2112520,10.36189517657585,0.1585902721522161,72.88422907523099,19.093518720546236
277420,2112520,10.593715586051669,0.14953572003680524,72.8844190753456,19.093520903313554
277440,2112520,10.778410971393159,0.15229369402716425,72.8846090754861,19.093523085885163
277460,2112520,10.906257269360797,0.15134562103437899,72.88479907565248,19.09352526826108
277480,2112520,11.001632743915565,0.1350271671620965,72.88498907584476,19.093527450441297
277500,2112520,11.098613397769453,0.11782662296964772,72.88517907606291,19.093529632425813
277520,2112520,11.23530901288373,0.11584841851905225,72.88536907630696,19.09353181421464
277540,2112520,11.427881988430924,0.12629228553474808,72.88555907657687,19.09353399580776
277560,2112520,11.65187140493772,0.14477057812429325,72.88574907687267,19.093536177205188
277580,2112520,11.881972786943463,0.153163031488017,72.88593907719435,19.093538358406914
277600,2112520,12.108638517149588,0.15210437169757543,72.88612907754188,19.093540539412942
277620,2112520,12.336615942751084,0.15374644239527369,72.88631907791529,19.09354272022327
277640,2112520,12.56481372256677,0.15440266429700342,72.88650907831457,19.093544900837895
277660,2112520,12.806082040660831,0.14687528398918337,72.88669907873971,19.093547081256823
277680,2112520,13.097242263119785,0.14066240613394485,72.88688907919072,19.093549261480053
277700,2112520,13.481132619201768,0.15199028489039917,72.88707907966759,19.093551441507582
277720,2112520,14.003481157766014,0.17063532691714275,72.88726908017031,19.093553621339414
277740,2112520,14.672589871423186,0.1848248355129057,72.8874590806989,19.093555800975544
277760,2112520,15.435974030053679,0.20386011602441878,72.88764908125334,19.093557980415973
277780,2112520,16.24670124065885,0.22540919272273077,72.88783908183362,19.093560159660704
277800,2112520,17.0598544216586,0.2501077142066699,72.88802908243976,19.093562338709734
277820,2112520,17.83659081364975,0.27581241285735025,72.88821908307173,19.093564517563067
277840,2112520,18.53458893430859,0.29249086370673916,72.88840908372957,19.093566696220694
277860,2112520,19.091085508181273,0.28094643729531693,72.88859908441323,19.093568874682624
277880,2112520,19.500699317639253,0.25096248705457286,72.88878908512274,19.093571052948857
277900,2112520,19.775118943016988,0.22074022940028654,72.88897908585808,19.093573231019384
277920,2112520,19.97293514739801,0.21177168701241922,72.88916908661926,19.09357540889421
277940,2112520,20.171932486516972,0.2235312228804547,72.88935908740628,19.09357758657334
277960,2112520,20.441196326077808,0.23668693853478626,72.88954908821913,19.093579764056766
277980,2112520,20.78923688013521,0.24357050564268415,72.8897390890578,19.093581941344492
278000,2112520,21.198713005902242,0.2510511789395573,72.8899290899223,19.09358411843651
278020,2112520,21.664163978030246,0.26205046593558645,72.89011909081262,19.093586295332834
278040,2112520,22.177705870564207,0.2755372491386709,72.89030909172875,19.09358847203346
278060,2112520,22.722533250515465,0.2891477755969973,72.89049909267072,19.093590648538378
278080,2112520,23.275950650907216,0.30147043638359006,72.8906890936385,19.093592824847594
278100,2112520,23.815673120558248,0.3123419552327858,72.8908790946321,19.09359500096111
278120,2112520,24.322508268781185,0.322445412352347,72.8910690956515,19.093597176878923
278140,2112520,24.780850852619434,0.3327713209517239,72.89125909669671,19.093599352601032
278160,2112520,25.17878989129729,0.3440412212632868,72.89144909776773,19.093601528127444
278180,2112520,25.50811104814832,0.3563263340412539,72.89163909886456,19.09360370345815
278200,2112520,25.764242134445006,0.3690059803565092,72.89182909998719,19.093605878593156
278220,2112520,25.94631086595715,0.38106492032993566,72.89201910113562,19.093608053532463
278240,2112520,26.05752990431313,0.39165683096453063,72.89220910230985,19.09361022827606
278260,2112520,26.105711661592217,0.40072808231580276,72.89239910350987,19.093612402823958
278280,2112520,26.102850431789708,0.4092404752613051,72.89258910473568,19.093614577176155
278300,2112520,26.063076899122585,0.41868509696692047,72.89277910598729,19.09361675133264
278320,2112520,26.000051996280238,0.43025116485503534,72.89296910726468,19.09361892529343
278340,2112520,25.925149798603968,0.4442256598120675,72.89315910856786,19.09362109905852
278360,2112520,25.846649644693514,0.4598156822945004,72.89334910989682,19.093623272627898
278380,2112520,25.769555775587452,0.47526586355245876,72.89353911125157,19.093625446001578
278400,2112520,25.695703134222097,0.4880842722587684,72.8937291126321,19.093627619179554
278420,2112520,25.623983004516163,0.4953260832396047,72.8939191140384,19.09362979216182
278440,2112520,25.5507265586477,0.49427170894229444,72.894109115470485,19.09363196494839
278460,2112520,25.47060902196951,0.4845012136288305,72.89429911692834,19.093634137539254
278480,2112520,25.37830242677648,0.4712975828800628,72.89448911841195,19.093636309934414
278500,2112520,25.269591838713676,0.4653026887425185,72.89467911992134,19.093638482133873
278520,2112520,25.141148045328304,0.47591791840864683,72.89486912145651,19.093640654137626
276780,2112540,3.904790241293274,0.30347143219644407,72.87833678201348,19.09363158500475
276800,2112540,4.197402916081286,0.27995610693404366,72.87852678153014,19.09363377386091
276820,2112540,4.4750248393045,0.25071903147497615,72.87871678107278,19.093635962521375
276840,2112540,4.731041356656807,0.21441774482742046,72.87890678064136,19.09363815098614
276860,2112540,4.991715296346442,0.18304788078514816,72.8790967802359,19.09364033925521
276880,2112540,5.2752992611347205,0.1674050117334487,72.87928677985641,19.093642527328583
276900,2112540,5.590590747863991,0.17085267527365075,72.87947677950285,19.093644715206256
276920,2112540,5.939961392512021,0.18772977021450749,72.87966677917527,19.09364690288824
276940,2112540,6.3211549537493,0.2106055070749482,72.87985677887362,19.093649090374523
276960,2112540,6.728742797375433,0.2352550190879648,72.88004677859792,19.093651277665106
276980,2112540,7.155322115477129,0.26013673182489405,72.88023677834816,19.093653464759992
277000,2112540,7.592439321075954,0.2846216726280233,72.88042677812435,19.093655651659187
277020,2112540,8.031175314719949,0.3078584435590303,72.88061677792648,19.093657838362677
277040,2112540,8.462374449402807,0.32849253454994554,72.88080677775454,19.093660024870477
277060,2112540,8.876507428652623,0.3451713084119297,72.88099677760853,19.093662211182572
277080,2112540,9.263189277939363,0.35745856932278475,72.88118677748847,19.093664397298973
277100,2112540,9.610578346857011,0.36591717505747773,72.88137677739434,19.09366658321967
277120,2112540,9.904609513414131,0.3706389853291833,72.88156677732611,19.093668768944674
277140,2112540,10.12656839131115,0.3691306987202114,72.88175677728384,19.093670954473982
277160,2112540,10.247794112702103,0.3538002249481435,72.88194677726749,19.093673139807585
277180,2112540,10.261111708959042,0.3219038271557732,72.88213677727704,19.093675324945494
277200,2112540,10.190414623739205,0.28160477249772864,72.88232677731251,19.093677509887705
277220,2112540,10.045274222772388,0.23595935831673417,72.88251677737391,19.093679694634215
277240,2112540,9.84716002185009,0.19224708455135472,72.88270677746122,19.093681879185024
277260,2112540,9.643680276015099,0.16513791417277143,72.88289677757443,19.093684063540145
277280,2112540,9.478450577369008,0.1516475940934964,72.88308677771357,19.093686247699555
277300,2112540,9.392632309695008,0.13928920084559943,72.8832767778786,19.093688431663267
277320,2112540,9.403509228014281,0.13655282818436154,72.88346677806955,19.093690615431278
277340,2112540,9.505466344702318,0.1491192616923477,72.88365677828638,19.093692799003595
277360,2112540,9.683545471110767,0.1668499044430273,72.88384677852913,19.09369498238021
277380,2112540,9.921844361157916,0.17262802876807093,72.88403677879778,19.093697165561128
277400,2112540,10.190745198836321,0.16024835748121452,72.88422677909232,19.093699348546345
277420,2112540,10.44493028906427,0.14685252590243936,72.88441677941275,19.09370153133586
277440,2112540,10.652279625331264,0.1491986057919769,72.88460677975908,19.09370371392968
277460,2112540,10.801596656058083,0.15234560322904953,72.88479678013128,19.093705896327794
277480,2112540,10.914480057276124,0.14587911243869736,72.88498678052939,19.093708078530213
277500,2112540,11.021820093335316,0.13968754005890544,72.88517678095336,19.09371026053693
277520,2112540,11.159951913055297,0.13869672549329765,72.88536678140322,19.093712442347943
277540,2112540,11.342093403596188,0.14279209474772575,72.88555678187896,19.09371462396326
277560,2112540,11.546474056441689,0.15257991404882904,72.88574678238058,19.093716805382872
277580,2112540,11.749000735924431,0.1585259917082401,72.88593678290808,19.093718986606785
277600,2112540,11.941079837354243,0.15833944008561449,72.88612678346144,19.093721167634996
277620,2112540,12.127608548483865,0.15939059815428136,72.88631678404067,19.09372334846751
277640,2112540,12.309862426317471,0.1566645033344203,72.88650678464577,19.093725529104322
277660,2112540,12.50430962279972,0.14496797034104078,72.88669678527674,19.09372770954543
277680,2112540,12.747820211708422,0.13436222930964684,72.88688678593357,19.093729889790843
277700,2112540,13.08476818646051,0.14334857906427856,72.88707678661628,19.09373206984055
277720,2112540,13.571956605216215,0.16016285399235325,72.88726678732482,19.093734249694553
277740,2112540,14.237231931451241,0.16731757969112118,72.88745678805923,19.09373642935285
277760,2112540,15.019579405645128,0.18058564228920687,72.88764678881948,19.093738608815453
277780,2112540,15.865601038386458,0.2028281224376771,72.8878367896056,19.09374078808235
277800,2112540,16.729685966068374,0.23026002533001408,72.88802679041756,19.09374296715355
277820,2112540,17.56985301711822,0.25748504594657806,72.88821679125537,19.093745146029047
277840,2112540,18.339186359329585,0.27441362941072883,72.88840679211901,19.09374732470884
277860,2112540,18.98367699789171,0.2702965789155328,72.88859679300852,19.09374950319293
277880,2112540,19.47768815285658,0.25136485316092777,72.88878679392384,19.093751681481315
277900,2112540,19.79956146503535,0.22876088945575154,72.88897679486502,19.093753859574
277920,2112540,19.99883564833981,0.21684013704038307,72.88916679583203,19.093756037470982
277940,2112540,20.149860011421847,0.2176036476982131,72.88935679682487,19.093758215172265
277960,2112540,20.32152784886517,0.22191494941964368,72.88954679784354,19.09376039267784
277980,2112540,20.548752573222007,0.22503426663177212,72.88973679888802,19.09376256998771
278000,2112540,20.83634864094815,0.23299121639387826,72.88992679995835,19.093764747101883
278020,2112540,21.190628817464038,0.24942780941655318,72.8901168010545,19.093766924020347
278040,2112540,21.616020526636426,0.2704444500071667,72.89030680217647,19.093769100743113
278060,2112540,22.098013781006035,0.29046818976499983,72.89049680332425,19.093771277270168
278080,2112540,22.609523328608606,0.3070418222767061,72.89068680449788,19.09377345360153
278100,2112540,23.125278571703195,0.31972119417033096,72.89087680569729,19.09377562973718
278120,2112540,23.623452642193683,0.3294306475030615,72.89106680692251,19.09377780567713
278140,2112540,24.08584746721345,0.3377494268623783,72.89125680817355,19.093779981421378
278160,2112540,24.49843705523136,0.3460959476733614,72.8914468094504,19.09378215696991
278180,2112540,24.851532373636925,0.3552315917454237,72.89163681075306,19.09378433232275
278200,2112540,25.139634611691015,0.36518692248758794,72.89182681208152,19.093786507479884
278220,2112540,25.361268859752503,0.3755303217486781,72.89201681343577,19.09378868244131
278240,2112540,25.518924303460235,0.38582413083811645,72.89220681481582,19.09379085720703
278260,2112540,25.61891069874642,0.396045458772379,72.89239681622166,19.093793031777054
278280,2112540,25.67069082523586,0.4067176702583889,72.89258681765331,19.093795206151366
278300,2112540,25.6854932760395,0.4186470653219859,72.89277681911075,19.093797380329967
278320,2112540,25.67461369399837,0.43244282022239144,72.89296682059398,19.093799554312874
278340,2112540,25.647998523612,0.4481141552921264,72.89315682210298,19.09380172810008
278360,2112540,25.613363687019334,0.4648980329506899,72.89334682363778,19.09380390169156
278380,2112540,25.575764345159175,0.48127779156280004,72.89353682519835,19.09380607508735
278400,2112540,25.53742493797801,0.49505874671269756,72.89372682678471,19.09380824828744
278420,2112540,25.497652080523398,0.5033780971960978,72.89391682839684,19.09381042129181
278440,2112540,25.45272227130512,0.5027281466754949,72.89410683003474,19.093812594100488
278460,2112540,25.39626417844136,0.49062612478679823,72.89429683169843,19.093814766713447
278480,2112540,25.322213441213087,0.473181371543332,72.89448683338787,19.093816939130704
278500,2112540,25.227085504602638,0.46644894754077687,72.8946768351031,19.093819111352257
278520,2112540,25.107824775694098,0.48196804774697216,72.89486683684407,19.09382128337811
276800,2112560,4.201836822548666,0.2796212482430733,72.87852447919089,19.093814401190166
276820,2112560,4.469813411242367,0.25046804661172273,72.87871447893933,19.093816589872894
276840,2112560,4.723936606761326,0.21689696571145273,72.87890447871375,19.093818778359918
276860,2112560,4.9787244671131665,0.1847143614905167,72.8790944785141,19.09382096665125
276880,2112560,5.250840706029788,0.16575295007395813,72.87928447834044,19.09382315474688
276900,2112560,5.550383949505013,0.1665744253680534,72.8794744781927,19.093825342646817
276920,2112560,5.881089943044379,0.18205802187279133,72.87966447807095,19.093827530351046
276940,2112560,6.241938914927069,0.20376221299957323,72.87985447797512,19.09382971785958
276960,2112560,6.6284973323912935,0.22685390530622362,72.88004447790524,19.09383190517242
276980,2112560,7.03412274717997,0.24990616354386572,72.88023447786131,19.093834092289555
277000,2112560,7.451010976547694,0.27271073598924095,72.8804244778433,19.09383627921099
277020,2112560,7.870821619462865,0.2949326012320296,72.88061447785127,19.093838465936727
277040,2112560,8.284868835123206,0.3158238223036262,72.88080447788515,19.093840652466763
277060,2112560,8.683996576686951,0.3345662039886889,72.88099447794498,19.0938428388011
277080,2112560,9.058244541755014,0.3506856533797302,72.88118447803072,19.09384502493974
277100,2112560,9.396381961756857,0.3639339772542108,72.88137447814242,19.093847210882675
277120,2112560,9.685135162122304,0.37342359272947184,72.88156447828001,19.093849396629917
277140,2112560,9.906864960401682,0.37617165126011926,72.88175447844357,19.09385158218145
277160,2112560,10.027980146249389,0.36326597454477133,72.88194447863302,19.093853767537283
277180,2112560,10.038064491093197,0.330922391484815,72.88213447884841,19.093855952697425
277200,2112560,9.96698942090819,0.28922558903968576,72.88232447908972,19.093858137661858
277220,2112560,9.827721525665318,0.24266730479475537,72.88251447935693,19.093860322430597
277240,2112560,9.640724939457142,0.19806246545466366,72.88270447965006,19.093862507003628
277260,2112560,9.441170165134187,0.16591241150373873,72.8828944799691,19.093864691380958
277280,2112560,9.26897227935542,0.15057762033400132,72.88308448031405,19.093866875562593
277300,2112560,9.169094899298763,0.1432444766963706,72.88327448068492,19.09386905954852
277320,2112560,9.17576231732243,0.13915317378098502,72.88346448108169,19.093871243338754
277340,2112560,9.282218791591239,0.14768394039390959,72.88365448150435,19.09387342693328
277360,2112560,9.466845605029908,0.16381256016673526,72.88384448195292,19.093875610332105
277380,2112560,9.71322487765335,0.16729385156972876,72.8840344824274,19.093877793535228
277400,2112560,9.98777023666286,0.1554694058002723,72.88422448292775,19.093879976542652
277420,2112560,10.250793908367823,0.14506501823445428,72.884414483454,19.093882159354376
277440,2112560,10.475863962415056,0.14779016773183093,72.88460448400616,19.093884341970398
277460,2112560,10.654849078050155,0.1559206681618418,72.88479448458419,19.09388652439071
277480,2112560,10.800536912296973,0.1609584009888966,72.8849844851881,19.093888706615328
277500,2112560,10.936496894222293,0.16395865554544475,72.88517448581791,19.09389088864424
277520,2112560,11.08649987691624,0.16578748028558535,72.8853644864736,19.09389307047745
277540,2112560,11.258757058376302,0.16655437411210577,72.88555448715516,19.093895252114955
277560,2112560,11.441476759834888,0.16782996291958321,72.88574448786261,19.093897433556755
277580,2112560,11.618915876703214,0.16817617226562337,72.88593448859594,19.09389961480286
277600,2112560,11.784556899618414,0.1669089223956663,72.88612448935511,19.09390179585326
277620,2112560,11.941006686917776,0.1654455997614258,72.88631449014018,19.093903976707956
277640,2112560,12.095708516313382,0.16091836941371737,72.88650449095111,19.09390615736695
277660,2112560,12.267479687423783,0.15168602186578323,72.8866944917879,19.09390833783024
277680,2112560,12.48918816393603,0.14566855285246544,72.88688449265057,19.09391051809783
277700,2112560,12.802995678779036,0.15310277758398713,72.88707449353909,19.09391269816971
277720,2112560,13.263462443438932,0.16477903939307273,72.88726449445346,19.09391487804589
277740,2112560,13.90589302158182,0.1653798837930099,72.8874544953937,19.09391705772636
277760,2112560,14.682588754691546,0.1684583264863875,72.88764449635978,19.093919237211132
277780,2112560,15.53748583267339,0.18353548886139368,72.88783449735172,19.0939214165002
277800,2112560,16.424099864803413,0.20696425402903756,72.88802449836952,19.093923595593562
277820,2112560,17.299229560835396,0.230986258569834,72.88821449941315,19.09392577449123
277840,2112560,18.117960508269796,0.24776677600179914,72.88840450048262,19.09392795319318
277860,2112560,18.835103179606627,0.25359627860998,72.88859450157794,19.09393013169943
277880,2112560,19.41063097740722,0.25226627260015955,72.88878450269911,19.09393231000998
277900,2112560,19.804219682904776,0.24774430637365644,72.8889745038461,19.093934488124823
277920,2112560,20.018876133763847,0.24037764699921418,72.88916450501894,19.093936666043955
277940,2112560,20.137309805634697,0.23375673801779198,72.88935450621761,19.093938843767386
277960,2112560,20.231994012156804,0.22816460531395072,72.88954450744211,19.09394102129512
277980,2112560,20.353859979099433,0.2250916698225198,72.88973450869243,19.09394319862714
278000,2112560,20.529573129730952,0.22979076561252884,72.88992450996858,19.093945375763454
278020,2112560,20.776466871493383,0.24876229467985936,72.89011451127057,19.09394755270407
278040,2112560,21.11921383082895,0.2748373525738306,72.89030451259836,19.093949729448973
278060,2112560,21.541229288241237,0.2990187731756727,72.89049451395198,19.093951905998175
278080,2112560,22.009008114112714,0.3181883002868399,72.89068451533142,19.093954082351665
278100,2112560,22.497009697746154,0.33116925911128514,72.89087451673666,19.09395625850946
278120,2112560,22.981129234311073,0.3392372804243296,72.89106451816771,19.093958434471542
278140,2112560,23.440540529919407,0.3447068560624543,72.8912545196246,19.093960610237918
278160,2112560,23.85936768014974,0.34966285900533267,72.89144452110727,19.093962785808586
278180,2112560,24.226831688795276,0.35542177851493656,72.89163452261575,19.093964961183552
278200,2112560,24.53678726194619,0.36249799590022375,72.89182452415004,19.09396713636281
278220,2112560,24.78723661364697,0.37085411253653255,72.89201452571012,19.09396931134636
278240,2112560,24.97993096394014,0.3802701665112684,72.89220452729602,19.09397148613421
278260,2112560,25.119918762735836,0.390660111569398,72.89239452890769,19.093973660726345
278280,2112560,25.21482839216704,0.4021872592666195,72.89258453054516,19.09397583512278
278300,2112560,25.273814127387965,0.41513780490941693,72.89277453220843,19.0939780093235
278320,2112560,25.30633942960359,0.429653440757073,72.89296453389748,19.093980183328522
278340,2112560,25.321074276870714,0.4454844292755424,72.89315453561233,19.093982357137836
278360,2112560,25.32507762985939,0.46186476847497066,72.89334453735295,19.09398453075143
278380,2112560,25.323274260701456,0.47750636352199183,72.89353453911934,19.093986704169332
278400,2112560,25.318135632091053,0.4906389488142276,72.89372454091153,19.093988877391524
278420,2112560,25.309425594058457,0.4989915706812704,72.8939145427295,19.093991050418
278440,2112560,25.29374785939606,0.4995083365865317,72.89410454457324,19.093993223248773
278460,2112560,25.263121632921727,0.48713710752351524,72.89429454644275,19.093995395883837
278480,2112560,25.20930919631478,0.4669531092886886,72.89448454833804,19.093997568323196
278500,2112560,25.13100090853036,0.46441345855726024,72.89467455025908,19.09399974056685
278520,2112560,25.024443757859842,0.4903592523332395,72.8948645522059,19.094001912614786
276800,2112580,4.165478205521047,0.27418609597339466,72.87852217682568,19.093995028515607
276820,2112580,4.421678857619511,0.2447741907205845,72.87871217677996,19.0939972172206
276840,2112580,4.670551842273762,0.21397019688578556,72.87890217676018,19.09399940572989
276860,2112580,4.919948481901602,0.1853163026818151,72.87909217676636,19.09400159404348
276880,2112580,5.183321110661356,0.1698025610653156,72.87928217679851,19.094003782161373
276900,2112580,5.470858256014835,0.1730059649860001,72.87947217685662,19.09400597008356
276920,2112580,5.786864186715211,0.18871029380133833,72.87966217694067,19.09400815781005
276940,2112580,6.131180069007083,0.20828889444048426,72.87985217705067,19.094010345340838
276960,2112580,6.499997416180091,0.22766006587083895,72.88004217718661,19.094012532675922
276980,2112580,6.88707099801286,0.24656153342978468,72.8802321773485,19.094014719815306
277000,2112580,7.285113418611318,0.26568276414357056,72.88042217753633,19.094016906758984
277020,2112580,7.686392383758305,0.28523315868185395,72.88061217775011,19.09401909350697
277040,2112580,8.082773367079138,0.30477384559421367,72.88080217798982,19.09402128005925
277060,2112580,8.465523606898127,0.32352722911813686,72.88099217825547,19.094023466415823
277080,2112580,8.824965891285245,0.3406311106740471,72.88118217854705,19.0940256525767
277100,2112580,9.14993901184491,0.35500652891534007,72.88137217886457,19.094027838541873
277120,2112580,9.426795057316122,0.36474466979726977,72.881562179208,19.09403002431134
277140,2112580,9.637347028798455,0.36611070275876717,72.88175217957735,19.094032209885114
277160,2112580,9.759311172339753,0.35347212622466406,72.88194217997264,19.09403439526318
277180,2112580,9.786390216899305,0.32536490286025777,72.88213218039385,19.09403658044554
277200,2112580,9.733261867028718,0.28688929880629727,72.88232218084097,19.094038765432206
277220,2112580,9.61546611528655,0.24360211708395663,72.88251218131403,19.09404095022316
277240,2112580,9.45193920165059,0.20225270293009265,72.88270218181297,19.09404313481842
277260,2112580,9.269952457248797,0.17197220580876654,72.88289218233786,19.094045319217976
277280,2112580,9.104785617782648,0.15929306529281942,72.88308218288863,19.09404750342182
277300,2112580,9.001209482575677,0.15604431931679225,72.88327218346532,19.09404968742997
277320,2112580,9.002825399009744,0.1476556519229746,72.88346218406792,19.094051871242414
277340,2112580,9.106011022059523,0.14549039323766097,72.88365218469642,19.094054054859157
277360,2112580,9.286128625787219,0.153542616857022,72.8838421853508,19.094056238280192
277380,2112580,9.523612542042532,0.15697043368758842,72.88403218603109,19.094058421505526
277400,2112580,9.78938665992395,0.1521419052827906,72.88422218673729,19.094060604535155
277420,2112580,10.051898740463704,0.14914705868930536,72.88441218746937,19.09406278736908
277440,2112580,10.2898209484151,0.15516276625295877,72.88460218822735,19.094064970007302
277460,2112580,10.495421615082238,0.16685287263766377,72.88479218901121,19.094067152449817
277480,2112580,10.67457291418563,0.1782493557778632,72.88498218982096,19.09406933469663
277500,2112580,10.841078969143174,0.18695766943784167,72.88517219065659,19.094071516747743
277520,2112580,11.008006498039896,0.19203257277867813,72.88536219151811,19.094073698603147
277540,2112580,11.17920685720409,0.19276792545596655,72.88555219240551,19.094075880262842
277560,2112580,11.348429339632887,0.18949196422157774,72.88574219331878,19.09407806172684
277580,2112580,11.50780359993279,0.18391024996445451,72.88593219425792,19.094080242995126
277600,2112580,11.654780385339167,0.17816258361865514,72.88612219522294,19.094082424067714
277620,2112580,11.793356597012002,0.17316171562383176,72.88631219621384,19.094084604944594
277640,2112580,11.93426782498986,0.16787010261707855,72.88650219723058,19.094086785625777
277660,2112580,12.097329447769551,0.16256819066977904,72.88669219827321,19.094088966111237
277680,2112580,12.312408022573702,0.16199151194917732,72.8868821993417,19.094091146401002
277700,2112580,12.617690290227584,0.17025742281384154,72.88707220043605,19.094093326495063
277720,2112580,13.056891278221052,0.1813147053706068,72.88726220155625,19.09409550639342
277740,2112580,13.662655928225714,0.18137678860025946,72.88745220270232,19.094097686096067
277760,2112580,14.410643097295853,0.1755136804729828,72.88764220387422,19.09409986560301
277780,2112580,15.248878895064061,0.17789170499870907,72.887832205072,19.094102044914248
277800,2112580,16.131342537307603,0.19141441230226214,72.88802220629562,19.094104224029774
277820,2112580,17.016143580802638,0.2105158894504627,72.88821220754508,19.094106402949595
277840,2112580,17.862104655544133,0.22912203747369417,72.88840220882038,19.09410858167372
277860,2112580,18.627367187765252,0.2452748932334078,72.88859221012154,19.094110760202128
277880,2112580,19.26701457226189,0.26009521999166607,72.88878221144853,19.09411293853484
277900,2112580,19.722861653664296,0.27029819574006736,72.88897221280136,19.09411511667183
277920,2112580,19.96614353235023,0.2683987567815289,72.88916221418003,19.094117294613124
277940,2112580,20.072353167090625,0.25805478367962015,72.88935221558452,19.09411947235871
277960,2112580,20.11537837845747,0.24468369175031368,72.88954221701486,19.094121649908583
277980,2112580,20.164977184219374,0.23648974268140843,72.88973221847101,19.094123827262752
278000,2112580,20.26145763120686,0.23483010033300886,72.889922219953,19.09412600442122
278020,2112580,20.428975290252694,0.252364755477727,72.89011222146081,19.094128181383976
278040,2112580,20.696500168310944,0.2819146824501174,72.89030222299444,19.094130358151027
278060,2112580,21.054806189428223,0.3105878847485066,72.89049222455388,19.094132534722362
278080,2112580,21.4764576737631,0.33184878954214897,72.89068222613915,19.094134711098
278100,2112580,21.93489518366304,0.3439811777823669,72.89087222775022,19.094136887277926
278120,2112580,22.40131437489912,0.34948443368033083,72.89106222938712,19.09413906326214
278140,2112580,22.851687350982303,0.3517101261911873,72.89125223104983,19.094141239050654
278160,2112580,23.268806785512815,0.35327908594291574,72.89144223273833,19.094143414643455
278180,2112580,23.641410055051395,0.35583270332797234,72.89163223445264,19.094145590040547
278200,2112580,23.963097616677384,0.36015679228399655,72.89182223619277,19.094147765241935
278220,2112580,24.231542807127063,0.36643102740817124,72.89201223795868,19.094149940247608
278240,2112580,24.447897276321168,0.37452473462789626,72.8922022397504,19.094152115057575
278260,2112580,24.616218432522537,0.3842450325354187,72.89239224156792,19.094154289671838
278280,2112580,24.742777566291295,0.3954521527490068,72.89258224341123,19.094156464090386
278300,2112580,24.83520641621644,0.40802167437238485,72.89277224528033,19.094158638313232
278320,2112580,24.901559929645167,0.4217113638264871,72.8929622471752,19.094160812340363
278340,2112580,24.949431481112743,0.4360238468073624,72.89315224909588,19.09416298617179
278360,2112580,24.985224585569156,0.45012926721714064,72.89334225104233,19.094165159807503
278380,2112580,25.013608235930597,0.46285784761011534,72.89353225301458,19.09416733324751
278400,2112580,25.037113289396626,0.4727314584189796,72.89372225501259,19.094169506491802
278420,2112580,25.055768225163597,0.4779844732849841,72.89391225703639,19.094171679540388
278440,2112580,25.066530096910935,0.4764630016075683,72.89410225908597,19.094173852393265
278460,2112580,25.061369962886122,0.4648379156498255,72.89429226116131,19.094176025050427
278480,2112580,25.031177174581508,0.451198297352938,72.89448226326242,19.094178197511887
278500,2112580,24.97436438372385,0.46243606156359274,72.8946722653893,19.09418036977763
278520,2112580,24.88496428375599,0.5050480326989343,72.89486226754195,19.094182541847672
276820,2112600,4.344622474358773,0.23863888592824714,72.87870987459459,19.094177844564502
276840,2112600,4.584952607676539,0.21072896618884251,72.87889987478066,19.094180033096055
276860,2112600,4.827143772064378,0.1896260251153819,72.87908987499267,19.0941822214319
276880,2112600,5.081788331377384,0.18302704055124094,72.87927987523064,19.094184409572055
276900,2112600,5.358924651122129,0.19172211626511598,72.87946987549456,19.094186597516494
276920,2112600,5.662092984557906,0.2083631266196068,72.87965987578444,19.09418878526524
276940,2112600,5.992217677203726,0.22442344248289506,72.87984987610027,19.094190972818275
276960,2112600,6.3455062349939615,0.23773675103498215,72.88003987644204,19.094193160175614
276980,2112600,6.715491060774951,0.25027110154825666,72.88022987680976,19.094195347337244
277000,2112600,7.095353153673202,0.26382475052572413,72.88041987720342,19.094197534303174
277020,2112600,7.478078740324585,0.2790326121402711,72.88060987762302,19.094199721073398
277040,2112600,7.8561990482196045,0.295543716914353,72.88079987806856,19.09420190764792
277060,2112600,8.221507647657063,0.3123955073432897,72.88098987854003,19.09420409402674
277080,2112600,8.564711929826268,0.3282647286787284,72.88117987903745,19.094206280209853
277100,2112600,8.874962568216976,0.34143676129104134,72.88136987956076,19.09420846619726
277120,2112600,9.139284282640512,0.34953096332179767,72.88155988011005,19.094210651988963
277140,2112600,9.342571718636641,0.34933722306233084,72.88174988068522,19.094212837584966
277160,2112600,9.470989014627781,0.33774094414306177,72.88193988128636,19.09421502298527
277180,2112600,9.520066438801006,0.3141824579130158,72.88212988191339,19.094217208189857
277200,2112600,9.49660571485852,0.28143169845619326,72.88231988256634,19.094219393198745
277220,2112600,9.412587548990748,0.2439045479671094,72.8825098832452,19.094221578011933
277240,2112600,9.283368069670253,0.20727755931252684,72.88269988395,19.094223762629408
277260,2112600,9.130358317006753,0.17906826133355727,72.8828898846807,19.09422594705118
277280,2112600,8.984545915454836,0.16607851311471905,72.88307988543731,19.094228131277248
277300,2112600,8.887002882527053,0.16357237447636594,72.88326988621982,19.09423031530761
277320,2112600,8.881580906256119,0.1542160510889235,72.88345988702824,19.094232499142276
277340,2112600,8.973734910101012,0.1463709049397405,72.88364988786257,19.094234682781224
277360,2112600,9.139684164272705,0.1485132836105879,72.88383988872279,19.094236866224467
277380,2112600,9.359349159962528,0.1527037421978135,72.88402988960891,19.09423904947201
277400,2112600,9.609586162515132,0.15492496300799607,72.88421989052094,19.09424123252385
277420,2112600,9.866514449990675,0.1592248089840425,72.88440989145884,19.094243415379978
277440,2112600,10.11236192450362,0.16914093553618267,72.88459989242266,19.094245598040402
277460,2112600,10.33867913086573,0.1830748175131508,72.88478989341235,19.094247780505118
277480,2112600,10.54598152923579,0.19729168313406073,72.88497989442791,19.09424996277413
277500,2112600,10.740081515103856,0.20921456123964163,72.88516989546939,19.094252144847438
277520,2112600,10.926476653148077,0.2172677753785631,72.88535989653673,19.094254326725036
277540,2112600,11.105173706525866,0.21932563142369493,72.88554989762996,19.094256508406925
277560,2112600,11.270702021270061,0.21292662453252875,72.88573989874907,19.09425868989311
277580,2112600,11.420843456374001,0.20167204153753815,72.88592989989404,19.09426087118359
277600,2112600,11.557928553690333,0.19068536804538452,72.88611990106489,19.09426305227836
277620,2112600,11.688345802727298,0.1818915155444853,72.8863099022616,19.09426523317743
277640,2112600,11.824490163513671,0.17551195547750734,72.8864999034842,19.094267413880786
277660,2112600,11.98606374909609,0.1724305065480598,72.88668990473265,19.094269594388436
277680,2112600,12.20009806877662,0.17524580432210315,72.88687990600697,19.09427177470038
277700,2112600,12.499218313588184,0.1853068546332064,72.88706990730715,19.094273954816618
277720,2112600,12.917733170818922,0.19797240008710956,72.88725990863318,19.094276134737147
277740,2112600,13.481895831126932,0.20169324044693057,72.88744990998508,19.09427831446197
277760,2112600,14.185253059030066,0.19106780381066393,72.88763991136283,19.09428049399108
277780,2112600,14.98584362482613,0.18215076822189685,72.88782991276642,19.094282673324482
277800,2112600,15.840126814293642,0.18600593686084968,72.88801991419588,19.094284852462177
277820,2112600,16.709131305366775,0.20145483938052897,72.88820991565117,19.094287031404168
277840,2112600,17.55519535731682,0.22304536147583512,72.88839991713232,19.09428921015045
277860,2112600,18.338677102750687,0.24690542154225337,72.8885899186393,19.094291388701023
277880,2112600,19.012233700731965,0.27017085257474144,72.88877992017213,19.094293567055885
277900,2112600,19.510854739385387,0.2858764227115624,72.88896992173078,19.09429574521504
277920,2112600,19.78143080457837,0.2832377121332845,72.88915992331528,19.094297923178484
277940,2112600,19.899416689017276,0.26909905088406344,72.88934992492561,19.09430010094622
277960,2112600,19.930850089069235,0.2500466364048604,72.88953992656178,19.09430227851825
277980,2112600,19.953612573991606,0.2374003255310215,72.88972992822377,19.094304455894566
278000,2112600,20.01294343258948,0.23544762513070716,72.88991992991157,19.09430663307518
278020,2112600,20.136247498008263,0.2528647906707832,72.89010993162522,19.094308810060078
278040,2112600,20.34163127368137,0.28627751072852903,72.89029993336469,19.094310986849273
278060,2112600,20.635721892221596,0.320827582397466,72.89048993512996,19.094313163442756
278080,2112600,21.013067820138975,0.3438660326026719,72.89067993692106,19.094315339840527
278100,2112600,21.443462117555466,0.3540670479239783,72.89086993873798,19.094317516042587
278120,2112600,21.889391499597295,0.35672313558327196,72.8910599405807,19.094319692048945
278140,2112600,22.324577920646483,0.35610144753507217,72.89124994244924,19.094321867859584
278160,2112600,22.731858923211508,0.35496427423117216,72.89143994434359,19.094324043474515
278180,2112600,23.100281221046195,0.35499707437468697,72.89162994626373,19.09432621889374
278200,2112600,23.423578091011937,0.35706865494185885,72.89181994820969,19.094328394117248
278220,2112600,23.69928643074548,0.36144744326499,72.89200995018143,19.09433056914505
278240,2112600,23.928113337346023,0.368020902644765,72.89219995217898,19.094332743977144
278260,2112600,24.11335525935128,0.3764856353003007,72.89238995420233,19.094334918613523
278280,2112600,24.260264427762547,0.3864593386067643,72.89257995625148,19.094337093054197
278300,2112600,24.375332456049502,0.39749889081292855,72.89276995832643,19.09433926729915
278320,2112600,24.465527746060037,0.409053767786116,72.89295996042713,19.094341441348398
278340,2112600,24.537557858282362,0.4204057224178864,72.89314996255365,19.094343615201936
278360,2112600,24.597218675344223,0.4306358261327293,72.89333996470594,19.094345788859762
278380,2112600,24.64885332482707,0.43863637970307756,72.89352996688402,19.094347962321873
278400,2112600,24.694895508523885,0.44317469228440465,72.89371996908787,19.094350135588275
278420,2112600,24.7354170486493,0.4430559018167634,72.8939099713175,19.09435230865897
278440,2112600,24.767548953220686,0.43770525035596825,72.8940999735729,19.094354481533948
278460,2112600,24.78515724926336,0.4300671036738081,72.8942899758541,19.09435665421321
278480,2112600,24.781427277508673,0.4340291502299531,72.89447997816104,19.09435882669677
278500,2112600,24.750456229696923,0.46732124735856695,72.89466998049376,19.094360998984612
278520,2112600,24.683032488501752,0.5299041741036358,72.89485998285225,19.09436317107674
276840,2112620,4.47941430157549,0.21411845936081209,72.87889757277516,19.094360660458417
276860,2112620,4.7135587630741735,0.20147064198467668,72.87908757319302,19.094362848816527
276880,2112620,4.959050171281888,0.20347861975188847,72.87927757363681,19.09436503697893
276900,2112620,5.225000922593274,0.21734649205915074,72.87946757410657,19.094367224945632
276920,2112620,5.51439560790867,0.23529535337862295,72.87965757460226,19.094369412716627
276940,2112620,5.831177553141746,0.24657690858885606,72.87984757512393,19.094371600291918
276960,2112620,6.16964749203358,0.25258780001424236,72.88003757567154,19.094373787671508
276980,2112620,6.522623459098976,0.25802695918621743,72.88022757624508,19.09437597485538
277000,2112620,6.884048811391017,0.2653139756438066,72.88041757684456,19.094378161843558
277020,2112620,7.247768174196995,0.2753329073981909,72.88060757747,19.09438034863603
277040,2112620,7.607085753183734,0.28780913555858073,72.88079757812136,19.094382535232793
277060,2112620,7.954498171526113,0.3016593284110574,72.88098757879867,19.094384721633855
277080,2112620,8.281433190380183,0.3152777972299065,72.88117757950191,19.0943869078392
277100,2112620,8.578011158629371,0.3266661865292532,72.88136758023107,19.094389093848847
277120,2112620,8.833051195820683,0.3334731066043751,72.88155758098617,19.094391279662787
277140,2112620,9.034967683501025,0.3332139430697427,72.88174758176719,19.09439346528102
277160,2112620,9.174449084040647,0.32399459486739823,72.88193758257412,19.09439565070355
277180,2112620,9.248069824299295,0.30550482281119185,72.882127583407,19.09439783593037
277200,2112620,9.259314796363247,0.27928419244295766,72.88231758426578,19.094400020961487
277220,2112620,9.216291780947392,0.24812698729759855,72.88250758515048,19.09440220579689
277240,2112620,9.12931764492907,0.21564832988986038,72.8826975860611,19.094404390436598
277260,2112620,9.012229551243998,0.1867686262011091,72.88288758699763,19.094406574880587
277280,2112620,8.891650740516184,0.16836713271087939,72.88307758796007,19.09440875912887
277300,2112620,8.807212483640692,0.16240651047731958,72.88326758894841,19.094410943181455
277320,2112620,8.79603833828989,0.15813772761123837,72.88345758996266,19.09441312703833
277340,2112620,8.870383273167345,0.15346054359719163,72.88364759100283,19.094415310699496
277360,2112620,9.015658833371212,0.15399032522568026,72.88383759206889,19.094417494164947
277380,2112620,9.214726447375885,0.15806881576626708,72.88402759316084,19.094419677434697
277400,2112620,9.448544790494157,0.16410573987443466,72.88421759427868,19.094421860508742
277420,2112620,9.698167466544907,0.1732288880934376,72.88440759542243,19.094424043387075
277440,2112620,9.948445367811914,0.18616791753591533,72.88459759659207,19.0944262260697
277460,2112620,10.190228275805918,0.201352566231956,72.8847875977876,19.094428408556617
277480,2112620,10.420129416493866,0.21623189629029602,72.88497759900899,19.09443059084783
277500,2112620,10.63822534784557,0.22885187669414597,72.8851676002563,19.094432772943332
277520,2112620,10.844759912224548,0.2378428861755778,72.88535760152948,19.094434954843127
277540,2112620,11.037038283586613,0.24102505426385143,72.88554760282854,19.09443713654721
277560,2112620,11.206831520104497,0.2318883412688428,72.88573760415348,19.094439318055585
277580,2112620,11.356554463198362,0.21662640119367352,72.88592760550428,19.09444149936826
277600,2112620,11.492036203822869,0.2019670804680616,72.88611760688096,19.094443680485213
277620,2112620,11.621400009017705,0.190101472410217,72.88630760828352,19.09444586140646
277640,2112620,11.757965020999329,0.1819572668715184,72.88649760971194,19.094448042132004
277660,2112620,11.92075918184574,0.17870731244252847,72.88668761116622,19.09445022266183
277680,2112620,12.133859471243685,0.18201588791985016,72.88687761264639,19.09445240299596
277700,2112620,12.424467885097467,0.19217700446059402,72.88706761415239,19.094454583134368
277720,2112620,12.819387491620319,0.20534436893908023,72.88725761568426,19.09445676307707
277740,2112620,13.33997531700952,0.2112018631294342,72.88744761724199,19.094458942824062
277760,2112620,13.989664180815351,0.19955448159904063,72.88763761882556,19.094461122375346
277780,2112620,14.736386242942107,0.18589362587332514,72.887827620435,19.094463301730926
277800,2112620,15.541728667551139,0.18565574212831054,72.8880176220703,19.094465480890786
277820,2112620,16.370337621776937,0.2014986632047596,72.88820762373142,19.09446765985494
277840,2112620,17.188050966813773,0.22728556478302725,72.8883976254184,19.094469838623382
277860,2112620,17.95761065914049,0.2553936727318399,72.88858762713122,19.09447201719611
277880,2112620,18.631299293363732,0.27867520702959864,72.88877762886987,19.094474195573135
277900,2112620,19.13902265740739,0.2884767286268039,72.88896763063437,19.09447637375445
277920,2112620,19.43936733512203,0.27930358735548294,72.88915763242471,19.094478551740046
277940,2112620,19.595064305501342,0.2604954915632577,72.88934763424086,19.09448072952994
277960,2112620,19.66501337949313,0.2402271262909983,72.88953763608286,19.094482907124117
277980,2112620,19.7070713638296,0.22748276402074194,72.8897276379507,19.094485084522585
278000,2112620,19.7674527518415,0.22841058367576977,72.88991763984434,19.094487261725344
278020,2112620,19.87387831404897,0.24835140782731813,72.89010764176382,19.094489438732385
278040,2112620,20.040688298370934,0.28523382992072477,72.89029764370912,19.09449161554372
278060,2112620,20.282219955589355,0.3252015149525189,72.89048764568024,19.094493792159344
278080,2112620,20.62551717273405,0.3483446617482929,72.89067764767718,19.094495968579256
278100,2112620,21.02964133336939,0.3563247856989136,72.89086764969993,19.094498144803456
278120,2112620,21.449974615144242,0.357343119183023,72.89105765174848,19.094500320831944
278140,2112620,21.862384313807496,0.3553701207210572,72.89124765382284,19.094502496664717
278160,2112620,22.25113466516653,0.3529230046364474,72.89143765592303,19.09450467230178
278180,2112620,22.60599681818279,0.3515924002065116,72.89162765804902,19.094506847743133
278200,2112620,22.920977145251445,0.3522504097333557,72.8918176602008,19.09450902298877
278220,2112620,23.193551455163927,0.3552014498654582,72.8920076623784,19.094511198038695
278240,2112620,23.42408145923257,0.3603342653507028,72.89219766458179,19.09451337289291
278260,2112620,23.615271940731677,0.3672649363033227,72.89238766681098,19.09451554755141
278280,2112620,23.771599558640766,0.3754417032333479,72.89257766906596,19.0945177220142
278300,2112620,23.898693406432756,0.38419769065626186,72.89276767134672,19.094519896281277
278320,2112620,24.002686054033454,0.3927643458267218,72.89295767365329,19.09452207035264
278340,2112620,24.089574814358713,0.400275878595263,72.89314767598563,19.094524244228285
278360,2112620,24.164631700225563,0.4057992702141215,72.89333767834377,19.09452641790822
278380,2112620,24.231882272346425,0.4084305367186745,72.89352768072767,19.094528591392447
278400,2112620,24.29365004716642,0.4075392057351145,72.89371768313737,19.09453076468095
278420,2112620,24.350154617972116,0.40338878175239395,72.89390768557284,19.094532937773753
278440,2112620,24.399228947078832,0.39870799882052266,72.8940976880341,19.094535110670837
278460,2112620,24.43652394048327,0.40170232420182084,72.89428769052111,19.094537283372205
278480,2112620,24.45642564695058,0.42659149966757925,72.89447769303389,19.094539455877854
278500,2112620,24.45174363846872,0.4829767407415403,72.89466769557245,19.09454162818779
278520,2112620,24.410283825552124,0.5641728016738724,72.89485769813678,19.09454380030202
276860,2112640,4.588406490170912,0.21758656304246407,72.8790852713674,19.094543476197344
276880,2112640,4.825798699484958,0.2240460788308222,72.87927527201703,19.094545664382007
276900,2112640,5.079755068871903,0.23984570268274685,72.87946527269261,19.094547852370965
276920,2112640,5.354851689574983,0.25705992091767027,72.87965527339415,19.094550040164215
276940,2112640,5.6565617975613325,0.2644496475302966,72.87984527412164,19.09455222776176
276960,2112640,5.978120704575733,0.2652841771491489,72.88003527487507,19.094554415163596
276980,2112640,6.312506826719281,0.26528941096300185,72.88022527565444,19.09455660236972
277000,2112640,6.6543630305404475,0.2672456173172571,72.88041527645976,19.094558789380145
277020,2112640,6.998264638830006,0.2724190444357753,72.88060527729104,19.09456097619486
277040,2112640,7.338291291769354,0.28084595533835627,72.88079527814823,19.094563162813866
277060,2112640,7.667798102784802,0.29160200785115914,72.88098527903136,19.094565349237165
277080,2112640,7.979250237982407,0.3031134047439282,72.88117527994042,19.09456753546475
277100,2112640,8.264174461516573,0.3134203317683635,72.88136528087543,19.094569721496637
277120,2112640,8.51343342682964,0.32039309607700245,72.88155528183636,19.09457190733281
277140,2112640,8.718159169830166,0.3220117940225447,72.8817452828232,19.094574092973275
277160,2112640,8.871501913326652,0.3167808376314649,72.88193528383599,19.094576278418035
277180,2112640,8.970539542351496,0.30412033839918057,72.88212528487469,19.094578463667084
277200,2112640,9.017053368775864,0.2844577842240937,72.88231528593931,19.094580648720427
277220,2112640,9.016612790332907,0.25903618833276326,72.88250528702983,19.09458283357806
277240,2112640,8.975738393174595,0.22963404160456716,72.88269528814628,19.09458501823998
277260,2112640,8.89667570329831,0.19826598560518688,72.88288528928865,19.09458720270619
277280,2112640,8.800152072735777,0.17254631233065534,72.88307529045692,19.0945893869767
277300,2112640,8.730251908739577,0.16369750786653733,72.8832652916511,19.094591571051495
277320,2112640,8.717746271044124,0.16691733497248426,72.88345529287119,19.09459375493058
277340,2112640,8.775671096471717,0.16632660794953377,72.88364529411719,19.09459593861396
277360,2112640,8.90103517133973,0.1652750721335109,72.88383529538908,19.094598122101623
277380,2112640,9.081375129102568,0.16815160347687122,72.88402529668686,19.094600305393584
277400,2112640,9.300905240537206,0.17597476686089097,72.88421529801055,19.094602488489834
277420,2112640,9.54382773851604,0.18838962919635868,72.88440529936013,19.09460467139037
277440,2112640,9.79686052515053,0.2037853520199785,72.88459530073558,19.094606854095197
277460,2112640,10.050538826409186,0.21961516652064603,72.88478530213696,19.094609036604318
277480,2112640,10.298901163087828,0.2335623601409339,72.8849753035642,19.09461121891773
277500,2112640,10.537951245902882,0.24423125424151598,72.88516530501732,19.094613401035428
277520,2112640,10.763718566645506,0.25059452857299425,72.88535530649634,19.094615582957413
277540,2112640,10.970627255138078,0.2505385708580273,72.88554530800124,19.094617764683694
277560,2112640,11.152585291312393,0.2413683563248496,72.88573530953201,19.09461994621426
277580,2112640,11.310620809278895,0.22650830266686217,72.88592531108864,19.094622127549115
277600,2112640,11.451203334329538,0.21105623841134105,72.88611531267118,19.09462430868826
277620,2112640,11.584102079319551,0.19746396847420125,72.88630531427955,19.094626489631693
277640,2112640,11.723445393922852,0.1871369266796986,72.88649531591382,19.094628670379414
277660,2112640,11.887553381668107,0.18162412136017367,72.88668531757394,19.09463085093143
277680,2112640,12.097783399892796,0.18254491882333798,72.88687531925993,19.09463303128773
277700,2112640,12.37663877983711,0.19012685014175726,72.88706532097177,19.09463521144832
277720,2112640,12.745288110584118,0.2011207496614065,72.88725532270948,19.094637391413197
277740,2112640,13.220977367389779,0.20706402335441987,72.88744532447305,19.094639571182363
277760,2112640,13.811194566751592,0.1973782380458809,72.88763532626247,19.09464175075582
277780,2112640,14.493218320938805,0.18434099175695678,72.88782532807774,19.094643930133564
277800,2112640,15.233554774889084,0.18596201986468291,72.88801532991886,19.094646109315587
277820,2112640,16.000923707667603,0.206518601323985,72.88820533178581,19.094648288301908
277840,2112640,16.765229007657606,0.23797588665397074,72.88839533367863,19.09465046709251
277860,2112640,17.493409300658357,0.2689697744643047,72.8885853355973,19.094652645687404
277880,2112640,18.139292005349848,0.2881447456014606,72.88877533754179,19.094654824086586
277900,2112640,18.6426616383931,0.2859710616671415,72.88896533951213,19.094657002290052
277920,2112640,18.988152604761108,0.2686207679296029,72.8891553415083,19.09465918029781
277940,2112640,19.206123308338196,0.24569188753698457,72.88934534353028,19.094661358109857
277960,2112640,19.33967749599992,0.2250389561009392,72.88953534557814,19.094663535726184
277980,2112640,19.432839344885718,0.21365299642774113,72.88972534765179,19.0946657131468
278000,2112640,19.524106604534758,0.21739719431945148,72.88991534975128,19.094667890371706
278020,2112640,19.640629353760794,0.23931496409683967,72.8901053518766,19.094670067400894
278040,2112640,19.80046444243049,0.2753786064097454,72.89029535402774,19.09467224423437
278060,2112640,20.023141865174914,0.313197743360547,72.89048535620469,19.094674420872135
278080,2112640,20.331775545346325,0.3372336800315234,72.89067535840746,19.09467659731418
278100,2112640,20.698245072239278,0.3470232143542856,72.89086536063606,19.09467877356052
278120,2112640,21.08351087585446,0.3493573298199965,72.89105536289044,19.094680949611142
278140,2112640,21.4644499514783,0.34826640301164324,72.89124536517066,19.094683125466048
278160,2112640,21.826038348932194,0.3462601245403598,72.89143536747667,19.094685301125246
278180,2112640,22.15845196657447,0.3449294667346978,72.89162536980851,19.094687476588724
278200,2112640,22.45583671351538,0.34517466011248277,72.89181537216614,19.094689651856488
278220,2112640,22.715578722922352,0.3473407849226847,72.89200537454956,19.09469182692854
278240,2112640,22.937747568087776,0.3513367896516454,72.8921953769588,19.09469400180488
278260,2112640,23.12458464737337,0.3567490634497497,72.89238537939382,19.0946961764855
278280,2112640,23.279979925846124,0.3629392301577921,72.89257538185463,19.094698350970404
278300,2112640,23.408919039264635,0.36911933583454754,72.89276538434125,19.0947005252596
278320,2112640,23.51690895318787,0.37441291896310097,72.89295538685364,19.09470269935308
278340,2112640,23.609405360592568,0.37792673033503615,72.89314538939182,19.09470487325084
278360,2112640,23.691268418954778,0.3788749816669537,72.8933353919558,19.094707046952884
278380,2112640,23.76626890457667,0.37682996133789826,72.89352539454556,19.094709220459222
278400,2112640,23.836663290652194,0.3722438164157494,72.89371539716109,19.094711393769835
278420,2112640,23.902869705816556,0.3674898621758581,72.8939053998024,19.09471356688473
278440,2112640,23.963325631308418,0.3685290384144718,72.89409540246949,19.09471573980392
278460,2112640,24.01463277761908,0.3858154365461746,72.89428540516235,19.09471791252739
278480,2112640,24.05179554422329,0.430259676268197,72.89447540788098,19.094720085055144
278500,2112640,24.06769509100692,0.5042900559840512,72.89466541062538,19.09472225738718
278520,2112640,24.050549062504878,0.5982979522651829,72.89485541339555,19.094724429523502
276880,2112660,4.683576365406543,0.24107535016220227,72.8792729703713,19.094726291781278
276900,2112660,4.92728555264655,0.25426091129917167,72.8794629712527,19.09472847979249
276920,2112660,5.189828786645784,0.2667775961118471,72.87965297216009,19.09473066760799
276940,2112660,5.473483368211894,0.2723545928869331,72.8798429730934,19.09473285522779
276960,2112660,5.774916041643388,0.27162244340376385,72.88003297405267,19.094735042651873
276980,2112660,6.088579049723046,0.2688197498896006,72.88022297503788,19.094737229880252
277000,2112660,6.4094318790694125,0.2672085191270016,72.88041297604904,19.09473941691292
277020,2112660,6.7325758915379765,0.2686477412183163,72.88060297708613,19.094741603749878
277040,2112660,7.0528347460059315,0.27374213512214685,72.88079297814916,19.09474379039113
277060,2112660,7.364524626214488,0.28203628176547896,72.88098297923813,19.094745976836666
277080,2112660,7.661332683695243,0.29230307554260776,72.88117298035303,19.094748163086496
277100,2112660,7.936330394738017,0.3028556941285402,72.88136298149385,19.094750349140615
277120,2112660,8.182238031133897,0.31180883606572407,72.88155298266062,19.09475253499902
277140,2112660,8.39208024046937,0.31728628084006,72.88174298385331,19.094754720661722
277160,2112660,8.560230760185519,0.31759608218601626,72.88193298507191,19.09475690612871
277180,2112660,8.68352961690963,0.3113693982388257,72.88212298631646,19.09475909139999
277200,2112660,8.761960152316991,0.29768045693876555,72.88231298758691,19.094761276475552
277220,2112660,8.798479211968102,0.2762312929844007,72.88250298888329,19.09476346135541
277240,2112660,8.797128507791243,0.2475873065288376,72.88269299020557,19.09476564603956
277260,2112660,8.753323049665463,0.212658715586728,72.88288299155377,19.094767830527992
277280,2112660,8.682497361231487,0.17995656182166703,72.88307299292788,19.094770014820714
277300,2112660,8.630239517624517,0.16695845419344124,72.88326299432788,19.094772198917727
277320,2112660,8.621578327340265,0.1730078094100178,72.88345299575381,19.09477438281903
277340,2112660,8.670772140578936,0.17510530626900978,72.88364299720564,19.09477656652462
277360,2112660,8.78321367223887,0.1728774373035961,72.88383299868336,19.094778750034493
277380,2112660,8.950655697821107,0.17563463606138824,72.88402300018699,19.094780933348662
277400,2112660,9.160214204206868,0.18593537599404747,72.8842130017165,19.094783116467124
277420,2112660,9.398536379792473,0.20215203389234798,72.88440300327193,19.094785299389862
277440,2112660,9.654011228949008,0.22049986030182062,72.88459300485323,19.094787482116892
277460,2112660,9.917516957444636,0.23695800974707423,72.88478300646042,19.094789664648214
277480,2112660,10.181789403996266,0.24896805158931848,72.88497300809351,19.09479184698382
277500,2112660,10.440117390075953,0.2559225370513729,72.88516300975247,19.094794029123715
277520,2112660,10.685344947600631,0.25802834210092274,72.88535301143733,19.094796211067898
277540,2112660,10.909897369219422,0.25492882031128344,72.88554301314805,19.09479839281637
277560,2112660,11.107909640154311,0.24630884614917337,72.88573301488466,19.094800574369124
277580,2112660,11.278803406735168,0.23371977926148846,72.88592301664714,19.09480275572617
277600,2112660,11.428098717181097,0.21948081898449615,72.88611301843551,19.0948049368875
277620,2112660,11.566458910231294,0.20523724038437482,72.88630302024974,19.094807117853122
277640,2112660,11.708841958030934,0.19250043698768052,72.88649302208982,19.094809298623026
277660,2112660,11.87316208417135,0.18326595425347736,72.88668302395578,19.09481147919722
277680,2112660,12.078574540069857,0.17965930271237393,72.88687302584762,19.0948136595757
277700,2112660,12.3436937562017,0.18257190841195486,72.8870630277653,19.094815839758464
277720,2112660,12.684928960245067,0.1899125975045764,72.88725302970884,19.094818019745514
277740,2112660,13.115602028506883,0.1951240730403415,72.88744303167825,19.094820199536855
277760,2112660,13.64417169965212,0.18867196185223908,72.8876330336735,19.094822379132477
277780,2112660,14.25552560879424,0.1792581270928268,72.88782303569461,19.094824558532387
277800,2112660,14.920818536565438,0.1857444845643735,72.88801303774157,19.09482673773659
277820,2112660,15.612763125780038,0.21284624856103246,72.88820303981437,19.09482891674507
277840,2112660,16.306129223562568,0.2504042419479929,72.88839304191303,19.094831095557836
277860,2112660,16.97487964966863,0.28396538777845637,72.88858304403752,19.094833274174892
277880,2112660,17.58423699783312,0.2989381529578907,72.88877304618785,19.094835452596232
277900,2112660,18.094130021663,0.286709860686945,72.88896304836403,19.094837630821853
277920,2112660,18.48887387690284,0.2604133928803171,72.88915305056604,19.094839808851766
277940,2112660,18.7771231066917,0.2335311231701941,72.88934305279388,19.094841986685964
277960,2112660,18.98466537484788,0.21344690328722685,72.88953305504756,19.094844164324446
277980,2112660,19.14351981249871,0.204742817697364,72.88972305732706,19.094846341767212
278000,2112660,19.28445297152464,0.2104398956139003,72.88991305963239,19.09484851901426
278020,2112660,19.43289000587023,0.2308174041839879,72.89010306196354,19.0948506960656
278040,2112660,19.609456360706755,0.26129435466769474,72.89029306432053,19.094852872921216
278060,2112660,19.8328040737959,0.2926911584744067,72.89048306670333,19.09485504958112
278080,2112660,20.113261343133242,0.31592256646592454,72.89067306911194,19.094857226045306
278100,2112660,20.437935604540993,0.32872059629717687,72.89086307154636,19.09485940231378
278120,2112660,20.782011060783063,0.33414242956747686,72.8910530740066,19.09486157838654
278140,2112660,21.12495842357627,0.33555816217108286,72.89124307649266,19.094863754263578
278160,2112660,21.45244118117624,0.33538844425506087,72.89143307900451,19.094865929944906
278180,2112660,21.754935931629028,0.3352125044800533,72.89162308154218,19.094868105430514
278200,2112660,22.026686408351306,0.3359476549859129,72.89181308410566,19.094870280720404
278220,2112660,22.265010106542054,0.3379772839776914,72.89200308669493,19.094872455814585
278240,2112660,22.469762860382545,0.3412522464597893,72.89219308930998,19.094874630713043
278260,2112660,22.642853676804435,0.3453829214089431,72.89238309195086,19.094876805415783
278280,2112660,22.78775885369222,0.34972738748842214,72.89257309461752,19.094878979922807
278300,2112660,22.909016517729896,0.3534801078205609,72.89276309730998,19.094881154234123
278320,2112660,23.01170270765035,0.3557738566034293,72.89295310002822,19.094883328349717
278340,2112660,23.100902430637138,0.35582311487164825,72.89314310277226,19.094885502269587
278360,2112660,23.18119562779168,0.3531622649301501,72.89333310554206,19.094887675993746
278380,2112660,23.256181460346834,0.34807298764401334,72.89352310833765,19.094889849522186
278400,2112660,23.32806902034977,0.34233847980466875,72.89371311115903,19.09489202285491
278420,2112660,23.397371486055604,0.3403680720967584,72.89390311400619,19.094894195991916
278440,2112660,23.46274283282349,0.35003030560528403,72.89409311687912,19.094896368933206
278460,2112660,23.52093741095332,0.38099367102161213,72.89428311977781,19.094898541678774
278480,2112660,23.566669365853087,0.4391447134059308,72.8944731227023,19.09490071422863
278500,2112660,23.591815118111874,0.5216883018356995,72.89466312565254,19.094902886582762
278520,2112660,23.58277275182603,0.6175060096054784,72.89485312862855,19.094905058741176
276900,2112680,4.766380325062402,0.2629808134018137,72.87946066978685,19.09490910721021
276920,2112680,5.015180178200226,0.270890409578872,72.87965067090006,19.094911295047968
276940,2112680,5.280817160539605,0.27405252669234564,72.87984067203922,19.094913482690014
276960,2112680,5.561411103857439,0.2722708057546949,72.88003067320432,19.094915670136356
276980,2112680,5.853197835380037,0.26803404438133605,72.88022067439536,19.094917857386978
277000,2112680,6.1519909615622606,0.264228405472644,72.88041067561235,19.09492004444189
277020,2112680,6.453563518919875,0.2630434381753291,72.88060067685528,19.094922231301094
277040,2112680,6.753552134122185,0.26567655076383934,72.88079067812416,19.094924417964585
277060,2112680,7.04731873369251,0.27231893554078146,72.88098067941897,19.094926604432363
277080,2112680,7.329859493592241,0.2823145287373069,72.8811706807397,19.09492879070443
277100,2112680,7.595790412577402,0.29440282592401185,72.88136068208637,19.094930976780788
277120,2112680,7.839454483468096,0.3069176855703087,72.88155068345897,19.094933162661427
277140,2112680,8.055199485383527,0.3178702248821477,72.88174068485749,19.094935348346358
277160,2112680,8.23783731314463,0.32495206156891776,72.88193068628195,19.094937533835576
277180,2112680,8.383221955851065,0.325594737373693,72.88212068773231,19.094939719129083
277200,2112680,8.488783685646267,0.3172544883474438,72.8823106892086,19.09494190422688
277220,2112680,8.553679739377962,0.2979925979960542,72.88250069071081,19.094944089128955
277240,2112680,8.577959874586458,0.26728221491458615,72.88269069223894,19.094946273835326
277260,2112680,8.562937503609866,0.2275196666335917,72.88288069379297,19.094948458345986
277280,2112680,8.5249609243688,0.1885116641146949,72.88307069537291,19.094950642660923
277300,2112680,8.49513588576299,0.16691477745753122,72.88326069697878,19.09495282678015
277320,2112680,8.49655282724151,0.16716673332283558,72.88345069861053,19.094955010703664
277340,2112680,8.545919322845412,0.17097381913287155,72.88364070026819,19.094957194431473
277360,2112680,8.654561396859844,0.17091212920019508,72.88383070195175,19.094959377963562
277380,2112680,8.816750061076618,0.17647024117122348,72.88402070366122,19.094961561299932
277400,2112680,9.021680432598972,0.1913479570115153,72.88421070539657,19.094963744440598
277420,2112680,9.258043758888645,0.21297172997759117,72.88440070715784,19.094965927385545
277440,2112680,9.516083101574075,0.23550642185795712,72.88459070894498,19.09496811013478
277460,2112680,9.787972925605787,0.253076330176391,72.88478071075801,19.0949702926883
277480,2112680,10.066521400686762,0.26260784501180096,72.88497071259694,19.094972475046106
277500,2112680,10.343476759531354,0.2650250629003684,72.88516071446175,19.094974657208198
277520,2112680,10.609286254151971,0.26302387043678954,72.88535071635243,19.094976839174574
277540,2112680,10.85417599880699,0.2583363529297056,72.885540718269,19.09497902094524
277560,2112680,11.070450109993432,0.25131793939762154,72.88573072021146,19.094981202520184
277580,2112680,11.255581869956345,0.241815218295963,72.88592072217976,19.094983383899418
277600,2112680,11.414109597430508,0.2296619496513579,72.88611072417396,19.09498556508294
277620,2112680,11.557397337294924,0.2151967632399835,72.88630072619404,19.09498774607074
277640,2112680,11.7015855600471,0.19988506209043183,72.88649072823996,19.094989926862826
277660,2112680,11.864723161180367,0.18628880244266982,72.88668073031177,19.0949921074592
277680,2112680,12.064338534315988,0.17731212376534797,72.88687073240943,19.09499428785986
277700,2112680,12.315833360797985,0.17487472889442357,72.88706073453295,19.094996468064807
277720,2112680,12.631527501669115,0.1782286845753691,72.88725073668235,19.094998648074032
277740,2112680,13.020439855657626,0.18252656477476056,72.88744073885759,19.09500082788754
277760,2112680,13.488351389126507,0.1799073942155708,72.8876307410587,19.095003007505337
277780,2112680,14.02790293394029,0.17401868253937902,72.88782074328564,19.09500518692742
277800,2112680,14.615143708501837,0.18414392860828055,72.88801074553844,19.09500736615378
277820,2112680,15.226407990316673,0.2160705906795437,72.88820074781708,19.095009545184425
277840,2112680,15.841944403150661,0.2582449598221007,72.88839075012159,19.095011724019358
277860,2112680,16.44668675299641,0.29352980036657356,72.88858075245192,19.09501390265857
277880,2112680,17.02301503993845,0.30598617585534127,72.88877075480809,19.095016081102074
277900,2112680,17.54777366990491,0.2858933308755134,72.88896075719012,19.095018259349853
277920,2112680,17.990945366648674,0.2536893673397494,72.88915075959797,19.09502043740192
277940,2112680,18.34626761921355,0.22573824674666457,72.88934076203165,19.095022615258266
277960,2112680,18.62697159358546,0.20899013195718213,72.88953076449117,19.0950247929189
277980,2112680,18.85468419361212,0.20512110404726677,72.88972076697651,19.095026970383806
278000,2112680,19.052901446510127,0.21280930751612342,72.88991076948768,19.095029147653012
278020,2112680,19.243476973653166,0.229534680591975,72.89010077202468,19.09503132472649
278040,2112680,19.445513911011325,0.25195148564321757,72.8902907745875,19.09503350160425
278060,2112680,19.67427080349624,0.27530500679331643,72.89048077717614,19.095035678286305
278080,2112680,19.93670885512156,0.29471096892299103,72.8906707797906,19.095037854772627
278100,2112680,20.22713206345957,0.30791258430453655,72.89086078243086,19.095040031063235
278120,2112680,20.53128695672947,0.3156169773750454,72.89105078509697,19.095042207158123
278140,2112680,20.834106919513562,0.3196863867830315,72.89124078778886,19.095044383057303
278160,2112680,21.123447906181273,0.3218771581534429,72.89143079050655,19.095046558760757
278180,2112680,21.3907013545125,0.32347599293412455,72.89162079325006,19.095048734268495
278200,2112680,21.63049636086217,0.3252824509862395,72.89181079601939,19.095050909580515
278220,2112680,21.84026451267064,0.327664082669448,72.8920007988145,19.09505308469682
278240,2112680,22.01980828905659,0.33061497059422973,72.89219080163541,19.0950552596174
278260,2112680,22.170872991814555,0.33381310386763396,72.89238080448212,19.095057434342262
278280,2112680,22.296706069138864,0.33668734979256215,72.89257080735463,19.095059608871406
278300,2112680,22.401594461360315,0.338508259320367,72.89276081025291,19.095061783204834
278320,2112680,22.490379636947278,0.33852220157365365,72.892950813177,19.095063957342543
278340,2112680,22.567958039413423,0.3361619505994203,72.89314081612687,19.095066131284526
278360,2112680,22.638781898503833,0.33139189842591155,72.89333081910253,19.095068305030797
278380,2112680,22.706382605149948,0.3252734233335807,72.89352082210398,19.09507047858135
278400,2112680,22.772945928726816,0.3207980235801882,72.8937108251312,19.09507265193618
278420,2112680,22.838970706378216,0.323695749978648,72.8939008281842,19.095074825095292
278440,2112680,22.90302558791231,0.3420029305571343,72.89409083126297,19.095076998058683
278460,2112680,22.961556104687585,0.38280717415665044,72.89428083436752,19.095079170826352
278480,2112680,23.008576020432763,0.4476870716532226,72.89447083749785,19.095081343398306
278500,2112680,23.034978812218018,0.5312519053904647,72.89466084065393,19.09508351577454
278520,2112680,23.027590104073305,0.6230539625286404,72.89485084383578,19.095085687955045
276900,2112700,4.598276567181736,0.2688819121114137,72.87945836829505,19.09508973462413
276920,2112700,4.831283509462407,0.27253078723952295,72.87964836961409,19.09509192248414
276940,2112700,5.078870158301041,0.2729148125397818,72.87983837095908,19.095094110148437
276960,2112700,5.33876022509989,0.2696301158270098,72.88002837233002,19.095096297617026
276980,2112700,5.608400130041875,0.264132287321879,72.8802183737269,19.0950984848899
277000,2112700,5.884608576286067,0.2586848119566463,72.88040837514974,19.095100671967064
277020,2112700,6.164010304852821,0.2554821426121915,72.88059837659851,19.095102858848506
277040,2112700,6.443158324049228,0.2561672055060011,72.88078837807322,19.095105045534236
277060,2112700,6.718525147464889,0.26160267305940593,72.88097837957385,19.095107232024258
277080,2112700,6.986455792757729,0.2718228900830897,72.88116838110044,19.095109418318565
277100,2112700,7.243102178687047,0.2861018870258902,72.88135838265293,19.09511160441716
277120,2112700,7.484330577510558,0.3030085143701174,72.88154838423138,19.095113790320035
277140,2112700,7.705595454154003,0.32034174095347456,72.88173838583575,19.0951159760272
277160,2112700,7.901827950125911,0.3349940945865213,72.88192838746603,19.095118161538647
277180,2112700,8.067525937691657,0.3429974694417675,72.88211838912224,19.095120346854387
277200,2112700,8.197286687284274,0.3400764653745426,72.88230839080437,19.095122531974404
277220,2112700,8.28671639587565,0.32275401190092845,72.88249839251242,19.095124716898706
277240,2112700,8.334079404090565,0.28995750163326506,72.88268839424639,19.095126901627303
277260,2112700,8.344456457163615,0.24546630582035023,72.88287839600626,19.095129086160178
277280,2112700,8.334163750678627,0.20007119091588058,72.88306839779206,19.095131270497337
277300,2112700,8.326659241910816,0.1696389586416323,72.88325839960375,19.095133454638784
277320,2112700,8.342895120036031,0.1619427890795615,72.88344840144134,19.095135638584512
277340,2112700,8.40062339147868,0.16375268540113333,72.88363840330484,19.095137822334525
277360,2112700,8.51419009605488,0.16444302799275443,72.88382840519425,19.095140005888826
277380,2112700,8.678575407025722,0.1724995261839945,72.88401840710955,19.095142189247408
277400,2112700,8.883878122178562,0.19244542348908883,72.88420840905074,19.095144372410278
277420,2112700,9.120407748540222,0.22032878528131908,72.88439841101784,19.095146555377436
277440,2112700,9.380439277979038,0.2481467710685945,72.88458841301083,19.09514873814887
277460,2112700,9.658605665713138,0.26748297963397355,72.88477841502971,19.09515092072459
277480,2112700,9.949483927828668,0.2738533954454109,72.88496841707448,19.095153103104593
277500,2112700,10.244044213670236,0.27102912883638175,72.88515841914511,19.095155285288882
277520,2112700,10.53076738727061,0.26559580547555844,72.88534842124166,19.095157467277456
277540,2112700,10.797401165894618,0.26115461900946835,72.88553842336407,19.095159649070307
277560,2112700,11.033027623453835,0.25754907084611395,72.88572842551235,19.095161830667447
277580,2112700,11.232206208836248,0.25232610176916836,72.88591842768652,19.095164012068867
277600,2112700,11.398360236654371,0.24276247363384548,72.88610842988656,19.095166193274576
277620,2112700,11.544218392475289,0.22806815255509433,72.88629843211247,19.09516837428456
277640,2112700,11.68818433233959,0.21012711024418923,72.88648843436424,19.095170555098836
277660,2112700,11.849142152420974,0.1924166232418337,72.88667843664189,19.095172735717387
277680,2112700,12.0433588008223,0.17870585550890197,72.8868684389454,19.095174916140227
277700,2112700,12.283396654569293,0.17185885925863356,72.88705844127476,19.095177096367344
277720,2112700,12.577728619195108,0.17234990044353066,72.88724844362999,19.09517927639875
277740,2112700,12.930810411058152,0.17663733402090434,72.88743844601109,19.09518145623443
277760,2112700,13.344535164638156,0.1753726799560186,72.88762844841803,19.0951836358744
277780,2112700,13.816586295003686,0.16948060909759635,72.88781845085082,19.095185815318644
277800,2112700,14.330065372868567,0.17887900434043214,72.88800845330947,19.095187994567176
277820,2112700,14.865349120836903,0.21141874466941452,72.88819845579395,19.095190173619986
277840,2112700,15.408253652719269,0.2548257652069516,72.88838845830429,19.095192352477085
277860,2112700,15.955917310673025,0.2895640104232756,72.88857846084048,19.095194531138457
277880,2112700,16.512562944056555,0.29569819896210653,72.88876846340249,19.095196709604117
277900,2112700,17.048448550539067,0.2746822109633335,72.88895846599036,19.09519888787406
277920,2112700,17.5296774862109,0.24438815367998432,72.88914846860405,19.09520106594827
277940,2112700,17.941527391599486,0.22108740654358872,72.88933847124358,19.095203243826774
277960,2112700,18.28730691360745,0.2117134970107886,72.88952847390894,19.095205421509558
277980,2112700,18.579447949691343,0.21531754355933155,72.88971847660012,19.095207598996623
278000,2112700,18.834124931917888,0.22629412033129065,72.88990847931714,19.095209776287966
278020,2112700,19.068117831280397,0.23930513018894156,72.89009848206,19.095211953383593
278040,2112700,19.29713447824544,0.25269540112192207,72.89028848482866,19.095214130283495
278060,2112700,19.533827633842925,0.2663764374966649,72.89047848762314,19.09521630698768
278080,2112700,19.78472440886501,0.2792187661569989,72.89066849044345,19.09521848349615
278100,2112700,20.0483650106715,0.2898607610263086,72.89085849328956,19.095220659808895
278120,2112700,20.317104427005965,0.29785914845656725,72.89104849616149,19.09522283592592
278140,2112700,20.581030568716816,0.3036199437270086,72.89123849905924,19.09522501184723
278160,2112700,20.830986833380546,0.30786118413702307,72.89142850198277,19.095227187572814
278180,2112700,21.059940620610096,0.3112570329303171,72.89161850493213,19.095229363102685
278200,2112700,21.263337884357366,0.3142993669630238,72.8918085079073,19.09523153843683
278220,2112700,21.439020174344126,0.3172547170552341,72.89199851090825,19.09523371357525
278240,2112700,21.586969347761073,0.3201474310920572,72.89218851393501,19.095235888517962
278260,2112700,21.70897607285194,0.322757452444103,72.89237851698756,19.095238063264944
278280,2112700,21.80826301333061,0.3246473800708129,72.89256852006592,19.095240237816213
278300,2112700,21.889071500600217,0.3252401506225559,72.89275852317007,19.095242412171757
278320,2112700,21.956214565252726,0.3239713128838169,72.8929485263,19.095244586331578
278340,2112700,22.01460038657626,0.32054913282141884,72.89313852945571,19.09524676029568
278360,2112700,22.068736106671608,0.31537185650186905,72.89332853263723,19.09524893406406
278380,2112700,22.12223160102106,0.31014620669330284,72.8935185358445,19.095251107636717
278400,2112700,22.17733362588421,0.3086159222977578,72.89370853907758,19.095253281013655
278420,2112700,22.23452610234258,0.31682890723231566,72.89389854233643,19.095255454194866
278440,2112700,22.292221254004993,0.3417256767555102,72.89408854562106,19.09525762718037
278460,2112700,22.3465324916569,0.38772557142716846,72.89427854893145,19.095259799970137
278480,2112700,22.391090705140925,0.4539641408170883,72.89446855226763,19.095261972564185
278500,2112700,22.416965878994873,0.5346354103616522,72.89465855562956,19.09526414496252
278520,2112700,22.413292382164403,0.6212093242745984,72.89484855901726,19.095266317165127
276920,2112720,4.64014828897236,0.2737459249208715,72.87964606830216,19.09527254991651
276940,2112720,4.86963668263042,0.2712229164153694,72.879836069853,19.095274737603056
276960,2112720,5.1090624565566785,0.26600011118600714,72.88002607142978,19.09527692509389
276980,2112720,5.356660272829951,0.25896091786780123,72.8802160730325,19.095279112389015
277000,2112720,5.610117585921399,0.2518305795387411,72.88040607466118,19.095281299488423
277020,2112720,5.866921783555023,0.24663870187408501,72.8805960763158,19.095283486392116
277040,2112720,6.12456319219812,0.24529211188037875,72.88078607799633,19.09528567310009
277060,2112720,6.380626101471573,0.24925017772276487,72.88097607970282,19.095287859612352
277080,2112720,6.632798535204622,0.2592833259886455,72.88116608143524,19.095290045928895
277100,2112720,6.8787829045657665,0.27531286065221217,72.8813560831936,19.095292232049722
277120,2112720,7.116042507153605,0.29627076723950124,72.88154608497787,19.095294417974834
277140,2112720,7.341301771946191,0.3198723492846469,72.88173608678808,19.095296603704238
277160,2112720,7.549808264862896,0.3423059719614324,72.8819260886242,19.095298789237916
277180,2112720,7.7347686186388005,0.35816005595281386,72.88211609048626,19.095300974575874
277200,2112720,7.8880593795167,0.3613026873058259,72.88230609237422,19.09530315971812
277220,2112720,8.00226929790783,0.34677868548841606,72.88249609428811,19.095305344664652
277240,2112720,8.073063939067564,0.31262597751246335,72.88268609622793,19.095307529415468
277260,2112720,8.106507009918822,0.26377910736745125,72.88287609819363,19.09530971397056
277280,2112720,8.120584083069016,0.21366550362381545,72.88306610018527,19.095311898329943
277300,2112720,8.135630243930024,0.17914763371723358,72.88325610220281,19.09531408249361
277320,2112720,8.170018058801105,0.16849917565719555,72.88344610424625,19.095316266461545
277340,2112720,8.242543308773506,0.16638077490251219,72.88363610631559,19.095318450233773
277360,2112720,8.36778725542653,0.161992677313555,72.88382610841084,19.09532063381028
277380,2112720,8.54006796833304,0.16834166102608042,72.884016110532,19.095322817191082
277400,2112720,8.749252968575687,0.1910928061131473,72.88420611267904,19.095325000376157
277420,2112720,8.986819750915762,0.22387600661709137,72.88439611485198,19.095327183365512
277440,2112720,9.246873446994359,0.2566488853406236,72.88458611705082,19.09532936615915
277460,2112720,9.527190848901544,0.27843418872934333,72.88477611927551,19.095331548757073
277480,2112720,9.826829910422859,0.28017974541010765,72.88496612152613,19.095333731159275
277500,2112720,10.135522153792316,0.2714516863869235,72.88515612380262,19.095335913365762
277520,2112720,10.440799539116593,0.2636263208012777,72.885346126105,19.095338095376523
277540,2112720,10.72862826398936,0.26154326994123844,72.88553612843326,19.095340277191575
277560,2112720,10.983432813962928,0.2634975672437006,72.88572613078739,19.095342458810904
277580,2112720,11.195572747696922,0.26413137427022193,72.8859161331674,19.095344640234515
277600,2112720,11.366543642617058,0.2576363753204023,72.88610613557327,19.095346821462407
277620,2112720,11.511731114510566,0.24253886767090801,72.88629613800504,19.095349002494576
277640,2112720,11.653806822997026,0.22221423322037231,72.88648614046265,19.095351183331037
277660,2112720,11.812862657520526,0.20146686998832333,72.88667614294614,19.095353363971768
277680,2112720,12.003678511852126,0.18479945348476637,72.8868661454555,19.095355544416783
277700,2112720,12.236135406073075,0.17549210436235266,72.8870561479907,19.09535772466608
277720,2112720,12.515331219016176,0.173972289862381,72.88724615055179,19.095359904719658
277740,2112720,12.841725557094884,0.17612609406730576,72.88743615313872,19.095362084577516
277760,2112720,13.212690183598754,0.17307206931513505,72.8876261557515,19.095364264239652
277780,2112720,13.625758824183647,0.16422163226352723,72.88781615839015,19.09536644370607
277800,2112720,14.07405940453097,0.16932473692343655,72.88800616105463,19.095368622976768
277820,2112720,14.546133258039923,0.19821365132707663,72.88819616374498,19.095370802051743
277840,2112720,15.03450146300339,0.23823559633428568,72.88838616646116,19.095372980930996
277860,2112720,15.540939019700215,0.26981450464279644,72.88857616920318,19.095375159614537
277880,2112720,16.077371978547916,0.27542498864672865,72.88876617197106,19.09537733810235
277900,2112720,16.61706937833607,0.25874663637396794,72.88895617476476,19.09537951639445
277920,2112720,17.123210885974668,0.23629165343566808,72.88914617758431,19.095381694490822
277940,2112720,17.578301034923168,0.22165418415157254,72.88933618042968,19.095383872391476
277960,2112720,17.977753302720924,0.22134634776314294,72.88952618330087,19.095386050096412
277980,2112720,18.325789857482725,0.23302965961839991,72.88971618619792,19.09538822760562
278000,2112720,18.631343327788517,0.24841244038030666,72.88990618912078,19.095390404919115
278020,2112720,18.905233594602738,0.2583279349448666,72.89009619206948,19.095392582036887
278040,2112720,19.15928213668455,0.2627863147255095,72.89028619504398,19.095394758958932
278060,2112720,19.404457398997245,0.26631465605506355,72.89047619804431,19.09539693568526
278080,2112720,19.647630502843995,0.27108656082318683,72.89066620107046,19.095399112215866
278100,2112720,19.89003876914893,0.27711541191987826,72.89085620412243,19.095401288550747
278120,2112720,20.12817206491332,0.2836016410182945,72.8910462072002,19.095403464689912
278140,2112720,20.356024327817163,0.289823771130733,72.8912362103038,19.095405640633352
278160,2112720,20.567289385826353,0.29538622962213673,72.8914262134332,19.095407816381073
278180,2112720,20.7567759671029,0.3001729001513857,72.8916162165884,19.095409991933064
278200,2112720,20.921069647351207,0.3042374886959943,72.89180621976942,19.095412167289343
278220,2112720,21.058711350729304,0.3076892986105471,72.89199622297622,19.09541434244989
278240,2112720,21.170112719000993,0.3105848975313116,72.89218622620884,19.09541651741472
278260,2112720,21.25733405187501,0.3128443495366468,72.89237622946723,19.095418692183824
278280,2112720,21.32378481280293,0.3142198210255062,72.89256623275143,19.095420866757205
278300,2112720,21.373870086639716,0.3143436480785251,72.89275623606143,19.09542304113487
278320,2112720,21.41258822261266,0.31287974824233,72.8929462393972,19.095425215316805
278340,2112720,21.445078758954587,0.30980402524291184,72.89313624275877,19.09542738930302
278360,2112720,21.476123442443964,0.30584022513909903,72.89332624614613,19.09542956309351
278380,2112720,21.509615980629604,0.30303607492435597,72.89351624955928,19.095431736688283
278400,2112720,21.54803541644857,0.3052719677873386,72.8937062529982,19.095433910087326
278420,2112720,21.591976882785442,0.31806309976107056,72.89389625646288,19.095436083290643
278440,2112720,21.639802306404004,0.3468376322116702,72.89408625995337,19.095438256298245
278460,2112720,21.6874683661272,0.39419511260428874,72.8942762634696,19.095440429110123
278480,2112720,21.728592302476553,0.4584415992398464,72.89446626701164,19.09544260172627
278500,2112720,21.754896886559592,0.534445229180025,72.89465627057942,19.095444774146692
278520,2112720,21.757374536963383,0.6155340061228782,72.89484627417298,19.095446946371396
276940,2112740,4.6559769025626485,0.2707648998193452,72.87983376872099,19.095455365053873
276960,2112740,4.8752651774950895,0.26339369052338263,72.8800237705036,19.09545755256696
276980,2112740,5.101124466599829,0.25452616275217094,72.88021377231217,19.09545973988433
277000,2112740,5.331908342421108,0.24545158846961415,72.88040377414667,19.09546192700598
277020,2112740,5.565847007217535,0.2379357782306332,72.88059377600713,19.095464113931918
277040,2112740,5.8012730932524015,0.23394970557287317,72.88078377789353,19.095466300662135
277060,2112740,6.036782232152525,0.23538691040263449,72.88097377980586,19.095468487196634
277080,2112740,6.2713141902836,0.24373101441442266,72.8811637817441,19.09547067353542
277100,2112740,6.504099016164985,0.25968893319660596,72.8813537837083,19.095472859678484
277120,2112740,6.734347206551481,0.28282506499729876,72.88154378569843,19.09547504562583
277140,2112740,6.960501812260583,0.3111473777929625,72.88173378771448,19.095477231377462
277160,2112740,7.17886684546417,0.3405520893198921,72.88192378975646,19.09547941693337
277180,2112740,7.38176282292656,0.3642582443981048,72.88211379182435,19.095481602293564
277200,2112740,7.55782547476024,0.3736200583733269,72.88230379391817,19.095483787458036
277220,2112740,7.6981716267716305,0.362648542259375,72.8824937960379,19.095485972426786
277240,2112740,7.794103607606983,0.32802276106666217,72.88268379818355,19.095488157199824
277260,2112740,7.850635125687897,0.2749769971609616,72.88287380035511,19.09549034177714
277280,2112740,7.891769978094505,0.22199949971977892,72.88306380255258,19.095492526158743
277300,2112740,7.9343521165517,0.18624706148291423,72.88325380477598,19.09549471034462
277320,2112740,7.992473993950692,0.17590444467255076,72.88344380702526,19.095496894334776
277340,2112740,8.084372804705685,0.17240976357748133,72.88363380930046,19.095499078129222
277360,2112740,8.225947689594166,0.16259536124038612,72.88382381160154,19.095501261727943
277380,2112740,8.40910723810618,0.16616461561964826,72.88401381392853,19.09550344513094
277400,2112740,8.62329231351932,0.18923286715360635,72.88420381628141,19.09550562833822
277420,2112740,8.861159233476663,0.22335295644869332,72.88439381866021,19.095507811349787
277440,2112740,9.118720639752091,0.25698378853728143,72.88458382106488,19.095509994165628
277460,2112740,9.3960523628683,0.2785962775007269,72.88477382349545,19.09551217678575
277480,2112740,9.696622855144515,0.2763983336315485,72.8849638259519,19.095514359210153
277500,2112740,10.010134635198826,0.26375294573284325,72.88515382843424,19.095516541438833
277520,2112740,10.325873763268314,0.25471074144530625,72.88534383094246,19.095518723471795
277540,2112740,10.630361836915224,0.25630250544581884,72.88553383347656,19.095520905309037
277560,2112740,10.901539839297085,0.26513316516931607,72.88572383603655,19.09552308695056
277580,2112740,11.125738944091168,0.2734357944603679,72.8859138386224,19.095525268396354
277600,2112740,11.299182497159997,0.2706774061463854,72.88610384123412,19.095527449646433
277620,2112740,11.441581013864003,0.25524129453518984,72.88629384387173,19.095529630700792
277640,2112740,11.582883205250686,0.23361432304856053,72.8864838465352,19.09553181155943
277660,2112740,11.742878561988876,0.21165331693015266,72.88667384922454,19.095533992222343
277680,2112740,11.933899276651106,0.19424107996725357,72.88686385193974,19.09553617268954
277700,2112740,12.163389294482224,0.18479637847566865,72.8870538546808,19.09553835296101
277720,2112740,12.43394811602917,0.18316577328824798,72.88724385744771,19.09554053303677
277740,2112740,12.742373783466661,0.18389524036704846,72.8874338602405,19.095542712916796
277760,2112740,13.0817848360876,0.1780204023530254,72.88762386305913,19.0955448926011
277780,2112740,13.44792499090607,0.16358303176559008,72.88781386590362,19.095547072089687
277800,2112740,13.84366548045679,0.16137011422249697,72.88800386877396,19.095549251382554
277820,2112740,14.26837677790914,0.18447849044313722,72.88819387167014,19.095551430479695
277840,2112740,14.720439039848035,0.22072140588832723,72.88838387459218,19.095553609381117
277860,2112740,15.202824988355196,0.2507120381532488,72.88857387754005,19.09555578808681
277880,2112740,15.719538840968855,0.2611990000812676,72.88876388051376,19.09555796659679
277900,2112740,16.252923128935183,0.25337817289252934,72.88895388351332,19.095560144911037
277920,2112740,16.77325891702471,0.23930126587952466,72.88914388653872,19.09556232302957
277940,2112740,17.259781098638545,0.23165878194888276,72.88933388958993,19.09556450095238
277960,2112740,17.701331266596327,0.23684851874437166,72.889523892667,19.095566678679457
277980,2112740,18.09540731149368,0.25283666491157397,72.88971389576989,19.095568856210825
278000,2112740,18.444704565111394,0.2713392813499756,72.8899038988986,19.09557103354646
278020,2112740,18.753044629778323,0.2787572474360848,72.89009390205314,19.095573210686382
278040,2112740,19.02841693265745,0.276027632648209,72.8902839052335,19.095575387630568
278060,2112740,19.281293465771835,0.2710879878053361,72.89047390843967,19.095577564379038
278080,2112740,19.518964333193214,0.2684568888707373,72.89066391167168,19.09557974093178
278100,2112740,19.744261702221763,0.2695842714419393,72.8908539149295,19.095581917288797
278120,2112740,19.956159339300367,0.2738382520185446,72.89104391821313,19.095584093450103
278140,2112740,20.151313747256363,0.27975636275142046,72.89123392152257,19.09558626941567
278160,2112740,20.325719538369682,0.28596134643718857,72.89142392485782,19.095588445185523
278180,2112740,20.475950592993005,0.29155879115058264,72.89161392821886,19.095590620759644
278200,2112740,20.59987303854127,0.2961664628844141,72.89180393160572,19.095592796138043
278220,2112740,20.696938112394662,0.29976330568885284,72.89199393501839,19.095594971320722
278240,2112740,20.76820566338995,0.3024862120686532,72.89218393845684,19.095597146307675
278260,2112740,20.816212772543615,0.30445313090442283,72.89237394192111,19.0955993210989
278280,2112740,20.844752808308307,0.3056617381812559,72.89256394541115,19.095601495694403
278300,2112740,20.858591516645937,0.3059942354028426,72.89275394892701,19.095603670094185
278320,2112740,20.863121652942493,0.3053468549794745,72.89294395246863,19.095605844298237
278340,2112740,20.863945162181807,0.30389581632831714,72.89313395603605,19.095608018306564
278360,2112740,20.86637297624008,0.3024976954201835,72.89332395962927,19.095610192119164
278380,2112740,20.87484957906826,0.30316039464234823,72.89351396324825,19.09561236573604
278400,2112740,20.89234210190516,0.3093403526597409,72.89370396689301,19.095614539157193
278420,2112740,20.919774894156504,0.32555025234054097,72.89389397056357,19.095616712382622
278440,2112740,20.95562719448003,0.35586539543032464,72.8940839742599,19.095618885412325
278460,2112740,20.995825281393913,0.40197545257273115,72.894273977982,19.095621058246294
278480,2112740,21.034037976783296,0.4623206335058524,72.89446398172986,19.095623230884545
278500,2112740,21.06244440431796,0.5328194458687042,72.89465398550351,19.095625403327066
278520,2112740,21.07300040252687,0.6083107877491134,72.89484398930291,19.095627575573868
276960,2112760,4.640905125663146,0.2635398548465776,72.88002146955148,19.095638180036214
276980,2112760,4.8455630912643555,0.25279760805913337,72.88021147156589,19.095640367375836
277000,2112760,5.054030553661075,0.24164798692932724,72.88040147360624,19.09564255451974
277020,2112760,5.265095782154505,0.23149338808532832,72.88059147567255,19.095644741467915
277040,2112760,5.477744762248328,0.22411814315766437,72.88078147776477,19.095646928220376
277060,2112760,5.691372516654095,0.22154773855200144,72.88097147988294,19.095649114777117
277080,2112760,5.905948542079174,0.22579746289421956,72.88116148202707,19.09565130113814
277100,2112760,6.122063757103288,0.2384447232073732,72.8813514841971,19.09565348730344
277120,2112760,6.340694684367027,0.26005634807519684,72.88154148639306,19.095655673273022
277140,2112760,6.5624056326113225,0.28951105690243206,72.88173148861496,19.095657859046884
277160,2112760,6.785634411354146,0.32313460342604705,72.88192149086278,19.095660044625024
277180,2112760,7.0033958831979986,0.35347917419799435,72.88211149313653,19.09566223000745
277200,2112760,7.198049939167356,0.36745113704798454,72.88230149543618,19.095664415194147
277220,2112760,7.359592441629467,0.3571595618910659,72.88249149776176,19.095666600185126
277240,2112760,7.483829752718655,0.32293517888213225,72.88268150011326,19.095668784980383
277260,2112760,7.573466716796854,0.2698764396559446,72.88287150249069,19.09567096957992
277280,2112760,7.653565282614112,0.21780849520023476,72.883061504894,19.09567315398374
277300,2112760,7.735169938535345,0.18147467296660957,72.88325150732322,19.095675338191832
277320,2112760,7.827755673628688,0.16720868618351167,72.88344150977836,19.095677522204205
277340,2112760,7.945256535910823,0.16347263332562476,72.8836315122594,19.09567970602086
277360,2112760,8.102288401925595,0.15982730499154071,72.88382151476634,19.095681889641792
277380,2112760,8.295392427031919,0.16610429511380748,72.88401151729919,19.095684073067
277400,2112760,8.512599918484863,0.18901841945351538,72.88420151985791,19.09568625629649
277420,2112760,8.747466592519007,0.22105918475028105,72.88439152244254,19.095688439330257
277440,2112760,8.998451159774852,0.25052871492599527,72.88458152505306,19.095690622168306
277460,2112760,9.267504452488971,0.26670505161346486,72.88477152768948,19.095692804810625
277480,2112760,9.556278275515396,0.2643026301003433,72.88496153035179,19.095694987257225
277500,2112760,9.860173611269127,0.25101017118330277,72.88515153303997,19.095697169508103
277520,2112760,10.17081208589644,0.24041665680402108,72.88534153575405,19.09569935156326
277540,2112760,10.475633171086683,0.24259401395477198,72.88553153849399,19.095701533422694
277560,2112760,10.754944304982764,0.2572693610748786,72.88572154125983,19.095703715086405
277580,2112760,10.989096302459117,0.2733780303979366,72.88591154405154,19.095705896554392
277600,2112760,11.167914413732392,0.2755765516335355,72.88610154686911,19.095708077826657
277620,2112760,11.314227008555196,0.26227764335579057,72.88629154971255,19.095710258903203
277640,2112760,11.462502567960781,0.24205059729308775,72.88648155258187,19.095712439784023
277660,2112760,11.629648030992444,0.22100344023781052,72.886671555477065,19.09571462046912
277680,2112760,11.825524706921609,0.20442588632306008,72.88686155839811,19.095716800958492
277700,2112760,12.055813851432733,0.19602909312991113,72.88705156134503,19.09571898125214
277720,2112760,12.32202792773323,0.19569834462309935,72.8872415643178,19.09572116135007
277740,2112760,12.618241251182292,0.19711305174381547,72.88743156731643,19.09572334125227
277760,2112760,12.934440306762708,0.19025186642326547,72.88762157034091,19.09572552095875
277780,2112760,13.266730747879631,0.17118365101893537,72.88781157339126,19.095727700469507
277800,2112760,13.626327288486607,0.1623298270987792,72.88800157646743,19.095729879784535
277820,2112760,14.019318337154258,0.18099125301661903,72.88819157956948,19.09573205890384
277840,2112760,14.447241967500627,0.21717490941678413,72.88838158269735,19.095734237827422
277860,2112760,14.91247756619525,0.2509848880023321,72.88857158585108,19.095736416555283
277880,2112760,15.415076413128455,0.26833183721665094,72.88876158903065,19.095738595087422
277900,2112760,15.942035579359098,0.26714525290798635,72.88895159223605,19.09574077342383
277920,2112760,16.470793888907945,0.2563350884613682,72.8891415954673,19.095742951564514
277940,2112760,16.979907898564534,0.24992874691990605,72.88933159872438,19.095745129509474
277960,2112760,17.453116098372206,0.2542958877000247,72.88952160200728,19.095747307258705
277980,2112760,17.883112365648532,0.26798268169950573,72.88971160531602,19.09574948481222
278000,2112760,18.26924601873538,0.28513617428825866,72.8899016086506,19.095751662170002
278020,2112760,18.6066293667483,0.29140201744223937,72.89009161201098,19.095753839332062
278040,2112760,18.899777478550302,0.2850510108553126,72.89028161539719,19.095756016298402
278060,2112760,19.15956179732868,0.27512864082897937,72.89047161880923,19.095758193069006
278080,2112760,19.393505060827124,0.2677039430022611,72.89066162224708,19.095760369643894
278100,2112760,19.605218966608494,0.2654889107464656,72.89085162571075,19.09576254602305
278120,2112760,19.794953038466787,0.268191887239313,72.89104162920023,19.095764722206482
278140,2112760,19.960990524527446,0.27387241339682716,72.89123163271552,19.095766898194192
278160,2112760,20.101017538649216,0.2803880185169748,72.89142163625662,19.09576907398617
278180,2112760,20.213150676479586,0.2862395243521862,72.89161163982354,19.095771249582423
278200,2112760,20.296555236611,0.29076038518812514,72.89180164341624,19.09577342498295
278220,2112760,20.35172406578659,0.29393070432094204,72.89199164703476,19.09577560018775
278240,2112760,20.38053151598028,0.296075740579652,72.89218165067906,19.095777775196826
278260,2112760,20.386157894840558,0.29759577378055496,72.89237165434919,19.095779950010172
278280,2112760,20.37294000162354,0.29879449281792586,72.89256165804508,19.095782124627796
278300,2112760,20.346166375080912,0.2998330495906867,72.89275166176678,19.095784299049697
278320,2112760,20.3118074742496,0.3008180433264121,72.89294166551427,19.09578647327586
278340,2112760,20.276152143129075,0.3020205045167001,72.89313166928754,19.095788647306303
278360,2112760,20.245317528009586,0.30420401224522853,72.89332167308662,19.095790821141016
278380,2112760,20.224620131016458,0.30898334089510465,72.89351167691144,19.095792994780002
278400,2112760,20.2178460593606,0.3190100160072004,72.89370168076208,19.095795168223262
278420,2112760,20.226529954197105,0.3376482035964264,72.89389168463848,19.095797341470792
278440,2112760,20.24942839884442,0.3679394986780225,72.89408168854067,19.095799514522596
278460,2112760,20.282419768558672,0.4112764265538148,72.8942716924686,19.095801687378675
278480,2112760,20.318994709777012,0.46670334468575236,72.89446169642234,19.095803860039027
278500,2112760,20.35129370693227,0.531277664551534,72.89465170040184,19.095806032503642
278520,2112760,20.371449542473037,0.6010707023160384,72.89484170440709,19.095808204772535
276980,2112780,4.594216722311379,0.25545609086306653,72.88020917079366,19.095820994863534
277000,2112780,4.781138015482627,0.2424952756044524,72.88039917303985,19.095823182029683
277020,2112780,4.969790522413625,0.22983547348221875,72.88058917531201,19.095825369000107
277040,2112780,5.159577066308028,0.21881119669378638,72.8807791776101,19.095827555774807
277060,2112780,5.350396636456232,0.21112585454971575,72.88096917993411,19.09582974235379
277080,2112780,5.542890485113165,0.20881537445356554,72.88115918228407,19.095831928737052
277100,2112780,5.738635506940548,0.21405725796706176,72.88134918465995,19.09583411492459
277120,2112780,5.940100685626007,0.2286728749053813,72.88153918706178,19.095836300916403
277140,2112780,6.149927494804846,0.2531704543206844,72.88172918948952,19.095838486712505
277160,2112780,6.368880015820459,0.2851202818267665,72.8819191919432,19.09584067231287
277180,2112780,6.591925361406294,0.3169587081988383,72.88210919442278,19.095842857717518
277200,2112780,6.798631014861848,0.3326993745814694,72.8822991969283,19.09584504292645
277220,2112780,6.977285709458679,0.3221157345542497,72.88248919945973,19.09584722793965
277240,2112780,7.136276149462952,0.29118591766337043,72.88267920201707,19.095849412757136
277260,2112780,7.278902234795948,0.24653694322615816,72.88286920460033,19.095851597378893
277280,2112780,7.41488685591264,0.2010680686245769,72.88305920720948,19.095853781804927
277300,2112780,7.54933381499012,0.16741287378824338,72.88324920984458,19.09585596603524
277320,2112780,7.685940268072992,0.15268956501974246,72.88343921250556,19.095858150069827
277340,2112780,7.833652307252862,0.1529350936451971,72.88362921519246,19.095860333908696
277360,2112780,8.007375320989233,0.15850383061813728,72.88381921790524,19.09586251755184
277380,2112780,8.208096742836192,0.16982890590044375,72.88400922064393,19.095864700999257
277400,2112780,8.423167806968076,0.1928499237606107,72.88419922340852,19.095866884250952
277420,2112780,8.648219074106978,0.22208912508330764,72.88438922619899,19.095869067306925
277440,2112780,8.884283148511363,0.24739635963483705,72.88457922901537,19.095871250167175
277460,2112780,9.134590602689903,0.26030624320167706,72.88476923185763,19.095873432831695
277480,2112780,9.401308210426762,0.2577468820168048,72.88495923472578,19.095875615300496
277500,2112780,9.682717482202142,0.24465625530849497,72.88514923761983,19.09587779757357
277520,2112780,9.972685153728142,0.2321766632891152,72.88533924053975,19.09587997965092
277540,2112780,10.2604017656977,0.2319025461832137,72.88552924348555,19.09588216153255
277560,2112780,10.530971319169593,0.2469317705121418,72.88571924645723,19.09588434321845
277580,2112780,10.766054160018363,0.26604912757757737,72.88590924945478,19.09588652470863
277600,2112780,10.955680502188748,0.2726176832133862,72.88609925247822,19.095888706003084
277620,2112780,11.122440313481238,0.2648421862187401,72.88628925552752,19.095890887101806
277640,2112780,11.289321408338978,0.24802788088926303,72.88647925860269,19.095893068004813
277660,2112780,11.471136057044275,0.22882402118566547,72.88666926170373,19.09589524871209
277680,2112780,11.676367974313479,0.21315505864372772,72.88685926483063,19.095897429223644
277700,2112780,11.909490446010663,0.2048714387124664,72.88704926798339,19.095899609539465
277720,2112780,12.17100670895043,0.20367961761448541,72.88723927116203,19.095901789659568
277740,2112780,12.455340247553687,0.20357764597776423,72.8874292743665,19.095903969583944
277760,2112780,12.755046656084867,0.19624403033842147,72.88761927759684,19.095906149312594
277780,2112780,13.070388831715968,0.18028069985901615,72.88780928085302,19.095908328845518
277800,2112780,13.411268770912878,0.17154462430544107,72.88799928413506,19.09591050818272
277820,2112780,13.786800066119934,0.18856924107344383,72.88818928744296,19.095912687324187
277840,2112780,14.200187686096946,0.22652790963914626,72.8883792907767,19.095914866269933
277860,2112780,14.652915312901271,0.26583132815169047,72.88856929413627,19.095917045019956
277880,2112780,15.146733489893887,0.2878372237956653,72.88875929752169,19.09591922357425
277900,2112780,15.669770953717022,0.28927782424297915,72.88894930093295,19.095921401932817
277920,2112780,16.203510606164826,0.2760390292024224,72.88913930437005,19.095923580095658
277940,2112780,16.726622671568947,0.2661070558398966,72.88932930783298,19.09592575806277
277960,2112780,17.22176274462216,0.26560001142315526,72.88951931132173,19.095927935834155
277980,2112780,17.67891900098402,0.27388229783800094,72.88970931483634,19.09593011340981
278000,2112780,18.093746779524274,0.28673618837159864,72.88989931837676,19.095932290789747
278020,2112780,18.457285777474898,0.29233086037055506,72.890089321943,19.09593446797395
278040,2112780,18.767222799024015,0.2858519548618911,72.89027932553506,19.09593664496243
278060,2112780,19.03407187978515,0.27448908192796356,72.89046932915296,19.095938821755183
278080,2112780,19.266590098128553,0.26564660391041256,72.89065933279667,19.095940998352205
278100,2112780,19.468401806460736,0.26279100307083075,72.89084933646619,19.095943174753497
278120,2112780,19.640066319374526,0.2656969378778769,72.89103934016153,19.095945350959063
278140,2112780,19.780708663394385,0.27194222042501554,72.89122934388267,19.095947526968907
278160,2112780,19.88921432891985,0.2787994316549829,72.89141934762962,19.09594970278302
278180,2112780,19.965034637162553,0.2844328917177344,72.89160935140238,19.095951878401397
278200,2112780,20.008622795352796,0.2881602399506174,72.89179935520096,19.095954053824055
278220,2112780,20.021600850994393,0.2901794721170883,72.89198935902532,19.09595622905098
278240,2112780,20.006775643359237,0.29115780673840547,72.8921793628755,19.09595840408218
278260,2112780,19.9680850381064,0.29187921862480687,72.89236936675147,19.09596057891765
278280,2112780,19.910512287096456,0.29301510090826544,72.89255937065322,19.095962753557387
278300,2112780,19.839971916742652,0.2950282194462915,72.89274937458077,19.095964928001404
278320,2112780,19.763141585982595,0.2982034751137751,72.89293937853412,19.095967102249684
278340,2112780,19.687186959835824,0.3027946085190701,72.89312938251325,19.095969276302235
278360,2112780,19.619308721905004,0.309266888968881,72.89331938651817,19.095971450159066
278380,2112780,19.566058416083866,0.3185797863792762,72.89350939054887,19.095973623820157
278400,2112780,19.532444967785178,0.33237704065088264,72.89369939460535,19.09597579728553
278420,2112780,19.520963616522568,0.352880772128793,72.8938893986876,19.095977970555165
278440,2112780,19.530801464287226,0.3823428591650876,72.89407940279565,19.09598014362907
278460,2112780,19.55762103844129,0.42217509770283335,72.89426940692945,19.09598231650725
278480,2112780,19.594265160500978,0.47222636290824677,72.89445941108904,19.095984489189696
278500,2112780,19.632209439152124,0.5306994301601676,72.8946494152744,19.095986661676413
277000,2112800,4.518287703607389,0.24948375366525896,72.88039687244753,19.096003809535826
277020,2112800,4.685704455202049,0.23512342343812545,72.88058687492553,19.096005996528493
277040,2112800,4.853422114275253,0.22122153806857583,72.88077687742947,19.096008183325445
277060,2112800,5.02153845254056,0.20878045610261323,72.88096687995935,19.096010369926663
277080,2112800,5.190942870019221,0.19911476996198385,72.88115688251514,19.09601255633216
277100,2112800,5.363661273467861,0.1939930286957716,72.88134688509687,19.09601474254194
277120,2112800,5.543148160837765,0.19578454683587174,72.88153688770456,19.09601692855599
277140,2112800,5.733977331583844,0.20720825440607643,72.88172689033814,19.096019114374318
277160,2112800,5.939365143992025,0.2292630462159622,72.88191689299768,19.096021299996917
277180,2112800,6.15562892482359,0.25588642367081094,72.88210689568312,19.096023485423796
277200,2112800,6.37040678782965,0.2722857656373774,72.88229689839447,19.09602567065495
277220,2112800,6.577516283455171,0.26897381378033797,72.88248690113176,19.09602785569038
277240,2112800,6.781652347942473,0.24793501794335873,72.88267690389496,19.096030040530078
277260,2112800,6.9861811284237945,0.21509833861569685,72.88286690668406,19.096032225174064
277280,2112800,7.190756589029046,0.17962474817799362,72.883056909499075,19.096034409622316
277300,2112800,7.390484058330865,0.1523909644149276,72.88324691234001,19.096036593874846
277320,2112800,7.579730834808152,0.14244285918556468,72.88343691520686,19.096038777931646
277340,2112800,7.760957048838953,0.15011355059727366,72.8836269180996,19.09604096179273
277360,2112800,7.952066392070055,0.16242619267112438,72.88381692101824,19.096043145458083
277380,2112800,8.155016658106694,0.1771530176091447,72.88400692396279,19.09604532892771
277400,2112800,8.359376018756006,0.20130467809259583,72.88419692693321,19.09604751220161
277420,2112800,8.56504034140304,0.22995957270000472,72.88438692992956,19.096049695279785
277440,2112800,8.776179696006418,0.2542764101325286,72.88457693295179,19.09605187816224
277460,2112800,8.997689147801374,0.26749460846283046,72.8847669359999,19.096054060848964
277480,2112800,9.233070951791031,0.2671906070214845,72.8849569390739,19.096056243339966
277500,2112800,9.482685360009718,0.2564839872145157,72.88514694217379,19.096058425635235
277520,2112800,9.74257530734313,0.2439572766761841,72.88533694529957,19.09606060773478
277540,2112800,10.00411718053168,0.24062687159226792,72.88552694845123,19.0960627896386
277560,2112800,10.25532429907214,0.2515286291365679,72.88571695162875,19.09606497134669
277580,2112800,10.48445657977794,0.2682427090664767,72.88590695483218,19.096067152859053
277600,2112800,10.689437496577053,0.2761861282089284,72.88609695806146,19.0960693341757
277620,2112800,10.881434058646294,0.27010892154537813,72.88628696131661,19.09607151529661
277640,2112800,11.073221681986013,0.25436422944969467,72.88647696459763,19.096073696221794
277660,2112800,11.274724213135617,0.2356402133362084,72.88666696790452,19.096075876951257
277680,2112800,11.492574090762764,0.21978830200034624,72.8868569712373,19.096078057484988
277700,2112800,11.73031847197989,0.21028173315792625,72.8870469745959,19.096080237822992
277720,2112800,11.988317042918547,0.20671607499064218,72.88723697798038,19.096082417965267
277740,2112800,12.264037703797703,0.20476095182335777,72.88742698139072,19.096084597911815
277760,2112800,12.55519388955977,0.19921520289474615,72.8876169848269,19.096086777662638
277780,2112800,12.862590865001224,0.18782906869546268,72.88780698828896,19.096088957217727
277800,2112800,13.196310010365224,0.1815714886141098,72.88799699177686,19.096091136577094
277820,2112800,13.565424135426712,0.19744820074960354,72.8881869952906,19.096093315740728
277840,2112800,13.973215665309937,0.2345842592779858,72.88837699883018,19.09609549470864
277860,2112800,14.421901912572222,0.2717483977828986,72.88856700239562,19.09609767348082
277880,2112800,14.910474771436864,0.29356755548566793,72.8887570059869,19.09609985205727
277900,2112800,15.429093688719414,0.29579218457728496,72.88894700960401,19.096102030438
277920,2112800,15.961685149463943,0.28420531943131094,72.88913701324697,19.096104208622993
277940,2112800,16.48997091175172,0.27187805978860174,72.88932701691574,19.096106386612256
277960,2112800,16.998150210668904,0.26673425302505016,72.88951702061037,19.096108564405796
277980,2112800,17.47506527210329,0.2703626362146328,72.88970702433082,19.096110742003603
278000,2112800,17.912623965578227,0.27910373696453433,72.88989702807709,19.09611291940569
278020,2112800,18.29982119046752,0.2843751042157748,72.89008703184919,19.096115096612035
278040,2112800,18.62406815279122,0.27801376039330356,72.89027703564712,19.09611727362266
278060,2112800,18.89966583417677,0.2677491829060048,72.89046703947088,19.09611945043755
278080,2112800,19.134321236443835,0.2607296158769149,72.89065704332043,19.09612162705671
278100,2112800,19.330467784823735,0.26020141802939917,72.89084704719582,19.09612380348014
278120,2112800,19.48832621202627,0.26546178170782636,72.89103705109702,19.096125979707843
278140,2112800,19.607371333689155,0.27338411837299975,72.89122705502402,19.096128155739816
278160,2112800,19.68738656668399,0.28076193154681667,72.89141705897683,19.09613033157606
278180,2112800,19.729059090679595,0.2857299870481684,72.89160706295544,19.096132507216574
278200,2112800,19.734161458367993,0.28791914575957167,72.89179706695987,19.096134682661358
278220,2112800,19.70552604195941,0.28799596003683786,72.8919870709901,19.09613685791041
278240,2112800,19.646973437381934,0.28712763522074536,72.89217707504612,19.09613903296373
278260,2112800,19.563258633949577,0.286571469486609,72.89236707912794,19.09614120782132
278280,2112800,19.460046172266722,0.2874147302179908,72.89255708323556,19.096143382483177
278300,2112800,19.343899699694457,0.2904391186650108,72.89274708736897,19.09614555694931
278320,2112800,19.222247814175045,0.2960838992536959,72.89293709152818,19.09614773121971
278340,2112800,19.10325020041108,0.3045009481597256,72.89312709571317,19.096149905294375
278360,2112800,18.99543647876858,0.31571237544283093,72.89331709992393,19.096152079173315
278380,2112800,18.90697897496328,0.3298662633391564,72.8935071041605,19.09615425285652
278400,2112800,18.84458214852437,0.3475135888612528,72.89369710842284,19.096156426343992
278420,2112800,18.81215797479406,0.36975926383520324,72.89388711271097,19.096158599635736
278440,2112800,18.80953944343114,0.3981647255752885,72.89407711702485,19.096160772731743
278460,2112800,18.831858807623604,0.43428918049600074,72.89426712136454,19.09616294563202
278480,2112800,18.870563493873796,0.47888431832653233,72.89445712572997,19.09616511833657
278500,2112800,18.915733256180843,0.5312957011012462,72.89464713012119,19.096167290845383
277020,2112820,4.418857822020996,0.24817250296849133,72.88058457451312,19.096186624053082
277040,2112820,4.566517459199785,0.23305861787344379,72.88077457722291,19.096188810872267
277060,2112820,4.7136688432872536,0.21797463375478168,72.88096457995864,19.09619099749573
277080,2112820,4.861115453327048,0.20326134250751074,72.8811545827203,19.096193183923464
277100,2112820,5.010792331684177,0.18933402567426563,72.88134458550789,19.09619537015548
277120,2112820,5.166449202281573,0.1770251681610517,72.8815345883214,19.096197556191765
277140,2112820,5.334592070930433,0.1687525583752602,72.88172459116085,19.096199742032326
277160,2112820,5.52352448516921,0.17075086231464204,72.88191459402623,19.09620192767716
277180,2112820,5.734437345892026,0.18839829593687288,72.88210459691753,19.09620411312627
277200,2112820,5.958861944256955,0.20865646313426447,72.88229459983475,19.096206298379645
277220,2112820,6.194525723997586,0.21728428077816744,72.88248460277788,19.096208483437298
277240,2112820,6.4466540078705625,0.21112083113322963,72.88267460574693,19.09621066829923
277260,2112820,6.717374994746975,0.1910996144204629,72.8828646087419,19.096212852965422
277280,2112820,6.998216944683479,0.16449633515613174,72.88305461176277,19.096215037435897
277300,2112820,7.273256199028875,0.14265818399999264,72.88324461480956,19.096217221710642
277320,2112820,7.524281732061282,0.13653585559558068,72.88343461788224,19.096219405789665
277340,2112820,7.7434247515206955,0.1477442911006489,72.88362462098085,19.096221589672954
277360,2112820,7.946736201939538,0.16334077673822217,72.88381462410534,19.09622377336052
277380,2112820,8.140337160320758,0.1832369322122379,72.88400462725573,19.096225956852358
277400,2112820,8.32207132743176,0.21239737828992156,72.88419463043203,19.096228140148465
277420,2112820,8.498071280837815,0.24444971879176258,72.88438463363421,19.09623032324885
277440,2112820,8.675342574825114,0.2717077239721723,72.8845746368623,19.0962325061535
277460,2112820,8.860155947678146,0.2889910295495728,72.88476464011627,19.096234688862424
277480,2112820,9.057477692540347,0.294118850788865,72.88495464339614,19.096236871375623
277500,2112820,9.269951777531833,0.28849075978261757,72.88514464670189,19.09623905369309
277520,2112820,9.496215056695489,0.27794247483758105,72.88533465003351,19.096241235814837
277540,2112820,9.729748115136452,0.2718731441920741,72.88552465339103,19.096243417740844
277560,2112820,9.960890881289682,0.2769965562253038,72.88571465677441,19.09624559947113
277580,2112820,10.183029289747692,0.2888675837660314,72.88590466018368,19.096247781005687
277600,2112820,10.399862057642085,0.2920689241624378,72.88609466361882,19.096249962344512
277620,2112820,10.615752613347814,0.280851394467489,72.88628466707983,19.09625214348761
277640,2112820,10.832623531017045,0.2619108486560976,72.88647467056671,19.09625432443498
277660,2112820,11.054810612994489,0.24155327798936668,72.88666467407946,19.09625650518662
277680,2112820,11.286669830534892,0.2245962514699886,72.88685467761808,19.096258685742526
277700,2112820,11.531053241341073,0.2136676711636867,72.88704468118254,19.09626086610271
277720,2112820,11.788945026033884,0.20839754441935712,72.88723468477289,19.09626304626716
277740,2112820,12.060268307858493,0.20567331542092912,72.88742468838907,19.096265226235886
277760,2112820,12.346077421738277,0.20128344436741863,72.88761469203114,19.096267406008874
277780,2112820,12.651471577083242,0.1925813256097144,72.88780469569903,19.096269585586136
277800,2112820,12.985874814007209,0.18592062888596206,72.88799469939278,19.09627176496767
277820,2112820,13.355052306069895,0.19918403706387042,72.88818470311239,19.09627394415347
277840,2112820,13.762511162416903,0.23202087047088918,72.88837470685783,19.096276123143543
277860,2112820,14.210966944480901,0.26313698714428085,72.88856471062913,19.096278301937886
277880,2112820,14.695568937067481,0.2830532506173115,72.88875471442626,19.096280480536496
277900,2112820,15.208245505999832,0.28759913586893504,72.88894471824923,19.096282658939376
277920,2112820,15.736249430091874,0.280184152904467,72.88913472209805,19.096284837146527
277940,2112820,16.264617755041144,0.26911870208633204,72.8893247259727,19.096287015157948
277960,2112820,16.77905195827037,0.2617468042594101,72.88951472987317,19.096289192973636
277980,2112820,17.267431105474923,0.2610348823540351,72.88970473379948,19.096291370593594
278000,2112820,17.718926820066912,0.26481417987927514,72.88989473775162,19.096293548017822
278020,2112820,18.120977088635833,0.26686712467041224,72.89008474172957,19.096295725246318
278040,2112820,18.463752385993885,0.2623729602438288,72.89027474573335,19.09629790227908
278060,2112820,18.75303269245823,0.25566619921474915,72.89046474976296,19.096300079116112
278080,2112820,18.994403987507166,0.253047743753833,72.89065475381838,19.096302255757415
278100,2112820,19.189376902911125,0.2573014169222887,72.89084475789961,19.096304432202984
278120,2112820,19.337664294149395,0.26678890825965995,72.89103476200668,19.096306608452824
278140,2112820,19.438790135445302,0.2773316343942771,72.89122476613954,19.096308784506935
278160,2112820,19.49329381186946,0.2852836970369431,72.89141477029821,19.096310960365305
278180,2112820,19.503148960846204,0.2890808072886102,72.89160477448269,19.09631313602795
278200,2112820,19.47155784749275,0.28900511675118734,72.89179477869298,19.096315311494852
278220,2112820,19.402654169871894,0.2864129153844992,72.89198478292906,19.096317486766033
278240,2112820,19.301323592413144,0.28307955346146096,72.89217478719095,19.096319661841477
278260,2112820,19.1731465211728,0.28077168331085006,72.89236479147863,19.096321836721184
278280,2112820,19.024435966507145,0.2809996872529801,72.89255479579211,19.096324011405166
278300,2112820,18.862338792527176,0.28486802752216805,72.89274480013138,19.096326185893417
278320,2112820,18.69496350335906,0.2929696656348577,72.89293480449645,19.096328360185932
278340,2112820,18.53145900523828,0.3053305174282915,72.8931248088873,19.09633053428271
278360,2112820,18.381854676482178,0.3214721453312682,72.89331481330393,19.096332708183755
278380,2112820,18.256333591144188,0.3406727360455399,72.89350481774635,19.09633488188907
278400,2112820,18.16379195002967,0.3623836206264458,72.89369482221457,19.096337055398653
278420,2112820,18.11011714270157,0.38658782152693405,72.89388482670853,19.096339228712498
278440,2112820,18.096251946014387,0.41408156689431863,72.8940748312283,19.096341401830617
278460,2112820,18.11633015264793,0.4466042962343885,72.89426483577382,19.096343574752996
278480,2112820,18.15916537162132,0.48594946767427916,72.89445484034513,19.096345747479642
277040,2112840,4.305834639392415,0.25342515064047866,72.88077227699041,19.096369438415287
277060,2112840,4.435672449701065,0.23827752476190112,72.88096227993199,19.096371625060993
277080,2112840,4.5650943666430885,0.2224437338741181,72.8811522828995,19.09637381151097
277100,2112840,4.6957462596298,0.2055074210014577,72.88134228589296,19.096375997765215
277120,2112840,4.830998892386599,0.18671808029000586,72.88153228891234,19.096378183823738
277140,2112840,4.977914739515594,0.1651217729276787,72.88172229195764,19.096380369686525
277160,2112840,5.152417611612355,0.14208510836132487,72.88191229502887,19.096382555353593
277180,2112840,5.3665359196149485,0.13755472650314507,72.88210229812603,19.09638474082493
277200,2112840,5.603643442239934,0.16212254844043544,72.88229230124908,19.09638692610054
277220,2112840,5.862556911040466,0.18846519551591193,72.88248230439808,19.09638911118041
277240,2112840,6.158301720085522,0.1983558909273521,72.88267230757299,19.096391296064564
277260,2112840,6.493642598198884,0.1866156894948258,72.8828623107738,19.096393480752983
277280,2112840,6.851357964837237,0.1624466049837448,72.88305231400054,19.09639566524568
277300,2112840,7.206478201099232,0.13967055447891782,72.88324231725318,19.09639784954264
277320,2112840,7.52501938734135,0.13190010375865246,72.88343232053174,19.09640003364387
277340,2112840,7.784460925004248,0.13946119775111282,72.88362232383618,19.096402217549382
277360,2112840,7.988944985561925,0.15578104122562816,72.88381232716654,19.096404401259154
277380,2112840,8.157442177059428,0.18556471861741689,72.88400233052279,19.096406584773202
277400,2112840,8.305433870608177,0.22435811074951248,72.88419233390495,19.096408768091518
277420,2112840,8.444386119479526,0.2629573610924183,72.884382337313,19.0964109512141
277440,2112840,8.582473901562885,0.2957049780062015,72.88457234074693,19.09641313414096
277460,2112840,8.726369461341696,0.3194151703413685,72.88476234420676,19.096415316872083
277480,2112840,8.882298901764303,0.3320202997758868,72.88495234769249,19.09641749940748
277500,2112840,9.055898896723523,0.3328123670272867,72.88514235120408,19.096419681747147
277520,2112840,9.249678670054726,0.3242877864245363,72.88533235474158,19.096421863891084
277540,2112840,9.459060210756055,0.3141648026540277,72.88552235830494,19.096424045839292
277560,2112840,9.674599549997474,0.3110208669662858,72.88571236189418,19.096426227591763
277580,2112840,9.890933367540908,0.3144453824934436,72.88590236550932,19.09642840914851
277600,2112840,10.115453492891433,0.3099022514987512,72.88609236915032,19.096430590509524
277620,2112840,10.350256379519143,0.29119245470809857,72.88628237281718,19.096432771674806
277640,2112840,10.587893514936546,0.2677729712996042,72.88647237650991,19.09643495264436
277660,2112840,10.828103783899511,0.2454762398922551,72.88666238022853,19.096437133418178
277680,2112840,11.073226306805964,0.22771275711915848,72.88685238397301,19.09643931399627
277700,2112840,11.3254273680306,0.21614860793821067,72.88704238774334,19.096441494378627
277720,2112840,11.58614414206173,0.21051357157198244,72.88723239153953,19.096443674565258
277740,2112840,11.856797573483641,0.20877765145148608,72.8874223953616,19.096445854556148
277760,2112840,12.14062523453646,0.20766929277033577,72.88761239920949,19.096448034351308
277780,2112840,12.445849223620822,0.2021090707558243,72.88780240308326,19.09645021395074
277800,2112840,12.783689393339403,0.19169907547279372,72.88799240698287,19.09645239335444
277820,2112840,13.156085995790479,0.19625722976551743,72.88818241090833,19.096454572562408
277840,2112840,13.564646080625097,0.2197311528132037,72.88837241485965,19.096456751574642
277860,2112840,14.010359167924276,0.2469811640063728,72.8885624188368,19.096458930391147
277880,2112840,14.489781007136928,0.2665490432742043,72.88875242283979,19.096461109011916
277900,2112840,14.995860839936583,0.27416611688933995,72.88894242686861,19.096463287436958
277920,2112840,15.518189194132212,0.27127202905645587,72.88913243092328,19.09646546566626
277940,2112840,16.04415566380961,0.2630598145854305,72.8893224350038,19.09646764369983
277960,2112840,16.560652285837808,0.2551810000905524,72.88951243911013,19.096469821537674
277980,2112840,17.05509323534436,0.2508346148122158,72.8897024432423,19.096471999179776
278000,2112840,17.515318716747416,0.24943945437419565,72.8898924474003,19.096474176626156
278020,2112840,17.929580815272946,0.24777673742410375,72.89008245158412,19.096476353876795
278040,2112840,18.289889162887036,0.2440080558778165,72.89027245579376,19.0964785309317
278060,2112840,18.595144401945518,0.24098568177972282,72.89046246002924,19.096480707790874
278080,2112840,18.84659895027804,0.24358368621103274,72.89065246429053,19.096482884454318
278100,2112840,19.04420760243425,0.2538295362579758,72.89084246857762,19.096485060922024
278120,2112840,19.186713197420737,0.2686991204327192,72.89103247289053,19.096487237193998
278140,2112840,19.27318911142962,0.28235262410228296,72.89122247722926,19.096489413270238
278160,2112840,19.30486201812887,0.29065771186080025,72.89141248159379,19.09649158915074
278180,2112840,19.285229831622125,0.2927495715302526,72.89160248598414,19.096493764835515
278200,2112840,19.219100191626364,0.2898485763407878,72.89179249040028,19.096495940324555
278220,2112840,19.11199381475398,0.28413302189660333,72.89198249484222,19.096498115617855
278240,2112840,18.969882740302108,0.27800129753870173,72.89217249930998,19.09650029071542
278260,2112840,18.799141152882555,0.27367092204402094,72.89236250380353,19.096502465617256
278280,2112840,18.606651104689842,0.27300393040384696,72.89255250832288,19.096504640323356
278300,2112840,18.400008367434133,0.2773928159738565,72.892742512868,19.096506814833717
278320,2112840,18.1878094486978,0.2876097822262977,72.89293251743894,19.096508989148347
278340,2112840,17.98000454146344,0.30362470504574857,72.89312252203565,19.09651116326724
278360,2112840,17.788149384338325,0.32451921821057494,72.89331252665815,19.0965133371904
278380,2112840,17.624883485899083,0.3487190650892485,72.89350253130642,19.09651551091783
278400,2112840,17.501741718344803,0.3746461615297142,72.89369253598049,19.096517684449516
278420,2112840,17.426834448228092,0.4012357172296023,72.89388254068034,19.096519857785463
278440,2112840,17.40339448149784,0.42817932939253056,72.89407254540596,19.096522030925687
278460,2112840,17.42398237766443,0.4573555255838882,72.89426255015736,19.096524203870164
278480,2112840,17.47246954887404,0.4919746056405936,72.89445255493453,19.09652637661891
277040,2112860,4.077212689627525,0.27948141860174214,72.880769976732,19.096550065954506
277060,2112860,4.194779187205058,0.26581021730983356,72.88095997987942,19.09655225262245
277080,2112860,4.312594151581878,0.2513545295040636,72.8811499830528,19.096554439094664
277100,2112860,4.432317507608853,0.23559817106893208,72.88133998625209,19.096556625371147
277120,2112860,4.55754888058097,0.21762675353238975,72.88152998947733,19.096558811451906
277140,2112860,4.695599302127,0.19586004928175868,72.88171999272849,19.096560997336933
277160,2112860,4.866210027762353,0.16704289419483967,72.88190999600559,19.09656318302622
277180,2112860,5.088887173338704,0.1436126343747855,72.8820999993086,19.09656536851979
277200,2112860,5.34037467645998,0.1576552133976208,72.88229000263752,19.09656755381762
277220,2112860,5.618840596416876,0.18963620256059005,72.88248000599238,19.096569738919726
277240,2112860,5.95248745884731,0.20462353399985087,72.88267000937314,19.0965719238261
277260,2112860,6.338566214969362,0.19464073593602532,72.88286001277982,19.096574108536746
277280,2112860,6.760385749073463,0.16711293401180233,72.88305001621241,19.096576293051655
277300,2112860,7.187319811079802,0.1380938685207452,72.88324001967091,19.096578477370834
277320,2112860,7.567799698565103,0.1250186073909344,72.88343002315531,19.09658066149428
277340,2112860,7.856031144182872,0.1268309380244532,72.88362002666562,19.096582845422
277360,2112860,8.049191427706296,0.14475612696524254,72.88381003020184,19.096585029153985
277380,2112860,8.18572040632245,0.1872010409994665,72.88400003376395,19.096587212690242
277400,2112860,8.296652169713592,0.2371611159734303,72.88419003735196,19.096589396030765
277420,2112860,8.398023402638707,0.2820907694506022,72.88438004096588,19.096591579175556
277440,2112860,8.497438191533824,0.32028858422576156,72.88457004460568,19.096593762124613
277460,2112860,8.601244343415571,0.3506181370790695,72.88476004827136,19.09659594487794
277480,2112860,8.716381306847309,0.37109930088771464,72.88495005196293,19.096598127435538
277500,2112860,8.852011063549387,0.3786765414682522,72.88514005568041,19.0966003097974
277520,2112860,9.017601667616686,0.37089025758325844,72.88533005942375,19.09660249196353
277540,2112860,9.2102370690737,0.3538855551411047,72.88552006319298,19.09660467393393
277560,2112860,9.417095970878075,0.3392077788714631,72.88571006698808,19.096606855708593
277580,2112860,9.63157497428459,0.33009945665145646,72.88590007080907,19.096609037287525
277600,2112860,9.860196279271491,0.3171762015641352,72.88609007465593,19.096611218670727
277620,2112860,10.105731861913599,0.29391829762754257,72.88628007852867,19.096613399858203
277640,2112860,10.356305862122648,0.26894358915219113,72.88647008242727,19.09661558084993
277660,2112860,10.609287104750596,0.2467546747573771,72.88666008635174,19.096617761645934
277680,2112860,10.865138012075677,0.22953646794837515,72.88685009030206,19.096619942246203
277700,2112860,11.12504988905559,0.21820353634627856,72.88704009427826,19.09662212265074
277720,2112860,11.390427085210879,0.21272059364304882,72.88723009828031,19.096624302859535
277740,2112860,11.663421427711762,0.2120931330283669,72.88742010230824,19.096626482872608
277760,2112860,11.948337222836601,0.2137223479708151,72.887610106362,19.09662866268994
277780,2112860,12.254194429369292,0.21138754318177394,72.88780011044163,19.09663084231154
277800,2112860,12.593169684072027,0.20028984224048585,72.88799011454711,19.096633021737407
277820,2112860,12.96593430692214,0.196906934388759,72.88818011867843,19.09663520096754
277840,2112860,13.372309024704926,0.21064857345656066,72.88837012283561,19.096637380001937
277860,2112860,13.812772092914882,0.23295720051477944,72.88856012701862,19.0966395588406
277880,2112860,14.28518427286061,0.2524393113786541,72.88875013122747,19.096641737483534
277900,2112860,14.783923758855515,0.26318035019140057,72.88894013546216,19.09664391593073
277920,2112860,15.300169704334227,0.2645587392860101,72.8891301397227,19.09664609418219
277940,2112860,15.822835258884455,0.25940067960034124,72.88932014400908,19.096648272237914
277960,2112860,16.339723697732282,0.25172517063847755,72.88951014832126,19.096650450097908
277980,2112860,16.838342499792912,0.24453478810262397,72.8897001526593,19.09665262776216
278000,2112860,17.306372132963798,0.23857613804269942,72.88989015702316,19.096654805230685
278020,2112860,17.732507203374134,0.23304208447272848,72.89008016141285,19.096656982503468
278040,2112860,18.108213808174217,0.22805113952340533,72.89027016582835,19.096659159580526
278060,2112860,18.42870501821024,0.22653584090296908,72.89046017026969,19.09666133646184
278080,2112860,18.69144320960596,0.23282742688082678,72.89065017473683,19.096663513147416
278100,2112860,18.89416432667477,0.24850574012977344,72.8908401792298,19.096665689637263
278120,2112860,19.033969887814447,0.2691079548068469,72.89103018374858,19.09666786593137
278140,2112860,19.108401986314846,0.2858933623443302,72.89122018829318,19.096670042029743
278160,2112860,19.11946645469195,0.2941792107033359,72.89141019286356,19.09667221793238
278180,2112860,19.072666693596155,0.29430847207107985,72.89160019745978,19.096674393639283
278200,2112860,18.974524008877452,0.28848124283058635,72.89179020208178,19.096676569150446
278220,2112860,18.832009669236943,0.2797469002547648,72.8919802067296,19.096678744465873
278240,2112860,18.652180198835612,0.2710497860463478,72.89217021140321,19.096680919585562
278260,2112860,18.44215235829761,0.2648861515654378,72.89236021610262,19.096683094509515
278280,2112860,18.209296991901176,0.26328226379775715,72.89255022082783,19.09668526923774
278300,2112860,17.961527951043585,0.2677946944111829,72.89274022557883,19.09668744377022
278320,2112860,17.707685961885556,0.2793961879203877,72.89293023035563,19.096689618106964
278340,2112860,17.458117281596753,0.2981891885226292,72.89312023515821,19.09669179224797
278360,2112860,17.225574899425396,0.32306509107825193,72.89331023998658,19.09669396619324
278380,2112860,17.02582369243232,0.3516640855881733,72.89350024484072,19.096696139942775
278400,2112860,16.874104302132977,0.3813693616114961,72.89369024972066,19.09669831349657
278420,2112860,16.778686213177547,0.4106884040031606,72.89388025462635,19.096700486854633
278440,2112860,16.747348339703183,0.43762059968830247,72.89407025955785,19.096702660016955
278460,2112860,16.770836290358833,0.46389708267212193,72.89426026451511,19.096704832983537
278480,2112860,16.82929670037764,0.49497357260978264,72.89445026949815,19.096707005754382
277060,2112880,3.9950391504349483,0.29612867531370973,72.8809576798009,19.0967328801801
277080,2112880,4.1085824024386115,0.2834296004568985,72.88114768318015,19.096735066674555
277100,2112880,4.226887292785467,0.2693907080512429,72.88133768658531,19.096737252973277
277120,2112880,4.354996942511364,0.2529710521275804,72.88152769001641,19.096739439076266
277140,2112880,4.502328170853771,0.23240828341315273,72.88171769347343,19.096741624983526
277160,2112880,4.684868855891025,0.2064897169494185,72.88190769695638,19.096743810695052
277180,2112880,4.912868715931128,0.1849603892261194,72.88209770046524,19.096745996210846
277200,2112880,5.1803021457100185,0.18570632651478078,72.88228770400003,19.096748181530906
277220,2112880,5.488464886601737,0.20187382498899342,72.88247770756074,19.096750366655233
277240,2112880,5.851772221997069,0.20922013919820817,72.88266771114736,19.09675255158383
277260,2112880,6.269294781574876,0.19628324637082167,72.88285771475992,19.09675473631669
277280,2112880,6.727322109218511,0.16510884672040158,72.88304771839836,19.096756920853824
277300,2112880,7.19480865642534,0.12978147928660252,72.88323772206273,19.096759105195222
277320,2112880,7.6163945799537975,0.11062052119457319,72.883427725753,19.096761289340886
277340,2112880,7.917043585484186,0.10917025174185595,72.88361772946917,19.096763473290814
277360,2112880,8.092450833191254,0.13713701627441177,72.88380773321124,19.096765657045008
277380,2112880,8.200752513160875,0.19283981408009576,72.88399773697921,19.096767840603476
277400,2112880,8.281395508645648,0.2501632641730684,72.88418774077309,19.096770023966208
277420,2112880,8.352216392386556,0.29813134335798125,72.88437774459287,19.096772207133203
277440,2112880,8.419686499458201,0.33969098019549077,72.88456774843853,19.096774390104468
277460,2112880,8.490236761909422,0.37451783171951125,72.88475775231008,19.09677657287999
277480,2112880,8.570739288450063,0.40091012038257573,72.88494775620751,19.09677875545979
277500,2112880,8.671743173182582,0.41497749347663987,72.88513776013085,19.09678093784385
277520,2112880,8.815002416075432,0.40683458401945366,72.88532776408005,19.09678312003217
277540,2112880,8.99849360037042,0.3811210741760397,72.88551776805514,19.09678530202477
277560,2112880,9.20092094058129,0.35501417747365704,72.88570777205611,19.096787483821622
277580,2112880,9.416282392704167,0.3333546236117776,72.88589777608296,19.09678966542274
277600,2112880,9.647025657229651,0.3125266178159823,72.88608778013568,19.096791846828133
277620,2112880,9.893170391931465,0.2894881443875066,72.88627778421427,19.096794028037788
277640,2112880,10.148330471180142,0.26691842498105334,72.88646778831874,19.096796209051707
277660,2112880,10.408267178437017,0.2474000730248038,72.88665779244907,19.096798389869885
277680,2112880,10.671496730152612,0.23192853631775118,72.88684779660527,19.096800570492334
277700,2112880,10.937921669826316,0.22083019616807034,72.88703780078733,19.09680275091905
277720,2112880,11.208428220306699,0.21446313434851308,72.88722780499526,19.096804931150018
277740,2112880,11.48525014230646,0.21309884660872483,72.88741780922904,19.096807111185264
277760,2112880,11.772893248993617,0.21541921562233118,72.88760781348866,19.096809291024776
277780,2112880,12.07929050829566,0.2163004318451538,72.88779781777416,19.096811470668538
277800,2112880,12.414586051165577,0.20902131646052974,72.88798782208549,19.09681365011657
277820,2112880,12.781863589439729,0.20195654786409545,72.88817782642268,19.096815829368875
277840,2112880,13.180707318234424,0.20844545918261975,72.88836783078571,19.096818008425434
277860,2112880,13.612182818737265,0.22633573011245506,72.8885578351746,19.09682018728626
277880,2112880,14.075444792710119,0.24589672563735293,72.88874783958931,19.09682236595135
277900,2112880,14.566079650080034,0.2596734373680651,72.88893784402988,19.096824544420702
277920,2112880,15.07624772050672,0.2648120674757076,72.88912784849629,19.09682672269432
277940,2112880,15.595747788746287,0.2621654499081269,72.88931785298851,19.096828900772195
277960,2112880,16.113069689882995,0.25460436136204323,72.88950785750657,19.096831078654333
277980,2112880,16.616020197706217,0.24502521887966539,72.88969786205047,19.096833256340748
278000,2112880,17.092274713756094,0.23505155261681504,72.8898878666202,19.096835433831416
278020,2112880,17.530255693310043,0.2253285129436194,72.89007787121575,19.096837611126343
278040,2112880,17.92021348618356,0.21716571380591998,72.89026787583713,19.096839788225537
278060,2112880,18.25476785290235,0.2139505524639405,72.89045788048432,19.096841965129
278080,2112880,18.52848173489241,0.22029581742864046,72.89064788515734,19.096844141836712
278100,2112880,18.737045728288084,0.238344728692757,72.89083788985617,19.096846318348696
278120,2112880,18.87628236273406,0.2637597506240623,72.89102789458082,19.096848494664943
278140,2112880,18.94045829415733,0.283290010440224,72.89121789933128,19.096850670785447
278160,2112880,18.933126323080664,0.29206991668516513,72.89140790410754,19.096852846710217
278180,2112880,18.86177591878869,0.29093914330823606,72.8915979089096,19.096855022439247
278200,2112880,18.734622199619217,0.2828937029127864,72.89178791373749,19.09685719797254
278220,2112880,18.560264965275817,0.2721026708726544,72.89197791859117,19.096859373310092
278240,2112880,18.346827049512385,0.26190558543152637,72.89216792347065,19.0968615484519
278260,2112880,18.1021151806299,0.2548228004133348,72.89235792837593,19.096863723397984
278280,2112880,17.83396089637884,0.25273367672345376,72.892547933307,19.09686589814832
278300,2112880,17.55058212643001,0.25707109276085227,72.89273793826388,19.09686807270292
278320,2112880,17.26097687789363,0.2689298416074357,72.89292794324653,19.09687024706178
278340,2112880,16.975499054244064,0.288803290387324,72.89311794825498,19.096872421224905
278360,2112880,16.707087857267542,0.3159270280128668,72.89330795328921,19.09687459519228
278380,2112880,16.474463456173456,0.34753771412828344,72.89349795834923,19.096876768963927
278400,2112880,16.301914074430556,0.3792050767663221,72.89368796343503,19.096878942539828
278420,2112880,16.193471942075263,0.4098114906435121,72.89387796854662,19.096881115919995
278440,2112880,16.154583330497204,0.43738789444232257,72.89406797368396,19.09688328910442
278460,2112880,16.17538648425567,0.46310361629109886,72.8942579788471,19.096885462093102
277080,2112900,3.9523540557990406,0.31468696824787806,72.88114538328156,19.09691569425064
277100,2112900,4.076568805040953,0.30166561972993283,72.88133538689259,19.096917880571603
277120,2112900,4.2154505983411195,0.28614800776028976,72.88152539052955,19.09692006669683
277140,2112900,4.378121739258601,0.26713594723161627,72.88171539419244,19.096922252626317
277160,2112900,4.575672728250643,0.24548379703386053,72.88190539788124,19.09692443836007
277180,2112900,4.81563438920219,0.22733610592917172,72.88209540159596,19.096926623898092
277200,2112900,5.099832452601962,0.22030051411471252,72.88228540533663,19.096928809240378
277220,2112900,5.4311576061165745,0.22140762154491142,72.8824754091032,19.096930994386934
277240,2112900,5.81439190737251,0.21814872876976213,72.88266541289569,19.096933179337753
277260,2112900,6.246844720699621,0.20144594241292782,72.8828554167141,19.09693536409284
277280,2112900,6.713860432978714,0.17160468419982305,72.88304542055842,19.096937548652186
277300,2112900,7.185355651982185,0.1391205628328261,72.88323542442863,19.096939733015805
277320,2112900,7.610363418316208,0.1213015303718327,72.88342542832477,19.09694191718368
277340,2112900,7.913172693681493,0.1276462535650628,72.8836154322468,19.09694410115582
277360,2112900,8.08523142384948,0.1595742722397285,72.88380543619475,19.09694628493223
277380,2112900,8.184128020136232,0.20932510943327176,72.88399544016858,19.09694846851291
277400,2112900,8.249443537628073,0.26208174362749026,72.88418544416832,19.096950651897842
277420,2112900,8.300949476128723,0.3093391523552101,72.88437544819395,19.096952835087045
277440,2112900,8.34787147084167,0.3507507037730287,72.88456545224548,19.096955018080507
277460,2112900,8.397365521472253,0.38586395364915976,72.88475545632289,19.096957200878244
277480,2112900,8.457087188989167,0.4126852502122012,72.8849454604262,19.096959383480232
277500,2112900,8.538562346241568,0.42671834139559933,72.88513546455539,19.096961565886495
277520,2112900,8.664933180310094,0.417836298677384,72.88532546871046,19.096963748097014
277540,2112900,8.835487006243534,0.3896496492961102,72.88551547289141,19.096965930111793
277560,2112900,9.029768672863694,0.3583195708964825,72.88570547709826,19.09696811193085
277580,2112900,9.241310179935331,0.3304492448788279,72.88589548133098,19.096970293554158
277600,2112900,9.469279741904165,0.30667536330324235,72.88608548558956,19.09697247498173
277620,2112900,9.712481239241601,0.2858978723542534,72.88627548987402,19.096974656213575
277640,2112900,9.967253599957052,0.2677825967610088,72.88646549418435,19.096976837249674
277660,2112900,10.229708147529958,0.2520925243145373,72.88665549852055,19.096979018090035
277680,2112900,10.497142586252998,0.238312041641007,72.88684550288261,19.096981198734664
277700,2112900,10.76817513420518,0.2262252510173859,72.88703550727054,19.096983379183552
277720,2112900,11.042839291443428,0.21663424971608675,72.88722551168432,19.0969855594367
277740,2112900,11.322886231616287,0.21152213836546013,72.88741551612397,19.096987739494118
277760,2112900,11.6121092259573,0.21237500701428794,72.88760552058946,19.096989919355796
277780,2112900,11.916511145990766,0.21649739572696508,72.88779552508083,19.096992099021737
277800,2112900,12.244470499442885,0.21381787995381224,72.88798552959803,19.096994278491938
277820,2112900,12.60006408622749,0.20637589726103195,72.88817553414108,19.096996457766398
277840,2112900,12.985066220701807,0.2097299477895028,72.88836553870999,19.096998636845125
277860,2112900,13.403009434824503,0.22612376306871151,72.88855554330473,19.097000815728112
277880,2112900,13.854783428283984,0.24740580320578592,72.88874554792532,19.097002994415366
277900,2112900,14.336780207200285,0.2648236886174667,72.88893555257175,19.09700517290687
277920,2112900,14.84131926384791,0.2733255255030484,72.88912555724401,19.097007351202638
277940,2112900,15.358453102262803,0.2722555476124143,72.88931556194211,19.09700952930267
277960,2112900,15.877197679415422,0.26420362927660895,72.88950556666606,19.097011707206963
277980,2112900,16.385609658101632,0.2523990779995492,72.88969557141581,19.097013884915523
278000,2112900,16.871096924542456,0.2389859392426845,72.8898855761914,19.097016062428338
278020,2112900,17.321299276714925,0.2251793062205704,72.89007558099284,19.097018239745413
278040,2112900,17.725002160363005,0.21266121265937774,72.89026558582009,19.09702041686675
278060,2112900,18.072610033824784,0.20490813617743014,72.89045559067314,19.097022593792353
278080,2112900,18.356138578580698,0.206827350761404,72.89064559555202,19.09702477052221
278100,2112900,18.56909704508618,0.22152288899513742,72.89083560045671,19.097026947056328
278120,2112900,18.70605808673701,0.24564019981365315,72.89102560538724,19.09702912339471
278140,2112900,18.76231449269975,0.2681988081805618,72.89121561034356,19.09703129953735
278160,2112900,18.740527674952236,0.28112166853438236,72.8914056153257,19.09703347548425
278180,2112900,18.647647994531933,0.2803090054326375,72.89159562033363,19.09703565123541
278200,2112900,18.495067029808407,0.27177200475997626,72.89178562536739,19.097037826790825
278220,2112900,18.29322743864361,0.2608824467172312,72.89197563042694,19.097040002150507
278240,2112900,18.05122887575077,0.2511402262187195,72.89216563551228,19.097042177314442
278260,2112900,17.777525449422402,0.24491100121420112,72.89235564062344,19.097044352282644
278280,2112900,17.480442939318884,0.24354487372658687,72.89254564576038,19.0970465270551
278300,2112900,17.168659352138196,0.24783431818587867,72.89273565092311,19.097048701631817
278320,2112900,16.85161403233334,0.2586746203186496,72.89292565611164,19.09705087601279
278340,2112900,16.5399795802536,0.27710018800959296,72.89311566132596,19.097053050198028
278360,2112900,16.24668245084515,0.30326184038040915,72.89330566656606,19.09705522418752
278380,2112900,15.99021042418388,0.3350310430887929,72.89349567183196,19.097057397981274
278400,2112900,15.806261803450797,0.36644352003394143,72.89368567712363,19.097059571579283
278420,2112900,15.693428788225045,0.396544883950012,72.89387568244108,19.09706174498156
278440,2112900,15.64344908079671,0.4255768822151922,72.89406568778432,19.097063918188077
278460,2112900,15.649268053724143,0.45438163046537816,72.89425569315331,19.09706609119887
277100,2112920,3.973142439852459,0.3312362835554689,72.88133308717394,19.097098508166116
277120,2112920,4.125460051867263,0.3165290479109704,72.88152309101676,19.09710069431358
277140,2112920,4.303819270627937,0.2993257678875266,72.8817130948855,19.097102880265304
277160,2112920,4.5164521714175905,0.28088331813824724,72.88190309878019,19.097105066021292
277180,2112920,4.769677672675472,0.26462435666754175,72.8820931027008,19.09710725158154
277200,2112920,5.06706421976911,0.2536700343783562,72.8822831066473,19.097109436946052
277220,2112920,5.41077341777112,0.2464593772541567,72.88247311061973,19.097111622114834
277240,2112920,5.800848791035557,0.2371529882312409,72.8826631146181,19.097113807087876
277260,2112920,6.231165199405535,0.22131800545261937,72.88285311864236,19.097115991865184
277280,2112920,6.685596113327251,0.20075639948689392,72.88304312269256,19.09711817644675
277300,2112920,7.135140837113364,0.18479691828897327,72.88323312676863,19.09712036083258
277320,2112920,7.536055819356557,0.18513852270018355,72.88342313087064,19.097122545022675
277340,2112920,7.836059976350864,0.19919807981807364,72.88361313499854,19.097124729017033
277360,2112920,8.01839740084822,0.21380771211484678,72.88380313915233,19.09712691281565
277380,2112920,8.125367488387177,0.24134444709455743,72.88399314333205,19.097129096418534
277400,2112920,8.192063049206142,0.27884322052417027,72.88418314753764,19.097131279825675
277420,2112920,8.239153027307637,0.3179833379321699,72.88437315176914,19.097133463037082
277440,2112920,8.279062136030399,0.3542636653863114,72.88456315602654,19.097135646052752
277460,2112920,8.321106033222923,0.38499793794484183,72.88475316030983,19.09713782887268
277480,2112920,8.37478212180242,0.407024513138252,72.884943164619,19.097140011496876
277500,2112920,8.452268539148282,0.41567071055741295,72.88513316895406,19.097142193925333
277520,2112920,8.56676877892545,0.4063610281833514,72.885323173315,19.097144376158052
277540,2112920,8.719313897625062,0.38224284693425437,72.88551317770182,19.09714655819502
277560,2112920,8.900124461567872,0.35324864860160826,72.88570318211453,19.09714874003627
277580,2112920,9.102349556068368,0.3269402982219283,72.8858931865531,19.097150921681767
277600,2112920,9.323167060959053,0.3062513528488251,72.88608319101756,19.09715310313153
277620,2112920,9.560753168263812,0.29059786679307015,72.88627319550788,19.09715528438555
277640,2112920,9.812400506096349,0.27767330772675014,72.88646320002408,19.097157465443836
277660,2112920,10.074516375038082,0.2651646915639253,72.88665320456616,19.09715964630638
277680,2112920,10.343535064090592,0.25167816292586737,72.88684320913408,19.09716182697319
277700,2112920,10.616837095610359,0.23675793632965214,72.88703321372789,19.097164007444256
277720,2112920,10.89340208861861,0.22129271928534683,72.88722321834754,19.09716618771958
277740,2112920,11.174245272414646,0.2086556924450489,72.88741322299305,19.097168367799167
277760,2112920,11.462336025158063,0.20359320533114825,72.88760322766441,19.097170547683014
277780,2112920,11.76201253814691,0.20680431330738497,72.88779323236164,19.097172727371124
277800,2112920,12.078234851502781,0.20871463018482492,72.88798323708473,19.09717490686349
277820,2112920,12.414999346203896,0.20441586434515865,72.88817324183366,19.097177086160126
277840,2112920,12.779386689202621,0.2093735873341591,72.88836324660842,19.09717926526101
277860,2112920,13.17915945390467,0.22840556304639456,72.88855325140904,19.09718144416616
277880,2112920,13.61741060050591,0.25397500930330263,72.8887432562355,19.09718362287557
277900,2112920,14.090902913711306,0.27624989385180104,72.88893326108779,19.097185801389237
277920,2112920,14.590856772380077,0.2878783686625707,72.88912326596592,19.09718797970716
277940,2112920,15.10682630973415,0.28716581838659005,72.88931327086989,19.09719015782935
277960,2112920,15.628535476154807,0.27789451745422505,72.8895032757997,19.097192335755793
277980,2112920,16.14411594409951,0.2641796551968095,72.88969328075534,19.0971945134865
278000,2112920,16.640233072738305,0.24833988706348956,72.8898832857368,19.097196691021455
278020,2112920,17.103327564316753,0.2314973713088652,72.89007329074408,19.09719886836068
278040,2112920,17.520633015514772,0.21514912057946242,72.8902632957772,19.097201045504168
278060,2112920,17.880591617858546,0.20239923430098072,72.89045330083614,19.097203222451903
278080,2112920,18.172830106394077,0.1977195068908136,72.89064330592089,19.097205399203904
278100,2112920,18.38854594290839,0.20483191920649507,72.89083331103146,19.09720757576016
278120,2112920,18.521680119033622,0.22291907443967693,72.89102331616785,19.09720975212068
278140,2112920,18.569874958604363,0.24469702271398674,72.89121332133004,19.097211928285446
278160,2112920,18.535221670904193,0.26018802296103105,72.89140332651806,19.09721410425448
278180,2112920,18.424303493634447,0.2621438684264331,72.89159333173187,19.09721628002777
278200,2112920,18.250641975856436,0.25586917484567456,72.89178333697149,19.097218455605315
278220,2112920,18.02633966451915,0.247248425825697,72.89197334223691,19.097220630987117
278240,2112920,17.761503852496304,0.2403177452445969,72.89216334752813,19.09722280617318
278260,2112920,17.465179676534635,0.23734742253606805,72.89235335284515,19.0972249811635
278280,2112920,17.146181960949914,0.23875145137594264,72.89254335818796,19.097227155958073
278300,2112920,16.813839834092548,0.24394615537276867,72.89273336355657,19.09722933055691
278320,2112920,16.478498715405127,0.2529923781617907,72.89292336895099,19.097231504960003
278340,2112920,16.1519237177357,0.26742029040780774,72.89311337437117,19.097233679167353
278360,2112920,15.8483727080034,0.2888033999709775,72.89330337981714,19.097235853178958
278380,2112920,15.587271257931924,0.3163014988606263,72.8934933852889,19.097238026994816
278400,2112920,15.39099258922312,0.34648764745319127,72.89368339078645,19.097240200614934
278420,2112920,15.263305467710852,0.37739753329881176,72.89387339630977,19.09724237403931
278440,2112920,15.195925219362103,0.4087696761471166,72.89406340185887,19.097244547267945
277120,2112940,4.072913849422319,0.34434030822384787,72.88152079147804,19.097281321926527
277140,2112940,4.265284540563069,0.3287364316041514,72.88171079555266,19.097283507900485
277160,2112940,4.490788790997113,0.31246125053647855,72.88190079965321,19.09728569367871
277180,2112940,4.754446356168599,0.29740179897226,72.88209080377966,19.09728787926118
277200,2112940,5.059215172171525,0.28498263509904664,72.88228080793206,19.097290064647925
277220,2112940,5.405692612770093,0.27458368037546854,72.88247081211036,19.09729224983893
277240,2112940,5.791020510452147,0.2639761732618919,72.88266081631458,19.097294434834197
277260,2112940,6.206601553084565,0.2520371803584205,72.88285082054472,19.097296619633724
277280,2112940,6.635728631560629,0.24130735099784492,72.88304082480077,19.097298804237514
277300,2112940,7.052241530737774,0.23766888424126323,72.88323082908273,19.097300988645557
277320,2112940,7.421774953786359,0.24475239638203405,72.8834208333906,19.09730317285787
277340,2112940,7.710036140890776,0.2553855788261485,72.88361083772438,19.097305356874436
277360,2112940,7.905808307712533,0.26280285749447535,72.88380084208403,19.09730754069527
277380,2112940,8.030333308644718,0.27590338103970957,72.88399084646962,19.097309724320358
277400,2112940,8.110184710412266,0.2982387650344629,72.88418085088108,19.09731190774971
277420,2112940,8.165313456758948,0.32567253530542206,72.88437085531845,19.09731409098332
277440,2112940,8.209925145387256,0.35316427405496525,72.88456085978171,19.09731627402119
277460,2112940,8.255192191011442,0.37658294223584027,72.88475086427087,19.097318456863327
277480,2112940,8.311503151078748,0.3921528202430143,72.88494086878592,19.097320639509718
277500,2112940,8.389327588457697,0.3963181431709449,72.88513087332684,19.09732282196037
277520,2112940,8.497049817436332,0.38740702320540726,72.88532087789365,19.097325004215282
277540,2112940,8.636554813570346,0.3683784950114949,72.88551088248634,19.097327186274452
277560,2112940,8.8038749493787,0.3461339832049609,72.88570088710492,19.097329368137885
277580,2112940,8.994393609914319,0.32726656591256464,72.88589089174937,19.097331549805574
277600,2112940,9.205309700380898,0.3146628793327819,72.8860808964197,19.097333731277523
277620,2112940,9.435100562771861,0.3064825026662637,72.88627090111589,19.09733591255373
277640,2112940,9.681830926044373,0.2982397275235725,72.88646090583796,19.0973380936342
277660,2112940,9.941761866552383,0.2868042759016936,72.8866509105859,19.097340274518928
277680,2112940,10.210160814507168,0.2715891715815663,72.8868409153597,19.097342455207915
277700,2112940,10.48304443849366,0.25262932803933735,72.88703092015936,19.09734463570116
277720,2112940,10.758127191034596,0.2300357725532852,72.88722092498489,19.097346815998655
277740,2112940,11.035658179206962,0.2074456961740913,72.88741092983628,19.09734899610042
277760,2112940,11.318054994368902,0.19253286583179277,72.88760093471352,19.097351176006438
277780,2112940,11.608070676628444,0.18970702574502477,72.88779093961661,19.097353355716717
277800,2112940,11.907491194510854,0.19317824777582043,72.88798094454556,19.097355535231255
277820,2112940,12.218935571414097,0.19489904616130943,72.88817094950035,19.097357714550046
277840,2112940,12.556603542624703,0.20556048538936672,72.888360954481,19.097359893673094
277860,2112940,12.934286187438136,0.2302758644419307,72.88855095948749,19.097362072600408
277880,2112940,13.357572175477141,0.2614176283379203,72.88874096451983,19.097364251331975
277900,2112940,13.823631607513525,0.28909869770315766,72.88893096957798,19.097366429867797
277920,2112940,14.320817440663182,0.30343692419914636,72.889120974662,19.097368608207884
277940,2112940,14.837093713606462,0.30158604451204263,72.88931097977185,19.097370786352222
277960,2112940,15.363967539335524,0.29100773011123915,72.88950098490751,19.097372964300817
277980,2112940,15.88895280236286,0.2764439521484591,72.88969099006903,19.097375142053675
278000,2112940,16.397323052837937,0.2598961703673839,72.88988099525636,19.097377319610782
278020,2112940,16.873965190543124,0.2419482766311948,72.89007100046952,19.097379496972152
278040,2112940,17.30463020611538,0.2238910141770154,72.89026100570851,19.09738167413778
278060,2112940,17.676280784894285,0.20879857500127866,72.89045101097332,19.097383851107658
278080,2112940,17.976566347896387,0.2000749926938478,72.89064101626394,19.097386027881793
278100,2112940,18.194085095607686,0.20007536011271282,72.8908310215804,19.097388204460188
278120,2112940,18.322592908885916,0.21026382639588598,72.89102102692264,19.097390380842835
278140,2112940,18.361423982947716,0.2266964267084164,72.89121103229073,19.097392557029746
278160,2112940,18.31315349097368,0.23960361178780618,72.8914010376846,19.09739473302091
278180,2112940,18.186595002680047,0.24292112426166218,72.89159104310428,19.097396908816325
278200,2112940,17.99585834229164,0.2391005864846602,72.89178104854979,19.097399084416004
278220,2112940,17.75425424186629,0.2337126867457226,72.89197105402107,19.097401259819932
278240,2112940,17.472613087321374,0.2313026912523355,72.89216105951817,19.097403435028117
278260,2112940,17.160267679195808,0.23391592546249224,72.89235106504107,19.097405610040557
278280,2112940,16.826278231840433,0.24058978367147416,72.89254107058976,19.097407784857257
278300,2112940,16.480605021462704,0.24856299974370055,72.89273107616424,19.097409959478206
278320,2112940,16.134743909094176,0.2561620614268056,72.89292108176453,19.097412133903415
278340,2112940,15.8015681695283,0.2652253510717921,72.89311108739058,19.097414308132876
278360,2112940,15.495521739126513,0.2795136586699473,72.89330109304244,19.097416482166594
278380,2112940,15.232753540860285,0.3008315283821865,72.89349109872008,19.097418656004564
278400,2112940,15.027202164209257,0.3279610058612456,72.8936811044235,19.097420829646794
278420,2112940,14.883245608469391,0.3588066654326697,72.89387111015269,19.097423003093276
277140,2112960,4.251664711652515,0.35550767209187795,72.8817084961939,19.097464135531858
277160,2112960,4.486583795104721,0.34076785991427294,72.8818985005003,19.09746632133231
277180,2112960,4.756353164798505,0.32673876554607656,72.88208850483264,19.097468506937016
277200,2112960,5.062635794971418,0.3142749614079689,72.8822785091909,19.097470692345983
277220,2112960,5.404448628482209,0.30340488345101085,72.88246851357506,19.097472877559216
277240,2112960,5.777138592279279,0.2936706479409816,72.88265851798516,19.097475062576706
277260,2112960,6.17101234070577,0.2853355833043846,72.88284852242117,19.09747724739845
277280,2112960,6.57019036076674,0.28023073490563605,72.8830385268831,19.097479432024457
277300,2112960,6.952629126962149,0.2806978561992596,72.88322853137092,19.097481616454722
277320,2112960,7.292719209950741,0.2863703109984097,72.88341853588464,19.09748380068925
277340,2112960,7.56846849400002,0.29269267317702496,72.88360854042429,19.097485984728028
277360,2112960,7.772337886765785,0.29710752059256096,72.88379854498984,19.097488168571072
277380,2112960,7.914230533815093,0.3035137362286298,72.88398854958129,19.097490352218372
277400,2112960,8.011781364657292,0.3154765344566961,72.88417855419863,19.097492535669932
277420,2112960,8.081942726735964,0.3321360406448755,72.88436855884187,19.09749471892575
277440,2112960,8.138764155746287,0.35009781638792836,72.884558563511,19.097496901985824
277460,2112960,8.1939416223829,0.36552759715190536,72.88474856820602,19.097499084850156
277480,2112960,8.257739986017087,0.37498715145163714,72.88493857292693,19.09750126751875
277500,2112960,8.339106686510005,0.37604640128902433,72.88512857767374,19.0975034499916
277520,2112960,8.444457942880728,0.36842844828001026,72.88531858244642,19.097505632268707
277540,2112960,8.576163362798345,0.3550751119371193,72.88550858724498,19.09750781435007
277560,2112960,8.732981764569764,0.34147279043150586,72.88569859206943,19.097509996235694
277580,2112960,8.9123613113704,0.3328449127281694,72.88588859691976,19.097512177925573
277600,2112960,9.112445582843625,0.33068216605423145,72.88607860179596,19.09751435941971
277620,2112960,9.332953497977977,0.3306750035693348,72.88626860669802,19.097516540718104
277640,2112960,9.573696084646377,0.3252228557683916,72.88645861162597,19.09751872182075
277660,2112960,9.830228238276066,0.3117050791116512,72.88664861657978,19.09752090272766
277680,2112960,10.095810527008629,0.2926321904263999,72.88683862155945,19.097523083438826
277700,2112960,10.36514518541147,0.2697322502222951,72.88702862656498,19.097525263954246
277720,2112960,10.63440191123219,0.2412589158634679,72.8872186315964,19.097527444273926
277740,2112960,10.903021456328965,0.20980511556091425,72.88740863665365,19.097529624397858
277760,2112960,11.173609722834467,0.1865028483577477,72.88759864173677,19.097531804326053
277780,2112960,11.447404611586325,0.17770690229715988,72.88778864684573,19.097533984058497
277800,2112960,11.723028185477594,0.17955938049067766,72.88797865198055,19.0975361635952
277820,2112960,12.00346658418968,0.18484063618162846,72.88816865714122,19.097538342936165
277840,2112960,12.310678502406216,0.20151167749543625,72.88835866232773,19.097540522081378
277860,2112960,12.663888441787304,0.23161435676549436,72.8885486675401,19.097542701030843
277880,2112960,13.07103886356771,0.26612896085515514,72.88873867277832,19.09754487978457
277900,2112960,13.529845753970688,0.2956797507997959,72.88892867804235,19.09754705834256
277920,2112960,14.026440074930482,0.31079152923887726,72.88911868333223,19.097549236704793
277940,2112960,14.546548226725461,0.3086848904700258,72.88930868864794,19.097551414871287
277960,2112960,15.082005998212722,0.2985788844899032,72.8894986939895,19.097553592842036
277980,2112960,15.618960238662575,0.28506176498445385,72.88968869935688,19.097555770617035
278000,2112960,16.141061418162156,0.2700240443211331,72.88987870475009,19.0975579481963
278020,2112960,16.631370298707257,0.2531286114473477,72.89006871016913,19.09756012557981
278040,2112960,17.074275782769032,0.23561951884784602,72.89025871561398,19.097562302767578
278060,2112960,17.45593135096101,0.221834636937274,72.89044872108468,19.0975644797596
278080,2112960,17.762994860170046,0.21425078712462098,72.89063872658117,19.097566656555873
278100,2112960,17.980744350503294,0.21115065089722984,72.8908287321035,19.09756883315641
278120,2112960,18.103178893801296,0.2142016433251566,72.89101873765163,19.097571009561197
278140,2112960,18.132813699145885,0.22407529681043442,72.89120874322558,19.097573185770237
278160,2112960,18.071100463964637,0.23093603974423957,72.89139874882532,19.09757536178353
278180,2112960,17.929326969413495,0.2300501049124888,72.89158875445091,19.097577537601083
278200,2112960,17.724760499545265,0.22551520117150323,72.89177876010227,19.09757971322288
278220,2112960,17.47095465184939,0.22232590556730564,72.89196876577944,19.09758188864894
278240,2112960,17.178607932177613,0.22473007530900566,72.89215877148241,19.09758406387925
278260,2112960,16.8567926947098,0.23419233239258547,72.89234877721118,19.097586238913806
278280,2112960,16.514227616393153,0.24814136379788787,72.89253878296576,19.09758841375263
278300,2112960,16.161057413205263,0.26116458702803175,72.89272878874611,19.097590588395693
278320,2112960,15.810104903035887,0.2686271324749992,72.89291879455227,19.097592762843018
278340,2112960,15.475014670776682,0.27246012936871755,72.89310880038421,19.097594937094595
278360,2112960,15.169098232613917,0.27922006678467426,72.89329880624194,19.097597111150424
278380,2112960,14.905094978540863,0.2935056693030165,72.89348881212547,19.097599285010507
278400,2112960,14.692658740505847,0.3160846023536495,72.89367881803476,19.09760145867484
278420,2112960,14.535462054422121,0.34522880243285436,72.89386882396983,19.097603632143425
277160,2112980,4.495564388240718,0.3663488183040922,72.88189620132148,19.097646948982106
277180,2112980,4.76717024244283,0.3532861106002643,72.88208620585968,19.097649134609046
277200,2112980,5.070147050754814,0.34139889814520885,72.88227621042381,19.097651320040246
277220,2112980,5.40229140122102,0.33104927721461197,72.88246621501385,19.097653505275698
277240,2112980,5.758043205470288,0.3224665185953134,72.88265621962982,19.097655690315413
277260,2112980,6.1277411949183085,0.3161703383841711,72.8828462242717,19.097657875159385
277280,2112980,6.4973174070095965,0.3130513737424586,72.8830362289395,19.097660059807602
277300,2112980,6.849087237580017,0.31356520321484677,72.8832262336332,19.09766224426009
277320,2112980,7.164411061376474,0.3165194629627935,72.88341623835281,19.097664428516833
277340,2112980,7.428551272214152,0.31939981546195906,72.88360624309833,19.097666612577825
277360,2112980,7.635907411135414,0.3211101538336505,72.88379624786974,19.097668796443074
277380,2112980,7.791302729512666,0.32343198763435943,72.88398625266706,19.097670980112586
277400,2112980,7.906114555616354,0.32863384944872365,72.88417625749027,19.097673163586354
277420,2112980,7.993533452033891,0.3369755499167888,72.88436626233938,19.097675346864378
277440,2112980,8.066012399052854,0.34665663428263344,72.88455626721439,19.097677529946655
277460,2112980,8.134573379212537,0.35497017631249894,72.8847462721153,19.097679712833187
277480,2112980,8.208767410068303,0.3593893381722999,72.88493627704207,19.097681895523976
277500,2112980,8.296452291027634,0.3584667411824288,72.88512628199476,19.097684078019025
277520,2112980,8.403158871386697,0.3526867658596519,72.8853162869733,19.09768626031833
277540,2112980,8.531552632101173,0.3449051980514204,72.88550629197776,19.097688442421887
277560,2112980,8.681757959242999,0.33959137196840433,72.88569629700807,19.0976906243297
277580,2112980,8.852555968714,0.34052234428645956,72.88588630206426,19.097692806041767
277600,2112980,9.042818730535112,0.34774069269452906,72.88607630714634,19.097694987558093
277620,2112980,9.253226204959443,0.3551467562901875,72.88626631225429,19.097697168878675
277640,2112980,9.487711090539436,0.34970690595596676,72.8864563173881,19.097699350003506
277660,2112980,9.739687134856052,0.33091583114990697,72.88664632254779,19.0977015309326
277680,2112980,9.999501415413192,0.30606388749227725,72.88683632773333,19.09770371166594
277700,2112980,10.261069429305486,0.27872894386852176,72.88702633294476,19.09770589220354
277720,2112980,10.519468141398159,0.2469830848369556,72.88721633818203,19.09770807254539
277740,2112980,10.77324256420437,0.21251459777260373,72.88740634344515,19.097710252691495
277760,2112980,11.02507155425106,0.18766357706445183,72.88759634873415,19.097712432641867
277780,2112980,11.27567516942193,0.178619220229335,72.887786354049,19.09771461239648
277800,2112980,11.520270540752982,0.17851680694627672,72.88797635938968,19.09771679195535
277820,2112980,11.765156861720994,0.18190996112675306,72.88816636475623,19.09771897131847
277840,2112980,12.040925582703796,0.2013985099388181,72.88835637014864,19.097721150485853
277860,2112980,12.369325218128134,0.23400951631765365,72.88854637556686,19.09772332945749
277880,2112980,12.760088512603986,0.26776228963042825,72.88873638101094,19.097725508233374
277900,2112980,13.211169953844683,0.29308357279464325,72.88892638648088,19.097727686813514
277920,2112980,13.70908493206778,0.3052829294366779,72.88911639197663,19.097729865197905
277940,2112980,14.237833314462037,0.30527780177851044,72.88930639749823,19.097732043386554
277960,2112980,14.784813258146269,0.29758556536454445,72.88949640304565,19.097734221379454
277980,2112980,15.335414521896181,0.2863028034543609,72.88968640861891,19.097736399176604
278000,2112980,15.871786849299527,0.27454974263205423,72.889876414218,19.09773857677801
278020,2112980,16.374784051631977,0.26044842717928224,72.89006641984291,19.09774075418367
278040,2112980,16.827374102965827,0.24461819769179705,72.89025642549365,19.097742931393583
278060,2112980,17.215404240173143,0.23456600662657368,72.89044643117022,19.097745108407747
278080,2112980,17.52411450205713,0.23044554137370302,72.8906364368726,19.09774728522616
278100,2112980,17.738924331532747,0.22755333143251738,72.8908264426008,19.09774946184884
278120,2112980,17.85324506174379,0.22545209403652347,72.8910164483548,19.097751638275753
278140,2112980,17.872915217354656,0.22892749784235417,72.89120645413463,19.097753814506927
278160,2112980,17.798351197120418,0.2284064842529545,72.89139645994027,19.09775599054236
278180,2112980,17.64459203279332,0.2220240358507843,72.89158646577171,19.097758166382032
278200,2112980,17.430712397433094,0.2153235031794523,72.89177647162896,19.097760342025957
278220,2112980,17.169999165501878,0.212969994073104,72.89196647751201,19.097762517474145
278240,2112980,16.872901647842188,0.21907811953555126,72.89215648342086,19.097764692726575
278260,2112980,16.547997549265173,0.23476911576692144,72.8923464893555,19.09776686778326
278280,2112980,16.20295229843392,0.2561672660712945,72.89253649531595,19.097769042644195
278300,2112980,15.846816219036544,0.2756232420204661,72.89272650130219,19.097771217309386
278320,2112980,15.494186147084587,0.28442180670162037,72.89291650731424,19.097773391778823
278340,2112980,15.159723932146909,0.28465909546886636,72.89310651335205,19.097775566052512
278360,2112980,14.855342377267224,0.28566187810812776,72.89329651941566,19.097777740130454
278380,2112980,14.59117924752714,0.2938811830645365,72.89348652550507,19.097779914012644
278400,2112980,14.374220922960886,0.31177381658376785,72.89367653162023,19.097782087699084
277180,2113000,4.78239970147385,0.3773634107018538,72.88208390686081,19.097829762277275
277200,2113000,5.078635453252277,0.366154193055247,72.88227391163082,19.0978319477307
277220,2113000,5.398238547483368,0.3564141217505452,72.88246391642673,19.097834132988382
277240,2113000,5.73541605949082,0.3485255492260619,72.88265392124858,19.097836318050312
277260,2113000,6.081236774526644,0.3428753522623872,72.88284392609631,19.097838502916503
277280,2113000,6.423798772830187,0.3397357553191702,72.88303393096999,19.097840687586956
277300,2113000,6.749252945440465,0.3388513436215858,72.88322393586957,19.097842872061655
277320,2113000,7.043962847942606,0.33912806299589776,72.88341394079505,19.097845056340603
277340,2113000,7.2975713871120735,0.3391299348434383,72.88360394574644,19.097847240423814
277360,2113000,7.505754700844918,0.33829820902470664,72.88379395072374,19.09784942431128
277380,2113000,7.670938194897341,0.33748766686491416,72.88398395572693,19.097851608003
277400,2113000,7.800594307200438,0.3380092912247106,72.88417396075603,19.09785379149897
277420,2113000,7.904630538278368,0.34031991350521795,72.884363965811,19.0978559747992
277440,2113000,7.993384310699031,0.34361453621956584,72.8845539708919,19.097858157903683
277460,2113000,8.076553979776309,0.3463153667470997,72.88474397599867,19.097860340812414
277480,2113000,8.162678521152735,0.34690043652183783,72.88493398113134,19.09786252352541
277500,2113000,8.25874414700498,0.3447244709351302,72.88512398628988,19.09786470604265
277520,2113000,8.369782504421764,0.3406549974321289,72.88531399147432,19.097866888364152
277540,2113000,8.498651449233254,0.3372141190862178,72.88550399668463,19.0978690704899
277560,2113000,8.646272047948914,0.33776915403268565,72.88569400192083,19.09787125241991
277580,2113000,8.812353462421882,0.34460046999023086,72.88588400718291,19.097873434154163
277600,2113000,8.996467692000348,0.356435308444993,72.88607401247086,19.09787561569268
277620,2113000,9.199832830154604,0.3660625827022378,72.88626401778468,19.09787779703544
277640,2113000,9.426872369972582,0.359541580995475,72.88645402312437,19.09787997818246
277660,2113000,9.6709516437326,0.3360996031922275,72.88664402848993,19.09788215913373
277680,2113000,9.921207111142934,0.3055854497989095,72.88683403388136,19.097884339889255
277700,2113000,10.170339724788358,0.27369909236629586,72.88702403929865,19.097886520449034
277720,2113000,10.41308087870222,0.24166006860904418,72.8872140447418,19.097888700813062
277740,2113000,10.646967933790176,0.21187852766644322,72.88740405021082,19.09789088098134
277760,2113000,10.87247945051486,0.19087642106955832,72.88759405570568,19.097893060953876
277780,2113000,11.090398690342045,0.1825761477034721,72.8877840612264,19.097895240730658
277800,2113000,11.298322188661237,0.18028777335045867,72.88797406677298,19.0978974203117
277820,2113000,11.509777913749755,0.18302846883030138,72.8881640723454,19.097899599696987
277840,2113000,11.756013904845647,0.20425082428255806,72.88835407794367,19.09790177888653
277860,2113000,12.061688653140742,0.23701067397294706,72.8885440835678,19.097903957880327
277880,2113000,12.437613460514395,0.2675698675781943,72.88873408921775,19.097906136678372
277900,2113000,12.883743200241408,0.2861224859979333,72.88892409489355,19.097908315280673
277920,2113000,13.38501245900913,0.29291896714108456,72.8891141005952,19.09791049368722
277940,2113000,13.921499957820574,0.293102178062901,72.88930410632267,19.09791267189802
277960,2113000,14.479178967068107,0.28739081078127193,72.88949411207597,19.09791484991307
277980,2113000,15.042523674797112,0.27700379947255244,72.88968411785511,19.09791702773237
278000,2113000,15.591146539152737,0.2673830811931009,72.88987412366009,19.09791920535593
278020,2113000,16.10424510747936,0.25662164439826085,72.89006412949088,19.09792138278373
278040,2113000,16.563425359000252,0.24496358556597336,72.89025413534749,19.097923560015783
278060,2113000,16.953770897687576,0.2407801433826951,72.89044414122995,19.09792573705209
278080,2113000,17.25872774028682,0.24097929751691818,72.89063414713819,19.09792791389265
278100,2113000,17.463686868545356,0.23674421668389792,72.89082415307227,19.097930090537456
278120,2113000,17.56590478781559,0.23104839049004253,72.89101415903217,19.097932266986508
278140,2113000,17.571091641934206,0.2274410969354449,72.89120416501787,19.09793444323982
278160,2113000,17.48660926844147,0.22242953171449462,72.89139417102939,19.09793661929738
278180,2113000,17.32662811735891,0.21436677051321362,72.8915841770667,19.097938795159187
278200,2113000,17.10820004781148,0.20675125550258722,72.89177418312984,19.097940970825242
278220,2113000,16.845256683133947,0.20444151280457046,72.89196418921877,19.09794314629555
278240,2113000,16.548483180997618,0.21199829334213416,72.89215419533352,19.097945321570105
278260,2113000,16.226169766926258,0.23106470696680423,72.89234420147405,19.097947496648914
278280,2113000,15.884780270863812,0.25740524736872167,72.89253420764037,19.09794967153197
278300,2113000,15.530473898884512,0.28047310090931277,72.89272421383248,19.097951846219274
278320,2113000,15.178033066152157,0.29208172149601613,72.8929142200504,19.097954020710823
278340,2113000,14.845423694753839,0.2936223583655945,72.8931042262941,19.09795619500663
278360,2113000,14.544304080709221,0.2927158428518589,72.8932942325636,19.09795836910668
278380,2113000,14.281895000081258,0.2979513158501209,72.89348423885887,19.097960543010988
278400,2113000,14.0664529838001,0.312926646757612,72.89367424517994,19.097962716719532
277180,2113020,4.800090699597633,0.3991605264068019,72.882081607836,19.098010389941702
277200,2113020,5.087288666356354,0.3884689845248679,72.88227161281189,19.098012575417354
277220,2113020,5.393077653301634,0.37908643677282544,72.88246161781369,19.09801476069726
277240,2113020,5.711721931784662,0.37134516560244873,72.88265162284141,19.09801694578142
277260,2113020,6.03533778255948,0.3654530589798856,72.88284162789503,19.098019130669826
277280,2113020,6.354114768416012,0.36137846849198013,72.88303163297458,19.09802131536249
277300,2113020,6.657284158642305,0.35868679585298574,72.88322163808004,19.09802349985941
277320,2113020,6.934720014987148,0.35653788375853895,72.88341164321139,19.09802568416058
277340,2113020,7.1788782571839604,0.3540559584192976,72.88360164836867,19.098027868266
277360,2113020,7.3863738919074775,0.3509034532973496,72.88379165355184,19.098030052175673
277380,2113020,7.55844344203285,0.34749969353797056,72.88398165876092,19.098032235889605
277400,2113020,7.70013906150472,0.344596476692461,72.88417166399587,19.09803441940779
277420,2113020,7.818848185463498,0.3426082322414405,72.88436166925675,19.098036602730215
277440,2113020,7.92287402186882,0.3412768519993454,72.8845516745435,19.098038785856904
277460,2113020,8.02041631395709,0.33985489380560086,72.88474167985616,19.098040968787842
277480,2113020,8.118910254074303,0.3376252504318967,72.8849316851947,19.09804315152303
277500,2113020,8.224568022608373,0.3344912866571416,72.88512169055912,19.098045334062476
277520,2113020,8.342053712090115,0.33139159056702056,72.88531169594944,19.098047516406165
277540,2113020,8.474351361658682,0.33026296406862177,72.88550170136564,19.09804969855411
277560,2113020,8.622922965079534,0.3332785760846394,72.88569170680772,19.098051880506304
277580,2113020,8.78818382636427,0.341349027015539,72.88588171227568,19.098054062262754
277600,2113020,8.970278356701312,0.3523494644368637,72.8860717177695,19.098056243823454
277620,2113020,9.170082383081905,0.3596848956993929,72.8862617232892,19.098058425188405
277640,2113020,9.389151370672511,0.3517457612488349,72.88645172883477,19.098060606357603
277660,2113020,9.62300666670389,0.3248239866946796,72.88664173440621,19.098062787331056
277680,2113020,9.861058740675507,0.29125051920128764,72.88683174000352,19.09806496810876
277700,2113020,10.095356443483707,0.25888875485894053,72.8870217456267,19.098067148690713
277720,2113020,10.31991424206721,0.2314880215643928,72.88721175127573,19.09806932907692
277740,2113020,10.530460907946635,0.2104790913619341,72.88740175695061,19.098071509267374
277760,2113020,10.724880865966155,0.19596149536277938,72.88759176265137,19.09807368926208
277780,2113020,10.904026845181065,0.18661964824573926,72.88778176837796,19.098075869061038
277800,2113020,11.074327035420808,0.18068030505707702,72.88797177413042,19.09807804866424
277820,2113020,11.255257294362599,0.1830524502850141,72.88816177990873,19.098080228071698
277840,2113020,11.476263852806468,0.2044738925514684,72.88835178571289,19.0980824072834
277860,2113020,11.764145520744394,0.23490154656636322,72.88854179154288,19.098084586299354
277880,2113020,12.128173694696565,0.2608342000693832,72.88873179739872,19.098086765119564
277900,2113020,12.569335242003497,0.27305457607070743,72.8889218032804,19.098088943744017
277920,2113020,13.071322144223238,0.27450693420167377,72.88911180918792,19.098091122172722
277940,2113020,13.611775748247025,0.2727438654687227,72.88930181512127,19.09809330040568
277960,2113020,14.176051433764117,0.26731337958025875,72.88949182108047,19.09809547844288
277980,2113020,14.747470109892818,0.25730764262701605,72.88968182706549,19.09809765628433
278000,2113020,15.303244191731624,0.2483005933289782,72.88987183307633,19.098099833930032
278020,2113020,15.82221506723325,0.24091757084198043,72.89006183911302,19.098102011379982
278040,2113020,16.284859972751107,0.23684078406444367,72.89025184517553,19.09810418863418
278060,2113020,16.673408315320614,0.23897653704565,72.89044185126384,19.09810636569263
278080,2113020,16.970133919115185,0.24255902156188153,72.89063185737798,19.09810854255533
278100,2113020,17.161374427009815,0.2390574902153123,72.89082186351794,19.09811071922227
278120,2113020,17.247618726266445,0.23124465912455652,72.89101186968372,19.098112895693465
278140,2113020,17.2372748394587,0.2235888050255137,72.89120187587531,19.09811507196891
278160,2113020,17.141716885327526,0.215868590529039,72.8913918820927,19.09811724804859
278180,2113020,16.975458231322285,0.20738446954012216,72.8915818883359,19.098119423932534
278200,2113020,16.754188830777927,0.1999616062859826,72.89177189460491,19.09812159962072
278220,2113020,16.491619304941953,0.19727787039705325,72.89196190089973,19.09812377511315
278240,2113020,16.19829121682054,0.20350682571532627,72.89215190722035,19.098125950409834
278260,2113020,15.88201678430946,0.22114414304038565,72.89234191356677,19.098128125510762
278280,2113020,15.548406210916653,0.24742382478164862,72.89253191993899,19.09813030041593
278300,2113020,15.199758581275463,0.2710484791265189,72.89272192633699,19.098132475125354
278320,2113020,14.851168161526157,0.2861587272769355,72.8929119327608,19.09813464963903
278340,2113020,14.523746492101175,0.29291295764324793,72.89310193921037,19.098136823956946
278360,2113020,14.228839307813699,0.29483226109302985,72.89329194568576,19.098138998079108
278380,2113020,13.970854552613543,0.30160700200763635,72.8934819521869,19.09814117200552
277200,2113040,5.096447963988033,0.4084436205459986,72.88226931396704,19.098193203100195
277220,2113040,5.388221940026517,0.39911075557028086,72.88245931917473,19.098195388402324
277240,2113040,5.689294213033151,0.3910992386947168,72.88264932440832,19.098197573508706
277260,2113040,5.992895496457901,0.3844887007346793,72.88283932966783,19.098199758419337
277280,2113040,6.291041621413607,0.37913145356618294,72.88302933495326,19.09820194313422
277300,2113040,6.575344856217253,0.3746089516863575,72.8832193402646,19.098204127653357
277320,2113040,6.838164357225658,0.3703078859383985,72.88340934560183,19.098206311976742
277340,2113040,7.073862376149163,0.365662597794942,72.88359935096497,19.098208496104377
277360,2113040,7.279773387075089,0.36044495333908494,72.88378935635403,19.098210680036267
277380,2113040,7.45652589869697,0.354865182852285,72.88397936176898,19.098212863772403
277400,2113040,7.607640110046839,0.34937260001966647,72.88416936720984,19.09821504731279
277420,2113040,7.738655792074873,0.34431341837873414,72.88435937267657,19.09821723065743
277440,2113040,7.856157445030623,0.33971659343902316,72.88454937816921,19.09821941380632
277460,2113040,7.966939584770705,0.33535411616717087,72.88473938368776,19.098221596759455
277480,2113040,8.07737713312008,0.3310295694719346,72.88492938923218,19.098223779516843
277500,2113040,8.192973984808555,0.3269315175457541,72.88511939480249,19.098225962078484
277520,2113040,8.318066860827503,0.3238466440186761,72.88530940039868,19.098228144444374
277540,2113040,8.45569955849935,0.3230227126198576,72.88549940602077,19.098230326614512
277560,2113040,8.607692582126191,0.32553976102916427,72.88568941166872,19.098232508588897
277580,2113040,8.774898310798534,0.33126847873092713,72.88587941734255,19.098234690367534
277600,2113040,8.957564153580334,0.3377875709229478,72.88606942304227,19.098236871950423
277620,2113040,9.155599270525103,0.33968145117209486,72.88625942876786,19.098239053337554
277640,2113040,9.368583309192404,0.32822792393839767,72.8864494345193,19.098241234528945
277660,2113040,9.592126527524728,0.30068425742946614,72.88663944029663,19.09824341552458
277680,2113040,9.817260415808027,0.2677191583686821,72.88682944609982,19.09824559632446
277700,2113040,10.036517604531914,0.23917496509230238,72.88701945192886,19.098247776928588
277720,2113040,10.243444637943815,0.22085815343730084,72.88720945778378,19.098249957336975
277740,2113040,10.43197123354398,0.21249835287989724,72.88739946366456,19.098252137549597
277760,2113040,10.597259039555501,0.20794419283361074,72.8875894695712,19.098254317566475
277780,2113040,10.74033363186889,0.200578776205317,72.88777947550368,19.098256497387602
277800,2113040,10.873761160836283,0.18968671966768047,72.88796948146202,19.09825867701298
277820,2113040,11.024337221485164,0.1858198608235973,72.8881594874462,19.098260856442597
277840,2113040,11.223419123619484,0.20258984192579782,72.88834949345625,19.098263035676474
277860,2113040,11.49695120046737,0.22839278985226344,72.88853949949213,19.09826521471458
277880,2113040,11.85148162529503,0.24851938874873764,72.88872950555384,19.098267393556952
277900,2113040,12.283911948986104,0.25646088149519125,72.88891951164142,19.09826957220356
277920,2113040,12.779695342818036,0.25488726196266004,72.8891095177548,19.098271750654423
277940,2113040,13.319262036542401,0.24956899256376858,72.88929952389405,19.098273928909528
277960,2113040,13.88484378949265,0.24256053746761685,72.88948953005912,19.098276106968886
277980,2113040,14.457444213193822,0.23449581262926758,72.88967953625003,19.098278284832485
278000,2113040,15.014939818918702,0.2280661917707857,72.88986954246677,19.098280462500334
278020,2113040,15.535121564172817,0.22547929956032434,72.89005954870933,19.09828263997243
278040,2113040,15.996806994984476,0.22836774430156706,72.89024955497771,19.09828481724878
278060,2113040,16.379786278096088,0.23619093219296766,72.89043956127193,19.098286994329364
278080,2113040,16.665289727470974,0.24331195009275605,72.89062956759194,19.098289171214198
278100,2113040,16.83931602856391,0.24090400441940024,72.89081957393779,19.098291347903288
278120,2113040,16.90590023814799,0.23181126218806902,72.89100958030946,19.098293524396613
278140,2113040,16.87729519289996,0.2216269314111232,72.89119958670693,19.098295700694187
278160,2113040,16.767604467455694,0.2120690554197111,72.89138959313021,19.098297876796003
278180,2113040,16.592387857880887,0.20362414352427538,72.8915795995793,19.09830005270208
278200,2113040,16.36715404752545,0.19736076059572813,72.8917696060542,19.098302228412386
278220,2113040,16.10527901702631,0.19505743316586632,72.8919596125549,19.098304403926946
278240,2113040,15.816458000938272,0.1987348784368233,72.8921496190814,19.09830657924575
278260,2113040,15.506715580940792,0.21033302380151359,72.8923396256337,19.0983087543688
278280,2113040,15.180778897718072,0.2299107077575113,72.8925296322118,19.098310929296094
278300,2113040,14.841730743661639,0.2509292168195189,72.8927196388157,19.098313104027635
278320,2113040,14.505210240102329,0.2685847391952877,72.89290964544537,19.098315278563422
278340,2113040,14.189318387023096,0.2815444935615465,72.89309965210086,19.09831745290345
278360,2113040,13.904036736534405,0.29147820789641354,72.89328965878212,19.098319627047733
277220,2113060,5.385142014973642,0.41677659162250236,72.88245702050985,19.098376016103586
277240,2113060,5.670030300574342,0.40823370906368606,72.88264702594932,19.09837820123219
277260,2113060,5.955875251127305,0.4006908096204308,72.88283703141471,19.098380386165044
277280,2113060,6.236209001562774,0.3939760412632321,72.88302703690601,19.09838257090215
277300,2113060,6.504460747497992,0.3877435772594002,72.88321704242324,19.098384755443497
277320,2113060,6.754779136108891,0.38155384892884225,72.88340704796636,19.098386939789105
277340,2113060,6.982870359247007,0.3750283740931601,72.8835970535354,19.09838912393895
277360,2113060,7.186627211595682,0.3680075785917514,72.88378705913033,19.09839130789305
277380,2113060,7.366361915801951,0.3606051877134476,72.88397706475116,19.098393491651393
277400,2113060,7.524598001185864,0.353113425511349,72.8841670703979,19.098395675213993
277420,2113060,7.665537577723718,0.3458275602413877,72.88435707607051,19.09839785858084
277440,2113060,7.794395297168143,0.3389190753202828,72.88454708176904,19.09840004175193
277460,2113060,7.916757968263269,0.3324458775470054,72.88473708749348,19.098402224727266
277480,2113060,8.038050635436683,0.3264911446471927,72.88492709324377,19.09840440750686
277500,2113060,8.163131155225935,0.3213362080993951,72.88511709901996,19.098406590090693
277520,2113060,8.296015105127081,0.31752828920491627,72.88530710482203,19.098408772478777
277540,2113060,8.43973195281889,0.3157103325976153,72.88549711065001,19.098410954671113
277560,2113060,8.596304312958225,0.31615812076771155,72.88568711650385,19.09841313666769
277580,2113060,8.766811046809664,0.3181258488592885,72.88587712238356,19.098415318468522
277600,2113060,8.951441835872277,0.3192493513299255,72.88606712828917,19.09841750007359
277620,2113060,9.149377632749884,0.31528517312032733,72.88625713422063,19.098419681482913
277640,2113060,9.358123436971896,0.3008900111713054,72.88644714017796,19.09842186269648
277660,2113060,9.572305090108234,0.27423598624946677,72.88663714616118,19.0984240437143
277680,2113060,9.785325496745383,0.24331241966219092,72.88682715217024,19.098426224536357
277700,2113060,9.991078301971067,0.21989758825362446,72.88701715820518,19.098428405162664
277720,2113060,10.183480882735955,0.21152770222098458,72.88720716426599,19.098430585593224
277740,2113060,10.355702018467777,0.21635816838994518,72.88739717035264,19.098432765828026
277760,2113060,10.49942072607888,0.2226189508746619,72.88758717646516,19.098434945867073
277780,2113060,10.614479138120377,0.21958310157158806,72.88777718260353,19.09843712571037
277800,2113060,10.717065776960382,0.20377548174859308,72.88796718876776,19.098439305357914
277820,2113060,10.837053966396807,0.1922647504993954,72.88815719495784,19.0984414848097
277840,2113060,11.009042250901386,0.2060019964861749,72.88834720117374,19.09844366406573
277860,2113060,11.263492436018291,0.2294270222171415,72.88853720741552,19.098445843126008
277880,2113060,11.604947369194594,0.245602933747925,72.88872721368313,19.098448021990535
277900,2113060,12.026531986224958,0.249515711510286,72.88891721997658,19.098450200659304
277920,2113060,12.513111983232891,0.24433604991675445,72.88910722629586,19.098452379132326
277940,2113060,13.046391218189305,0.23533563351839204,72.889297232641,19.098454557409582
277960,2113060,13.607591959178661,0.22604395594563859,72.88948723901196,19.098456735491084
277980,2113060,14.176561534501605,0.2184308595713556,72.88967724540875,19.09845891337684
278000,2113060,14.730866770410133,0.21475476816328204,72.88986725183138,19.098461091066838
278020,2113060,15.247396112255254,0.21729857640021816,72.89005725827981,19.098463268561076
278040,2113060,15.703713363124137,0.22681696879813423,72.89024726475408,19.098465445859564
278060,2113060,16.077787068758806,0.24032643790497107,72.89043727125419,19.098467622962296
278080,2113060,16.347796616280164,0.24979004454086454,72.8906272777801,19.09846979986927
278100,2113060,16.500829623291025,0.24784673400128301,72.89081728433183,19.098471976580495
278120,2113060,16.544192540836825,0.23742700548282641,72.89100729090937,19.09847415309596
278140,2113060,16.49366697023513,0.2245816495764625,72.89119729751273,19.098476329415664
278160,2113060,16.365994825202698,0.21299042874904517,72.89138730414192,19.098478505539617
278180,2113060,16.17814064830231,0.20474070289905966,72.89157731079689,19.09848068146782
278200,2113060,15.94619912614209,0.20098450244907665,72.89176731747767,19.098482857200263
278220,2113060,15.683699058549399,0.20169450712901843,72.89195732418426,19.098485032736946
278240,2113060,15.39958810945528,0.20551740277375963,72.89214733091666,19.09848720807787
278260,2113060,15.096520817152811,0.2110710164391221,72.89233733767485,19.098489383223043
278280,2113060,14.77733114971151,0.2203941742305615,72.89252734445883,19.09849155817246
278300,2113060,14.452679810467025,0.23561197442506232,72.89271735126862,19.098493732926116
278320,2113060,14.135156792752484,0.2536935335541958,72.89290735810418,19.098495907484015
278340,2113060,13.83711862955244,0.2715452308436664,72.89309736496554,19.098498081846163
278360,2113060,13.566745620772576,0.2886626551404328,72.8932873718527,19.098500256012546
277240,2113080,5.655356234351767,0.42326697152026027,72.88264472746441,19.09855882895188
277260,2113080,5.925562974966565,0.41473106916918273,72.88283473313568,19.098561013906956
277280,2113080,6.190506491974717,0.40671188302210853,72.88302473883289,19.098563198666277
277300,2113080,6.445000072965484,0.39894247416133555,72.88321474455597,19.098565383229847
277320,2113080,6.6845025336379535,0.3911115610354977,72.88340475030499,19.098567567597662
277340,2113080,6.9056933176254365,0.38296316498727667,72.8835947560799,19.09856975176973
277360,2113080,7.1068984681324725,0.37438906321977605,72.88378476188073,19.098571935746037
277380,2113080,7.288263114381674,0.36546324176968725,72.88397476770744,19.09857411952659
277400,2113080,7.451642054660532,0.35639809094418873,72.88416477356006,19.098576303111397
277420,2113080,7.600264552326096,0.347453921796333,72.88435477943857,19.098578486500443
277440,2113080,7.738277601307381,0.33886417985719314,72.88454478534298,19.09858066969374
277460,2113080,7.870269337499351,0.3308240243039804,72.88473479127329,19.09858285269128
277480,2113080,8.000841273588923,0.323541477122487,72.88492479722947,19.09858503549307
277500,2113080,8.134263261827408,0.31729841255237207,72.88511480321155,19.09858721809911
277520,2113080,8.27422219414958,0.31243977573977044,72.88530480921952,19.09858940050938
277540,2113080,8.42366023624286,0.30922146993682886,72.88549481525337,19.098591582723913
277560,2113080,8.584679378595636,0.30751000073006307,72.8856848213131,19.09859376474268
277580,2113080,8.758458102863164,0.30642421701603334,72.8858748273987,19.098595946565695
277600,2113080,8.945082059634593,0.3040827681822629,72.88606483351019,19.098598128192958
277620,2113080,9.143140239791343,0.29761940228761474,72.88625483964753,19.098600309624466
277640,2113080,9.348929945151337,0.2834943620145607,72.88644484581076,19.09860249086022
277660,2113080,9.55572622835786,0.2575223650295196,72.88663485199986,19.098604671900215
277680,2113080,9.758479903060392,0.22722548045258695,72.88682485821481,19.09860685274446
277700,2113080,9.953088479667993,0.20572822677780517,72.88701486445564,19.098609033392943
277720,2113080,10.134584617621686,0.2017914648227234,72.88720487072231,19.098611213845675
277740,2113080,10.296417287919521,0.2128819138107805,72.88739487701487,19.098613394102653
277760,2113080,10.428365125659571,0.22434174550471112,72.88758488333328,19.098615574163873
277780,2113080,10.528277424495636,0.22312913381373475,72.88777488967754,19.098617754029338
277800,2113080,10.611339711189082,0.20673326302358006,72.88796489604765,19.098619933699045
277820,2113080,10.704124523556176,0.19554671232943155,72.88815490244362,19.098622113172997
277840,2113080,10.84319202474556,0.213360195318735,72.88834490886542,19.098624292451195
277860,2113080,11.068140435131838,0.24073952544311253,72.88853491531307,19.09862647153364
277880,2113080,11.392492359118833,0.2551318722991446,72.88872492178658,19.09862865042032
277900,2113080,11.800343902095797,0.25560319735190357,72.88891492828591,19.09863082911125
277920,2113080,12.274418991964357,0.24677353988005932,72.88910493481109,19.09863300760642
277940,2113080,12.79637820599809,0.2341847053375008,72.88929494136211,19.098635185905838
277960,2113080,13.347725429228664,0.22188964699872285,72.88948494793895,19.098637364009495
277980,2113080,13.908293102364281,0.21281166672603663,72.88967495454163,19.098639541917397
278000,2113080,14.454380602204091,0.21033182929621796,72.88986496117015,19.098641719629537
278020,2113080,14.961638947297041,0.21712265985671914,72.89005496782447,19.098643897145926
278040,2113080,15.407124585553689,0.23285558564383868,72.89024497450464,19.098646074466558
278060,2113080,15.768567817413864,0.25273935895221983,72.89043498121063,19.098648251591428
278080,2113080,16.021272446685387,0.2664186261686309,72.89062498794243,19.09865042852055
278100,2113080,16.147673710670908,0.26299069238992867,72.89081499470005,19.098652605253907
278120,2113080,16.163732275022564,0.24963310952724047,72.89100500148349,19.098654781791506
278140,2113080,16.087669039264117,0.23297650062879785,72.89119500829274,19.098656958133347
278160,2113080,15.93820530907649,0.21836662777224536,72.8913850151278,19.098659134279433
278180,2113080,15.733817696598207,0.20996313962716073,72.89157502198866,19.09866131022976
278200,2113080,15.491567869906143,0.2097148521052949,72.89176502887534,19.09866348598433
278220,2113080,15.225684574450694,0.21620459489465244,72.89195503578782,19.09866566154314
278240,2113080,14.945068432690038,0.22463692433817978,72.8921450427261,19.098667836906188
278260,2113080,14.649765131585692,0.2286995564355908,72.89233504969017,19.098670012073484
278280,2113080,14.342053695428067,0.23057186001980964,72.89252505668006,19.09867218704502
278300,2113080,14.036755573568385,0.2386455119961526,72.89271506369575,19.098674361820795
278320,2113080,13.742803499163259,0.25347682132326727,72.8929050707372,19.098676536400816
278340,2113080,13.467630008255888,0.272187255883591,72.89309507780445,19.09867871078507
277260,2113100,5.902755833664443,0.4271997681993099,72.88283243483075,19.098741641645056
277280,2113100,6.154354388861632,0.4179876503008792,72.88302244073382,19.098743826426595
277300,2113100,6.3969543275640195,0.4088689878091927,72.88321244666281,19.098746011012388
277320,2113100,6.6269865491878654,0.3996265970118298,72.8834024526177,19.098748195402415
277340,2113100,6.841847206701884,0.39008939584980606,72.8835924585985,19.098750379596694
277360,2113100,7.040195792822272,0.380190204274402,72.88378246460522,19.098752563595212
277380,2113100,7.222085111057711,0.3699902588787288,72.88397247063783,19.098754747397976
277400,2113100,7.388904183150391,0.35966057647080574,72.88416247669632,19.098756931004996
277420,2113100,7.543162392719772,0.3494348868723034,72.88435248278073,19.09875911441625
277440,2113100,7.688174083488207,0.33956421698784417,72.88454248889103,19.09876129763174
277460,2113100,7.827708562805539,0.33029742382000005,72.88473249502722,19.09876348065149
277480,2113100,7.965657167278808,0.3218881434954686,72.8849225011893,19.098765663475476
277500,2113100,8.105748866967769,0.3146012435395289,72.88511250737727,19.098767846103705
277520,2113100,8.251326629006426,0.30867804422745637,72.88530251359111,19.098770028536183
277540,2113100,8.405178527814472,0.3042320587444709,72.88549251983085,19.098772210772903
277560,2113100,8.56939580743158,0.30108641700062516,72.88568252609646,19.098774392813862
277580,2113100,8.745200265371185,0.29860618482991175,72.88587253238795,19.098776574659073
277600,2113100,8.932644917386806,0.2955661029109127,72.88606253870533,19.09877875630852
277620,2113100,9.130056816868168,0.28994773284499514,72.88625254504858,19.098780937762214
277640,2113100,9.333119003123434,0.27826202176668685,72.88644255141769,19.098783119020148
277660,2113100,9.534414754726843,0.2553305416019967,72.88663255781266,19.09878530008233
277680,2113100,9.728825515365726,0.22434410048101597,72.88682256423351,19.098787480948747
277700,2113100,9.91471886677211,0.19912975468910152,72.88701257068024,19.09878966161941
277720,2113100,10.088783406558324,0.1906560717737296,72.88720257715282,19.09879184209432
277740,2113100,10.244775443832678,0.1976432557613183,72.88739258365125,19.098794022373465
277760,2113100,10.374219166353404,0.206955634176343,72.88758259017554,19.09879620245686
277780,2113100,10.473309995190158,0.2069487178495914,72.88777259672568,19.098798382344498
277800,2113100,10.547808101899689,0.19577264894231056,72.88796260330169,19.098800562036374
277820,2113100,10.619698272215754,0.19201197146827062,72.88815260990354,19.09880274153249
277840,2113100,10.727169259260819,0.21876987345820134,72.88834261653125,19.098804920832855
277860,2113100,10.921140734434148,0.2524224625105985,72.88853262318479,19.098807099937456
277880,2113100,11.223549014134369,0.2674257553699511,72.88872262986418,19.0988092788463
277900,2113100,11.612115424052739,0.2668876283547765,72.8889126365694,19.098811457559385
277920,2113100,12.06953018332736,0.2558006355520327,72.88910264330048,19.098813636076716
277940,2113100,12.574805092325919,0.24092637364814184,72.889292650057385,19.098815814398282
277960,2113100,13.11014219917587,0.2261893934071253,72.88948265684012,19.098817992524094
277980,2113100,13.65722721464147,0.21440586265865505,72.88967266364868,19.098820170454147
278000,2113100,14.18903002428061,0.2114852055983357,72.88986267048308,19.098822348188435
278020,2113100,14.67965298847755,0.22115999630062913,72.89005267734332,19.098824525726968
278040,2113100,15.106433787745214,0.241892730813118,72.89024268422936,19.098826703069744
278060,2113100,15.446843486873698,0.26655178203453617,72.89043269114124,19.098828880216757
278080,2113100,15.675581605208716,0.2829708903471119,72.89062269807894,19.098831057168017
278100,2113100,15.77700251809811,0.2812713783937896,72.89081270504245,19.09883323392351
278120,2113100,15.764707306185414,0.26562950777745215,72.89100271203178,19.098835410483243
278140,2113100,15.660614748147305,0.24439353007327735,72.89119271904693,19.09883758684722
278160,2113100,15.48648355162949,0.22570758222496487,72.89138272608787,19.098839763015437
278180,2113100,15.262431639807666,0.21640750845251575,72.89157273315463,19.098841938987896
278200,2113100,15.006454695179759,0.2196136088870542,72.89176274024722,19.098844114764596
278220,2113100,14.733690537107798,0.23247005630581324,72.89195274736558,19.098846290345534
278240,2113100,14.45388161035205,0.2471898210484878,72.89214275450976,19.098848465730708
278260,2113100,14.167054205250713,0.2540736190048205,72.89233276167973,19.098850640920123
278280,2113100,13.879604158518278,0.2553719933474578,72.8925227688755,19.09885281591378
278300,2113100,13.600488277179576,0.25897765684266666,72.89271277609707,19.098854990711672
278320,2113100,13.334452804371754,0.2692277854503759,72.89290278334441,19.098857165313806
278340,2113100,13.089851987920595,0.28547579572690285,72.89309279061757,19.098859339720182
277280,2113120,6.127880812715468,0.42833245503071443,72.88302014260886,19.098924454183113
277300,2113120,6.360108067844656,0.4180511966418627,72.88321014874373,19.098926638791113
277320,2113120,6.581751432547179,0.40760912305589303,72.88340015490452,19.09892882320336
277340,2113120,6.790739390476866,0.39689559917376666,72.8835901610912,19.098931007419857
277360,2113120,6.985983998384306,0.38587568174272885,72.88378016730381,19.098933191440587
277380,2113120,7.167480039620177,0.3746085578921149,72.88397017354231,19.09893537526556
277400,2113120,7.336276349414398,0.3632410297129282,72.8841601798067,19.098937558894782
277420,2113120,7.494334111959654,0.35198276732669304,72.88435018609698,19.09893974232824
277440,2113120,7.644306986092034,0.3410778445072188,72.88454019241317,19.098941925565942
277460,2113120,7.7892848248890205,0.3307849276309294,72.88473019875526,19.098944108607885
277480,2113120,7.932537869385396,0.3213674926984687,72.88492020512324,19.098946291454073
277500,2113120,8.077286582943112,0.31308289215862034,72.88511021151709,19.098948474104507
277520,2113120,8.226507846389898,0.30615447585159505,72.88530021793682,19.098950656559182
277540,2113120,8.38277203263225,0.30072020707860214,72.88549022438245,19.09895283881809
277560,2113120,8.54808594416804,0.29676874261567737,72.88568023085396,19.098955020881245
277580,2113120,8.723691390791727,0.2940731697771761,72.88587023735134,19.098957202748636
277600,2113120,8.909736888890336,0.29206225203653635,72.88606024387461,19.098959384420276
277620,2113120,9.104703213629856,0.28937903534962484,72.88625025042373,19.098961565896154
277640,2113120,9.304440058441815,0.2826290557038072,72.88644025699874,19.098963747176278
277660,2113120,9.50087724059546,0.26405562348397216,72.88663026359961,19.098965928260636
277680,2113120,9.68818924670944,0.2313664005585668,72.88682027022635,19.098968109149236
277700,2113120,9.86741836446378,0.19870013482337492,72.88701027687897,19.09897028984208
277720,2113120,10.037953567138038,0.18021287638584976,72.88720028355743,19.098972470339167
277740,2113120,10.194998562133009,0.1784628082667007,72.88739029026176,19.098974650640482
277760,2113120,10.330629240792296,0.18315322149905594,72.88758029699194,19.098976830746047
277780,2113120,10.437941656769192,0.18336826982038965,72.88777030374798,19.098979010655853
277800,2113120,10.514074431257338,0.17711868584103943,72.88796031052988,19.098981190369898
277820,2113120,10.576257859323983,0.18130099703148167,72.88815031733762,19.09898336988818
277840,2113120,10.666897929430302,0.21219193308600934,72.88834032417121,19.098985549210703
277860,2113120,10.835654900691189,0.2489351960371316,72.88853033103065,19.09898772833747
277880,2113120,11.105851253099889,0.26944755012472055,72.88872033791593,19.098989907268475
277900,2113120,11.467941597321994,0.27219233635283896,72.88891034482705,19.09899208600372
277920,2113120,11.906275598170836,0.26078669798201015,72.88910035176401,19.0989942645432
277940,2113120,12.390517241048396,0.24605856524403968,72.88929035872683,19.098996442886925
277960,2113120,12.90254288690677,0.23167689451041745,72.88948036571546,19.098998621034887
277980,2113120,13.430211599324657,0.21786764559630276,72.88967037272991,19.099000798987085
278000,2113120,13.938840978394289,0.21454661304366643,72.88986037977021,19.09900297674353
278020,2113120,14.403158096081262,0.2260185626671365,72.89005038683632,19.09900515430421
278040,2113120,14.802232100053214,0.25028959061911726,72.89024039392828,19.099007331669128
278060,2113120,15.114974082225167,0.2791539468474481,72.89043040104605,19.099009508838286
278080,2113120,15.317136381559353,0.2995620039255917,72.89062040818963,19.099011685811675
278100,2113120,15.3911784091612,0.2996279364555663,72.89081041535904,19.099013862589313
278120,2113120,15.34835460946907,0.2811930954915372,72.89100042255427,19.099016039171183
278140,2113120,15.214713090715128,0.25485423230634674,72.8911904297753,19.099018215557297
278160,2113120,15.014896757061527,0.231676512166026,72.89138043702215,19.099020391747644
278180,2113120,14.770151084668138,0.22104065623063063,72.89157044429481,19.099022567742235
278200,2113120,14.499051288033689,0.2272165142331224,72.89176045159329,19.099024743541058
278220,2113120,14.217729410387987,0.24575447390342856,72.89195045891753,19.099026919144116
278240,2113120,13.938823872201494,0.26561690100641383,72.8921404662676,19.099029094551412
278260,2113120,13.666197852600348,0.27875001561442675,72.89233047364348,19.099031269762953
278280,2113120,13.403854953875307,0.28400087669904517,72.89252048104514,19.099033444778733
278300,2113120,13.155190104070543,0.2865792833121903,72.8927104884726,19.099035619598745
278320,2113120,12.91946863951358,0.29402501328071473,72.89290049592584,19.099037794222998
277300,2113140,6.334143189323478,0.42691603941868467,72.88320785079875,19.09910726656604
277320,2113140,6.548278450254912,0.41546942974898177,72.88339785716542,19.099109451000505
277340,2113140,6.7517674154023,0.40377308520423605,72.883587863558,19.099111635239204
277360,2113140,6.943708746463589,0.39181583381803853,72.8837778699765,19.099113819282152
277380,2113140,7.124051377800663,0.37965690197462715,72.88396787642088,19.099116003129335
277400,2113140,7.2935811925078955,0.3674247942092176,72.88415788289117,19.09911818678076
277420,2113140,7.4538261195516196,0.35530405093376727,72.88434788938736,19.099120370236427
277440,2113140,7.606900768059581,0.343517036451612,72.88453789590945,19.099122553496336
277460,2113140,7.755317702278575,0.33230749376842383,72.8847279024574,19.099124736560483
277480,2113140,7.901791104521485,0.32192813294227307,72.88491790903126,19.09912691942887
277500,2113140,8.0490518196292,0.31262962111731085,72.88510791563102,19.0991291021015
277520,2113140,8.19968273725572,0.3046474725861522,72.88529792225665,19.099131284578366
277540,2113140,8.355971167407592,0.29818771753286194,72.88548792890818,19.09913346685947
277560,2113140,8.519760127440358,0.29341428434989963,72.88567793558556,19.099135648944813
277580,2113140,8.69226243075373,0.2904192568839773,72.88586794228885,19.0991378308344
277600,2113140,8.873778320513365,0.2890779476868203,72.88605794901801,19.099140012528224
277620,2113140,9.063220273805381,0.28852687250459125,72.88624795577303,19.09914219402629
277640,2113140,9.257253951590911,0.2857585958805929,72.88643796255393,19.099144375328592
277660,2113140,9.44856600759245,0.27249094730591195,72.88662796936069,19.099146556435137
277680,2113140,9.628656908811243,0.2381341056783179,72.88681797619333,19.099148737345917
277700,2113140,9.802144906922814,0.19867885873101193,72.88700798305184,19.099150918060936
277720,2113140,9.97191917059336,0.1715030958503161,72.8871979899362,19.099153098580196
277740,2113140,10.1348890059029,0.16259136686302234,72.88738799684641,19.099155278903694
277760,2113140,10.282568459374419,0.16468332959897541,72.8875780037825,19.099157459031428
277780,2113140,10.402455799841835,0.16621483187937236,72.88776801074444,19.099159638963403
277800,2113140,10.488144592157258,0.16407320921577181,72.88795801773222,19.099161818699617
277820,2113140,10.552536100682937,0.16942397760903682,72.88814802474586,19.099163998240066
277840,2113140,10.641043871812316,0.19520329938312217,72.88833803178534,19.099166177584756
277860,2113140,10.796337505690508,0.2290409080347011,72.88852803885068,19.099168356733678
277880,2113140,11.038484181771233,0.2542379920916827,72.88871804594186,19.099170535686845
277900,2113140,11.373859650693804,0.26233918108781434,72.88890805305887,19.099172714444247
277920,2113140,11.790048335887358,0.2548323330966042,72.88909806020173,19.099174893005884
277940,2113140,12.251518311048297,0.24373886540965442,72.88928806737043,19.099177071371763
277960,2113140,12.73848521883198,0.23214975135873375,72.88947807456495,19.099179249541873
277980,2113140,13.23290497960997,0.22189301811130904,72.88966808178532,19.09918142751623
278000,2113140,13.705706830426552,0.21987420268590568,72.8898580890315,19.099183605294815
278020,2113140,14.132423978747964,0.23138431254688419,72.89004809630353,19.09918578287764
278040,2113140,14.493993904168098,0.2561611903439069,72.89023810360136,19.099187960264704
278060,2113140,14.77238395963258,0.287136659912569,72.89042811092503,19.099190137456002
278080,2113140,14.94612495437802,0.31157260174603085,72.89061811827452,19.099192314451535
278100,2113140,14.98999613853612,0.31265056700658583,72.89080812564983,19.099194491251307
278120,2113140,14.915017164975907,0.29067491084550984,72.89099813305093,19.099196667855313
278140,2113140,14.753095424015365,0.2601482780502907,72.89118814047787,19.09919884426356
278160,2113140,14.52961889374313,0.23371925032903373,72.89137814793061,19.09920102047604
278180,2113140,14.266376821911507,0.22249735077827493,72.89156815540916,19.099203196492763
278200,2113140,13.982604446563363,0.2314537686703499,72.89175816291353,19.099205372313715
278220,2113140,13.695503002402175,0.25506256564804225,72.8919481704437,19.099207547938903
278240,2113140,13.42296702678526,0.27953271009461045,72.89213817799966,19.099209723368325
278260,2113140,13.170228992790742,0.2966348856742576,72.89232818558142,19.099211898601986
278280,2113140,12.934564795490635,0.30658297581032623,72.89251819318899,19.099214073639878
278300,2113140,12.714987256737729,0.31250207788431195,72.89270820082236,19.099216248482016
277300,2113160,6.320750691922862,0.43581160376714895,72.88320555282786,19.09928789433717
277320,2113160,6.52606336912622,0.4235412320101172,72.88339555940043,19.099290078793842
277340,2113160,6.724374260080187,0.4110404280485528,72.8835855659989,19.099292263054764
277360,2113160,6.912866379539724,0.39831396627318233,72.88377557262328,19.09929444711992
277380,2113160,7.091443610315809,0.38541926001037147,72.88396557927358,19.099296630989308
277400,2113160,7.26067648131584,0.372467132812382,72.88415558594974,19.099298814662948
277420,2113160,7.421736894339177,0.3596143457069843,72.88434559265183,19.09930099814082
277440,2113160,7.576286117677674,0.3470516100720558,72.8845355993798,19.099303181422936
277460,2113160,7.726333792243817,0.3349911833225163,72.88472560613366,19.099305364509277
277480,2113160,7.874085784188681,0.32365667178608887,72.88491561291342,19.099307547399864
277500,2113160,8.02179493863537,0.31327591436522145,72.88510561971907,19.099309730094692
277520,2113160,8.171622282850949,0.304077265387362,72.8852956265506,19.099311912593752
277540,2113160,8.325507871445136,0.29628909472521797,72.88548563340801,19.099314094897053
277560,2113160,8.485040614043807,0.29013515362385084,72.88567564029131,19.099316277004586
277580,2113160,8.651304771096529,0.285791061187886,72.88586564720048,19.099318458916365
277600,2113160,8.824665583180074,0.28320456652393844,72.88605565413553,19.099320640632378
277620,2113160,9.004431044777968,0.2815846685056027,72.88624566109645,19.099322822152626
277640,2113160,9.188256241893036,0.27824675062810195,72.88643566808325,19.099325003477112
277660,2113160,9.370734726299942,0.2661268120659144,72.88662567509591,19.099327184605837
277680,2113160,9.543010038510754,0.23320392945779678,72.88681568213445,19.099329365538804
277700,2113160,9.71119139272574,0.19327023892511197,72.88700568919884,19.099331546275998
277720,2113160,9.88024520406619,0.16377913136925024,72.8871956962891,19.09933372681743
277740,2113160,10.049104985280644,0.15287362397200044,72.88738570340522,19.09933590716311
277760,2113160,10.21088256606118,0.1567909259055742,72.88757571054718,19.09933808731301
277780,2113160,10.34584410366451,0.1623431410841471,72.88776571771503,19.099340267267156
277800,2113160,10.442322559860722,0.16162496067658927,72.88795572490872,19.099342447025535
277820,2113160,10.51648940959407,0.16197363744569576,72.88814573212825,19.099344626588152
277840,2113160,10.613422524079976,0.17740407465755995,72.88833573937363,19.099346805955
277860,2113160,10.7699669573244,0.20360724633326943,72.88852574664486,19.099348985126092
277880,2113160,11.004533268733644,0.22717320697705906,72.88871575394192,19.099351164101414
277900,2113160,11.322157055281737,0.23992646495275685,72.88890576126485,19.099353342880978
277920,2113160,11.71115554314632,0.24257821310196018,72.8890957686136,19.099355521464776
277940,2113160,12.146092125064976,0.24079046936089984,72.8892857759882,19.099357699852803
277960,2113160,12.603019000579106,0.23713273236791702,72.88947578338862,19.099359878045068
277980,2113160,13.058140571931439,0.23286810456031246,72.88966579081487,19.09936205604157
278000,2113160,13.485931956648141,0.23159107877852764,72.88985579826696,19.099364233842305
278020,2113160,13.865218303648732,0.23917114276467538,72.89004580574489,19.099366411447278
278040,2113160,14.17969998045285,0.2587669092916612,72.89023581324864,19.099368588856482
278060,2113160,14.413481577774496,0.2854914361728853,72.89042582077819,19.099370766069924
278080,2113160,14.54761124417316,0.30708172715979154,72.89061582833357,19.099372943087598
278100,2113160,14.56368119842111,0.3092156746362298,72.89080583591478,19.09937511990951
278120,2113160,14.465193905280255,0.28848720020603885,72.8909958435218,19.099377296535653
278140,2113160,14.281064558524875,0.2576189486242066,72.89118585115462,19.099379472966028
278160,2113160,14.039109659282971,0.23136427831558376,72.89137585881328,19.099381649200645
278180,2113160,13.762483602311233,0.22199275495636275,72.89156586649773,19.099383825239492
278200,2113160,13.47174934241611,0.23409449178359165,72.89175587420799,19.09938600108257
278220,2113160,13.186773834429772,0.2605247890328082,72.89194588194405,19.09938817672989
278240,2113160,12.92574697199867,0.2881480935483693,72.89213588970591,19.099390352181434
278260,2113160,12.693599903365724,0.30923651919978334,72.89232589749358,19.099392527437214
278280,2113160,12.484077860815432,0.323653235835415,72.89251590530705,19.09939470249723
278300,2113160,12.291501334445664,0.33408163494892,72.8927059131463,19.09939687736148
277320,2113180,6.514763899564967,0.43209638283860846,72.88339326160951,19.099470706583375
277340,2113180,6.708073826310684,0.4189584471320956,72.8835832684139,19.099472890866508
277360,2113180,6.893036206657627,0.40562194524022016,72.88377327524418,19.099475074953876
277380,2113180,7.069385533262109,0.39213964990487554,72.88396328210034,19.099477258845482
277400,2113180,7.237507533450001,0.37860377392571926,72.88415328898243,19.099479442541323
277420,2113180,7.398272018853768,0.3651411212811801,72.8843432958904,19.0994816260414
277440,2113180,7.55294986228254,0.35190465718730246,72.88453330282427,19.099483809345713
277460,2113180,7.703105273487063,0.33906426829390973,72.88472330978404,19.099485992454262
277480,2113180,7.850475714626797,0.32679919392490614,72.8849133167697,19.09948817536705
277500,2113180,7.9968498243941175,0.315293816001939,72.88510332378124,19.099490358084072
277520,2113180,8.143949815786058,0.30473714134468044,72.88529333081866,19.099492540605333
277540,2113180,8.29331971212617,0.29532243891798604,72.88548333788198,19.099494722930828
277560,2113180,8.44621498265686,0.2872320202939781,72.88567334497117,19.09949690506056
277580,2113180,8.6034823435204,0.28056559550589477,72.88586335208623,19.099499086994523
277600,2113180,8.765407915943918,0.2751249150986073,72.88605335922719,19.099501268732723
277620,2113180,8.931487780715294,0.2699148628601587,72.88624336639401,19.099503450275158
277640,2113180,9.100021999468863,0.26222213508955283,72.8864333735867,19.09950563162183
277660,2113180,9.267582219313713,0.24666916931848207,72.88662338080526,19.099507812772732
277680,2113180,9.431095004654498,0.21880148162812843,72.88681338804969,19.09950999372788
277700,2113180,9.59334821820775,0.1850962142067051,72.88700339531998,19.09951217448725
277720,2113180,9.758068139814618,0.15820075225879712,72.88719340261613,19.09951435505086
277740,2113180,9.925416443830764,0.14755413343778442,72.88738340993815,19.099516535418704
277760,2113180,10.090586063249567,0.15266041757144028,72.88757341728603,19.09951871559079
277780,2113180,10.237485890069822,0.1619520286934717,72.88776342465977,19.0995208955671
277800,2113180,10.351319556650996,0.163602875207211,72.88795343205935,19.099523075347648
277820,2113180,10.443282062590265,0.15875893745808106,72.88814343948478,19.099525254932434
277840,2113180,10.560207118189808,0.16407128841467053,72.88833344693607,19.09952743432145
277860,2113180,10.731274599125994,0.1816981638214296,72.88852345441319,19.099529613514697
277880,2113180,10.970004283965386,0.20298902733181587,72.88871346191617,19.09953179251218
277900,2113180,11.278058478362892,0.22132009537537387,72.88890346944498,19.0995339713139
277920,2113180,11.645545486374075,0.2355238944912489,72.88909347699963,19.099536149919853
277940,2113180,12.05335638452917,0.24620446011966982,72.88928348458013,19.099538328330034
277960,2113180,12.47813524874902,0.25300779327121,72.88947349218645,19.099540506544454
277980,2113180,12.89309703169622,0.25477925885878494,72.88966349981862,19.099542684563104
278000,2113180,13.271809705169268,0.2514998772437826,72.8898535074766,19.09954486238599
278020,2113180,13.597732436886472,0.2503176435947037,72.89004351516041,19.099547040013107
278040,2113180,13.85986503370551,0.2590889293355454,72.89023352287006,19.099549217444455
278060,2113180,14.045314401833444,0.2762926116966919,72.89042353060553,19.099551394680034
278080,2113180,14.139158569367275,0.291958008720799,72.89061353836682,19.099553571719856
278100,2113180,14.127892903753285,0.2939892615979181,72.89080354615392,19.099555748563905
278120,2113180,14.008926820804001,0.2754091780673388,72.89099355396684,19.09955792521218
278140,2113180,13.808306186129627,0.24799177558862381,72.89118356180558,19.0995601016647
278160,2113180,13.554409277115576,0.22661876180801888,72.89137356967012,19.099562277921443
278180,2113180,13.271057245839627,0.22272089732832717,72.89156357756048,19.099564453982413
278200,2113180,12.979080706365666,0.23935854641941195,72.89175358547664,19.099566629847626
278220,2113180,12.699728776508096,0.26862323585020453,72.8919435934186,19.099568805517066
278240,2113180,12.45411617197951,0.29803879708434544,72.89213360138638,19.099570980990737
278260,2113180,12.245282830689248,0.32107641226764844,72.89232360937993,19.099573156268644
278280,2113180,12.06138193412384,0.3383214992741262,72.8925136173993,19.09957533135078
277340,2113200,6.702455304891614,0.4277378470018046,72.88358097080297,19.09965351867445
277360,2113200,6.883885972752036,0.4139464972521351,72.88377097783915,19.09965570278403
277380,2113200,7.057699425370452,0.40002550686093397,72.88396098490124,19.099657886697848
277400,2113200,7.224118618342867,0.3860483953403593,72.88415099198922,19.099660070415897
277420,2113200,7.383752447257618,0.37211215107127477,72.88434099910309,19.09966225393818
277440,2113200,7.537532160506276,0.35833070108774057,72.88453100624285,19.0996644372647
277460,2113200,7.686626875595696,0.3448278328491235,72.88472101340852,19.099666620395446
277480,2113200,7.832346785489971,0.33173187061954307,72.88491102060007,19.099668803330438
277500,2113200,7.976041781181887,0.31917407080692256,72.88510102781751,19.099670986069658
277520,2113200,8.119001166119467,0.3072912912309378,72.88529103506085,19.099673168613112
277540,2113200,8.262357616229565,0.2962292659563185,72.88548104233006,19.0996753509608
277560,2113200,8.40699641513006,0.28613240614674096,72.88567104962515,19.09967753311272
277580,2113200,8.553470247423867,0.2770856689328251,72.88586105694611,19.099679715068874
277600,2113200,8.701921719755802,0.2689452956371589,72.88605106429296,19.099681896829264
277620,2113200,8.852024449230438,0.2609816346949518,72.8862410716657,19.09968407839389
277640,2113200,9.002996834308014,0.2513470274654442,72.88643107906428,19.099686259762738
277660,2113200,9.153941275493693,0.2367896142415132,72.88662108648874,19.09968844093583
277680,2113200,9.304928442249514,0.2139344882477774,72.88681109393907,19.099690621913155
277700,2113200,9.457427446384827,0.18470588074087257,72.88700110141527,19.0996928026947
277720,2113200,9.612308874127233,0.15849806184933884,72.88719110891732,19.099694983280486
277740,2113200,9.768491523642986,0.14510705265312482,72.88738111644524,19.09969716367051
277760,2113200,9.922605592408624,0.14694329191879904,72.88757112399902,19.09969934386476
277780,2113200,10.069003499028678,0.15600702431934219,72.88776113157866,19.099701523863246
277800,2113200,10.201346021138507,0.16070896028615808,72.88795113918414,19.099703703665956
277820,2113200,10.324435780987402,0.156068795391079,72.88814114681547,19.099705883272904
277840,2113200,10.47336556730113,0.15572748180195342,72.88833115447265,19.099708062684083
277860,2113200,10.669184818745343,0.1672616422977703,72.8885211621557,19.0997102418995
277880,2113200,10.919424649588409,0.18744094767814476,72.88871116986456,19.099712420919147
277900,2113200,11.223570378489262,0.21138447852038372,72.88890117759928,19.09971459974302
277920,2113200,11.573712121735616,0.23624791423668157,72.88909118535985,19.099716778371125
277940,2113200,11.955128486781673,0.2580161346421766,72.88928119314623,19.099718956803464
277960,2113200,12.34791877446172,0.273550734386939,72.88947120095847,19.099721135040035
277980,2113200,12.724974931666477,0.28114229753130227,72.88966120879653,19.099723313080837
278000,2113200,13.053139654243742,0.2734470604601631,72.88985121666042,19.09972549092587
278020,2113200,13.32455847688191,0.26109903494406994,72.89004122455013,19.099727668575134
278040,2113200,13.535661196229276,0.25702817617383233,72.89023123246568,19.099729846028627
278060,2113200,13.675683366366794,0.2623082751710702,72.89042124040705,19.099732023286354
278080,2113200,13.73220894363626,0.2695538827497654,72.89061124837424,19.099734200348312
278100,2113200,13.694310702190384,0.26877288742900735,72.89080125636724,19.09973637721449
278120,2113200,13.558816349408788,0.2539051821171948,72.89099126438607,19.099738553884908
278140,2113200,13.34774696050257,0.23436671829855918,72.8911812724307,19.099740730359557
278160,2113200,13.088782145066817,0.2227050917291149,72.89137128050116,19.099742906638436
278180,2113200,12.806777958753013,0.2270058978115688,72.89156128859742,19.09974508272154
278200,2113200,12.520932934557255,0.24834674342755858,72.89175129671948,19.09974725860888
278220,2113200,12.249134096693854,0.2802892813977306,72.89194130486734,19.09974943430044
278240,2113200,12.021777827922355,0.3099249367308185,72.89213131304102,19.09975160979624
278260,2113200,11.838195143927386,0.3323166245163314,72.89232132124049,19.099753785096272
278280,2113200,11.679243021917143,0.35083186682727163,72.89251132946576,19.099755960200525
277360,2113220,6.885158285539085,0.4234489637525577,72.88376868040824,19.09983633061038
277380,2113220,7.056285506051954,0.4092427907277185,72.88395868767621,19.099838514546402
277400,2113220,7.220633470430104,0.3949800546236222,72.88414869497011,19.099840698286663
277420,2113220,7.378585677153274,0.38073143066975645,72.88433870228987,19.09984288183115
277440,2113220,7.530779756710315,0.3665760118429624,72.88452870963553,19.09984506517987
277460,2113220,7.678039798006677,0.35259590725700857,72.8847187170071,19.099847248332825
277480,2113220,7.821297273705086,0.3388732606253191,72.88490872440455,19.099849431290014
277500,2113220,7.961506518539014,0.325492421549888,72.88509873182791,19.09985161405143
277520,2113220,8.099559975439282,0.3125497637359817,72.88528873927714,19.09985379661708
277540,2113220,8.236207876712639,0.3001718581593732,72.88547874675224,19.09985597898696
277560,2113220,8.371988019082842,0.28853735708386213,72.88566875425325,19.099858161161077
277580,2113220,8.507176445162953,0.2778856248062329,72.88585876178011,19.09986034313942
277600,2113220,8.641785110131346,0.2684705743046009,72.88604876933286,19.099862524922
277620,2113220,8.775671741620567,0.2603710657122327,72.88623877691148,19.0998647065088
277640,2113220,8.90890721120125,0.25296998424771855,72.886428784516,19.099866887899843
277660,2113220,9.042550304000558,0.24373474564785616,72.88661879214635,19.099869069095114
277680,2113220,9.179033564614233,0.22577050298768447,72.8868087998026,19.099871250094612
277700,2113220,9.319557720702544,0.19603389494393256,72.88699880748469,19.099873430898345
277720,2113220,9.461669323503031,0.16549332758279137,72.88718881519264,19.099875611506302
277740,2113220,9.601875152776584,0.1456622864886681,72.88737882292648,19.099877791918498
277760,2113220,9.73833733595526,0.14216099757649428,72.88756883068615,19.09987997213492
277780,2113220,9.873454462780494,0.14946054405577372,72.88775883847168,19.09988215215558
277800,2113220,10.015170987377093,0.15568229510349996,72.88794884628307,19.09988433198046
277820,2113220,10.174211007118128,0.15359274715692808,72.88813885412031,19.099886511609576
277840,2113220,10.363381678863552,0.1512172149921261,72.88832886198341,19.09988869104292
277860,2113220,10.589092472813475,0.15912072579106165,72.88851886987234,19.099890870280497
277880,2113220,10.853144430085418,0.17837191829633867,72.88870887778711,19.099893049322297
277900,2113220,11.154048142833815,0.20531061690773106,72.88889888572774,19.099895228168332
277920,2113220,11.486112586480301,0.2357263917377622,72.88908889369421,19.0998974068186
277940,2113220,11.838397224354125,0.26303047190797973,72.88927890168651,19.099899585273093
277960,2113220,12.195043209669018,0.28247769404237694,72.88946890970463,19.09990176353181
277980,2113220,12.532660625032975,0.29296518026703183,72.8896589177486,19.09990394159476
278000,2113220,12.814095448383746,0.28259605599983006,72.8898489258184,19.099906119461945
278020,2113220,13.039295011715511,0.2638922935709095,72.89003893391403,19.099908297133354
278040,2113220,13.20798495216141,0.2506245391309697,72.89022894203546,19.09991047460899
278060,2113220,13.310688936988626,0.24535936959962518,72.89041895018273,19.099912651888854
278080,2113220,13.336403071656724,0.2436203012613876,72.89060895835584,19.099914828972953
278100,2113220,13.276393371540049,0.23886614057781935,72.89079896655475,19.09991700586128
278120,2113220,13.130703537031804,0.22911245569223812,72.89098897477949,19.099919182553833
278140,2113220,12.914891673217172,0.22081046508068555,72.89117898303003,19.09992135905061
278160,2113220,12.656401173552702,0.2218388290609965,72.8913689913064,19.099923535351625
278180,2113220,12.38485641187933,0.23398316399622224,72.89155899960855,19.09992571145686
278200,2113220,12.11751584182695,0.2568180486130706,72.89174900793651,19.099927887366327
278220,2113220,11.866958627081774,0.2872804875642372,72.8919390162903,19.099930063080016
278240,2113220,11.656629585488721,0.31621731447472795,72.89212902466987,19.099932238597937
278260,2113220,11.486548924197203,0.33964650664941715,72.89231903307525,19.099934413920085
277380,2113240,7.0650900061135085,0.4199070063607633,72.8839563904253,19.10001914239116
277400,2113240,7.2272150465503335,0.4055257926485384,72.88414639792508,19.100021326153627
277420,2113240,7.383211691511792,0.3911491416300197,72.88433640545077,19.10002350972032
277440,2113240,7.533469318799085,0.3768303118696778,72.88452641300233,19.10002569309125
277460,2113240,7.678520077127087,0.3626209068944135,72.8847164205798,19.100027876266406
277480,2113240,7.818974636641807,0.3485703447704133,72.88490642818316,19.10003005924579
277500,2113240,7.955453147074053,0.3347322436318767,72.8850964358124,19.100032242029407
277520,2113240,8.088516515672614,0.3211824623785416,72.88528644346755,19.10003442461725
277540,2113240,8.218603901988823,0.3080543165078038,72.88547645114856,19.100036607009326
277560,2113240,8.345985114904119,0.29559513443533136,72.88566645885547,19.100038789205634
277580,2113240,8.470744089103095,0.28423878002294406,72.88585646658825,19.100040971206163
277600,2113240,8.592827198603041,0.27465289669153303,72.8860464743469,19.10004315301093
277620,2113240,8.71222801769835,0.26761136479200864,72.88623648213142,19.100045334619924
277640,2113240,8.829455494101499,0.263273578789804,72.88642648994183,19.10004751603315
277660,2113240,8.946587493491263,0.2589068820129098,72.8866164977781,19.100049697250604
277680,2113240,9.068991021595616,0.24429112411121404,72.88680650564024,19.10005187827228
277700,2113240,9.19950296371551,0.21172091024533155,72.88699651352823,19.10005405909819
277720,2113240,9.3307868724226,0.17490018925202377,72.8871865214421,19.100056239728328
277740,2113240,9.456582253673078,0.14834184016065857,72.88737652938184,19.100058420162696
277760,2113240,9.57539424446565,0.14073082920034272,72.88756653734742,19.100060600401292
277780,2113240,9.694998958218441,0.14878424373036864,72.88775654533886,19.100062780444116
277800,2113240,9.839811814141756,0.1570936833649083,72.88794655335616,19.100064960291167
277820,2113240,10.030588801432193,0.15452505619313123,72.8881365613993,19.100067139942453
277840,2113240,10.25748946951994,0.14974983936525427,72.8883265694683,19.10006931939796
277860,2113240,10.509207026416261,0.15466806172427067,72.88851657756314,19.10007149865769
277880,2113240,10.782064692847232,0.17204519176140154,72.88870658568383,19.100073677721657
277900,2113240,11.074433656558352,0.198244810457274,72.88889659383035,19.10007585658985
277920,2113240,11.38295611660654,0.22763468413765822,72.88908660200272,19.10007803526227
277940,2113240,11.700203146474108,0.25404254919860136,72.88927661020094,19.10008021373891
277960,2113240,12.013476379314264,0.27280956456581906,72.88946661842498,19.100082392019786
277980,2113240,12.303291321444535,0.28016298241927495,72.88965662667485,19.10008457010489
278000,2113240,12.548293825138776,0.27239158777770023,72.88984663495056,19.10008674799422
278020,2113240,12.741282944538595,0.2556061938298446,72.89003664325207,19.10008892568778
278040,2113240,12.879825555098574,0.23944576356259467,72.89022665157945,19.10009110318556
278060,2113240,12.95687955715105,0.22796847212590768,72.89041665993263,19.100093280487563
278080,2113240,12.963397104759663,0.21997248634225536,72.89060666831162,19.100095457593802
278100,2113240,12.892279986561023,0.21285648381251204,72.89079667671645,19.100097634504262
278120,2113240,12.743278561356608,0.20745348469925695,72.89098668514708,19.100099811218954
278140,2113240,12.527644870707421,0.20946461443751174,72.89117669360354,19.100101987737872
278160,2113240,12.271771150665906,0.22267377021662355,72.89136670208579,19.100104164061012
278180,2113240,12.017956625170623,0.2395902406055125,72.89155671059387,19.100106340188375
278200,2113240,11.777506424329825,0.26054580841008057,72.89174671912775,19.10010851611997
278220,2113240,11.553068743215022,0.28783065177271544,72.89193672768744,19.10011069185579
278240,2113240,11.356834713552397,0.31632248112944705,72.89212673627293,19.100112867395836
277400,2113260,7.244014561535019,0.4177447718555122,72.88414410085417,19.100201954016782
277420,2113260,7.3980365224958335,0.40343482378883455,72.88433410858576,19.100204137605683
277440,2113260,7.546317493997855,0.3891841004367266,72.88452411634323,19.10020632099881
277460,2113260,7.689153665832366,0.37502849984266956,72.88471412412662,19.100208504196175
277480,2113260,7.826899884011101,0.3610020123040178,72.88490413193588,19.100210687197762
277500,2113260,7.959916359420019,0.3471456406567204,72.88509413977104,19.10021287000357
277520,2113260,8.088517947061991,0.3335289434531705,72.88528414763208,19.100215052613617
277540,2113260,8.212932973722312,0.32029033306624205,72.88547415551899,19.100217235027884
277560,2113260,8.333282055627187,0.3077003073636527,72.88566416343181,19.100219417246382
277580,2113260,8.449594466171,0.2962387650916288,72.88585417137048,19.100221599269105
277600,2113260,8.561893175791313,0.28663271161925674,72.88604417933506,19.100223781096062
277620,2113260,8.670403859368072,0.2796866869310289,72.88623418732548,19.100225962727237
277640,2113260,8.775988759586967,0.2755335381544257,72.8864241953418,19.100228144162646
277660,2113260,8.881056585533688,0.2717141449000696,72.88661420338397,19.100230325402276
277680,2113260,8.99282607648932,0.25813293322184017,72.88680421145202,19.10023250644614
277700,2113260,9.11751376223843,0.2232530188779513,72.88699421954594,19.100234687294225
277720,2113260,9.243270613171928,0.18357401788292127,72.88718422766571,19.100236867946542
277740,2113260,9.362259026630147,0.15308326870571923,72.88737423581134,19.100239048403083
277760,2113260,9.472195421834787,0.1423592000550682,72.88756424398284,19.10024122866385
277780,2113260,9.582253130367812,0.15070057587104552,72.88775425218019,19.100243408728847
277800,2113260,9.72652233737514,0.16079398506064732,72.88794426040339,19.100245588598064
277820,2113260,9.938624605788162,0.15682148942131524,72.88813426865244,19.100247768271508
277840,2113260,10.18924069625592,0.14974284648282998,72.88832427692735,19.100249947749184
277860,2113260,10.452861767703466,0.15243350757892,72.88851428522811,19.100252127031084
277880,2113260,10.721725014442617,0.1679113378809526,72.8887042935547,19.100254306117208
277900,2113260,10.99496115691437,0.19187199761567028,72.88889430190714,19.100256485007556
277920,2113260,11.271819262936093,0.21809204348165087,72.88908431028541,19.100258663702135
277940,2113260,11.548282036554648,0.2410269595591529,72.88927431868953,19.10026084220093
277960,2113260,11.815675167920114,0.2565023882141915,72.88946432711948,19.10026302050396
277980,2113260,12.061053054921889,0.26163020489106587,72.88965433557526,19.100265198611215
278000,2113260,12.27126442357502,0.2556616911785617,72.88984434405687,19.10026737652269
278020,2113260,12.43809590708985,0.2421364285144584,72.89003435256433,19.100269554238388
278040,2113260,12.556219065673128,0.22678088759835033,72.89022436109758,19.10027173175832
278060,2113260,12.619090643586256,0.2134226519630323,72.89041436965668,19.100273909082468
278080,2113260,12.618903909103642,0.202984690194467,72.89060437824159,19.100276086210847
278100,2113260,12.549027960270271,0.19546300241814343,72.89079438685232,19.100278263143448
278120,2113260,12.407735803150128,0.1927994949181885,72.89098439548887,19.100280439880276
278140,2113260,12.20299717224444,0.1993479967404883,72.89117440415123,19.10028261642132
278160,2113260,11.959038559338108,0.21681733189768548,72.89136441283941,19.100284792766598
278180,2113260,11.721517280746157,0.23623666589740552,72.8915544215534,19.100286968916095
278200,2113260,11.499639652225198,0.25774909458217654,72.89174443029319,19.100289144869812
278220,2113260,11.291819043448845,0.2847556273906695,72.89193443905877,19.10029132062776
278240,2113260,11.105041333013023,0.3141625926415682,72.8921244478502,19.100293496189927
277420,2113280,7.423365645607486,0.4175618958309797,72.88433181169485,19.100384765487245
277440,2113280,7.569893931375322,0.4036037777111485,72.88452181965825,19.100386948902575
277460,2113280,7.7108203366757895,0.38978045341987166,72.88471182764754,19.10038913212214
277480,2113280,7.846310555098073,0.37612760494958936,72.8849018356627,19.100391315145924
277500,2113280,7.976542696331932,0.3626901566299951,72.88509184370376,19.100393497973936
277520,2113280,8.101676499053609,0.3495407079980868,72.88528185177073,19.100395680606173
277540,2113280,8.221836614721948,0.3368101258893895,72.88547185986356,19.100397863042637
277560,2113280,8.337121699046156,0.3247277657777081,72.88566186798226,19.100400045283326
277580,2113280,8.447657542943201,0.31365236288441023,72.88585187612686,19.100402227328246
277600,2113280,8.55372372106945,0.3040337454846533,72.88604188429733,19.100404409177383
277620,2113280,8.656003937428121,0.29616662658671644,72.88623189249368,19.100406590830747
277640,2113280,8.756058135097215,0.2894936846579354,72.8864219007159,19.100408772288336
277660,2113280,8.857242376236616,0.2811757387686486,72.88661190896399,19.100410953550156
277680,2113280,8.96587180256115,0.2645517253978267,72.88680191723795,19.100413134616197
277700,2113280,9.086870071312005,0.23420818283198708,72.88699192553777,19.10041531548646
277720,2113280,9.214178211151232,0.19646584747822912,72.88718193386346,19.100417496160954
277740,2113280,9.33789322753405,0.16409115821965875,72.887371942215,19.100419676639667
277760,2113280,9.454380630711265,0.1483013394666161,72.8875619505924,19.100421856922612
277780,2113280,9.570593306907966,0.15192621932062042,72.88775195899566,19.100424037009777
277800,2113280,9.715089913367816,0.161575812984821,72.88794196742477,19.100426216901162
277820,2113280,9.932748474819068,0.1572431540553899,72.88813197587974,19.100428396596776
277840,2113280,10.185616276896177,0.1494472598951772,72.88832198436056,19.10043057609661
277860,2113280,10.439052015935228,0.15244894259786007,72.88851199286722,19.100432755400675
277880,2113280,10.685240181283131,0.16816956767187166,72.88870200139972,19.100434934508954
277900,2113280,10.925292859960727,0.1912694163229117,72.88889200995808,19.10043711342146
277920,2113280,11.161052191733447,0.21527951464840214,72.88908201854227,19.100439292138198
277940,2113280,11.391669172777773,0.23506125574683936,72.8892720271523,19.10044147065915
277960,2113280,11.612532378617663,0.2471532423455164,72.88946203578816,19.100443648984328
277980,2113280,11.815902660973782,0.24987892810189286,72.88965204444985,19.10044582711373
278000,2113280,11.993156423674174,0.24371054268483297,72.88984205313739,19.100448005047355
278020,2113280,12.136939051884534,0.2314789816259502,72.89003206185073,19.10045018278521
278040,2113280,12.240943631166587,0.2172906939033159,72.89022207058991,19.100452360327274
278060,2113280,12.298470062098128,0.20464194523536022,72.89041207935492,19.10045453767357
278080,2113280,12.302049875653527,0.19539190508195944,72.89060208814574,19.100456714824084
278100,2113280,12.244585716706624,0.1902177861338135,72.89079209696239,19.10045889177882
278120,2113280,12.122103560225403,0.1898106125794879,72.89098210580485,19.100461068537783
278140,2113280,11.93898803321635,0.19524440170239926,72.89117211467311,19.100463245100972
278160,2113280,11.717178706609792,0.20806646802314743,72.8913621235672,19.100465421468378
278180,2113280,11.490009761339744,0.2275951747930894,72.8915521324871,19.100467597640005
278200,2113280,11.274083778090073,0.25225345303516183,72.89174214143281,19.100469773615853
278220,2113280,11.07326061414452,0.28140968838293084,72.89193215040433,19.100471949395928
277440,2113300,7.604550363452861,0.41993031243031737,72.88451952294736,19.100567576802536
277460,2113300,7.7441038477605595,0.4066720841029925,72.88470953114256,19.1005697600443
277480,2113300,7.878046049298143,0.39368496247644175,72.88489953936364,19.100571943090287
277500,2113300,8.006444121126162,0.381032404465721,72.88508954761062,19.1005741259405
277520,2113300,8.129383366177569,0.3688016722104297,72.88527955588347,19.10057630859493
277540,2113300,8.246975312309766,0.3571192053745279,72.88546956418223,19.10057849105359
277560,2113300,8.359396782699765,0.346161134650998,72.88565957250684,19.100580673316472
277580,2113300,8.466977722247169,0.3361365989472788,72.88584958085735,19.100582855383575
277600,2113300,8.570363367079402,0.3271967100096821,72.88603958923375,19.100585037254906
277620,2113300,8.670786044013958,0.31919293130661003,72.88622959763599,19.100587218930457
277640,2113300,8.770480938362343,0.3112144079721196,72.88641960606412,19.100589400410236
277660,2113300,8.873168861242148,0.3009983244474245,72.88660961451812,19.10059158169423
277680,2113300,8.98398416950933,0.2848172138070767,72.886799622998,19.100593762782452
277700,2113300,9.108612063257937,0.2581174588590931,72.88698963150374,19.100595943674893
277720,2113300,9.245245228469528,0.22188666835131587,72.88717964003533,19.10059812437156
277740,2113300,9.385025773044799,0.18594136803149128,72.8873696485928,19.10060030487245
277760,2113300,9.523744495320036,0.16108098851767552,72.88755965717611,19.100602485177564
277780,2113300,9.664092572605941,0.15393792540229465,72.88774966578528,19.100604665286898
277800,2113300,9.822594022008607,0.1572107314049094,72.88793967442031,19.100606845200453
277820,2113300,10.029338709671547,0.1534235725458479,72.88812968308119,19.10060902491823
277840,2113300,10.256671058037933,0.14867651849990987,72.8883196917679,19.100611204440234
277860,2113300,10.47388190842667,0.1558042075057202,72.8885097004805,19.100613383766458
277880,2113300,10.677067873977458,0.17491434576505535,72.88869970921891,19.1006155628969
277900,2113300,10.869669217134689,0.1999579570061243,72.88888971798318,19.100617741831567
277920,2113300,11.055416642590991,0.22441538726459667,72.88907972677328,19.100619920570452
277940,2113300,11.235825569807384,0.24309246935947745,72.88926973558921,19.100622099113565
277960,2113300,11.409449963001284,0.2525703455779987,72.889459744431,19.100624277460895
277980,2113300,11.572136197651279,0.25180172958055164,72.88964975329861,19.100626455612446
278000,2113300,11.71807500371184,0.24238128612229723,72.88983976219205,19.100628633568224
278020,2113300,11.840997396302065,0.22798863469224737,72.89002977111132,19.10063081132822
278040,2113300,11.934581094058592,0.21317674798290498,72.89021978005641,19.100632988892436
278060,2113300,11.992093524119733,0.20195650117083602,72.89040978902733,19.100635166260872
278080,2113300,12.00599660004741,0.1965777568703182,72.89059979802407,19.100637343433526
278100,2113300,11.967968351251882,0.19681372276653222,72.89078980704663,19.100639520410404
278120,2113300,11.870148825435681,0.20030100713145005,72.890979816095,19.100641697191502
278140,2113300,11.7105822512874,0.2043133006415952,72.8911698251692,19.100643873776818
278160,2113300,11.507018223700905,0.21107129235407426,72.8913598342692,19.10064605016636
278180,2113300,11.291336429295956,0.22748001410052412,72.89154984339501,19.100648226360118
278200,2113300,11.081314244995568,0.25241881416646816,72.89173985254662,19.100650402358095
278220,2113300,10.8864055397239,0.28272612321779367,72.89192986172405,19.100652578160297
277440,2113320,7.651467176954144,0.43790048038286467,72.88451722621059,19.100748204698693
277460,2113320,7.789238180824315,0.4253611200873835,72.8847072346117,19.100750387962655
277480,2113320,7.922487148218962,0.41322961573814065,72.8848972430387,19.10075257103084
277500,2113320,8.05013317493453,0.4015989876873793,72.88508725149158,19.100754753903253
277520,2113320,8.17224580174235,0.39058494218308537,72.88527725997035,19.100756936579874
277540,2113320,8.288980817323289,0.38033005920078655,72.88546726847501,19.100759119060733
277560,2113320,8.400642837104135,0.3709961407643332,72.88565727700555,19.100761301345802
277580,2113320,8.507796172083559,0.36272697838959195,72.88584728556197,19.1007634834351
277600,2113320,8.611440944187516,0.3555542750565268,72.88603729414427,19.100765665328616
277620,2113320,8.713266559059756,0.3492171403901226,72.88622730275245,19.100767847026358
277640,2113320,8.81596469200631,0.342882954825155,72.88641731138648,19.100770028528316
277660,2113320,8.923496124498747,0.3347742832218654,72.88660732004641,19.10077220983449
277680,2113320,9.041107041192578,0.3215717246561927,72.88679732873219,19.100774390944895
277700,2113320,9.174477629562343,0.29769744017186267,72.88698733744384,19.100776571859516
277720,2113320,9.324956001267749,0.2600872173552854,72.88717734618135,19.10077875257836
277740,2113320,9.4875054065886,0.21658819963977882,72.88736735494473,19.100780933101422
277760,2113320,9.657802939715642,0.17925042294856827,72.88755736373395,19.100783113428708
277780,2113320,9.834646215114851,0.15817508831408877,72.88774737254904,19.10078529356021
277800,2113320,10.018643733409512,0.152743565743255,72.88793738138999,19.10078747349594
277820,2113320,10.206862419743523,0.14961336625952854,72.88812739025678,19.100789653235886
277840,2113320,10.38510943837339,0.15059807250847715,72.88831739914943,19.10079183278005
277860,2113320,10.545045591306112,0.1635694822909466,72.88850740806792,19.100794012128436
277880,2113320,10.689912363687853,0.18764239064652904,72.88869741701225,19.100796191281038
277900,2113320,10.824967642938265,0.2166930361695264,72.88888742598243,19.100798370237865
277920,2113320,10.954834442917328,0.2442380207719577,72.88907743497846,19.100800548998905
277940,2113320,11.082443539684963,0.26430364819597774,72.88926744400031,19.100802727564176
277960,2113320,11.208636118496374,0.27221644924381,72.88945745304801,19.100804905933657
277980,2113320,11.331756425201814,0.2666617743197662,72.88964746212153,19.10080708410736
278000,2113320,11.44773897124128,0.2507261961600413,72.88983747122089,19.100809262085278
278020,2113320,11.551052552652559,0.2304535733106887,72.89002748034606,19.100811439867424
278040,2113320,11.635556901747332,0.2125432476915916,72.89021748949709,19.10081361745378
278060,2113320,11.694585069838622,0.20234719534451698,72.89040749867391,19.100815794844358
278080,2113320,11.72036052280925,0.20212737250245633,72.89059750787658,19.10081797203916
278100,2113320,11.702897175163603,0.20962140433026313,72.89078751710505,19.10082014903817
278120,2113320,11.628013103179233,0.2179427280202423,72.89097752635935,19.100822325841406
278140,2113320,11.488085433259597,0.22157151701007125,72.89116753563945,19.10082450244886
278160,2113320,11.304886015538187,0.22670982853560445,72.89135754494538,19.100826678860532
278180,2113320,11.10423577079708,0.24021268781966565,72.89154755427711,19.10082885507642
278200,2113320,10.903971107241864,0.26300322230798917,72.89173756363465,19.100831031096526
277460,2113340,7.846134984551193,0.4454196382918924,72.88470493805494,19.100931015877205
277480,2113340,7.979548806959045,0.43420415311439203,72.88489494668785,19.100933198967592
277500,2113340,8.107533952422337,0.42366469555791936,72.88508495534666,19.100935381862197
277520,2113340,8.230132452585908,0.4139529174804795,72.88527496403135,19.10093756456102
277540,2113340,8.347563840970642,0.4052450934270539,72.88546497274193,19.10093974706407
277560,2113340,8.460256904080595,0.3977280551733189,72.88565498147837,19.100941929371334
277580,2113340,8.568967853991602,0.39155878586639237,72.88584499024071,19.10094411148282
277600,2113340,8.674949591858192,0.386779429701397,72.88603499902894,19.10094629339853
277620,2113340,8.78016950886855,0.3831650620281998,72.88622500784301,19.10094847511845
277640,2113340,8.88754422496933,0.379971142559032,72.88641501668297,19.100950656642596
277660,2113340,9.001106767253841,0.3755087481289994,72.8866050255488,19.100952837970954
277680,2113340,9.125971005675941,0.36639216403225866,72.88679503444051,19.100955019103537
277700,2113340,9.268312287061383,0.34562726234305635,72.88698504335808,19.100957200040334
277720,2113340,9.433687776048536,0.3023030504815455,72.8871750523015,19.100959380781358
277740,2113340,9.61793396287232,0.24864367343679566,72.8873650612708,19.100961561326592
277760,2113340,9.817293826761102,0.19788546105855093,72.88755507026595,19.10096374167605
277780,2113340,10.026771652407893,0.1635316244537038,72.88774507928694,19.10096592182973
277800,2113340,10.23277208141074,0.15233496732430374,72.8879350883338,19.100968101787622
277820,2113340,10.402168737075256,0.15130646637704193,72.88812509740653,19.10097028154973
277840,2113340,10.52678283253752,0.15673148306676304,72.88831510650509,19.10097246111606
277860,2113340,10.623994249216286,0.17428955366101928,72.8885051156295,19.10097464048661
277880,2113340,10.706772389718372,0.2025665420502939,72.88869512477974,19.100976819661376
277900,2113340,10.782335021664693,0.23573003625536304,72.88888513395585,19.100978998640358
277920,2113340,10.85595910911704,0.26772577798319414,72.88907514315778,19.10098117742356
277940,2113340,10.931350717930277,0.29128688832023564,72.88926515238556,19.100983356010975
277960,2113340,11.011403912721974,0.2987207564942298,72.88945516163918,19.10098553440261
277980,2113340,11.096662744553093,0.28720196273491017,72.88964517091863,19.100987712598464
278000,2113340,11.184017573170067,0.26214108501335515,72.8898351802239,19.100989890598537
278020,2113340,11.268088943946442,0.2334278060382743,72.890025189555,19.100992068402824
278040,2113340,11.342778958582967,0.21107536373588512,72.89021519891193,19.100994246011325
278060,2113340,11.401453569505792,0.20182351282965508,72.89040520829468,19.10099642342405
278080,2113340,11.435880879371304,0.2069962377719451,72.89059521770326,19.10099860064099
278100,2113340,11.434348334643905,0.22188093808788642,72.89078522713767,19.101000777662144
278120,2113340,11.377316302500445,0.2357307749910475,72.89097523659788,19.10100295448751
278140,2113340,11.260076409100774,0.243808645441616,72.8911652460839,19.101005131117102
278160,2113340,11.099271749145299,0.25044519632713996,72.89135525559574,19.101007307550905
278180,2113340,10.917420616320028,0.2627180360614189,72.8915452651334,19.10100948378892
277480,2113360,8.048715398317057,0.4560253295214149,72.88489265031112,19.10111382690054
277500,2113360,8.178048555477051,0.44646891706134073,72.88508265917584,19.101116009817343
277520,2113360,8.302289944026231,0.43790992179807603,72.88527266806645,19.101118192538365
277540,2113360,8.42171028013503,0.43055493843233617,72.88546267698295,19.101120375063605
277560,2113360,8.536818440904478,0.4246194961498252,72.88565268592532,19.101122557393065
277580,2113360,8.648472435126234,0.42028493675714457,72.88584269489357,19.101124739526743
277600,2113360,8.75802779848284,0.41760815322892497,72.88603270388771,19.101126921464637
277620,2113360,8.8675176867849,0.41634833240313246,72.88622271290771,19.10112910320674
277640,2113360,8.979843664136707,0.4156434010454011,72.88641272195359,19.10113128475307
277660,2113360,9.09894154228601,0.4134100512920649,72.88660273102535,19.10113346610361
277680,2113360,9.229911412507432,0.40524385260813445,72.88679274012297,19.101135647258374
277700,2113360,9.379222758420815,0.38258387220481654,72.88698274924646,19.101137828217354
277720,2113360,9.55234621153037,0.33706667217785885,72.8871727583958,19.10114000898055
277740,2113360,9.748169159799016,0.27586762756995176,72.88736276757102,19.10114218954796
277760,2113360,9.962750467504543,0.2135443428734354,72.88755277677208,19.10114436991959
277780,2113360,10.18758763185194,0.16764649795145126,72.88774278599901,19.10114655009544
277800,2113360,10.399070580114211,0.15151704771838748,72.8879327952518,19.101148730075504
277820,2113360,10.550497004514623,0.1541053212343717,72.88812280453043,19.101150909859776
277840,2113360,10.631279745918237,0.1628707113526599,72.888312813834915,19.10115308944827
277860,2113360,10.677843691588688,0.18375748474086195,72.88850282316524,19.10115526884098
277880,2113360,10.707736905423596,0.21393867249296344,72.88869283252141,19.10115744803791
277900,2113360,10.731600716835857,0.24935480955062642,72.88888284190344,19.10115962703905
277920,2113360,10.755661797248258,0.28514393315028086,72.88907285131128,19.101161805844406
277940,2113360,10.783621265492142,0.3132442715129488,72.88926286074499,19.101163984453986
277960,2113360,10.820891776314943,0.3212962379426711,72.88945287020452,19.101166162867766
277980,2113360,10.870969411677578,0.3029059330193109,72.88964287968989,19.10116834108577
278000,2113360,10.93115724588543,0.26756322914830655,72.88983288920109,19.101170519107992
278020,2113360,10.995630217880226,0.23035285244561476,72.89002289873811,19.101172696934423
278040,2113360,11.058329607436944,0.20530275460053685,72.89021290830097,19.101174874565075
278060,2113360,11.112862917726575,0.1990701308452651,72.89040291788965,19.101177051999933
278080,2113360,11.15010466406033,0.20959810774505877,72.89059292750414,19.101179229239012
278100,2113360,11.156710748008116,0.22988776618938078,72.89078293714445,19.101181406282304
278120,2113360,11.115746481417942,0.25011067855245134,72.89097294681059,19.101183583129814
278140,2113360,11.023000409161789,0.2654706705121682,72.89116295650254,19.10118575978154
278160,2113360,10.8865002847099,0.27616584248674547,72.89135296622031,19.101187936237473
278180,2113360,10.72709186411643,0.2896572946832863,72.89154297596387,19.101190112497623
277500,2113380,8.260653157391975,0.46933979909705553,72.88508036297914,19.10129663776868
277520,2113380,8.387488558715274,0.46157968204073385,72.88527037207567,19.101298820511904
277540,2113380,8.509898092276394,0.4551033664706176,72.88546038119809,19.101301003059337
277560,2113380,8.628405302575628,0.45012333175173813,72.88565039034638,19.101303185410988
277580,2113380,8.743860363341417,0.4468042335083345,72.88584039952056,19.10130536756686
277600,2113380,8.857557173697339,0.445160385084093,72.88603040872061,19.101307549526936
277620,2113380,8.971370704178906,0.4448580956048161,72.88622041794653,19.10130973129123
277640,2113380,9.087905897005012,0.44485107093461695,72.88641042719834,19.101311912859742
277660,2113380,9.210654599199675,0.442737900325412,72.88660043647602,19.10131409423247
277680,2113380,9.344167421916767,0.43374954306095687,72.88679044577955,19.101316275409417
277700,2113380,9.494033872755594,0.4099519800885216,72.88698045510897,19.101318456390576
277720,2113380,9.66526467407557,0.3634635395950871,72.88717046446423,19.101320637175945
277740,2113380,9.85826384149647,0.2971773276950462,72.88736047384538,19.101322817765535
277760,2113380,10.068115006029657,0.22697956316960027,72.88755048325235,19.101324998159328
277780,2113380,10.284842438582771,0.17387636524134034,72.88774049268521,19.101327178357348
277800,2113380,10.484487759125027,0.1555047044433821,72.88793050214392,19.10132935835958
277820,2113380,10.615145920173445,0.15902801196586236,72.88812051162847,19.10133153816602
277840,2113380,10.665941838474575,0.1663955393030813,72.88831052113888,19.10133371777668
277860,2113380,10.681120020149143,0.1862070527456757,72.88850053067513,19.101335897191554
277880,2113380,10.677475236893265,0.21575899241580052,72.88869054023723,19.10133807641064
277900,2113380,10.666476971029546,0.25113227470861743,72.88888054982516,19.101340255433936
277920,2113380,10.654565997586328,0.28729388248711885,72.88907055943895,19.101342434261454
277940,2113380,10.645538434872977,0.3160728805740987,72.88926056907857,19.10134461289318
277960,2113380,10.646230331069809,0.32388557877479623,72.88945057874403,19.10134679132912
277980,2113380,10.663229410443398,0.3018831706253489,72.88964058843533,19.101348969569276
278000,2113380,10.697426805341838,0.2583597895247449,72.88983059815244,19.101351147613634
278020,2113380,10.74097351926774,0.21684967071207084,72.8900206078954,19.10135332546222
278040,2113380,10.78887173584961,0.19541439048089954,72.89021061766417,19.101355503115013
278060,2113380,10.835699511468135,0.19752166035742477,72.89040062745877,19.10135768057202
278080,2113380,10.871482947342201,0.21406091317193032,72.89059063727919,19.10135985783324
278100,2113380,10.881317312967346,0.2381691897932856,72.89078064712542,19.101362034898674
278120,2113380,10.852444362392484,0.2628237991767975,72.89097065699748,19.10136421176832
278140,2113380,10.780170352951634,0.2836581182604191,72.89116066689537,19.101366388442173
278160,2113380,10.66988027538155,0.3006516911461296,72.89135067681904,19.10136856492024
277520,2113400,8.484163071531249,0.48435638513980894,72.885268076059,19.101479448481633
277540,2113400,8.610287082267398,0.47811573306357025,72.88545808538734,19.101481631051264
277560,2113400,8.732843067479784,0.47323743581960315,72.88564809474155,19.101483813425105
277580,2113400,8.85256971011045,0.4698131191126913,72.88583810412166,19.10148599560316
277600,2113400,8.970551711928312,0.4677571199064826,72.88602811352764,19.10148817758543
277620,2113400,9.088304675723228,0.4666155063663409,72.88621812295949,19.101490359371912
277640,2113400,9.207858204950771,0.46525189312708753,72.88640813241722,19.10149254096261
277660,2113400,9.33182444994338,0.46138815715560266,72.88659814190082,19.101494722357522
277680,2113400,9.46342759388857,0.45106579923718654,72.88678815141029,19.101496903556644
277700,2113400,9.606510166637882,0.42813047190130976,72.88697816094562,19.101499084559972
277720,2113400,9.76611359361912,0.38213488008192925,72.88716817050681,19.101501265367528
277740,2113400,9.942636998179829,0.3119975280980651,72.88735818009387,19.10150344597929
277760,2113400,10.127857685169678,0.23933261238438022,72.88754818970679,19.101505626395262
277780,2113400,10.311165701095943,0.18525824263062612,72.88773819934556,19.101507806615444
277800,2113400,10.47295205704616,0.16482942621247423,72.88792820901018,19.101509986639847
277820,2113400,10.580207961311572,0.16394796445686494,72.88811821870067,19.101512166468453
277840,2113400,10.622965232388568,0.1670379546874908,72.888308228417,19.101514346101276
277860,2113400,10.62929416607238,0.1814777599814886,72.88849823815919,19.10151652553832
277880,2113400,10.615010680473583,0.2077801801543914,72.8886882479272,19.10151870477956
277900,2113400,10.588847399740958,0.2403208900529883,72.88887825772107,19.101520883825017
277920,2113400,10.557171052365495,0.2721913286887173,72.88906826754078,19.10152306267469
277940,2113400,10.525271165529782,0.29460672762145007,72.88925827738632,19.101525241328574
277960,2113400,10.499707061102573,0.2973190568200581,72.8894482872577,19.101527419786667
277980,2113400,10.487912200826491,0.27430140579819806,72.88963829715492,19.10152959804897
278000,2113400,10.494240995587473,0.23205641333484125,72.88982830707796,19.101531776115483
278020,2113400,10.51421019278186,0.1957925767184657,72.89001831702684,19.101533953986213
278040,2113400,10.545377055736253,0.18682389713423697,72.89020832700155,19.10153613166115
278060,2113400,10.582710835785274,0.20225681229129397,72.89039833700207,19.1015383091403
278080,2113400,10.614648894372346,0.22630165571340005,72.89058834702841,19.10154048642366
278100,2113400,10.625742071537255,0.25362726961874016,72.89077835708059,19.101542663511225
278120,2113400,10.60518254872871,0.2806494595574261,72.89096836715858,19.101544840403008
278140,2113400,10.548912178923448,0.30487463092316414,72.89115837726237,19.101547017099
277540,2113420,8.720858264638586,0.4993179846235934,72.88545578955073,19.10166225903938
277560,2113420,8.847864636356382,0.4936719573778275,72.88564579911086,19.101664441435418
277580,2113420,8.9720973818416,0.48902166584608453,72.8858358086969,19.101666623635662
277600,2113420,9.094328633304668,0.4851421888422154,72.8860258183088,19.101668805640124
277620,2113420,9.215583293677032,0.4814481177255126,72.88621582794657,19.10167098744879
277640,2113420,9.337153927607162,0.47675623630752245,72.88640583761023,19.101673169061673
277660,2113420,9.460587418173855,0.4689877769035907,72.88659584729974,19.101675350478764
277680,2113420,9.587638146065496,0.4548495084918806,72.88678585701514,19.101677531700066
277700,2113420,9.720313517018347,0.42929371043012116,72.8869758667564,19.101679712725584
277720,2113420,9.861755353184872,0.38325004034128257,72.88716587652353,19.101681893555305
277740,2113420,10.010701210822884,0.31637011713504765,72.8873558863165,19.101684074189244
277760,2113420,10.157716976182371,0.24900383528580128,72.88754589613535,19.101686254627392
277780,2113420,10.292971554957232,0.2005264775129363,72.88773590598005,19.101688434869743
277800,2113420,10.405494824517163,0.18068136696179077,72.8879259158506,19.10169061491631
277820,2113420,10.486567869771019,0.17406306577643063,72.88811592574702,19.10169279476709
277840,2113420,10.53214967314042,0.17072105055257236,72.88830593566928,19.101694974422074
277860,2113420,10.546274161252773,0.1774328187154905,72.88849594561738,19.101697153881272
277880,2113420,10.536337038342086,0.1963879685027739,72.88868595559133,19.10169933314468
277900,2113420,10.50890263631916,0.22246055658810157,72.88887596559113,19.101701512212294
277920,2113420,10.47008710049177,0.24763186913684093,72.88906597561676,19.101703691084126
277940,2113420,10.425941872445723,0.2631522698931846,72.88925598566823,19.10170586976016
277960,2113420,10.383128312817998,0.26116381255579924,72.88944599574555,19.101708048240408
277980,2113420,10.349004096667764,0.238779853328663,72.88963600584869,19.101710226524865
278000,2113420,10.329639309249586,0.20459887708755084,72.88982601597766,19.10171240461353
278020,2113420,10.326201805802667,0.18270222859242113,72.89001602613246,19.1017145825064
278040,2113420,10.340333318874956,0.19201121555256048,72.8902060363131,19.101716760203484
278060,2113420,10.36684765943814,0.2201962613769229,72.89039604651956,19.101718937704774
278080,2113420,10.392238810797418,0.2497261970891301,72.89058605675183,19.10172111501027
278100,2113420,10.40152284985864,0.2783654119742347,72.89077606700994,19.101723292119985
278120,2113420,10.385157926998334,0.3058037233581828,72.89096607729385,19.101725469033898
277560,2113440,8.971185105440837,0.5118215879007871,72.88564350345429,19.101845069441925
277580,2113440,9.100040655658438,0.5050851751201335,72.88583351324624,19.101847251664367
277600,2113440,9.226480298991628,0.49834094600311957,72.88602352306408,19.10184943369101
277620,2113440,9.350993861988805,0.490871312167754,72.88621353290779,19.101851615521866
277640,2113440,9.474109659375436,0.48144136250127467,72.88640354277736,19.10185379715693
277660,2113440,9.596336575359507,0.46808325966045283,72.88659355267282,19.101855978596205
277680,2113440,9.718106694741454,0.4478470138903312,72.88678356259415,19.101858159839693
277700,2113440,9.839751465137038,0.41657354840083655,72.88697357254132,19.101860340887384
277720,2113440,9.960995921933616,0.37011053320498455,72.88716358251438,19.101862521739285
277740,2113440,10.078281318045672,0.3113219680507323,72.88735359251329,19.101864702395392
277760,2113440,10.184071706070638,0.25380648175259707,72.88754360253806,19.101866882855713
277780,2113440,10.27071330438852,0.21381056850231378,72.88773361258869,19.10186906312024
277800,2113440,10.335613815361159,0.19737653562637428,72.88792362266517,19.101871243188977
277820,2113440,10.391425920366121,0.18884691724816555,72.88811363276751,19.10187342306192
277840,2113440,10.438522779147121,0.17911198904396597,72.88830364289569,19.101875602739074
277860,2113440,10.463397453736087,0.17677402697143552,72.88849365304974,19.101877782220427
277880,2113440,10.463051672450952,0.1863604678573394,72.88868366322961,19.101879961506
277900,2113440,10.440685217621036,0.20463471193780403,72.88887367343534,19.101882140595773
277920,2113440,10.401707791967466,0.22418775677986907,72.8890636836669,19.101884319489756
277940,2113440,10.352204685911719,0.23694917062107898,72.8892536939243,19.10188649818795
277960,2113440,10.298476109332094,0.23648207663584733,72.88944370420755,19.101888676690347
277980,2113440,10.247374362966417,0.22187116118158345,72.88963371451663,19.101890854996956
278000,2113440,10.208619913754074,0.2016461603474447,72.88982372485152,19.101893033107768
278020,2113440,10.189116655689494,0.19584271223750754,72.89001373521226,19.10189521102279
278040,2113440,10.186593908200392,0.21836892269591726,72.89020374559882,19.101897388742014
278060,2113440,10.19795131621057,0.25216679982817886,72.89039375601122,19.10189956626545
278080,2113440,10.212484250983229,0.2823449095894613,72.89058376644942,19.101901743593086
278100,2113440,10.215322981898955,0.31028261465965806,72.89077377691345,19.101903920724933
277580,2113460,9.234054523394011,0.5193323298843356,72.88583121776972,19.102027879689263
277600,2113460,9.364730726606432,0.5092705881957109,72.88602122779348,19.1020300617381
277620,2113460,9.492528718128737,0.49759023042116163,72.88621123784311,19.10203224359114
277640,2113460,9.617271655467066,0.48306189570232466,72.88640124791863,19.10203442524839
277660,2113460,9.738519050815109,0.4639244738985616,72.88659125802,19.102036606709845
277680,2113460,9.855441886443453,0.43785611668252067,72.88678126814726,19.10203878797551
277700,2113460,9.966614797171378,0.402339633444463,72.88697127830038,19.10204096904538
277720,2113460,10.069474739023722,0.35630344171403594,72.88716128847936,19.10204314991946
277740,2113460,10.159525311176763,0.30338430033698854,72.88735129868421,19.102045330597747
277760,2113460,10.230874703734251,0.2535384396366399,72.88754130891492,19.102047511080233
277780,2113460,10.279139208051106,0.219358646230077,72.88773131917146,19.102049691366933
277800,2113460,10.306936258194135,0.2055861849282657,72.88792132945389,19.10205187145784
277820,2113460,10.336441136524543,0.1985019093310792,72.88811133976216,19.102054051352948
277840,2113460,10.37952499076883,0.18581540134660915,72.88830135009628,19.102056231052263
277860,2113460,10.409117628247438,0.17753944376016387,72.88849136045624,19.10205841055579
277880,2113460,10.415013109470431,0.17978471991842324,72.88868137084206,19.102060589863516
277900,2113460,10.397185745790296,0.1921915120356533,72.88887138125371,19.10206276897545
277920,2113460,10.359835077521197,0.20981095134257613,72.88906139169121,19.102064947891588
277940,2113460,10.308716210215984,0.22609731777679917,72.88925140215454,19.102067126611935
277960,2113460,10.249733226701728,0.2346433562922257,72.88944141264372,19.10206930513648
277980,2113460,10.189039869532257,0.23291131669155082,72.88963142315873,19.10207148346524
278000,2113460,10.137160454106285,0.2284022756197784,72.88982143369957,19.102073661598205
278020,2113460,10.103477662643378,0.23453078449439782,72.89001144426624,19.10207583953537
278040,2113460,10.084202384615663,0.2602746163142209,72.89020145485874,19.102078017276742
278060,2113460,10.078859418544821,0.2905103714405151,72.89039146547705,19.102080194822317
278080,2113460,10.077206670726017,0.31917215499922796,72.89058147612118,19.102082372172102
277580,2113480,9.371773969624593,0.5333715012524122,72.88582892226731,19.102208507710348
277600,2113480,9.506773038200397,0.5201737064698949,72.88601893249701,19.102210689781373
277620,2113480,9.638095048158311,0.5046804870116769,72.88620894275257,19.102212871656604
277640,2113480,9.764989081424481,0.48577394005480373,72.88639895303403,19.102215053336042
277660,2113480,9.886230952997018,0.46203692854972933,72.88658896334134,19.102217234819676
277680,2113480,9.999950841344015,0.4318872393947015,72.88677897367452,19.102219416107523
277700,2113480,10.10342224746756,0.3940457908429942,72.88696898403357,19.10222159719957
277720,2113480,10.192875533208234,0.34858318626126283,72.88715899441848,19.102223778095826
277740,2113480,10.263695803869417,0.2984732704756666,72.88734900482926,19.10222595879629
277760,2113480,10.31172229197975,0.25094161503243134,72.88753901526592,19.10222813930095
277780,2113480,10.336050817596082,0.2163004875285352,72.88772902572839,19.10223031960982
277800,2113480,10.343493210082517,0.20013442914793325,72.88791903621674,19.102232499722888
277820,2113480,10.353132650926332,0.1940186314725555,72.88810904673095,19.102234679640173
277840,2113480,10.378494221558661,0.18585105449560543,72.888299057271,19.10223685936165
277860,2113480,10.400961378362172,0.17829380311704238,72.8884890678369,19.102239038887337
277880,2113480,10.404851532174305,0.17804221130162892,72.88867907842865,19.102241218217227
277900,2113480,10.386421533849726,0.188230415801195,72.88886908904624,19.102243397351316
277920,2113480,10.348436895169364,0.20730718253094702,72.88905909968967,19.10224557628961
277940,2113480,10.296246287581999,0.2305140330881928,72.88924911035895,19.102247755032113
277960,2113480,10.23563497101934,0.25121087368545214,72.88943912105407,19.102249933578815
277980,2113480,10.172017676759243,0.2623002039821596,72.889629131775,19.102252111929726
278000,2113480,10.111926619296234,0.2696344064025613,72.88981914252177,19.102254290084836
278020,2113480,10.062242923133839,0.28198712235829265,72.89000915329439,19.102256468044146
278040,2113480,10.025698966275982,0.30444605563078564,72.8901991640928,19.102258645807666
278060,2113480,10.000944455893224,0.33104720396851056,72.89038917491706,19.10226082337539
277600,2113500,9.650144481604029,0.533034159166673,72.88601663717466,19.102391317820846
277620,2113500,9.785303892768066,0.51474241455452,72.88620664763617,19.10239349971826
277640,2113500,9.915102349349322,0.49288593806202896,72.88639665812354,19.102395681419882
277660,2113500,10.037786676610498,0.4664294823324617,72.8865866686368,19.102397862925706
277680,2113500,10.150803556142069,0.43438676600951853,72.88677667917591,19.10240004423573
277700,2113500,10.250639003653212,0.39612676124715374,72.8869666897409,19.102402225349955
277720,2113500,10.332886579221029,0.3517517217160561,72.88715670033176,19.102404406268388
277740,2113500,10.392957224146357,0.3024634450112795,72.88734671094846,19.102406586991023
277760,2113500,10.427914139108635,0.2525007815398375,72.88753672159103,19.102408767517858
277780,2113500,10.439168690054101,0.21172690926569077,72.88772673225947,19.1024109478489
277800,2113500,10.434612244227754,0.18958256330862475,72.88791674295376,19.10241312798414
277820,2113500,10.427995479865068,0.18489416159744096,72.8881067536739,19.102415307923586
277840,2113500,10.433499096748639,0.18448137880983353,72.88829676441988,19.102417487667232
277860,2113500,10.441802563711075,0.18202874519519105,72.88848677519172,19.102419667215074
277880,2113500,10.435452909397647,0.1833999579649912,72.88867678598942,19.102421846567125
277900,2113500,10.409494291693441,0.19413553271486864,72.88886679681295,19.10242402572338
277920,2113500,10.366135897513809,0.21541601667129312,72.88905680766231,19.10242620468383
277940,2113500,10.31026247520446,0.24367053183690776,72.88924681853752,19.10242838344849
277960,2113500,10.247236546849193,0.2726240171645393,72.88943682943857,19.102430562017343
277980,2113500,10.181557321113402,0.2970059348944443,72.88962684036544,19.102432740390398
278000,2113500,10.113471734560003,0.3132973243366364,72.88981685131814,19.102434918567663
278020,2113500,10.049848934163265,0.3278933942108821,72.8900068622967,19.10243709654912
278040,2113500,9.996925854185097,0.34766998360452045,72.89019687330106,19.102439274334785
277620,2113520,9.931361825247834,0.5293480274088871,72.88620435249388,19.102574127776116
277640,2113520,10.064730037714654,0.5061846500257835,72.8863943631872,19.102576309499923
277660,2113520,10.190296019234685,0.478961879539575,72.88658437390637,19.102578491027927
277680,2113520,10.305202860578182,0.4470693663129801,72.88677438465143,19.102580672360133
277700,2113520,10.40555587061846,0.41010936638681106,72.88696439542235,19.10258285349654
277720,2113520,10.486492064649427,0.36789505125833605,72.88715440621915,19.102585034437148
277740,2113520,10.542984406732048,0.3198391561040477,72.88734441704182,19.10258721518196
277760,2113520,10.57207572400049,0.2658039404290033,72.88753442789032,19.102589395730966
277780,2113520,10.576185143721515,0.21714484771040513,72.88772443876468,19.102591576084176
277800,2113520,10.563512842529162,0.18695550983641407,72.88791444966492,19.102593756241586
277820,2113520,10.545689804127214,0.1811350214458085,72.88810446059098,19.102595936203194
277840,2113520,10.53385504995677,0.1882385661363494,72.88829447154292,19.10259811596901
277860,2113520,10.524054865807654,0.19242643899097633,72.8884844825207,19.102600295539016
277880,2113520,10.500846891669676,0.19734236945209127,72.88867449352432,19.10260247491323
277900,2113520,10.4608846467898,0.20950695335811334,72.8888645045538,19.10260465409164
277920,2113520,10.407060008973357,0.2319430836359292,72.8890545156091,19.102606833074248
277940,2113520,10.343490386912324,0.2623024085447338,72.88924452669025,19.10260901186106
277960,2113520,10.274195534651893,0.295290448326567,72.88943453779723,19.102611190452066
277980,2113520,10.201859186039009,0.3255123917257237,72.88962454893004,19.10261336884728
278000,2113520,10.126534631762727,0.34841830803539764,72.88981456008871,19.102615547046685
278020,2113520,10.05303581494998,0.36703388465579617,72.8900045712732,19.102617725050287
277640,2113540,10.210277466031572,0.5258704837060868,72.88639206822498,19.102756937576164
277660,2113540,10.3395972856972,0.4994654130777304,72.8865820791501,19.102759119126347
277680,2113540,10.45825840824255,0.46924897567335444,72.8867720901011,19.102761300480736
277700,2113540,10.562349992295266,0.4347475902861445,72.88696210107797,19.102763481639318
277720,2113540,10.64663279080125,0.3951521870508991,72.8871521120807,19.102765662602106
277740,2113540,10.704854502456232,0.34859539174909704,72.88734212310929,19.10276784336909
277760,2113540,10.732404218263362,0.2942838094277443,72.88753213416375,19.102770023940273
277780,2113540,10.731646766238327,0.2413733056161229,72.88772214524404,19.102772204315652
277800,2113540,10.712319496549746,0.20373733076009756,72.88791215635021,19.102774384495234
277820,2113540,10.686186997159277,0.19186473748750793,72.88810216748223,19.10277656447901
277840,2113540,10.660825077942214,0.19989665227344683,72.88829217864011,19.102778744266985
277860,2113540,10.631762297232342,0.21001014807080293,72.88848218982382,19.102780923859157
277880,2113540,10.587721334809398,0.21856944932174635,72.8886722010334,19.10278310325553
277900,2113540,10.530053093913896,0.23199321227921568,72.88886221226879,19.102785282456097
277920,2113540,10.462820039200988,0.2545210198283043,72.88905222353004,19.102787461460867
277940,2113540,10.388800103274782,0.2846647400979474,72.88924223481713,19.10278964026983
277960,2113540,10.310395101163612,0.3179784879514706,72.88943224613006,19.10279181888299
277980,2113540,10.229233885835828,0.34962680962648696,72.88962225746883,19.102793997300353
278000,2113540,10.146675656007904,0.3764903594611656,72.88981226883342,19.10279617552191
277660,2113560,10.480658882348669,0.5263515363923993,72.88657978436795,19.10293974722096
277680,2113560,10.603485891806931,0.49873246142546124,72.8867697955249,19.10294192859753
277700,2113560,10.712674188766695,0.4675162340070243,72.88695980670771,19.102944109778292
277720,2113560,10.803072922129566,0.43155474379316044,72.88714981791637,19.10294629076326
277740,2113560,10.866893765395472,0.38875022905916845,72.8873398291509,19.102948471552413
277760,2113560,10.894919497148175,0.3378284996976882,72.8875298404113,19.10295065214577
277780,2113560,10.888318949354828,0.284562028732012,72.88771985169755,19.10295283254332
277800,2113560,10.860751529677815,0.24204803483046744,72.88790986300967,19.102955012745067
277820,2113560,10.824442575960065,0.2215225828341142,72.88809987434763,19.102957192751017
277840,2113560,10.785057802023854,0.2223814485466101,72.88828988571144,19.102959372561152
277860,2113560,10.739394780959213,0.2329000684144787,72.8884798971011,19.102961552175486
277880,2113560,10.677555840488168,0.24389037908800218,72.88866990851662,19.102963731594023
277900,2113560,10.604547894782957,0.25880376944536854,72.88885991995797,19.102965910816746
277920,2113560,10.524750311683578,0.28114067842720886,72.88904993142516,19.102968089843674
277940,2113560,10.440209619923527,0.30999713130439427,72.8892399429182,19.102970268674788
277960,2113560,10.352542304774138,0.34204144766889577,72.88942995443708,19.102972447310112
277680,2113580,10.733978516425012,0.5325903240872986,72.88676750092282,19.10312255671052
277700,2113580,10.846825570074179,0.5049792544610197,72.88695751231157,19.103124737913465
277720,2113580,10.942529998327739,0.47362505051862536,72.88714752372618,19.103126918920598
277740,2113580,11.013573137010336,0.4369414896661274,72.88733753516667,19.103129099731934
277760,2113580,11.042807347732719,0.39107307575000794,72.88752754663301,19.103131280347462
277780,2113580,11.028128363007454,0.33855889682858975,72.88771755812522,19.103133460767182
277800,2113580,10.99206804718366,0.2937895547936079,72.88790756964326,19.103135640991102
277820,2113580,10.945552004412342,0.2663549081763328,72.88809758118717,19.10313782101921
277840,2113580,10.89252563424485,0.25805158343665374,72.88828759275692,19.103140000851514
277860,2113580,10.831200626339463,0.26266122896561306,72.88847760435254,19.10314218048801
277880,2113580,10.758190908929146,0.2733952911988754,72.888667615974,19.103144359928706
277900,2113580,10.675309424770363,0.28913531223419425,72.88885762762129,19.10314653917359
277920,2113580,10.586118500184767,0.31092444985301587,72.88904763929443,19.103148718222677
277700,2113600,10.95675815488165,0.5431584399446784,72.88695521788958,19.103305366044832
277720,2113600,11.051829114866544,0.5152198543196804,72.88714522951014,19.10330754707415
277740,2113600,11.121763796824567,0.48244328304472345,72.88733524115656,19.10330972790765
277760,2113600,11.1501796901392,0.4409971266127632,72.88752525282885,19.103311908545354
277780,2113600,11.134888751838192,0.3926980324495435,72.887715264527,19.103314088987247
277800,2113600,11.095806025735671,0.3491971266808698,72.887905276251,19.103316269233332
277820,2113600,11.04312551648484,0.3185640262534497,72.88809528800086,19.10331844928361
277840,2113600,10.980857394345039,0.3035888075887347,72.88828529977657,19.103320629138075
277860,2113600,10.909375080835483,0.30190666602149235,72.88847531157812,19.103322808796744
277880,2113600,10.828222551600106,0.3093961572441325,72.88866532340553,19.103324988259594
277720,2113620,11.128014244852693,0.5532089581083443,72.88714293526823,19.10348817522388
277740,2113620,11.18992100378991,0.5219699150402063,72.8873329471206,19.103490356079565
277760,2113620,11.215997369149528,0.4842154350667908,72.88752295899884,19.103492536739438
277780,2113620,11.205830409600992,0.4421579383942649,72.88771297090294,19.1034947172035
277800,2113620,11.169361856094664,0.4026491461017616,72.8879029828329,19.103496897471757
277820,2113620,11.115520522676615,0.372108362318787,72.88809299478869,19.103499077544203
277840,2113620,11.049167825883645,0.35375722181860264,72.88828300677035,19.103501257420834
