Easting,Northing,Elevation_DSM,longitude,latitude
277260,2110720,4.192183300965927,72.88310575121955,19.077246914106297
277280,2110720,4.307179143283866,72.8832957326384,19.077249096244042
277300,2110720,4.41700246847298,72.88348571408316,19.077251278186274
277320,2110720,4.518109073271379,72.8836756955538,19.077253459932987
277340,2110720,4.608776727169561,72.88386567705035,19.077255641484182
277360,2110720,4.687392277952697,72.88405565857279,19.077257822839854
277380,2110720,4.752483961838267,72.88424564012111,19.077260004000014
277400,2110720,4.802725974798277,72.8844356216953,19.077262184964653
277420,2110720,4.836906841548931,72.88462560329539,19.077264365733765
277440,2110720,4.853850027050847,72.88481558492134,19.07726654630737
277460,2110720,4.85226578412121,72.88500556657318,19.07726872668545
277480,2110720,4.830484929308445,72.88519554825089,19.077270906868012
277500,2110720,4.785926316292814,72.88538552995448,19.077273086855058
277520,2110720,4.713621319348488,72.88557551168394,19.077275266646577
277540,2110720,4.599703573002562,72.88576549343927,19.07727744624258
277560,2110720,4.44681583874325,72.88595547522044,19.077279625643065
277580,2110720,4.272096040678852,72.8861454570275,19.07728180484803
277140,2110740,3.485378048715934,72.8819635667685,19.077414445227454
277160,2110740,3.608044380638153,72.88215354823757,19.077416628560535
277180,2110740,3.7348865472187667,72.88234352973252,19.0774188116981
277200,2110740,3.862979924772038,72.8825335112534,19.07742099464014
277220,2110740,3.9911072862324133,72.88272349280018,19.07742317738666
277240,2110740,4.117737801823019,72.88291347437284,19.07742535993766
277260,2110740,4.241084353551069,72.88310345597144,19.077427542293144
277280,2110740,4.359179721698226,72.88329343759591,19.077429724453108
277300,2110740,4.469964603059048,72.88348341924628,19.07743190641755
277320,2110740,4.571379263687989,72.88367340092255,19.077434088186468
277340,2110740,4.661449730111023,72.8838633826247,19.077436269759872
277360,2110740,4.738359008368778,72.88405336435275,19.077438451137752
277380,2110740,4.800493896200399,72.88424334610667,19.07744063232012
277400,2110740,4.846458187186572,72.8844333278865,19.077442813306952
277420,2110740,4.875042577220241,72.88462330969217,19.077444994098272
277440,2110740,4.8851383848573855,72.88481329152376,19.077447174694075
277460,2110740,4.875571234605292,72.88500327338122,19.077449355094345
277480,2110740,4.844796174259845,72.88519325526454,19.077451535299108
277500,2110740,4.790272386005929,72.88538323717373,19.07745371530834
277520,2110740,4.706821904959832,72.8855732191088,19.077455895122053
277540,2110740,4.5846797264287975,72.88576320106974,19.077458074740246
277560,2110740,4.426481908901293,72.88595318305654,19.077460254162915
277580,2110740,4.246209652941662,72.88614316506921,19.077462433390064
277600,2110740,4.052871431568965,72.88633314710772,19.07746461242169
277020,2110760,2.8619871261167646,72.88082138075704,19.0775819690394
277040,2110760,2.9672431893788485,72.8810113622762,19.077584153567834
277060,2110760,3.074189356076139,72.88120134382127,19.077586337900744
277080,2110760,3.1833182847655035,72.88139132539229,19.077588522038138
277100,2110760,3.2952540024159185,72.88158130698922,19.077590705980004
277120,2110760,3.41054943778748,72.88177128861206,19.077592889726354
277140,2110760,3.5295200150805934,72.88196127026082,19.07759507327718
277160,2110760,3.6521231695003733,72.88215125193548,19.077597256632487
277180,2110760,3.7778857152512475,72.88234123363605,19.077599439792273
277200,2110760,3.9058760599967064,72.88253121536255,19.077601622756536
277220,2110760,4.034716352210478,72.88272119711493,19.077603805525275
277240,2110760,4.162629305380508,72.88291117889322,19.0776059880985
277260,2110760,4.2875142090356135,72.88310116069744,19.077608170476193
277280,2110760,4.407045737146391,72.88329114252753,19.077610352658375
277300,2110760,4.518787565356455,72.8834811243835,19.077612534645024
277320,2110760,4.620310950029063,72.88367110626538,19.07761471643616
277340,2110760,4.709306890117428,72.88386108817315,19.07761689803177
277360,2110760,4.783679723441139,72.8840510701068,19.07761907943185
277380,2110760,4.841610082977292,72.88424105206636,19.07762126063642
277400,2110760,4.8815756385295614,72.88443103405179,19.077623441645464
277420,2110760,4.902317884343482,72.8846210160631,19.07762562245898
277440,2110760,4.902740237009689,72.88481099810029,19.077627803076975
277460,2110760,4.88171270570809,72.88500098016337,19.077629983499452
277480,2110760,4.837734988720286,72.8851909622523,19.0776321637264
277500,2110760,4.768387987247952,72.88538094436711,19.07763434375783
277520,2110760,4.669785925333089,72.8855709265078,19.07763652359373
277540,2110760,4.5382992627267775,72.88576090867436,19.077638703234108
277560,2110760,4.376645203381507,72.88595089086678,19.077640882678967
277580,2110760,4.193550150156373,72.88614087308505,19.0776430619283
277600,2110760,3.9975081565645008,72.8863308553292,19.077645240982108
277620,2110760,3.7950530742831727,72.8865208375992,19.077647419840396
276900,2110780,2.386905328402258,72.87967919318558,19.07774948554193
276920,2110780,2.46374849466263,72.87986917475476,19.077751671265734
276940,2110780,2.5517576755328633,72.8800591563499,19.07775385679402
276960,2110780,2.6459119446850305,72.88024913797095,19.077756042126776
276980,2110780,2.743041715844074,72.88043911961795,19.077758227264017
277000,2110780,2.8413264717643454,72.88062910129088,19.07776041220573
277020,2110780,2.9399892595978594,72.88081908298973,19.077762596951924
277040,2110780,3.039086287165312,72.8810090647145,19.077764781502594
277060,2110780,3.1392923942171804,72.88119904646521,19.07776696585774
277080,2110780,3.24164715888973,72.88138902824183,19.077769150017364
277100,2110780,3.3472825730873375,72.88157901004438,19.077771333981463
277120,2110780,3.4571722677470436,72.88176899187283,19.077773517750042
277140,2110780,3.57193250102922,72.88195897372721,19.0777757013231
277160,2110780,3.6916865498760107,72.88214895560749,19.07777788470063
277180,2110780,3.815990267836647,72.88233893751368,19.07778006788264
277200,2110780,3.943810873934778,72.88252891944579,19.077782250869127
277220,2110780,4.073551031073009,72.88271890140379,19.07778443366009
277240,2110780,4.203112108485803,72.88290888338771,19.077786616255526
277260,2110780,4.32999147408228,72.88309886539753,19.077788798655437
277280,2110780,4.451407707611457,72.883288847433235,19.07779098085983
277300,2110780,4.564445076702755,72.88347882949482,19.077793162868698
277320,2110780,4.6662054808495155,72.88366881158233,19.07779534468204
277340,2110780,4.753953465569334,72.88385879369571,19.07779752629986
277360,2110780,4.825238642530993,72.88404877583498,19.07779970772215
277380,2110780,4.877980179303855,72.88423875800015,19.077801888948922
277400,2110780,4.910499592436693,72.88442874019121,19.077804069980164
277420,2110780,4.9214900686669525,72.88461872240813,19.077806250815883
277440,2110780,4.909912186453777,72.88480870465095,19.07780843145608
277460,2110780,4.874808640416685,72.88499868691963,19.07781061190075
277480,2110780,4.815047329521031,72.8851886692142,19.077812792149892
277500,2110780,4.729092133991113,72.88537865153464,19.077814972203512
277520,2110780,4.615220963945521,72.88556863388094,19.077817152061602
277540,2110780,4.473006614480273,72.88575861625311,19.077819331724175
277560,2110780,4.305499483024926,72.88594859865114,19.077821511191214
277580,2110780,4.1190363078064465,72.88613858107504,19.077823690462736
277600,2110780,3.9207926307072327,72.8863285635248,19.077825869538724
277620,2110780,3.7171402306782513,72.88651854600043,19.07782804841919
277640,2110780,3.5132612932077363,72.88670852850191,19.077830227104133
276780,2110800,2.8313215943791414,72.87853700405462,19.077916994734853
276800,2110800,2.591338483060506,72.87872698567375,19.07791918165405
276820,2110800,2.4442425723582044,72.87891696731883,19.077921368377723
276840,2110800,2.3795843855134193,72.87910694898987,19.077923554905873
276860,2110800,2.377932617699725,72.87929693068685,19.077925741238495
276880,2110800,2.418865100708766,72.87948691240977,19.077927927375598
276900,2110800,2.4858486064379717,72.87967689415864,19.077930113317176
276920,2110800,2.5674593110431907,72.87986687593344,19.07793229906323
276940,2110800,2.656525407713557,72.88005685773419,19.077934484613763
276960,2110800,2.748734037895062,72.88024683956087,19.077936669968768
276980,2110800,2.8415305826618766,72.88043682141348,19.07793885512825
277000,2110800,2.9335493098183627,72.88062680329203,19.077941040092206
277020,2110800,3.024428006559292,72.8808167851965,19.07794322486064
277040,2110800,3.1147184053835533,72.88100676712689,19.07794540943355
277060,2110800,3.205696939229215,72.88119674908322,19.07794759381093
277080,2110800,3.2990503317856787,72.88138673106546,19.07794977799279
277100,2110800,3.3965135456791886,72.88157671307363,19.077951961979128
277120,2110800,3.499546298547699,72.8817666951077,19.07795414576993
277140,2110800,3.609094810244933,72.8819566771677,19.077956329365215
277160,2110800,3.7254451874409353,72.88214665925359,19.077958512764972
277180,2110800,3.8481539876639155,72.88233664136541,19.07796069596921
277200,2110800,3.976038507558244,72.88252662350313,19.077962878977914
277220,2110800,4.107214982983685,72.88271660566676,19.077965061791094
277240,2110800,4.239179150830672,72.88290658785628,19.077967244408757
277260,2110800,4.368926376291654,72.88309657007171,19.077969426830883
277280,2110800,4.493107054166528,72.88328655231304,19.077971609057485
277300,2110800,4.608208511088531,72.88347653458027,19.077973791088564
277320,2110800,4.710749228966048,72.88366651687339,19.07797597292412
277340,2110800,4.797466872490357,72.88385649919239,19.077978154564146
277360,2110800,4.86547970362277,72.8840464815373,19.077980336008643
277380,2110800,4.912402022605654,72.88423646390808,19.07798251725762
277400,2110800,4.936398055304844,72.88442644630474,19.077984698311063
277420,2110800,4.936164744929075,72.8846164287273,19.077986879168982
277440,2110800,4.910842673854236,72.88480641117573,19.077989059831374
277460,2110800,4.859869931325939,72.88499639365003,19.077991240298243
277480,2110800,4.782829148729171,72.88518637615023,19.077993420569577
277500,2110800,4.679416954717117,72.88537635867627,19.07799560064539
277520,2110800,4.549773402877932,72.88556634122821,19.077997780525674
277540,2110800,4.395312681629574,72.88575632380599,19.07799996021043
277560,2110800,4.219541763054737,72.88594630640966,19.07800213969966
277580,2110800,4.027893208300922,72.88613628903917,19.07800431899336
277600,2110800,3.8266070625683013,72.88632627169457,19.078006498091533
277620,2110800,3.621652874216345,72.8865162543758,19.07800867699418
277640,2110800,3.418180107058409,72.8867062370829,19.078010855701297
277660,2110800,3.2203528445258085,72.88689621981585,19.078013034212887
276740,2110820,3.7564924468069285,72.8781547401964,19.078093247903276
276760,2110820,3.311156206606671,72.87834472196923,19.078095435235777
276780,2110820,2.9411237355498754,72.87853470376803,19.07809762237276
276800,2110820,2.6774839012945804,72.87872468559279,19.078099809314217
276820,2110820,2.5279065383547623,72.87891466744348,19.07810199606015
276840,2110820,2.474246456320623,72.87910464932014,19.078104182610556
276860,2110820,2.4869318225139017,72.87929463122273,19.078106368965436
276880,2110820,2.538815332307929,72.87948461315128,19.078108555124796
276900,2110820,2.6111483331198815,72.87967459510577,19.078110741088622
276920,2110820,2.6930448996429712,72.8798645770862,19.078112926856928
276940,2110820,2.7787600762686675,72.88005455909256,19.078115112429703
276960,2110820,2.865192313607874,72.88024454112487,19.078117297806955
276980,2110820,2.9504043943629914,72.88043452318308,19.078119482988686
277000,2110820,3.03323558001552,72.88062450526725,19.07812166797488
277020,2110820,3.113517152352994,72.88081448737735,19.078123852765554
277040,2110820,3.1922445865477416,72.88100446951336,19.078126037360697
277060,2110820,3.271392614422438,72.8811944516753,19.078128221760323
277080,2110820,3.3534476440985452,72.88138443386316,19.078130405964416
277100,2110820,3.4408777390902987,72.88157441607694,19.078132589972977
277120,2110820,3.5357035125870317,72.88176439831665,19.07813477378602
277140,2110820,3.6392229442872326,72.88195438058226,19.078136957403533
277160,2110820,3.7518696941679077,72.88214436287379,19.078139140825517
277180,2110820,3.873162703206302,72.88233434519123,19.078141324051973
277200,2110820,4.001714398949275,72.88252432753457,19.078143507082903
277220,2110820,4.13528298616481,72.8827143099038,19.078145689918305
277240,2110820,4.270867833862976,72.88290429229896,19.078147872558176
277260,2110820,4.404851545084741,72.88309427472002,19.078150055002528
277280,2110820,4.53318883699318,72.88328425716698,19.07815223725134
277300,2110820,4.651634084610358,72.88347423963981,19.07815441930464
277320,2110820,4.75599005729547,72.88366422213856,19.0781566011624
277340,2110820,4.842353272830502,72.8838542046632,19.078158782824634
277360,2110820,4.907328624098075,72.8840441872137,19.07816096429134
277380,2110820,4.948188229962149,72.88423416979012,19.078163145562517
277400,2110820,4.9629564272681,72.8844241523924,19.078165326638164
277420,2110820,4.950413681618363,72.88461413502057,19.078167507518287
277440,2110820,4.910026934023957,72.88480411767463,19.07816968820287
277460,2110820,4.84183451023668,72.88499410035456,19.078171868691935
277480,2110820,4.7463437818595,72.88518408306038,19.07817404898547
277500,2110820,4.624535478773323,72.88537406579205,19.07817622908347
277520,2110820,4.47807037676564,72.8855640485496,19.078178408985952
277540,2110820,4.309670563811553,72.88575403133302,19.078180588692895
277560,2110820,4.123395938420119,72.8859440141423,19.078182768204307
277580,2110820,3.924469836582851,72.88613399697745,19.078184947520192
277600,2110820,3.7186676764054587,72.88632397983845,19.078187126640554
277620,2110820,3.511629801354793,72.88651396272533,19.078189305565374
277640,2110820,3.308378791859351,72.88670394563805,19.078191484294674
277660,2110820,3.1130739440118003,72.88689392857663,19.078193662828436
277680,2110820,2.928921076871025,72.88708391154105,19.078195841166675
276740,2110840,4.019066096559943,72.8781524394726,19.078273875492847
276760,2110840,3.518967336051623,72.87834242145107,19.078276062847618
276780,2110840,3.0948044139205155,72.87853240345548,19.078278250006864
276800,2110840,2.801570548229278,72.87872238548586,19.078280436970584
276820,2110840,2.6505424322042335,72.87891236754218,19.078282623738776
276840,2110840,2.610290679857761,72.87910234962445,19.078284810311445
276860,2110840,2.635891633084886,72.87929233173267,19.078286996688583
276880,2110840,2.6931009509655386,72.87948231386684,19.078289182870193
276900,2110840,2.7633263364525513,72.87967229602694,19.078291368856274
276920,2110840,2.8383609329382455,72.879862278213,19.07829355464683
276940,2110840,2.9150349775169433,72.88005226042499,19.078295740241852
276960,2110840,2.9916711250713948,72.8802422426629,19.07829792564135
276980,2110840,3.0664184783768804,72.88043222492675,19.07830011084532
277000,2110840,3.137556578778303,72.88062220721655,19.078302295853764
277020,2110840,3.2046351706020513,72.88081218953225,19.078304480666674
277040,2110840,3.269054555894886,72.88100217187389,19.078306665284057
277060,2110840,3.333715670032478,72.88119215424146,19.078308849705916
277080,2110840,3.402173654730736,72.88138213663495,19.078311033932245
277100,2110840,3.477811552793689,72.88157211905435,19.07831321796304
277120,2110840,3.5632842664698257,72.88176210149967,19.07831540179831
277140,2110840,3.6602397338053505,72.88195208397092,19.078317585438047
277160,2110840,3.7692219951713124,72.88214206646806,19.07831976888226
277180,2110840,3.889663496360512,72.88233204899112,19.078321952130942
277200,2110840,4.019916283937566,72.88252203154009,19.07832413518409
277220,2110840,4.157311846864984,72.88271201411497,19.078326318041718
277240,2110840,4.298261912640781,72.88290199671574,19.07832850070381
277260,2110840,4.438417013354315,72.88309197934242,19.078330683170375
277280,2110840,4.572891117782724,72.88328196199498,19.078332865441407
277300,2110840,4.696545409258357,72.88347194467346,19.07833504751691
277320,2110840,4.804308491632867,72.88366192737783,19.07833722939688
277340,2110840,4.891498911215109,72.88385191010808,19.078339411081323
277360,2110840,4.954111910349113,72.88404189286423,19.078341592570236
277380,2110840,4.9890364986561355,72.88423187564626,19.07834377386362
277400,2110840,4.994180083838353,72.88442185845419,19.078345954961463
277420,2110840,4.968493999640146,72.88461184128798,19.078348135863788
277440,2110840,4.91191240020224,72.88480182414766,19.078350316570578
277460,2110840,4.8252377219510505,72.88499180703322,19.078352497081838
277480,2110840,4.710025504167539,72.88518178994464,19.078354677397563
277500,2110840,4.568530150621339,72.88537177288195,19.078356857517758
277520,2110840,4.403748756343875,72.88556175584513,19.078359037442425
277540,2110840,4.21952197905828,72.88575173883417,19.078361217171558
277560,2110840,4.0205560509488105,72.8859417218491,19.07836339670516
277580,2110840,3.812231220385697,72.88613170488986,19.07836557604323
277600,2110840,3.600203202113325,72.88632168795648,19.078367755185766
277620,2110840,3.3899429068668363,72.88651167104899,19.078369934132773
277640,2110840,3.1863585922008832,72.88670165416733,19.078372112884242
277660,2110840,2.9935532749768954,72.88689163731154,19.07837429144019
277680,2110840,2.8146984234320307,72.8870816204816,19.0783764698006
277700,2110840,2.6519842579937105,72.8872716036775,19.07837864796548
277720,2110840,2.507627197324962,72.88746158689926,19.078380825934822
276720,2110860,4.935349323891426,72.87796015656474,19.07845231550605
276740,2110860,4.362676712726721,72.87815013872286,19.078454503078618
276760,2110860,3.811191819440078,72.87834012090694,19.078456690455656
276780,2110860,3.3273968357121304,72.87853010311697,19.078458877637164
276800,2110860,2.9910595996106633,72.87872008535298,19.07846106462315
276820,2110860,2.8331909413600425,72.87891006761492,19.078463251413602
276840,2110860,2.803463499485821,72.87910004990283,19.078465438008525
276860,2110860,2.8322689294239813,72.87929003221666,19.07846762440792
276880,2110860,2.8813139922304707,72.87948001455646,19.078469810611786
276900,2110860,2.9369767834744662,72.87966999692219,19.078471996620117
276920,2110860,2.995772190350796,72.87985997931386,19.07847418243292
276940,2110860,3.05756842760661,72.88004996173147,19.078476368050197
276960,2110860,3.1216372071033796,72.88023994417502,19.078478553471935
276980,2110860,3.184655193110961,72.88042992664451,19.078480738698154
277000,2110860,3.242727338261064,72.88061990913991,19.078482923728835
277020,2110860,3.2944460613724944,72.88080989166126,19.07848510856399
277040,2110860,3.3418431864887257,72.88099987420851,19.07848729320361
277060,2110860,3.3893142220501797,72.8811898567817,19.07848947764771
277080,2110860,3.4419495869419796,72.88137983938081,19.078491661896265
277100,2110860,3.5042686755394117,72.88156982200584,19.078493845949296
277120,2110860,3.5795893194046178,72.8817598046568,19.078496029806793
277140,2110860,3.669849676653178,72.88194978733365,19.078498213468766
277160,2110860,3.7756321861743345,72.88213977003645,19.0785003969352
277180,2110860,3.8962281670020333,72.88232975276513,19.078502580206106
277200,2110860,4.029686973056966,72.88251973551971,19.07850476328148
277220,2110860,4.1728623519576775,72.88270971830022,19.078506946161323
277240,2110860,4.321496951788593,72.88289970110661,19.078509128845635
277260,2110860,4.470384839202352,72.88308968393892,19.078511311334413
277280,2110860,4.613633003042578,72.88327966679712,19.078513493627664
277300,2110860,4.7450159691933695,72.88346964968122,19.078515675725377
277320,2110860,4.8583916899923825,72.8836596325912,19.078517857627556
277340,2110860,4.948129090163574,72.8838496155271,19.078520039334208
277360,2110860,5.009492224791491,72.88403959848887,19.07852222084533
277380,2110860,5.038933239123406,72.88422958147653,19.078524402160912
277400,2110860,5.034263418240816,72.88441956449007,19.07852658328097
277420,2110860,4.994694279305956,72.88460954752951,19.078528764205487
277440,2110860,4.9207644782942355,72.8847995305948,19.078530944934474
277460,2110860,4.814189177854574,72.884989513686,19.07853312546793
277480,2110860,4.6776817720166495,72.88517949680305,19.07853530580585
277500,2110860,4.514796551638811,72.88536947994598,19.07853748594824
277520,2110860,4.329817056029675,72.88555946311479,19.078539665895097
277540,2110860,4.127669848962634,72.88574944630946,19.078541845646413
277560,2110860,3.913803181865501,72.88593942953,19.078544025202206
277580,2110860,3.693975277715157,72.8861294127764,19.078546204562457
277600,2110860,3.473954296635313,72.88631939604866,19.078548383727178
277620,2110860,3.2591904657473387,72.88650937934679,19.078550562696368
277640,2110860,3.0545302618657275,72.88669936267077,19.07855274147002
277660,2110860,2.8640097026399234,72.88688934602061,19.07855492004814
277680,2110860,2.6907270004791983,72.88707932939629,19.07855709843072
277700,2110860,2.536776242495814,72.88726931279783,19.078559276617774
277720,2110860,2.403222093044827,72.8874592962252,19.078561454609293
277740,2110860,2.290189499405941,72.88764927967844,19.078563632405274
276720,2110880,5.397708603131091,72.87795785558339,19.078632943065752
276740,2110880,4.79857578317819,72.87814783794715,19.078635130660583
276760,2110880,4.212949927526006,72.87833782033685,19.078637318059894
276780,2110880,3.688974719274318,72.87852780275252,19.078639505263666
276800,2110880,3.295449350900709,72.87871778519414,19.07864169227191
276820,2110880,3.1056891451429767,72.87890776766172,19.078643879084623
276840,2110880,3.0673723291208925,72.87909775015525,19.0786460657018
276860,2110880,3.0730020009856993,72.87928773267471,19.078648252123454
276880,2110880,3.0901431343711887,72.87947771522013,19.078650438349566
276900,2110880,3.115658531614124,72.87966769779149,19.078652624380158
276920,2110880,3.149379060294066,72.8798576803888,19.07865481021521
276940,2110880,3.1930003383703562,72.88004766301204,19.078656995854733
276960,2110880,3.245699828486858,72.88023764566121,19.078659181298725
276980,2110880,3.2992161741593256,72.8804276283363,19.07866136654718
277000,2110880,3.3446270593871565,72.88061761103735,19.078663551600116
277020,2110880,3.379168475126441,72.88080759376432,19.078665736457502
277040,2110880,3.4066122424307546,72.8809975765172,19.07866792111936
277060,2110880,3.434072519356678,72.88118755929602,19.078670105585694
277080,2110880,3.4688602374867488,72.88137754210076,19.078672289856485
277100,2110880,3.5167862820451816,72.88156752493143,19.07867447393175
277120,2110880,3.5817118188474435,72.881757507788,19.078676657811478
277140,2110880,3.6656942383769886,72.88194749067048,19.078678841495677
277160,2110880,3.7692409097390396,72.8821374735789,19.078681024984338
277180,2110880,3.8914616558605934,72.88232745651321,19.07868320827747
277200,2110880,4.0301026046745125,72.88251743947343,19.078685391375068
277220,2110880,4.181531818090971,72.88270742245956,19.07868757427713
277240,2110880,4.340767315497527,72.8828974054716,19.078689756983657
277260,2110880,4.5016216854178985,72.88308738850952,19.078691939494654
277280,2110880,4.657001314844788,72.88327737157336,19.07869412181012
277300,2110880,4.799353648470111,72.88346735466308,19.078696303930045
277320,2110880,4.921214563735386,72.8836573377787,19.078698485854435
277340,2110880,5.01578094255434,72.88384732092021,19.0787006675833
277360,2110880,5.077426838348276,72.88403730408763,19.07870284911662
277380,2110880,5.102094410168236,72.88422728728091,19.07870503045441
277400,2110880,5.087517170671204,72.8844172705001,19.078707211596665
277420,2110880,5.033265374476553,72.88460725374514,19.078709392543384
277440,2110880,4.94063424467634,72.88479723701607,19.078711573294576
277460,2110880,4.8124192301842,72.8849872203129,19.078713753850224
277480,2110880,4.65263406232716,72.88517720363558,19.07871593421034
277500,2110880,4.466223785131908,72.88536718698414,19.07871811437492
277520,2110880,4.258805515816395,72.88555717035858,19.078720294343967
277540,2110880,4.036440358283356,72.88574715375889,19.078722474117477
277560,2110880,3.8054157090221175,72.88593713718505,19.07872465369545
277580,2110880,3.5720146349383413,72.88612712063708,19.07872683307789
277600,2110880,3.342269132667967,72.88631710411498,19.078729012264795
277620,2110880,3.1217178627717006,72.88650708761874,19.07873119125616
277640,2110880,2.915196423130142,72.88669707114835,19.07873337005199
277660,2110880,2.7266776861832374,72.8868870547038,19.078735548652286
277680,2110880,2.5591636163241125,72.88707703828513,19.078737727057046
277700,2110880,2.4146192475819666,72.8872670218923,19.07873990526627
277720,2110880,2.293936816623665,72.88745700552532,19.078742083279955
277740,2110880,2.196921045576084,72.88764698918418,19.078744261098105
277760,2110880,2.122292397796431,72.88783697286888,19.078746438720717
276720,2110900,5.932299551077698,72.8779555545761,19.078813570621648
276740,2110900,5.317018232856951,72.87814553714549,19.078815758238754
276760,2110900,4.707395506541981,72.87833551974082,19.078817945660322
276780,2110900,4.154829236297977,72.87852550236211,19.078820132886364
276800,2110900,3.7255569506878654,72.87871548500937,19.07882231991687
276820,2110900,3.481753110546696,72.87890546768257,19.078824506751843
276840,2110900,3.3848054593737915,72.87909545038173,19.07882669339128
276860,2110900,3.3245263536217244,72.87928543310683,19.078828879835186
276880,2110900,3.2810599455824567,72.87947541585787,19.078831066083556
276900,2110900,3.2667093732561896,72.87966539863486,19.078833252136395
276920,2110900,3.2732850816926256,72.87985538143779,19.0788354379937
276940,2110900,3.3025170352029365,72.88004536426665,19.078837623655474
276960,2110900,3.353535484290454,72.88023534712144,19.07883980912171
276980,2110900,3.405279844753556,72.88042533000218,19.078841994392413
277000,2110900,3.439888826657554,72.88061531290886,19.07884417946758
277020,2110900,3.454742217615681,72.88080529584145,19.078846364347214
277040,2110900,3.458437556241916,72.88099527879999,19.078848549031314
277060,2110900,3.4629103552473,72.88118526178442,19.078850733519875
277080,2110900,3.478354568679201,72.88137524479478,19.078852917812902
277100,2110900,3.51166626839011,72.88156522783109,19.078855101910403
277120,2110900,3.566808682565795,72.88175521089329,19.078857285812358
277140,2110900,3.645628656967067,72.88194519398141,19.078859469518786
277160,2110900,3.7484289103400155,72.88213517709545,19.078861653029676
277180,2110900,3.874162906876667,72.8823251602354,19.07886383634503
277200,2110900,4.02036543736107,72.88251514340124,19.07886601946485
277220,2110900,4.182992381510893,72.882705126593,19.07886820238913
277240,2110900,4.356329041161756,72.88289510981066,19.078870385117877
277260,2110900,4.533084840284369,72.88308509305423,19.078872567651093
277280,2110900,4.704733318673938,72.88327507632368,19.078874749988767
277300,2110900,4.862086499819869,72.88346505961904,19.07887693213091
277320,2110900,4.996028030026418,72.8836550429403,19.07887911407751
277340,2110900,5.098289144304524,72.88384502628745,19.078881295828577
277360,2110900,5.162144951803564,72.88403500966048,19.07888347738411
277380,2110900,5.182931757003428,72.8842249930594,19.078885658744102
277400,2110900,5.158327550074184,72.88441497648421,19.078887839908564
277420,2110900,5.088384776660746,72.88460495993489,19.078890020877484
277440,2110900,4.975346307697674,72.88479494341146,19.07889220165087
277460,2110900,4.823304504001405,72.88498492691392,19.078894382228714
277480,2110900,4.637775594014739,72.88517491044223,19.07889656261103
277500,2110900,4.425257258399824,72.88536489399644,19.078898742797797
277520,2110900,4.192819454698919,72.88555487757651,19.07890092278904
277540,2110900,3.947753303326844,72.88574486118245,19.078903102584736
277560,2110900,3.6972794248351186,72.88593484481424,19.0789052821849
277580,2110900,3.4483042713260064,72.8861248284719,19.07890746158952
277600,2110900,3.2072131442155722,72.88631481215543,19.078909640798607
277620,2110900,2.9796956207981737,72.88650479586482,19.078911819812156
277640,2110900,2.770604278552873,72.88669477960008,19.07891399863016
277660,2110900,2.5838471244393975,72.88688476336117,19.078916177252633
277680,2110900,2.422310250990339,72.88707474714812,19.07891835567957
277700,2110900,2.2878038734386514,72.88726473096092,19.078920533910964
277720,2110900,2.181024138011682,72.88745471479957,19.078922711946824
277740,2110900,2.101525050668095,72.88764469866406,19.078924889787142
277760,2110900,2.0476991920347967,72.88783468255441,19.078927067431916
277780,2110900,2.0167726695964485,72.88802466647059,19.07892924488116
276700,2110920,7.107087141482685,72.8777632707938,19.078992010338833
276720,2110920,6.5214563287096095,72.87795325354284,19.078994198173746
276740,2110920,5.891976852196888,72.87814323631785,19.078996385813117
276760,2110920,5.251370106642213,72.87833321911883,19.078998573256957
276780,2110920,4.6529648045143475,72.87852320194575,19.07900076050526
276800,2110920,4.164251638541124,72.87871318479863,19.079002947558024
276820,2110920,3.8391609258326547,72.87890316767746,19.079005134415254
276840,2110920,3.6595013431320575,72.87909315058225,19.079007321076954
276860,2110920,3.4990727539521753,72.87928313351298,19.07900950754312
276880,2110920,3.3818013534772517,72.87947311646965,19.079011693813744
276900,2110920,3.3388200473341043,72.87966309945229,19.07901387988884
276920,2110920,3.3321164078039867,72.87985308246084,19.07901606576839
276940,2110920,3.3665152904110762,72.88004306549533,19.07901825145241
276960,2110920,3.439999884550503,72.88023304855578,19.07902043694089
276980,2110920,3.502709057667313,72.88042303164214,19.07902262223384
277000,2110920,3.5266616856482242,72.88061301475443,19.079024807331248
277020,2110920,3.5161328664703086,72.88080299789267,19.079026992233118
277040,2110920,3.490645818980183,72.88099298105682,19.07902917693946
277060,2110920,3.4694384169798287,72.88118296424689,19.079031361450262
277080,2110920,3.465398284754421,72.8813729474629,19.079033545765526
277100,2110920,3.485409415842202,72.88156293070483,19.079035729885252
277120,2110920,3.532604043081389,72.88175291397266,19.079037913809444
277140,2110920,3.608165346973564,72.88194289726641,19.079040097538098
277160,2110920,3.712147183574513,72.88213288058608,19.07904228107121
277180,2110920,3.8435353762918085,72.88232286393166,19.079044464408792
277200,2110920,3.9999119484815893,72.88251284730315,19.079046647550832
277220,2110920,4.177024473684759,72.88270283070055,19.079048830497335
277240,2110920,4.368489338955301,72.88289281412384,19.079051013248304
277260,2110920,4.565794897734641,72.88308279757304,19.07905319580373
277280,2110920,4.758691100677096,72.88327278104813,19.07905537816362
277300,2110920,4.935946505122606,72.88346276454912,19.07905756032797
277320,2110920,5.086350437241135,72.88365274807602,19.079059742296785
277340,2110920,5.1997777895490636,72.88384273162879,19.07906192407006
277360,2110920,5.268132019313386,72.88403271520747,19.079064105647795
277380,2110920,5.286024989225896,72.88422269881201,19.079066287030003
277400,2110920,5.2511176910067,72.88441268244246,19.07906846821666
277420,2110920,5.164114755145657,72.88460266609879,19.079070649207782
277440,2110920,5.028463528365042,72.88479264978099,19.079072830003362
277460,2110920,4.849845278246812,72.88498263348906,19.079075010603407
277480,2110920,4.6355587949434245,72.88517261722302,19.079077191007915
277500,2110920,4.393889476693706,72.88536260098286,19.07907937121688
277520,2110920,4.133536667940117,72.88555258476856,19.079081551230306
277540,2110920,3.8631441540559894,72.88574256858013,19.079083731048197
277560,2110920,3.5909485863796453,72.88593255241757,19.079085910670543
277580,2110920,3.3245352221853355,72.88612253628088,19.07908809009735
277600,2110920,3.07067617967674,72.88631252017002,19.079090269328617
277620,2110920,2.8352245536996183,72.88650250408506,19.07909244836435
277640,2110920,2.623043357435032,72.88669248802594,19.079094627204533
277660,2110920,2.4379551525890455,72.88688247199268,19.079096805849183
277680,2110920,2.282703116775029,72.88707245598526,19.07909898429829
277700,2110920,2.1589170197752625,72.88726244000371,19.07910116255186
277720,2110920,2.0670791444294756,72.88745242404798,19.079103340609887
277740,2110920,2.006486567345778,72.88764240811813,19.079105518472378
277760,2110920,1.9752086566063944,72.8878323922141,19.07910769613932
277780,2110920,1.9700443305055617,72.88802237633591,19.079109873610726
277800,2110920,1.9864952553526285,72.88821236048356,19.079112050886593
276700,2110940,7.721211289506703,72.87776096952895,19.079172637864858
276720,2110940,7.143234500357332,72.87795095248363,19.07917482572204
276740,2110940,6.495759152983335,72.87814093546427,19.079177013383678
276760,2110940,5.804863846664669,72.87833091847087,19.079179200849783
276780,2110940,5.121251185852552,72.87852090150344,19.079181388120347
276800,2110940,4.51373549629796,72.87871088456194,19.07918357519538
276820,2110940,4.044618415507198,72.87890086764641,19.079185762074868
276840,2110940,3.7232815148296368,72.87909085075682,19.07918794875883
276860,2110940,3.4795266580976074,72.87928083389319,19.07919013524725
276880,2110940,3.313219296186351,72.8794708170555,19.07919232154013
276900,2110940,3.2647077988426645,72.87966080024376,19.07919450763747
276920,2110940,3.295928511446524,72.87985078345794,19.079196693539274
276940,2110940,3.386435269705932,72.88004076669807,19.079198879245546
276960,2110940,3.5159773558323173,72.88023074996414,19.07920106475627
276980,2110940,3.5982238629161354,72.88042073325614,19.079203250071462
277000,2110940,3.602398771480877,72.88061071657408,19.079205435191117
277020,2110940,3.5544922498785287,72.88080069991794,19.079207620115234
277040,2110940,3.49323557571687,72.88099068328773,19.079209804843803
277060,2110940,3.4458016506606106,72.88118066668345,19.079211989376844
277080,2110940,3.4251526016902236,72.88137065010508,19.079214173714337
277100,2110940,3.4356417856481603,72.88156063355264,19.079216357856296
277120,2110940,3.4782266950271534,72.88175061702613,19.07921854180272
277140,2110940,3.55310264921801,72.88194060052551,19.079220725553597
277160,2110940,3.6603321148829027,72.88213058405081,19.079222909108946
277180,2110940,3.7994244552855934,72.88232056760202,19.07922509246875
277200,2110940,3.9685164220918074,72.88251055117914,19.07922727563301
277220,2110940,4.163530456655229,72.88270053478217,19.079229458601734
277240,2110940,4.377572300820422,72.88289051841112,19.079231641374918
277260,2110940,4.600788647698678,72.88308050206594,19.079233823952567
277280,2110940,4.820823424717231,72.88327048574668,19.07923600633467
277300,2110940,5.023846767514058,72.88346046945331,19.07923818852123
277320,2110940,5.195954581514855,72.88365045318582,19.07924037051226
277340,2110940,5.324645980451326,72.88384043694425,19.07924255230774
277360,2110940,5.400102771646248,72.88403042072855,19.079244733907686
277380,2110940,5.416075618996013,72.88422040453874,19.07924691531209
277400,2110940,5.370282430898819,72.88441038837482,19.079249096520954
277420,2110940,5.264324194619097,72.88460037223678,19.07925127753428
277440,2110940,5.103204589229099,72.88479035612463,19.079253458352056
277460,2110940,4.894585948473032,72.88498034003834,19.0792556389743
277480,2110940,4.647922902346498,72.88517032397793,19.079257819400997
277500,2110940,4.373599305411759,72.88536030794342,19.079259999632157
277520,2110940,4.082167959030852,72.88555029193475,19.079262179667772
277540,2110940,3.783759517879368,72.88574027595196,19.079264359507853
277560,2110940,3.4876852145139123,72.88593025999504,19.079266539152382
277580,2110940,3.202214723582017,72.88612024406397,19.07926871860138
277600,2110940,2.934481248103453,72.88631022815876,19.079270897854826
277620,2110940,2.6904598183905453,72.88650021227944,19.079273076912738
277640,2110940,2.474976155006949,72.88669019642596,19.07927525577511
277660,2110940,2.2917198745573693,72.88688018059833,19.079277434441927
277680,2110940,2.143248981338108,72.88707016479655,19.079279612913215
277700,2110940,2.0309804365174715,72.88726014902063,19.079281791188954
277720,2110940,1.9551649747789266,72.88745013327056,19.079283969269152
277740,2110940,1.9148444615080027,72.88764011754633,19.07928614715381
277760,2110940,1.9077888578277016,72.88783010184794,19.079288324842924
277780,2110940,1.9304115402003605,72.8880200861754,19.07929050233649
277800,2110940,1.977673356460425,72.8882100705287,19.079292679634523
277820,2110940,2.0430137968875126,72.88840005490783,19.079294856737004
276700,2110960,8.338233539926042,72.87775866823814,19.079353265387077
276720,2110960,7.775651446528199,72.87794865139846,19.079355453266526
276740,2110960,7.1087426998173395,72.87813863458473,19.079357640950434
276760,2110960,6.349242665628743,72.87832861779697,19.079359828438804
276780,2110960,5.541167564863137,72.87851860103515,19.07936201573164
276800,2110960,4.756844824380314,72.8787085842993,19.079364202828927
276820,2110960,4.078469038828681,72.87889856758942,19.079366389730684
276840,2110960,3.573496190754158,72.87908855090545,19.079368576436895
276860,2110960,3.244176002287923,72.87927853424746,19.079370762947573
276880,2110960,3.0545141819198305,72.87946851761541,19.07937294926271
276900,2110960,3.0633208469853885,72.8796585010093,19.0793751353823
276920,2110960,3.202251965167866,72.87984848442913,19.079377321306357
276940,2110960,3.4008060279407784,72.8800384678749,19.079379507034872
276960,2110960,3.60723068232168,72.8802284513466,19.079381692567846
276980,2110960,3.696371747094971,72.88041843484423,19.079383877905283
277000,2110960,3.654469103638845,72.8806084183678,19.079386063047178
277020,2110960,3.551668231793932,72.8807984019173,19.079388247993535
277040,2110960,3.451607262313909,72.88098838549273,19.079390432744347
277060,2110960,3.383869421930074,72.88117836909409,19.07939261729962
277080,2110960,3.354875111956135,72.88136835272137,19.079394801659355
277100,2110960,3.362790521087465,72.88155833637455,19.07939698582355
277120,2110960,3.405394268501409,72.88174832005367,19.079399169792197
277140,2110960,3.4822669502555614,72.8819383037587,19.079401353565306
277160,2110960,3.594332072431266,72.88212828748964,19.079403537142877
277180,2110960,3.742533087193762,72.88231827124649,19.079405720524907
277200,2110960,3.926364120411888,72.88250825502924,19.079407903711395
277220,2110960,4.142516192347071,72.8826982388379,19.079410086702335
277240,2110960,4.383856218641602,72.88288822267248,19.079412269497737
277260,2110960,4.639051899866592,72.88307820653294,19.079414452097595
277280,2110960,4.893114944384074,72.88326819041932,19.079416634501914
277300,2110960,5.128847247505421,72.8834581743316,19.079418816710696
277320,2110960,5.328837656142281,72.88364815826975,19.07942099872393
277340,2110960,5.477526443851918,72.8838381422338,19.079423180541625
277360,2110960,5.562935629109744,72.88402812622374,19.07942536216377
277380,2110960,5.577810942492958,72.88421811023959,19.079427543590384
277400,2110960,5.520064433675321,72.8844080942813,19.07942972482145
277420,2110960,5.3925468204322575,72.8845980783489,19.079431905856975
277440,2110960,5.202297065483568,72.88478806244238,19.079434086696956
277460,2110960,4.959474269093426,72.88497804656174,19.07943626734139
277480,2110960,4.6761687570497505,72.88516803070696,19.07943844779028
277500,2110960,4.365252233379535,72.8853580148781,19.079440628043635
277520,2110960,4.0393946097714695,72.88554799907506,19.07944280810144
277540,2110960,3.710342372500338,72.88573798329791,19.079444987963704
277560,2110960,3.3884961704857286,72.88592796754662,19.07944716763043
277580,2110960,3.0827502687014094,72.88611795182122,19.079449347101605
277600,2110960,2.800504431318729,72.88630793612165,19.079451526377238
277620,2110960,2.5477545978787477,72.88649792044795,19.07945370545733
277640,2110960,2.3291966599681286,72.88668790480011,19.079455884341872
277660,2110960,2.1483093150624257,72.88687788917814,19.079458063030877
277680,2110960,2.0074036704957354,72.887067873582,19.079460241524338
277700,2110960,1.907639058870297,72.88725785801171,19.079462419822253
277720,2110960,1.8490091806092073,72.88744784246728,19.079464597924616
277740,2110960,1.8303008773104772,72.8876378269487,19.079466775831442
277760,2110960,1.8490201110604283,72.88782781145595,19.079468953542726
277780,2110960,1.9012712373125438,72.88801779598906,19.079471131058458
277800,2110960,1.981579808815898,72.88820778054799,19.07947330837865
277820,2110960,2.082684887231924,72.88839776513277,19.07947548550329
277840,2110960,2.195403360555094,72.88858774974337,19.079477662432396
276680,2110980,9.34896442108475,72.87756638358137,19.079531704808232
276700,2110980,8.927563284279618,72.87775636692136,19.07953389290549
276720,2110980,8.394279692867286,72.87794635028732,19.079536080807213
276740,2110980,7.717683300663747,72.87813633367922,19.07953826851339
276760,2110980,6.885476241704064,72.87832631709709,19.079540456024027
276780,2110980,5.933567306405796,72.87851630054094,19.079542643339128
276800,2110980,4.940756784487591,72.87870628401072,19.079544830458683
276820,2110980,4.005772731967409,72.87889626750646,19.079547017382694
276840,2110980,3.246654305007951,72.87908625102814,19.079549204111164
276860,2110980,2.7802676264975257,72.87927623457578,19.079551390644095
276880,2110980,2.6557013548746298,72.87946621814937,19.079553576981485
276900,2110980,2.807754858696028,72.87965620174889,19.079555763123334
276920,2110980,3.103675507632149,72.87984618537436,19.079557949069635
276940,2110980,3.439086135119461,72.88003616902577,19.0795601348204
276960,2110980,3.7052884041220295,72.88022615270312,19.079562320375622
276980,2110980,3.767140967568327,72.8804161364064,19.079564505735306
277000,2110980,3.6439855080670487,72.8806061201356,19.07956669089944
277020,2110980,3.4762291793091693,72.88079610389073,19.079568875868034
277040,2110980,3.3495355327677,72.8809860876718,19.07957106064109
277060,2110980,3.279941096916485,72.88117607147879,19.079573245218597
277080,2110980,3.2577231942711715,72.8813660553117,19.079575429600567
277100,2110980,3.2724452033329126,72.88155603917055,19.079577613786988
277120,2110980,3.319667827106258,72.8817460230553,19.079579797777875
277140,2110980,3.400122329983218,72.88193600696596,19.079581981573213
277160,2110980,3.517196747717353,72.88212599090254,19.079584165173003
277180,2110980,3.674552977454854,72.88231597486504,19.079586348577262
277200,2110980,3.8740822631657554,72.88250595885343,19.07958853178597
277220,2110980,4.114049155786362,72.88269594286774,19.079590714799128
277240,2110980,4.387497834123412,72.88288592690795,19.079592897616756
277260,2110980,4.6814490752211775,72.88307591097406,19.07959508023883
277280,2110980,4.977532605457529,72.88326589506607,19.079597262665363
277300,2110980,5.254102897516151,72.88345587918398,19.079599444896356
277320,2110980,5.489150350963216,72.88364586332779,19.079601626931805
277340,2110980,5.6631805749439525,72.88383584749748,19.079603808771704
277360,2110980,5.761524931192759,72.88402583169307,19.07960599041606
277380,2110980,5.775792731427763,72.88421581591453,19.07960817186487
277400,2110980,5.704330282766277,72.8844058001619,19.079610353118138
277420,2110980,5.5517451604511425,72.88459578443513,19.079612534175865
277440,2110980,5.327750588272114,72.88478576873426,19.07961471503804
277460,2110980,5.045658817562298,72.88497575305925,19.079616895704678
277480,2110980,4.720790340359551,72.88516573741013,19.079619076175767
277500,2110980,4.368975975170777,72.88535572178688,19.07962125645131
277520,2110980,4.005299431336299,72.8855457061895,19.07962343653131
277540,2110980,3.643225763110151,72.88573569061799,19.079625616415765
277560,2110980,3.2941874086732943,72.88592567507236,19.07962779610467
277580,2110980,2.9675540893458168,72.88611565955259,19.07962997559803
277600,2110980,2.670816114387338,72.88630564405868,19.07963215489585
277620,2110980,2.4098261454337457,72.88649562859062,19.07963433399812
277640,2110980,2.189013405160474,72.88668561314842,19.079636512904845
277660,2110980,2.011538651237676,72.88687559773207,19.079638691616022
277680,2110980,1.8793852485010132,72.88706558234159,19.079640870131655
277700,2110980,1.7933946397796685,72.88725556697696,19.07964304845174
277720,2110980,1.7532610981020027,72.88744555163817,19.079645226576282
277740,2110980,1.7574983531625787,72.88763553632522,19.07964740450528
277760,2110980,1.8033743100858206,72.88782552103812,19.079649582238723
277780,2110980,1.8867815189174488,72.88801550577685,19.07965175977662
277800,2110980,2.0019899377583097,72.88820549054144,19.079653937118977
277820,2110980,2.1412570718872685,72.88839547533186,19.079656114265784
277840,2110980,2.2943930870180735,72.88858546014811,19.07965829121704
277860,2110980,2.448580407900152,72.8887754449902,19.07966046797275
276680,2111000,9.81492653890028,72.87756408203299,19.07971233230058
276700,2111000,9.446486759259106,72.87775406557861,19.079714520420108
276720,2111000,8.961429641095103,72.87794404915022,19.079716708344097
276740,2111000,8.301271101589112,72.87813403274777,19.079718896072542
276760,2111000,7.41286997957744,72.87832401637128,19.07972108360545
276780,2111000,6.330990440525607,72.87851400002074,19.079723270942804
276800,2111000,5.153994835952355,72.87870398369617,19.079725458084624
276820,2111000,3.9794057753734084,72.87889396739756,19.079727645030903
276840,2111000,2.944818463178481,72.87908395112488,19.079729831781627
276860,2111000,2.321663397070263,72.87927393487816,19.079732018336816
276880,2111000,2.3092828402217016,72.87946391865738,19.07973420469646
276900,2111000,2.6230022106510047,72.87965390246255,19.07973639086056
276920,2111000,3.0397637814505822,72.87984388629366,19.079738576829115
276940,2111000,3.442476274836442,72.8800338701507,19.07974076260213
276960,2111000,3.7208533340941723,72.88022385403369,19.0797429481796
276980,2111000,3.7198528907243595,72.88041383794261,19.07974513356152
277000,2111000,3.501348254151351,72.88060382187747,19.079747318747902
277020,2111000,3.2950727359106247,72.88079380583824,19.079749503738736
277040,2111000,3.1832553306447924,72.88098378982494,19.079751688534024
277060,2111000,3.1446057359084953,72.88117377383759,19.079753873133775
277080,2111000,3.1478625418890824,72.88136375787613,19.079756057537978
277100,2111000,3.177390483227228,72.88155374194062,19.07975824174663
277120,2111000,3.2310018697195284,72.881743726031,19.079760425759744
277140,2111000,3.313803395643231,72.88193371014731,19.079762609577312
277160,2111000,3.4336403548948136,72.88212369428953,19.079764793199335
277180,2111000,3.598183683220535,72.88231367845768,19.079766976625812
277200,2111000,3.8127767121670235,72.8825036626517,19.079769159856742
277220,2111000,4.078256014627747,72.88269364687166,19.07977134289213
277240,2111000,4.388503314381284,72.88288363111751,19.079773525731966
277260,2111000,4.728703373621675,72.88307361538926,19.079775708376264
277280,2111000,5.075997314225985,72.88326359968691,19.079777890825014
277300,2111000,5.402779057685581,72.88345358401047,19.07978007307821
277320,2111000,5.681033594193608,72.88364356835991,19.07978225513587
277340,2111000,5.886261245267167,72.88383355273527,19.07978443699798
277360,2111000,6.00047851676943,72.88402353713649,19.079786618664542
277380,2111000,6.0140609433558865,72.88421352156361,19.07978880013556
277400,2111000,5.926187435230371,72.88440350601661,19.07979098141103
277420,2111000,5.743941797049943,72.88459349049549,19.079793162490954
277440,2111000,5.480537854293539,72.88478347500026,19.079795343375334
277460,2111000,5.153234484108509,72.88497345953091,19.079797524064162
277480,2111000,4.781284331289328,72.88516344408742,19.07979970455745
277500,2111000,4.3840361157480805,72.88535342866982,19.079801884855183
277520,2111000,3.979317618391976,72.88554341327809,19.079804064957376
277540,2111000,3.582361680353478,72.88573339791223,19.079806244864013
277560,2111000,3.205458907777458,72.88592338257223,19.079808424575113
277580,2111000,2.8581845613911927,72.88611336725809,19.07981060409066
277600,2111000,2.547851708942507,72.88630335196983,19.07981278341066
277620,2111000,2.279944754529419,72.88649333670742,19.07981496253511
277640,2111000,2.0584513414572987,72.88668332147087,19.079817141464016
277660,2111000,1.8860851325911603,72.88687330626017,19.07981932019737
277680,2111000,1.7644082928670788,72.88706329107534,19.079821498735175
277700,2111000,1.693871729285324,72.88725327591634,19.079823677077435
277720,2111000,1.6738043298847187,72.8874432607832,19.079825855224147
277740,2111000,1.7023869174211639,72.88763324567589,19.079828033175307
277760,2111000,1.7766242883129701,72.88782323059444,19.07983021093092
277780,2111000,1.8922690940651483,72.88801321553882,19.079832388490985
277800,2111000,2.0435716760262426,72.88820320050905,19.079834565855506
277820,2111000,2.2227040928096873,72.88839318550512,19.07983674302447
277840,2111000,2.418863687866681,72.88858317052701,19.07983891999789
277860,2111000,2.617463357181542,72.88877315557475,19.079841096775763
277880,2111000,2.800241867988212,72.8889631406483,19.07984327335808
276680,2111020,10.158353990130468,72.87756178045863,19.079892959789113
276700,2111020,9.836003546220256,72.8777517642099,19.07989514793092
276720,2111020,9.407846405152558,72.87794174798715,19.079897335877178
276740,2111020,8.800338363954735,72.87813173179033,19.079899523627894
276760,2111020,7.886595280201563,72.87832171561949,19.079901711183062
276780,2111020,6.728769123001068,72.8785116994746,19.07990389854269
276800,2111020,5.474343793733805,72.87870168335569,19.079906085706767
276820,2111020,4.200121182072733,72.8788916672627,19.079908272675304
276840,2111020,3.0103613513915213,72.87908165119568,19.079910459448296
276860,2111020,2.273134763549531,72.8792716351546,19.079912646025733
276880,2111020,2.3231726329257425,72.87946161913946,19.079914832407635
276900,2111020,2.6823372769089318,72.87965160315026,19.079917018593985
276920,2111020,3.0872193320799086,72.87984158718703,19.07991920458479
276940,2111020,3.420343790257328,72.88003157124972,19.079921390380054
276960,2111020,3.579488897791605,72.88022155533834,19.079923575979766
276980,2111020,3.4619538975875845,72.88041153945291,19.07992576138394
277000,2111020,3.189138960418889,72.8806015235934,19.079927946592562
277020,2111020,3.0210241412958085,72.88079150775982,19.079930131605636
277040,2111020,2.988826862972928,72.88098149195216,19.079932316423168
277060,2111020,3.0138201786153602,72.88117147617044,19.079934501045148
277080,2111020,3.0529995289713776,72.88136146041465,19.07993668547158
277100,2111020,3.096932135410511,72.88155144468476,19.079938869702474
277120,2111020,3.152425138203335,72.88174142898079,19.079941053737816
277140,2111020,3.2320987736866575,72.88193141330275,19.079943237577606
277160,2111020,3.3495680360765423,72.88212139765062,19.079945421221858
277180,2111020,3.517132168765987,72.8823113820244,19.07994760467056
277200,2111020,3.744257063037605,72.88250136642408,19.07994978792372
277220,2111020,4.035531394848597,72.88269135084968,19.079951970981323
277240,2111020,4.386892606697484,72.88288133530118,19.07995415384338
277260,2111020,4.781557979801407,72.88307131977858,19.079956336509895
277280,2111020,5.190435749372496,72.88326130428187,19.079958518980856
277300,2111020,5.577880919729957,72.88345128881107,19.07996070125627
277320,2111020,5.90824414621761,72.88364127336617,19.07996288333614
277340,2111020,6.150813979415172,72.88383125794715,19.07996506522046
277360,2111020,6.283541885720403,72.88402124255403,19.07996724690923
277380,2111020,6.295505014688299,72.88421122718678,19.07996942840245
277400,2111020,6.1873546998530875,72.88440121184544,19.079971609700124
277420,2111020,5.969668573834111,72.88459119652997,19.079973790802253
277440,2111020,5.660181519405951,72.88478118124038,19.079975971708826
277460,2111020,5.280971021792025,72.88497116597667,19.079978152419855
277480,2111020,4.855985908012091,72.88516115073884,19.07998033293533
277500,2111020,4.408757573461147,72.88535113552688,19.079982513255263
277520,2111020,3.960251444374339,72.8855411203408,19.079984693379643
277540,2111020,3.52742605529264,72.88573110518058,19.07998687330847
277560,2111020,3.1230694273231823,72.88592109004624,19.079989053041757
277580,2111020,2.756538248238998,72.88611107493774,19.079991232579488
277600,2111020,2.434613822533112,72.88630105985513,19.079993411921667
277620,2111020,2.162140518333171,72.88649104479836,19.0799955910683
277640,2111020,1.9424622229143136,72.88668102976746,19.07999777001938
277660,2111020,1.7777046515109207,72.8868710147624,19.079999948774915
277680,2111020,1.6689166031082028,72.88706099978322,19.080002127334893
277700,2111020,1.6160883237599974,72.88725098482988,19.08000430569933
277720,2111020,1.6180989566092374,72.88744096990237,19.08000648386821
277740,2111020,1.6726731343755126,72.88763095500073,19.080008661841543
277760,2111020,1.7764125295220388,72.88782094012493,19.080010839619323
277780,2111020,1.9248761087507535,72.88801092527495,19.08001301720155
277800,2111020,2.1124999384818905,72.88820091045083,19.080015194588228
277820,2111020,2.3319560345846204,72.88839089565255,19.080017371779356
277840,2111020,2.572638003117979,72.8885808808801,19.080019548774935
277860,2111020,2.8186945986756267,72.88877086613347,19.08002172557496
277880,2111020,3.0481058200172746,72.88896085141269,19.080023902179434
277900,2111020,3.234532510157413,72.88915083671772,19.080026078588357
276660,2111040,10.580627942205886,72.87736949492738,19.08007139891423
276680,2111040,10.340416943800363,72.87755947885832,19.080073587273855
276700,2111040,10.033811433407395,72.87774946281523,19.080075775437926
276720,2111040,9.630336583971566,72.87793944679811,19.08007796340646
276740,2111040,9.060477828262131,72.87812943080696,19.08008015117944
276760,2111040,8.16123451087249,72.87831941484176,19.080082338756874
276780,2111040,7.046824410899981,72.87850939890251,19.080084526138766
276800,2111040,5.884370572624249,72.87869938298923,19.080086713325105
276820,2111040,4.750689652066578,72.87888936710189,19.080088900315904
276840,2111040,3.7095406467104155,72.87907935124052,19.080091087111153
276860,2111040,3.0181177250171363,72.87926933540508,19.08009327371085
276880,2111040,2.901242309716589,72.87945931959558,19.080095460115004
276900,2111040,3.077474438166846,72.87964930381204,19.08009764632361
276920,2111040,3.315955207832418,72.87983928805444,19.080099832336664
276940,2111040,3.47314989146332,72.88002927232277,19.080102018154175
276960,2111040,3.4349248763563027,72.88021925661705,19.080104203776138
276980,2111040,3.1520078238854605,72.88040924093725,19.080106389202555
277000,2111040,2.8441037815584687,72.88059922528339,19.080108574433417
277020,2111040,2.782048499885353,72.88078920965548,19.080110759468734
277040,2111040,2.859053802524416,72.88097919405347,19.0801129443085
277060,2111040,2.9457774805758214,72.88116917847739,19.080115128952716
277080,2111040,3.007199901665187,72.88135916292724,19.080117313401388
277100,2111040,3.0509286893482783,72.88154914740299,19.080119497654515
277120,2111040,3.0961711300974017,72.88173913190468,19.080121681712086
277140,2111040,3.163311109680788,72.88192911643229,19.080123865574112
277160,2111040,3.271269628637052,72.88211910098579,19.080126049240583
277180,2111040,3.436355786469629,72.88230908556523,19.080128232711512
277200,2111040,3.671866986264853,72.88249907017055,19.080130415986893
277220,2111040,3.987337746310988,72.8826890548018,19.080132599066715
277240,2111040,4.383380352581803,72.88287903945894,19.080134781950996
277260,2111040,4.841417771409041,72.88306902414199,19.080136964639724
277280,2111040,5.322980179910648,72.88325900885093,19.0801391471329
277300,2111040,5.781814211056752,72.88344899358579,19.080141329430532
277320,2111040,6.173300712840426,72.88363897834653,19.080143511532608
277340,2111040,6.45928554354754,72.88382896313315,19.080145693439132
277360,2111040,6.612566410334179,72.88401894794568,19.080147875150107
277380,2111040,6.620801269589674,72.88420893278409,19.080150056665538
277400,2111040,6.487157657884529,72.88439891764838,19.080152237985416
277420,2111040,6.227172905842801,72.88458890253857,19.08015441910974
277440,2111040,5.864269081132221,72.88477888745462,19.080156600038517
277460,2111040,5.426111493244486,72.88496887239657,19.08015878077174
277480,2111040,4.942033157697069,72.88515885736439,19.080160961309414
277500,2111040,4.440574888723436,72.88534884235807,19.080163141651536
277520,2111040,3.94642455642127,72.88553882737763,19.080165321798106
277540,2111040,3.478063221171519,72.88572881242308,19.080167501749123
277560,2111040,3.0481001664745415,72.88591879749437,19.080169681504596
277580,2111040,2.6650917825120057,72.88610878259153,19.08017186106451
277600,2111040,2.334893077558802,72.88629876771456,19.080174040428876
277620,2111040,2.0614138118428347,72.88648875286346,19.08017621959769
277640,2111040,1.8471290329681314,72.8866787380382,19.08017839857095
277660,2111040,1.6934303789339062,72.8868687232388,19.080180577348656
277680,2111040,1.6007832353646803,72.88705870846525,19.080182755930817
277700,2111040,1.5686841548484352,72.88724869371757,19.08018493431742
277720,2111040,1.5954938122912763,72.88743867899572,19.080187112508472
277740,2111040,1.678297748011677,72.88762866429971,19.080189290503974
277760,2111040,1.812971257295401,72.88781864962957,19.080191468303923
277780,2111040,1.9945299045782625,72.88800863498524,19.08019364590832
277800,2111040,2.217543978630795,72.88819862036678,19.080195823317155
277820,2111040,2.4758526093449085,72.88838860577414,19.080198000530448
277840,2111040,2.7604385946350516,72.88857859120733,19.080200177548182
277860,2111040,3.055422503098866,72.88876857666637,19.080202354370364
277880,2111040,3.335027086838778,72.88895856215123,19.080204530996994
277900,2111040,3.56490403261908,72.88914854766192,19.080206707428072
277920,2111040,3.7089245027701017,72.88933853319844,19.08020888366359
276660,2111060,10.60523814495921,72.87736719309545,19.08025202637289
276680,2111060,10.346750442943831,72.87755717723203,19.080254214754785
276700,2111060,10.01428661929899,72.87774716139461,19.080256402941135
276720,2111060,9.576636545916909,72.87793714558313,19.080258590931933
276740,2111060,8.973915918906314,72.87812712979762,19.080260778727187
276760,2111060,8.144686485633358,72.87831711403805,19.08026296632689
276780,2111060,7.177600894682415,72.87850709830447,19.080265153731045
276800,2111060,6.227200628647257,72.87869708259683,19.08026734093965
276820,2111060,5.402468021618914,72.87888706691514,19.08026952795271
276840,2111060,4.723830228900609,72.8790770512594,19.080271714770213
276860,2111060,4.120783291731719,72.87926703562961,19.080273901392168
276880,2111060,3.7688190251731126,72.87945702002578,19.08027608781858
276900,2111060,3.680195987250925,72.87964700444788,19.080278274049434
276920,2111060,3.701323561509273,72.87983698889592,19.08028046008474
276940,2111060,3.6792010428065653,72.88002697336991,19.0802826459245
276960,2111060,3.495022953907356,72.88021695786983,19.080284831568708
276980,2111060,3.095388268440315,72.88040694239568,19.080287017017366
277000,2111060,2.763387630164425,72.88059692694748,19.080289202270475
277020,2111060,2.7666590542879996,72.88078691152519,19.080291387328035
277040,2111060,2.8902535955921693,72.88097689612884,19.080293572190033
277060,2111060,2.986297340031481,72.8811668807584,19.080295756856493
277080,2111060,3.0307278777778404,72.88135686541389,19.080297941327398
277100,2111060,3.0494231236933986,72.8815468500953,19.080300125602758
277120,2111060,3.068549332605274,72.88173683480265,19.080302309682562
277140,2111060,3.112729314557193,72.88192681953589,19.08030449356681
277160,2111060,3.2045150493238133,72.88211680429505,19.080306677255514
277180,2111060,3.3627393440791473,72.88230678908013,19.080308860748662
277200,2111060,3.6026378119545552,72.88249677389112,19.080311044046262
277220,2111060,3.938481490013091,72.882686758728,19.080313227148306
277240,2111060,4.381359516553238,72.8828767435908,19.08031541005481
277260,2111060,4.912147929711994,72.8830667284795,19.080317592765756
277280,2111060,5.476207131939522,72.8832567133941,19.080319775281147
277300,2111060,6.015127564199156,72.8834466983346,19.080321957600983
277320,2111060,6.4756056915456135,72.88363668330098,19.080324139725274
277340,2111060,6.810672055601993,72.88382666829327,19.08032632165401
277360,2111060,6.985765116271444,72.88401665331143,19.080328503387197
277380,2111060,6.986675594907199,72.88420663835551,19.080330684924824
277400,2111060,6.820969100760998,72.88439662342545,19.080332866266904
277420,2111060,6.5113230832884215,72.88458660852127,19.08033504741343
277440,2111060,6.08795770533472,72.88477659364298,19.080337228364403
277460,2111060,5.584409859255583,72.88496657879058,19.080339409119826
277480,2111060,5.0356704547922435,72.88515656396405,19.0803415896797
277500,2111060,4.476363736900233,72.88534654916339,19.080343770044013
277520,2111060,3.936119764306091,72.8855365343886,19.08034595021277
277540,2111060,3.434361484390343,72.88572651963969,19.08034813018598
277560,2111060,2.982312466650687,72.88591650491665,19.080350309963634
277580,2111060,2.5871479426510464,72.88610649021946,19.080352489545735
277600,2111060,2.2534680946365775,72.88629647554815,19.080354668932284
277620,2111060,1.9839264931722287,72.88648646090269,19.08035684812328
277640,2111060,1.779851057850836,72.88667644628308,19.08035902711872
277660,2111060,1.6417381458373834,72.88686643168933,19.080361205918607
277680,2111060,1.5694469665762543,72.88705641712143,19.08036338452294
277700,2111060,1.562044831992446,72.88724640257941,19.08036556293171
277720,2111060,1.617404246904401,72.88743638806321,19.080367741144943
277740,2111060,1.7318021122311604,72.88762637357286,19.080369919162607
277760,2111060,1.8998727599412155,72.88781635910836,19.080372096984725
277780,2111060,2.1152433743782764,72.8880063446697,19.08037427461128
277800,2111060,2.371863082332264,72.88819633025687,19.080376452042287
277820,2111060,2.665058459291295,72.8883863158699,19.08037862927774
277840,2111060,2.989530565332112,72.88857630150875,19.08038080631764
277860,2111060,3.331693122321779,72.88876628717342,19.080382983161975
277880,2111060,3.6621236442833065,72.88895627286395,19.08038515981076
277900,2111060,3.9376882281416785,72.8891462585803,19.08038733626399
277920,2111060,4.107292454349245,72.88933624432246,19.080389512521663
277940,2111060,4.132065422488363,72.88952623009045,19.080391688583777
276660,2111080,10.495242990233418,72.87736489123756,19.080432653827742
276680,2111080,10.19547230364741,72.87755487557979,19.080434842231917
276700,2111080,9.809766143562708,72.877744859948,19.080437030440535
276720,2111080,9.312180015302458,72.87793484434218,19.08043921845361
276740,2111080,8.673424852289433,72.87812482876231,19.08044140627113
276760,2111080,7.8943411393385166,72.8783148132084,19.080443593893097
276780,2111080,7.05442375776992,72.87850479768046,19.080445781319515
276800,2111080,6.288518689762387,72.87869478217847,19.080447968550388
276820,2111080,5.720142763310348,72.87888476670244,19.080450155585698
276840,2111080,5.342659150124202,72.87907475125235,19.080452342425463
276860,2111080,4.8703432872427195,72.8792647358282,19.080454529069673
276880,2111080,4.462996374215761,72.87945472043,19.08045671551834
276900,2111080,4.229639251095772,72.87964470505777,19.080458901771447
276920,2111080,4.114679549282533,72.87983468971146,19.080461087829008
276940,2111080,3.989074858102345,72.88002467439111,19.080463273691016
276960,2111080,3.742918589032124,72.88021465909667,19.08046545935747
276980,2111080,3.367213111175422,72.88040464382817,19.08046764482837
277000,2111080,3.0495282874721874,72.88059462858561,19.08046983010372
277020,2111080,2.989046681702669,72.88078461336899,19.080472015183517
277040,2111080,3.0744828124375574,72.88097459817827,19.080474200067766
277060,2111080,3.1166058102470795,72.8811645830135,19.080476384756455
277080,2111080,3.109720663002518,72.88135456787465,19.0804785692496
277100,2111080,3.085796653340999,72.88154455276171,19.080480753547185
277120,2111080,3.0672425068572338,72.8817345376747,19.080482937649222
277140,2111080,3.081046602903052,72.8819245226136,19.0804851215557
277160,2111080,3.1534623875174983,72.88211450757841,19.080487305266633
277180,2111080,3.305217619187161,72.88230449256915,19.080489488782007
277200,2111080,3.5509073667286914,72.88249447758577,19.08049167210183
277220,2111080,3.9038431308210884,72.88268446262832,19.0804938552261
277240,2111080,4.393081192409026,72.88287444769676,19.080496038154813
277260,2111080,5.003828502401074,72.88306443279112,19.08049822088797
277280,2111080,5.652112361474083,72.88325441791136,19.08050040342558
277300,2111080,6.273211247226976,72.88344440305751,19.080502585767633
277320,2111080,6.8076710820366895,72.88363438822955,19.080504767914135
277340,2111080,7.197297109272741,72.88382437342749,19.080506949865082
277360,2111080,7.394896237094612,72.88401435865131,19.08050913162047
277380,2111080,7.383095740991201,72.88420434390103,19.08051131318031
277400,2111080,7.17790166802043,72.88439432917663,19.08051349454459
277420,2111080,6.8122562929045944,72.88458431447812,19.08051567571332
277440,2111080,6.323568314567291,72.88477429980547,19.08051785668649
277460,2111080,5.75059019572217,72.88496428515872,19.080520037464105
277480,2111080,5.1333255339330535,72.88515427053785,19.08052221804617
277500,2111080,4.51339307372631,72.88534425594284,19.080524398432676
277520,2111080,3.9286567900557117,72.88553424137372,19.08052657862363
277540,2111080,3.397604289668024,72.88572422683045,19.08052875861903
277560,2111080,2.9284340677211227,72.88591421231305,19.080530938418867
277580,2111080,2.526948861831447,72.88610419782152,19.080533118023155
277600,2111080,2.196219315544595,72.88629418335586,19.08053529743189
277620,2111080,1.9371528835336178,72.88648416891606,19.080537476645063
277640,2111080,1.7495080110015269,72.8866741545021,19.080539655662683
277660,2111080,1.6326805628678354,72.88686414011401,19.080541834484748
277680,2111080,1.5859745538149577,72.88705412575177,19.08054401311125
277700,2111080,1.6082721807461908,72.88724411141538,19.080546191542204
277720,2111080,1.6972249214705277,72.88743409710486,19.0805483697776
277740,2111080,1.8483279778047812,72.88762408282015,19.080550547817435
277760,2111080,2.054442551172696,72.88781406856131,19.080552725661715
277780,2111080,2.306446621987029,72.88800405432832,19.080554903310443
277800,2111080,2.5956265883336407,72.88819404012115,19.08055708076361
277820,2111080,2.9175623025549786,72.88838402593981,19.08055925802122
277840,2111080,3.2734309713805265,72.88857401178433,19.08056143508328
277860,2111080,3.6566194605446154,72.88876399765466,19.080563611949774
277880,2111080,4.031476554937275,72.88895398355083,19.080565788620714
277900,2111080,4.343842350583371,72.88914396947284,19.080567965096094
277920,2111080,4.53455201849019,72.88933395542067,19.080570141375922
277940,2111080,4.531369645197644,72.8895239413943,19.08057231746018
277960,2111080,4.384248757670543,72.88971392739379,19.080574493348898
276640,2111100,10.548614969792354,72.87717260483177,19.0806110926568
276660,2111100,10.276216996892519,72.8773625893537,19.0806132812788
276680,2111100,9.925342001446865,72.87755257390157,19.080615469705243
276700,2111100,9.478953514463491,72.87774255847545,19.080617657936138
276720,2111100,8.920623510965378,72.87793254307526,19.08061984597148
276740,2111100,8.243791719689938,72.87812252770104,19.08062203381127
276760,2111100,7.472233766665193,72.87831251235279,19.0806242214555
276780,2111100,6.678365170243627,72.8785024970305,19.080626408904184
276800,2111100,5.973126439769481,72.87869248173415,19.080628596157315
276820,2111100,5.46415282390609,72.87888246646378,19.080630783214893
276840,2111100,5.177073577012869,72.87907245121934,19.080632970076913
276860,2111100,4.9548748572832775,72.87926243600086,19.08063515674339
276880,2111100,4.713083564817931,72.87945242080832,19.0806373432143
276900,2111100,4.518460334256942,72.87964240564172,19.080639529489662
276920,2111100,4.403527295430683,72.87983239050106,19.08064171556947
276940,2111100,4.2743661884227055,72.88002237538635,19.080643901453726
276960,2111100,4.005239121959758,72.88021236029758,19.08064608714243
276980,2111100,3.653074805424349,72.88040234523474,19.080648272635578
277000,2111100,3.362014503871711,72.88059233019783,19.08065045793317
277020,2111100,3.2473331167212764,72.88078231518685,19.080652643035208
277040,2111100,3.2538252420789315,72.88097230020179,19.08065482794169
277060,2111100,3.249626664733791,72.88116228524268,19.080657012652622
277080,2111100,3.207495656029484,72.88135227030948,19.080659197168
277100,2111100,3.143533199897911,72.8815422554022,19.08066138148782
277120,2111100,3.0839361012006874,72.88173224052082,19.080663565612085
277140,2111100,3.064685475197626,72.88192222566538,19.080665749540792
277160,2111100,3.1191398249760556,72.88211221083586,19.08066793327395
277180,2111100,3.271054235142571,72.88230219603223,19.08067011681155
277200,2111100,3.5350874206380207,72.88249218125452,19.080672300153598
277220,2111100,3.9228222172087017,72.88268216650272,19.080674483300083
277240,2111100,4.4604386764373825,72.88287215177682,19.08067666625102
277260,2111100,5.130209294642484,72.88306213707682,19.080678849006397
277280,2111100,5.8456902199307255,72.88325212240272,19.080681031566222
277300,2111100,6.539993543001029,72.88344210775453,19.080683213930484
277320,2111100,7.1486350485685035,72.88363209313222,19.080685396099195
277340,2111100,7.599401498613524,72.88382207853581,19.08068757807235
277360,2111100,7.820618883613015,72.8840120639653,19.080689759849946
277380,2111100,7.788591960490379,72.88420204942067,19.080691941431986
277400,2111100,7.537890805676822,72.88439203490192,19.08069412281848
277420,2111100,7.114339629023392,72.88458202040906,19.0806963040094
277440,2111100,6.560429818472734,72.88477200594208,19.080698485004778
277460,2111100,5.918772069709526,72.88496199150099,19.080700665804592
277480,2111100,5.233851762854384,72.88515197708577,19.080702846408848
277500,2111100,4.552542069360341,72.88534196269642,19.08070502681755
277520,2111100,3.927001086984662,72.88553194833294,19.08070720703069
277540,2111100,3.370546537012749,72.88572193399534,19.08070938704828
277560,2111100,2.8898104337431567,72.8859119196836,19.080711566870306
277580,2111100,2.489465377018124,72.88610190539772,19.080713746496777
277600,2111100,2.17012342050569,72.88629189113772,19.080715925927695
277620,2111100,1.929998461450842,72.88648187690357,19.08071810516305
277640,2111100,1.7666215018311053,72.88667186269528,19.08072028420285
277660,2111100,1.6780176193415839,72.88686184851285,19.080722463047085
277680,2111100,1.6630843866144989,72.88705183435626,19.080724641695774
277700,2111100,1.721022838395261,72.88724182022554,19.080726820148893
277720,2111100,1.8499176701102418,72.88743180612066,19.08072899840646
277740,2111100,2.0449609664786013,72.88762179204161,19.08073117646847
277760,2111100,2.2971207508586047,72.88781177798843,19.080733354334914
277780,2111100,2.5932119183506153,72.88800176396109,19.080735532005804
277800,2111100,2.918698735476876,72.88819174995959,19.080737709481134
277820,2111100,3.264613057002523,72.88838173598391,19.080739886760906
277840,2111100,3.638830646652881,72.88857172203407,19.080742063845122
277860,2111100,4.054714908767097,72.88876170811008,19.080744240733775
277880,2111100,4.4589619981225805,72.88895169421191,19.080746417426873
277900,2111100,4.776165970206001,72.88914168033956,19.080748593924408
277920,2111100,4.946516141563357,72.88933166649304,19.080750770226384
277940,2111100,4.914415763143707,72.88952165267234,19.080752946332797
277960,2111100,4.720958814315264,72.88971163887749,19.08075512224366
277980,2111100,4.448632480499228,72.88990162510842,19.08075729795895
276640,2111120,10.291922319183659,72.87717030271628,19.08079172008177
276660,2111120,9.97907730149718,72.87736028744385,19.080793908726047
276680,2111120,9.578986451291936,72.8775502721974,19.080796097174765
276700,2111120,9.077110396676268,72.8777402569769,19.080798285427935
276720,2111120,8.46465475440258,72.87793024178238,19.080800473485546
276740,2111120,7.746195157089786,72.87812022661383,19.080802661347604
276760,2111120,6.9503010312560605,72.87831021147122,19.080804849014108
276780,2111120,6.137843226339971,72.87850019635458,19.08080703648505
276800,2111120,5.399460478089859,72.8786901812639,19.080809223760443
276820,2111120,4.8411106420429855,72.87888016619917,19.080811410840287
276840,2111120,4.567046003623892,72.87907015116039,19.080813597724564
276860,2111120,4.540192234843434,72.87926013614755,19.080815784413293
276880,2111120,4.527543091494923,72.87945012116067,19.08081797090646
276900,2111120,4.500300206060869,72.87964010619973,19.080820157204077
276920,2111120,4.475157871183468,72.87983009126474,19.080822343306135
276940,2111120,4.389216032471723,72.88002007635568,19.080824529212645
276960,2111120,4.13725370268188,72.88021006147255,19.08082671492359
276980,2111120,3.8080325376321813,72.88040004661536,19.080828900438988
277000,2111120,3.545225484986038,72.88059003178411,19.08083108575882
277020,2111120,3.4148512383392067,72.88078001697878,19.080833270883094
277040,2111120,3.37996137314764,72.88097000219939,19.080835455811822
277060,2111120,3.360163548951147,72.88115998744593,19.08083764054499
277080,2111120,3.306035480500763,72.88134997271838,19.080839825082595
277100,2111120,3.210073725924932,72.88153995801675,19.08084200942465
277120,2111120,3.1093819551116777,72.88172994334104,19.080844193571146
277140,2111120,3.058234369654439,72.88191992869126,19.080846377522086
277160,2111120,3.0995766365190285,72.88210991406739,19.08084856127747
277180,2111120,3.2599105403093613,72.88229989946942,19.080850744837296
277200,2111120,3.554249675321641,72.88248988489737,19.080852928201562
277220,2111120,3.992739188860833,72.88267987035121,19.08085511137027
277240,2111120,4.576856036186699,72.88286985583098,19.080857294343424
277260,2111120,5.277969274695373,72.88305984133665,19.080859477121017
277280,2111120,6.034884719512068,72.8832498268682,19.080861659703054
277300,2111120,6.782797989053394,72.88343981242565,19.080863842089535
277320,2111120,7.4558931710070295,72.883629798009,19.080866024280454
277340,2111120,7.974369503211439,72.88381978361825,19.080868206275817
277360,2111120,8.22274623516832,72.8840097692534,19.080870388075624
277380,2111120,8.162503099169394,72.88419975491442,19.08087256967987
277400,2111120,7.870366610201716,72.88438974060134,19.080874751088558
277420,2111120,7.397524813324681,72.88457972631413,19.08087693230169
277440,2111120,6.785717361746409,72.88476971205282,19.08087911331926
277460,2111120,6.08101095076853,72.88495969781738,19.080881294141268
277480,2111120,5.335313064278904,72.8851496836078,19.080883474767724
277500,2111120,4.603198109594562,72.88533966942411,19.080885655198614
277520,2111120,3.934678074284238,72.8855296552663,19.080887835433956
277540,2111120,3.3540964672801525,72.88571964113436,19.080890015473727
277560,2111120,2.868974233418932,72.88590962702828,19.080892195317944
277580,2111120,2.4799909341895234,72.88609961294807,19.0808943749666
277600,2111120,2.183250430815969,72.88628959889371,19.080896554419695
277620,2111120,1.9729355761773855,72.88647958486521,19.08089873367723
277640,2111120,1.8435312885687372,72.88666957086258,19.080900912739214
277660,2111120,1.791377417590927,72.88685955688582,19.080903091605627
277680,2111120,1.815219062977176,72.8870495429349,19.080905270276485
277700,2111120,1.9153794271191558,72.88723952900982,19.08090744875178
277720,2111120,2.091489900783976,72.88742951511061,19.08090962703152
277740,2111120,2.3394709914601046,72.88761950123724,19.080911805115697
277760,2111120,2.64910760585032,72.8878094873897,19.080913983004315
277780,2111120,3.0029610888841796,72.88799947356802,19.080916160697367
277800,2111120,3.378772118014366,72.88818945977216,19.08091833819486
277820,2111120,3.7577648236868733,72.88837944600216,19.0809205154968
277840,2111120,4.142786541131492,72.888569432258,19.08092269260317
277860,2111120,4.58339959172881,72.88875941853965,19.08092486951398
277880,2111120,4.988712818879499,72.88894940484714,19.08092704622923
277900,2111120,5.267427965401574,72.88913939118045,19.080929222748914
277920,2111120,5.373640222385552,72.8893293775396,19.080931399073044
277940,2111120,5.283711987169189,72.88951936392458,19.080933575201612
277960,2111120,5.041807554061322,72.88970935033537,19.080935751134614
277980,2111120,4.728357501698686,72.88989933677196,19.080937926872057
278000,2111120,4.392340578052931,72.89008932323439,19.080940102413937
276640,2111140,9.978862757893591,72.87716800057481,19.080972347502943
276660,2111140,9.632258786055134,72.87735798550804,19.0809745361695
276680,2111140,9.193068436961106,72.87754797046725,19.080976724640493
276700,2111140,8.648517721267375,72.8777379554524,19.08097891291593
276720,2111140,7.995102933168939,72.87792794046355,19.08098110099581
276740,2111140,7.242997952770754,72.87811792550065,19.08098328888014
276760,2111140,6.419566372426406,72.87830791056369,19.080985476568912
276780,2111140,5.574981370526822,72.87849789565271,19.080987664062118
276800,2111140,4.791186230901144,72.87868788076769,19.080989851359774
276820,2111140,4.192120418206995,72.8788778659086,19.080992038461872
276840,2111140,3.9752152950681405,72.87906785107548,19.080994225368418
276860,2111140,4.045044948195683,72.87925783626831,19.080996412079397
276880,2111140,4.1754246888035285,72.87944782148708,19.080998598594825
276900,2111140,4.288595543436163,72.8796378067318,19.081000784914693
276920,2111140,4.358828358923027,72.87982779200244,19.081002971039005
276940,2111140,4.3306616667444,72.88001777729906,19.081005156967752
276960,2111140,4.119258239534409,72.88020776262158,19.08100734270095
276980,2111140,3.8282900196784095,72.88039774797005,19.08100952823859
277000,2111140,3.6051760625458122,72.88058773334447,19.08101171358067
277020,2111140,3.498847249243781,72.8807777187448,19.081013898727182
277040,2111140,3.468215255951594,72.88096770417106,19.081016083678147
277060,2111140,3.4544145263862243,72.88115768962325,19.081018268433553
277080,2111140,3.4025589610339813,72.88134767510137,19.081020452993396
277100,2111140,3.2748782667931926,72.88153766060539,19.081022637357684
277120,2111140,3.1355280311286244,72.88172764613533,19.081024821526405
277140,2111140,3.0603139069974716,72.88191763169121,19.08102700549958
277160,2111140,3.0966153651825707,72.88210761727301,19.081029189277185
277180,2111140,3.2700669077087063,72.88229760288068,19.081031372859233
277200,2111140,3.5920404670392827,72.8824875885143,19.08103355624573
277220,2111140,4.071560776618783,72.8826775741738,19.081035739436658
277240,2111140,4.689285865919523,72.88286755985922,19.081037922432028
277260,2111140,5.410390898075644,72.88305754557054,19.08104010523184
277280,2111140,6.186644717015419,72.88324753130776,19.081042287836098
277300,2111140,6.960666347621656,72.88343751707087,19.081044470244787
277320,2111140,7.66775784385018,72.8836275028599,19.081046652457918
277340,2111140,8.228253302981955,72.8838174886748,19.08104883447549
277360,2111140,8.504819214170313,72.8840074745156,19.0810510162975
277380,2111140,8.443950927702598,72.88419746038228,19.081053197923953
277400,2111140,8.142869141728875,72.88438744627486,19.081055379354847
277420,2111140,7.644455200112386,72.88457743219331,19.081057560590175
277440,2111140,6.988335298012032,72.88476741813766,19.081059741629947
277460,2111140,6.226415497731076,72.88495740410788,19.081061922474156
277480,2111140,5.423046478812308,72.88514739010398,19.081064103122802
277500,2111140,4.642597454712291,72.88533737612595,19.08106628357589
277520,2111140,3.937760245332997,72.88552736217379,19.081068463833414
277540,2111140,3.343229266912192,72.8857173482475,19.081070643895384
277560,2111140,2.8671534459701205,72.8859073343471,19.08107282376178
277580,2111140,2.5043897206291383,72.88609732047253,19.08107500343262
277600,2111140,2.245015590173315,72.88628730662386,19.081077182907908
277620,2111140,2.0781626787975256,72.88647729280102,19.081079362187623
277640,2111140,1.9945200093518212,72.88666727900406,19.08108154127178
277660,2111140,1.9884079847395306,72.88685726523295,19.081083720160375
277680,2111140,2.0587449772268345,72.88704725148767,19.08108589885341
277700,2111140,2.208041262327366,72.88723723776826,19.081088077350877
277720,2111140,2.4390568197189952,72.88742722407471,19.081090255652782
277740,2111140,2.7495338930134405,72.887617210407,19.081092433759125
277760,2111140,3.1293172332193815,72.88780719676512,19.081094611669915
277780,2111140,3.557706829449642,72.88799718314911,19.081096789385136
277800,2111140,4.00518331801232,72.88818716955892,19.08109896690479
277820,2111140,4.445776632732881,72.88837715599458,19.081101144228885
277840,2111140,4.877178895029271,72.88856714245607,19.081103321357418
277860,2111140,5.310858837587432,72.8887571289434,19.081105498290384
277880,2111140,5.6699245725315555,72.88894711545655,19.081107675027795
277900,2111140,5.868112359437465,72.88913710199553,19.081109851569636
277920,2111140,5.868179195473925,72.88932708856034,19.08111202791591
277940,2111140,5.6822305749585755,72.88951707515096,19.081114204066626
277960,2111140,5.371305010367417,72.88970706176742,19.081116380021776
277980,2111140,5.010168765519471,72.8898970484097,19.081118555781362
278000,2111140,4.644605004895956,72.89008703507778,19.08112073134539
278020,2111140,4.297782410343379,72.8902770217717,19.081122906713844
276620,2111160,9.917937869256615,72.87697571329447,19.08115078603592
276640,2111160,9.625754459573024,72.87716569840737,19.081152974920304
276660,2111160,9.256670761048326,72.87735568354627,19.081155163609136
276680,2111160,8.793599549517262,72.87754566871112,19.081157352102405
276700,2111160,8.223637145000668,72.87773565390195,19.08115954040012
276720,2111160,7.548405443515181,72.87792563911874,19.08116172850227
276740,2111160,6.784819488674602,72.8781156243615,19.081163916408865
276760,2111160,5.960483697350444,72.8783056096302,19.0811661041199
276780,2111160,5.116901955124693,72.87849559492487,19.081168291635375
276800,2111160,4.333992038875106,72.87868558024552,19.081170478955293
276820,2111160,3.774452122796172,72.8788755655921,19.081172666079656
276840,2111160,3.588613212515547,72.87906555096463,19.081174853008456
276860,2111160,3.674161607456851,72.8792555363631,19.081177039741696
276880,2111160,3.852115185324357,72.87944552178755,19.081179226279374
276900,2111160,4.035851820478623,72.87963550723792,19.081181412621497
276920,2111160,4.1690588374704305,72.87982549271423,19.081183598768057
276940,2111160,4.182256908340938,72.88001547821649,19.08118578471906
276960,2111160,4.032242173162063,72.88020546374469,19.081187970474502
276980,2111160,3.7960087162394167,72.88039544929882,19.081190156034385
277000,2111160,3.615885216407591,72.8805854348789,19.081192341398705
277020,2111160,3.5446154589487193,72.88077542048488,19.08119452656747
277040,2111160,3.529384691097146,72.8809654061168,19.08119671154067
277060,2111160,3.5189527124237294,72.88115539177466,19.081198896318305
277080,2111160,3.463464167321151,72.88134537745842,19.081201080900385
277100,2111160,3.307194636794852,72.88153536316811,19.081203265286906
277120,2111160,3.161486238305147,72.88172534890373,19.081205449477864
277140,2111160,3.0890623022755177,72.88191533466525,19.081207633473262
277160,2111160,3.131960252978629,72.8821053204527,19.0812098172731
277180,2111160,3.316657520713485,72.88229530626606,19.081212000877375
277200,2111160,3.6487761587412977,72.88248529210533,19.08121418428609
277220,2111160,4.151758209879482,72.88267527797049,19.081216367499234
277240,2111160,4.781586457796264,72.88286526386158,19.081218550516827
277260,2111160,5.503591925982812,72.88305524977855,19.081220733338856
277280,2111160,6.27684235895371,72.88324523572143,19.081222915965323
277300,2111160,7.048645970700706,72.8834352216902,19.081225098396228
277320,2111160,7.752546339984683,72.8836252076849,19.08122728063157
277340,2111160,8.304510405012415,72.88381519370547,19.081229462671352
277360,2111160,8.604065922251085,72.88400517975191,19.081231644515572
277380,2111160,8.6068644521113,72.88419516582427,19.08123382616423
277400,2111160,8.344550501682864,72.88438515192252,19.081236007617324
277420,2111160,7.851499159164321,72.88457513804663,19.081238188874853
277440,2111160,7.16596582627038,72.88476512419662,19.081240369936825
277460,2111160,6.347725347417554,72.8849551103725,19.081242550803232
277480,2111160,5.479992878710567,72.88514509657426,19.081244731474072
277500,2111160,4.649311228676948,72.8853350828019,19.08124691194935
277520,2111160,3.9212769796381894,72.88552506905542,19.081249092229072
277540,2111160,3.333574216155549,72.8857150553348,19.081251272313224
277560,2111160,2.8875615552664664,72.88590504164004,19.08125345220181
277580,2111160,2.570598356438569,72.88609502797115,19.08125563189484
277600,2111160,2.366630330973208,72.88628501432812,19.0812578113923
277620,2111160,2.259553388185386,72.88647500071096,19.081259990694203
277640,2111160,2.2356060455387965,72.88666498711964,19.08126216980054
277660,2111160,2.28664197158373,72.8868549735542,19.081264348711308
277680,2111160,2.4121923075212557,72.8870449600146,19.08126652742651
277700,2111160,2.6179893014137128,72.88723494650085,19.08126870594616
277720,2111160,2.912403318176912,72.88742493301297,19.081270884270243
277740,2111160,3.294998531515789,72.88761491955093,19.081273062398758
277760,2111160,3.7549926459551877,72.88780490611472,19.081275240331706
277780,2111160,4.2696746396950935,72.88799489270437,19.081277418069092
277800,2111160,4.7990058839246075,72.88818487931984,19.081279595610916
277820,2111160,5.3116535581861974,72.88837486596117,19.08128177295717
277840,2111160,5.791904369251874,72.88856485262832,19.081283950107853
277860,2111160,6.214624053144066,72.8887548393213,19.081286127062985
277880,2111160,6.513786496476994,72.88894482604012,19.081288303822543
277900,2111160,6.611189830320531,72.88913481278477,19.08129048038654
277920,2111160,6.4783695676666975,72.88932479955524,19.08129265675497
277940,2111160,6.158133321524273,72.88951478635154,19.081294832927835
277960,2111160,5.7422294241824225,72.88970477317366,19.081297008905135
277980,2111160,5.319203285526547,72.8898947600216,19.08129918468687
278000,2111160,4.920407147499862,72.89008474689535,19.081301360273034
278020,2111160,4.551998475351059,72.89027473379493,19.081303535663633
276620,2111180,9.548825383831579,72.8769734108954,19.081331413427204
276640,2111180,9.241529799230609,72.87716339621397,19.081333602333874
276660,2111180,8.862323928047244,72.87735338155852,19.081335791044978
276680,2111180,8.392977387449722,72.87754336692905,19.081337979560523
276700,2111180,7.81543365026467,72.87773335232552,19.08134016788051
276720,2111180,7.138658446161646,72.87792333774797,19.081342356004928
276740,2111180,6.392230387938652,72.87811332319639,19.081344543933792
276760,2111180,5.6096898075599935,72.87830330867077,19.0813467316671
276780,2111180,4.82814027069632,72.8784932941711,19.081348919204835
276800,2111180,4.102462456405503,72.87868327969738,19.081351106547018
276820,2111180,3.611805464979144,72.87887326524962,19.081353293693642
276840,2111180,3.4330416073742045,72.87906325082783,19.081355480644692
276860,2111180,3.482290400435052,72.87925323643196,19.081357667400194
276880,2111180,3.6511782352771798,72.87944322206206,19.081359853960127
276900,2111180,3.8643170201804335,72.8796332077181,19.081362040324507
276920,2111180,4.044549957368239,72.87982319340007,19.081364226493317
276940,2111180,4.106562323584036,72.88001317910799,19.081366412466565
276960,2111180,4.018183734709887,72.88020316484186,19.081368598244257
276980,2111180,3.825641618943626,72.88039315060165,19.08137078382638
277000,2111180,3.677301499339907,72.88058313638737,19.081372969212946
277020,2111180,3.623511835729918,72.88077312219903,19.081375154403947
277040,2111180,3.592661707276626,72.88096310803661,19.081377339399385
277060,2111180,3.5520442230789775,72.88115309390012,19.081379524199267
277080,2111180,3.4631430630526134,72.88134307978956,19.08138170880358
277100,2111180,3.3178774239656352,72.88153306570491,19.08138389321233
277120,2111180,3.217896210797728,72.88172305164619,19.08138607742552
277140,2111180,3.1806997902155794,72.88191303761339,19.08138826144315
277160,2111180,3.237372835275405,72.88210302360649,19.08139044526521
277180,2111180,3.421350849946521,72.88229300962551,19.08139262889171
277200,2111180,3.751442328253655,72.88248299567044,19.08139481232265
277220,2111180,4.237516842688266,72.88267298174128,19.08139699555802
277240,2111180,4.848458063286183,72.88286296783802,19.081399178597827
277260,2111180,5.5483469014338125,72.88305295396066,19.081401361442076
277280,2111180,6.298177806132417,72.88324294010921,19.081403544090755
277300,2111180,7.047955374311146,72.88343292628366,19.081405726543874
277320,2111180,7.733392314680081,72.883622912484,19.08140790880143
277340,2111180,8.28000283072386,72.88381289871022,19.081410090863418
277360,2111180,8.613632625018372,72.88400288496236,19.081412272729846
277380,2111180,8.688241213248517,72.88419287124037,19.081414454400708
277400,2111180,8.492535341620744,72.88438285754427,19.081416635876007
277420,2111180,8.031336831770256,72.88457284387405,19.081418817155736
277440,2111180,7.3291806967780175,72.88476283022972,19.081420998239906
277460,2111180,6.450468135640297,72.88495281661126,19.08142317912851
277480,2111180,5.503673508077356,72.88514280301868,19.081425359821544
277500,2111180,4.617083118977574,72.885332789452,19.08142754031902
277520,2111180,3.8856048057026857,72.88552277591116,19.081429720620925
277540,2111180,3.331695837023027,72.88571276239621,19.081431900727267
277560,2111180,2.940225320447285,72.88590274890711,19.081434080638047
277580,2111180,2.6902340006155807,72.8860927354439,19.08143626035326
277600,2111180,2.5609846142144503,72.88628272200654,19.081438439872905
277620,2111180,2.5318188839776328,72.88647270859504,19.081440619196986
277640,2111180,2.5834733587485124,72.8866626952094,19.0814427983255
277660,2111180,2.7042707079506316,72.88685268184962,19.08144497725845
277680,2111180,2.895827673404848,72.88704266851568,19.081447155995836
277700,2111180,3.1679063457252146,72.88723265520761,19.081449334537652
277720,2111180,3.5358384763901647,72.88742264192538,19.0814515128839
277740,2111180,4.006914971396221,72.887612628669,19.081453691034582
277760,2111180,4.549966909916005,72.88780261543847,19.081455868989703
277780,2111180,5.140761290343778,72.88799260223378,19.08145804674925
277800,2111180,5.735502756760459,72.88818258905492,19.081460224313236
277820,2111180,6.303959214496208,72.88837257590191,19.081462401681655
277840,2111180,6.818175187386948,72.88856256277474,19.081464578854504
277860,2111180,7.237142498757937,72.8887525496734,19.081466755831787
277880,2111180,7.493497687278452,72.88894253659788,19.0814689326135
277900,2111180,7.4960070979039415,72.88913252354818,19.08147110919965
277920,2111180,7.217990674222197,72.88932251052432,19.08147328559023
277940,2111180,6.739983308282709,72.8895124975263,19.081475461785242
277960,2111180,6.186539773820636,72.88970248455408,19.081477637784694
277980,2111180,5.687446103325923,72.88989247160768,19.08147981358857
278000,2111180,5.245482238745101,72.89008245868712,19.08148198919688
278020,2111180,4.852711378496165,72.89027244579236,19.081484164609623
278040,2111180,4.501475915618975,72.8904624329234,19.0814863398268
276620,2111200,9.14662940158749,72.87697110847036,19.081512040814694
276640,2111200,8.827874721889097,72.87716109399459,19.081514229743636
276660,2111200,8.445916213981091,72.8773510795448,19.08151641847702
276680,2111200,7.985763267670293,72.87754106512098,19.081518607014836
276700,2111200,7.415448715269183,72.87773105072314,19.081520795357093
276720,2111200,6.755621519528551,72.87792103635124,19.08152298350379
276740,2111200,6.049131236001918,72.87811102200533,19.081525171454917
276760,2111200,5.338828227087696,72.87830100768537,19.08152735921049
276780,2111200,4.672906809751593,72.87849099339135,19.081529546770497
276800,2111200,4.0769090294106825,72.8786809791233,19.08153173413494
276820,2111200,3.615882893693831,72.87887096488122,19.08153392130382
276840,2111200,3.4120436898993396,72.87906095066508,19.081536108277135
276860,2111200,3.4341390615436724,72.87925093647488,19.081538295054894
276880,2111200,3.6029763467957387,72.87944092231064,19.081540481637084
276900,2111200,3.841898173301867,72.87963090817233,19.081542668023708
276920,2111200,4.061849127248611,72.87982089405999,19.081544854214773
276940,2111200,4.186824675596712,72.88001087997357,19.08154704021027
276960,2111200,4.185661308479712,72.88020086591308,19.081549226010203
276980,2111200,4.071985385108509,72.88039085187854,19.08155141161458
277000,2111200,3.9231667015599583,72.88058083786993,19.081553597023387
277020,2111200,3.7925671083471943,72.88077082388726,19.08155578223663
277040,2111200,3.6833133407182697,72.8809608099305,19.08155796725431
277060,2111200,3.588063277608666,72.88115079599969,19.081560152076428
277080,2111200,3.4839216855615733,72.88134078209478,19.08156233670297
277100,2111200,3.3852464579701254,72.8815307682158,19.081564521133956
277120,2111200,3.3253118599375115,72.88172075436275,19.081566705369376
277140,2111200,3.309824028096304,72.8819107405356,19.08156888940923
277160,2111200,3.37326503744222,72.88210072673436,19.08157107325352
277180,2111200,3.549282480109208,72.88229071295906,19.081573256902246
277200,2111200,3.859766691904902,72.88248069920965,19.081575440355405
277220,2111200,4.3093556408803195,72.88267068548615,19.081577623613
277240,2111200,4.879620940989854,72.88286067178856,19.081579806675027
277260,2111200,5.5395642356980055,72.88305065811687,19.08158198954149
277280,2111200,6.251419359348764,72.88324064447109,19.08158417221239
277300,2111200,6.968418802280768,72.8834306308512,19.081586354687722
277320,2111200,7.6338509713134215,72.88362061725721,19.081588536967484
277340,2111200,8.1850326044754,72.8838106036891,19.081590719051682
277360,2111200,8.561298445966642,72.8840005901469,19.081592900940315
277380,2111200,8.71345209976176,72.88419057663057,19.08159508263338
277400,2111200,8.603531523806371,72.88438056314014,19.081597264130888
277420,2111200,8.199663724717116,72.8845705496756,19.08159944543282
277440,2111200,7.494965223891473,72.88476053623693,19.081601626539186
277460,2111200,6.552485531616006,72.88495052282414,19.081603807449987
277480,2111200,5.514240296100473,72.88514050943724,19.081605988165222
277500,2111200,4.566422802125733,72.88533049607621,19.08160816868489
277520,2111200,3.854864351319352,72.88552048274104,19.081610349008983
277540,2111200,3.3600914600687926,72.88571046943176,19.08161252913752
277560,2111200,3.0438021815403546,72.88590045614832,19.08161470907048
277580,2111200,2.878342611079242,72.88609044289078,19.081616888807876
277600,2111200,2.840922031717472,72.8862804296591,19.081619068349713
277620,2111200,2.908152329308686,72.88647041645325,19.081621247695974
277640,2111200,3.0529945445593745,72.88666040327328,19.081623426846665
277660,2111200,3.256777220410544,72.88685039011918,19.081625605801793
277680,2111200,3.5265807186031974,72.88704037699091,19.081627784561345
277700,2111200,3.8865011215590215,72.8872303638885,19.081629963125337
277720,2111200,4.345067592208496,72.88742035081195,19.08163214149376
277740,2111200,4.902414390764168,72.88761033776123,19.081634319666612
277760,2111200,5.507207318339027,72.88780032473638,19.0816364976439
277780,2111200,6.138617291763595,72.88799031173734,19.081638675425616
277800,2111200,6.770367597947486,72.88818029876417,19.081640853011763
277820,2111200,7.37135944153056,72.88837028581682,19.08164303040234
277840,2111200,7.904684836974473,72.8885602728953,19.081645207597347
277860,2111200,8.31944354531319,72.88875025999964,19.081647384596792
277880,2111200,8.543827822254869,72.88894024712978,19.08164956140066
277900,2111200,8.473244517556203,72.88913023428579,19.081651738008965
277920,2111200,8.074598277563872,72.8893202214676,19.081653914421697
277940,2111200,7.452792984136911,72.88951020867523,19.081656090638862
277960,2111200,6.755262299382718,72.88970019590869,19.081658266660455
277980,2111200,6.147295060638716,72.88989018316798,19.081660442486477
278000,2111200,5.643766167331149,72.89008017045306,19.081662618116933
278020,2111200,5.213693973703105,72.89027015776396,19.081664793551816
278040,2111200,4.840043386396497,72.89046014510069,19.08166696879113
278060,2111200,4.510751329483782,72.89065013246322,19.081669143834876
276620,2111220,8.715695768720344,72.87696880601933,19.08169266819837
276640,2111220,8.384789819061842,72.87715879174925,19.081694857149593
276660,2111220,7.998172169864762,72.87734877750512,19.08169704590525
276680,2111220,7.542969843132829,72.87753876328696,19.081699234465344
276700,2111220,6.999497072766657,72.87772874909479,19.081701422829873
276720,2111220,6.380894420620636,72.87791873492856,19.08170361099884
276740,2111220,5.7238463744860875,72.87810872078829,19.08170579897224
276760,2111220,5.0762397962806265,72.87829870667399,19.08170798675008
276780,2111220,4.501202017896849,72.87848869258566,19.081710174332354
276800,2111220,4.011291947311779,72.87867867852327,19.08171236171906
276820,2111220,3.6091136519843037,72.87886866448684,19.081714548910195
276840,2111220,3.4218869327514096,72.87905865047637,19.08171673590577
276860,2111220,3.4548096761349907,72.87924863649185,19.081718922705786
276880,2111220,3.651053169594433,72.87943862253327,19.081721109310234
276900,2111220,3.931312881763955,72.87962860860064,19.081723295719108
276920,2111220,4.197596196227915,72.87981859469394,19.081725481932423
276940,2111220,4.394564258030647,72.8800085808132,19.081727667950172
276960,2111220,4.489874057459492,72.88019856695838,19.081729853772355
276980,2111220,4.458702697522236,72.8803885531295,19.081732039398968
277000,2111220,4.2661111775994955,72.88057853932656,19.081734224830022
277020,2111220,4.005664449822149,72.88076852554956,19.081736410065506
277040,2111220,3.775074117759577,72.88095851179847,19.081738595105424
277060,2111220,3.613361033164419,72.8811484980733,19.081740779949772
277080,2111220,3.495038670703922,72.88133848437407,19.081742964598565
277100,2111220,3.4350230679896123,72.88152847070077,19.081745149051777
277120,2111220,3.421192493940538,72.88171845705338,19.08174733330943
277140,2111220,3.4284613119150054,72.8819084434319,19.08174951737151
277160,2111220,3.4938822238158775,72.88209842983633,19.081751701238026
277180,2111220,3.654888246849588,72.88228841626669,19.081753884908984
277200,2111220,3.935377133124198,72.88247840272295,19.08175606838436
277220,2111220,4.341868214604739,72.88266838920512,19.081758251664176
277240,2111220,4.862233934536793,72.8828583757132,19.081760434748425
277260,2111220,5.471490209013604,72.88304836224718,19.081762617637104
277280,2111220,6.1361861942755045,72.88323834880705,19.081764800330216
277300,2111220,6.815037519356809,72.88342833539284,19.081766982827762
277320,2111220,7.459624311942231,72.88361832200451,19.081769165129735
277340,2111220,8.017597057427054,72.88380830864209,19.081771347236145
277360,2111220,8.437389529719074,72.88399829530555,19.081773529146982
277380,2111220,8.67047054495467,72.8841882819949,19.08177571086226
277400,2111220,8.66501089200009,72.88437826871014,19.081777892381957
277420,2111220,8.352148240196465,72.88456825545126,19.081780073706092
277440,2111220,7.665944067633142,72.88475824221825,19.081782254834664
277460,2111220,6.6623348902730175,72.88494822901114,19.08178443576766
277480,2111220,5.545751799959999,72.8851382158299,19.081786616505088
277500,2111220,4.559482772921287,72.88532820267454,19.081788797046944
277520,2111220,3.876495149200319,72.88551818954505,19.081790977393243
277540,2111220,3.451304461717642,72.88570817644143,19.08179315754396
277560,2111220,3.222013676155538,72.88589816336368,19.08179533749911
277580,2111220,3.1511349878574695,72.88608815031179,19.081797517258693
277600,2111220,3.2159570236217636,72.88627813728579,19.081799696822706
277620,2111220,3.3958124616965497,72.88646812428561,19.08180187619115
277640,2111220,3.65224693323119,72.88665811131132,19.08180405536402
277660,2111220,3.9521146681221095,72.88684809836288,19.08180623434133
277680,2111220,4.31003520557381,72.88703808544028,19.081808413123063
277700,2111220,4.7693406517537555,72.88722807254354,19.081810591709225
277720,2111220,5.322828820392889,72.88741805967267,19.08181277009982
277740,2111220,5.929735356727079,72.88760804682762,19.08181494829484
277760,2111220,6.556545408295454,72.88779803400843,19.08181712629429
277780,2111220,7.201644152818334,72.88798802121508,19.081819304098175
277800,2111220,7.846492562440776,72.88817800844757,19.081821481706484
277820,2111220,8.45993537838908,72.8883679957059,19.081823659119227
277840,2111220,9.000081596781499,72.88855798299005,19.081825836336392
277860,2111220,9.408734997828594,72.88874797030006,19.081828013357995
277880,2111220,9.604449937559377,72.88893795763589,19.081830190184018
277900,2111220,9.490556842743931,72.88912794499754,19.081832366814478
277920,2111220,9.026582909482812,72.88931793238503,19.08183454324936
277940,2111220,8.289169446680784,72.88950791979835,19.081836719488674
277960,2111220,7.447017704693463,72.88969790723746,19.08183889553241
277980,2111220,6.714556061379979,72.88988789470241,19.081841071380587
278000,2111220,6.126682126406436,72.8900778821932,19.081843247033177
278020,2111220,5.643782943702123,72.89026786970977,19.081845422490208
278040,2111220,5.2370574292322605,72.89045785725216,19.081847597751658
278060,2111220,4.887054078659906,72.89064784482038,19.081849772817534
278080,2111220,4.580203496210401,72.89083783241439,19.081851947687845
276620,2111240,8.262791027458544,72.87696650354235,19.08187329557824
276640,2111240,7.9178840850959045,72.87715648947793,19.081875484551745
276660,2111240,7.525579144351311,72.87734647543947,19.08187767332968
276680,2111240,7.080529335591022,72.87753646142697,19.08187986191205
276700,2111240,6.576150603938381,72.87772644744044,19.08188205029885
276720,2111240,6.014716442546776,72.8779164334799,19.081884238490087
276740,2111240,5.40994145031364,72.8781064195453,19.08188642648576
276760,2111240,4.795772009268254,72.87829640563668,19.081888614285862
276780,2111240,4.243280510882242,72.87848639175401,19.081890801890403
276800,2111240,3.8206392016612067,72.87867637789729,19.08189298929937
276820,2111240,3.517436417259841,72.87886636406654,19.081895176512774
276840,2111240,3.397702327277469,72.87905635026173,19.081897363530608
276860,2111240,3.4801596771047967,72.87924633648286,19.081899550352876
276880,2111240,3.723356716240604,72.87943632272996,19.081901736979574
276900,2111240,4.054296889160295,72.87962630900299,19.081903923410707
276920,2111240,4.384478141494089,72.87981629530196,19.081906109646276
276940,2111240,4.656640624345704,72.88000628162689,19.08190829568627
276960,2111240,4.823621806540291,72.88019626797774,19.081910481530702
276980,2111240,4.824262526329514,72.88038625435453,19.08191266717956
277000,2111240,4.584496029187761,72.88057624075726,19.081914852632856
277020,2111240,4.1958672660019065,72.88076622718593,19.08191703789058
277040,2111240,3.8215886391914484,72.8809562136405,19.081919222952738
277060,2111240,3.569520325625134,72.88114620012102,19.081921407819326
277080,2111240,3.447760194811151,72.88133618662745,19.081923592490345
277100,2111240,3.4310887453705803,72.88152617315981,19.081925776965797
277120,2111240,3.470140512991585,72.8817161597181,19.081927961245675
277140,2111240,3.5012616540342583,72.88190614630228,19.08193014532999
277160,2111240,3.5712289525949186,72.8820961329124,19.081932329218734
277180,2111240,3.7146390365083786,72.88228611954841,19.08193451291191
277200,2111240,3.9625411050498447,72.88247610621035,19.081936696409517
277220,2111240,4.3244048963889865,72.88266609289819,19.08193887971155
277240,2111240,4.791314389996074,72.88285607961194,19.081941062818018
277260,2111240,5.343867443344921,72.8830460663516,19.081943245728915
277280,2111240,5.9550228944322106,72.88323605311714,19.081945428444243
277300,2111240,6.590291288506395,72.88342603990858,19.081947610964004
277320,2111240,7.2086149283467735,72.88361602672595,19.081949793288192
277340,2111240,7.765306088998285,72.88380601356917,19.08195197541681
277360,2111240,8.215628353429388,72.8839960004383,19.081954157349852
277380,2111240,8.515600968773876,72.88418598733334,19.081956339087334
277400,2111240,8.614916370008393,72.88437597425423,19.081958520629236
277420,2111240,8.43035819720728,72.88456596120103,19.08196070197557
277440,2111240,7.79211617422029,72.8847559481737,19.08196288312634
277460,2111240,6.731306593775719,72.88494593517227,19.081965064081533
277480,2111240,5.578116671915813,72.8851359221967,19.08196724484116
277500,2111240,4.600160347589674,72.885325909247,19.081969425405212
277520,2111240,3.970960891676792,72.8855158963232,19.081971605773692
277540,2111240,3.629455686992313,72.88570588342525,19.0819737859466
277560,2111240,3.497574075900485,72.88589587055317,19.081975965923945
277580,2111240,3.5256809808673046,72.88608585770695,19.08197814570571
277600,2111240,3.6914890062317443,72.8862758448866,19.081980325291905
277620,2111240,3.9905167738868457,72.88646583209213,19.081982504682532
277640,2111240,4.371809519052124,72.8866558193235,19.081984683877586
277660,2111240,4.770458546786328,72.88684580658072,19.081986862877063
277680,2111240,5.22060137895135,72.8870357938638,19.081989041680973
277700,2111240,5.750414292230785,72.88722578117275,19.081991220289314
277720,2111240,6.355681724510127,72.88741576850754,19.081993398702078
277740,2111240,6.988502111724705,72.88760575586817,19.081995576919265
277760,2111240,7.618997899085966,72.88779574325464,19.08199775494089
277780,2111240,8.26271378863102,72.88798573066697,19.081999932766934
277800,2111240,8.904290186559962,72.88817571810513,19.08200211039741
277820,2111240,9.514587756880761,72.88836570556913,19.082004287832312
277840,2111240,10.052542983543296,72.88855569305898,19.082006465071636
277860,2111240,10.461066158358308,72.88874568057464,19.08200864211539
277880,2111240,10.6607462298007,72.88893566811615,19.082010818963578
277900,2111240,10.550275645385447,72.88912565568349,19.082012995616186
277920,2111240,10.048573726842443,72.88931564327665,19.08201517207322
277940,2111240,9.210263306840043,72.88950563089563,19.08201734833468
277960,2111240,8.23976229911723,72.88969561854043,19.08201952440057
277980,2111240,7.365501317294367,72.88988560621107,19.082021700270882
278000,2111240,6.68278940778516,72.89007559390751,19.08202387594563
278020,2111240,6.138649501455319,72.89026558162976,19.082026051424794
278040,2111240,5.691103956678245,72.89045556937783,19.082028226708385
278060,2111240,5.31421396180705,72.89064555715171,19.082030401796402
278080,2111240,4.98978449077574,72.8908355449514,19.08203257668885
278100,2111240,4.709108176800947,72.89102553277691,19.08203475138572
276620,2111260,7.7973989312795915,72.87696420103939,19.082053922954316
276640,2111260,7.436562102437855,72.87715418718062,19.082056111950095
276660,2111260,7.038997343149492,72.87734417334782,19.082058300750305
276680,2111260,6.611011995958131,72.87753415954101,19.082060489354955
276700,2111260,6.1561652249523124,72.87772414576015,19.08206267776403
276720,2111260,5.6695908806086015,72.87791413200527,19.082064865977532
276740,2111260,5.135887659299445,72.87810411827635,19.082067053995473
276760,2111260,4.55753074289467,72.8782941045734,19.082069241817845
276780,2111260,4.0157848526580935,72.878484090896393,19.082071429444646
276800,2111260,3.6269867084923693,72.87867407724535,19.082073616875878
276820,2111260,3.3930675209988292,72.87886406362026,19.08207580411154
276840,2111260,3.3453259543840685,72.87905405002113,19.082077991151635
276860,2111260,3.494397821081356,72.87924403644793,19.082080177996158
276880,2111260,3.7947027685776025,72.8794340229007,19.082082364645117
276900,2111260,4.1823754256878605,72.8796240093794,19.082084551098497
276920,2111260,4.584078670721357,72.87981399588405,19.082086737356313
276940,2111260,4.929768534072789,72.88000398241464,19.082088923418567
276960,2111260,5.149280448125296,72.88019396897117,19.08209110928524
276980,2111260,5.163441630933362,72.88038395555363,19.082093294956344
277000,2111260,4.887399514246804,72.88057394216203,19.082095480431878
277020,2111260,4.374019762843455,72.88076392879636,19.082097665711846
277040,2111260,3.84811358243055,72.88095391545662,19.082099850796244
277060,2111260,3.5013157937706145,72.8811439021428,19.082102035685068
277080,2111260,3.3875083071237717,72.88133388885491,19.082104220378326
277100,2111260,3.399815975269623,72.88152387559293,19.082106404876004
277120,2111260,3.455438082145694,72.88171386235689,19.082108589178123
277140,2111260,3.5159237094172817,72.88190384914675,19.08211077328466
277160,2111260,3.5969720530402465,72.88209383596254,19.082112957195637
277180,2111260,3.723772479962392,72.88228382280423,19.082115140911036
277200,2111260,3.943720393027302,72.88247380967184,19.082117324430865
277220,2111260,4.263141941228959,72.88266379656535,19.08211950775512
277240,2111260,4.674415062118479,72.88285378348476,19.08212169088381
277260,2111260,5.164907023520207,72.88304377043009,19.08212387381692
277280,2111260,5.716048538437571,72.88323375740131,19.082126056554465
277300,2111260,6.300583167907228,72.88342374439844,19.082128239096438
277320,2111260,6.882686597255817,72.88361373142145,19.082130421442834
277340,2111260,7.421408267157796,72.88380371847038,19.082132603593664
277360,2111260,7.87465750678736,72.88399370554518,19.082134785548917
277380,2111260,8.200168808633203,72.88418369264588,19.0821369673086
277400,2111260,8.349692253474537,72.88437367977245,19.082139148872706
277420,2111260,8.24614409667058,72.88456366692492,19.082141330241246
277440,2111260,7.674249798397165,72.88475365410326,19.08214351141421
277460,2111260,6.641642010603516,72.8849436413075,19.0821456923916
277480,2111260,5.5487439442427435,72.88513362853762,19.08214787317342
277500,2111260,4.661874826343095,72.88532361579361,19.08215005375967
277520,2111260,4.132721212476392,72.88551360307545,19.082152234150342
277540,2111260,3.9056615108727657,72.88570359038319,19.082154414345442
277560,2111260,3.8897491430937126,72.88589357771679,19.08215659434497
277580,2111260,4.025153203189711,72.88608356507623,19.082158774148922
277600,2111260,4.2857926978165075,72.88627355246157,19.0821609537573
277620,2111260,4.688254582980906,72.88646353987276,19.082163133170106
277640,2111260,5.169558971172165,72.88665352730982,19.08216531238734
277660,2111260,5.660934278156744,72.88684351477272,19.082167491409002
277680,2111260,6.182422175842355,72.88703350226147,19.082169670235082
277700,2111260,6.752722137144912,72.88722348977609,19.082171848865592
277720,2111260,7.367579143440144,72.88741347731654,19.082174027300532
277740,2111260,8.00044145174171,72.88760346488286,19.082176205539888
277760,2111260,8.63361290126656,72.88779345247502,19.082178383583678
277780,2111260,9.267517491891521,72.88798344009302,19.08218056143189
277800,2111260,9.892114379042784,72.88817342773686,19.08218273908453
277820,2111260,10.483556818610065,72.88836341540653,19.08218491654159
277840,2111260,11.00613180197902,72.88855340310205,19.08218709380308
277860,2111260,11.41099599188987,72.88874339082341,19.08218927086899
277880,2111260,11.631753275292066,72.88893337857058,19.08219144773933
277900,2111260,11.569496529849864,72.8891233663436,19.082193624414092
277920,2111260,11.057100235729568,72.88931335414243,19.08219580089328
277940,2111260,10.11603375237201,72.8895033419671,19.08219797717689
277960,2111260,9.034821715509763,72.88969332981758,19.082200153264925
277980,2111260,8.051779780436696,72.88988331769389,19.082202329157383
278000,2111260,7.288006444846004,72.890073305596,19.08220450485427
278020,2111260,6.682384214809646,72.89026329352394,19.08220668035558
278040,2111260,6.192185015107248,72.89045328147769,19.08220885566131
278060,2111260,5.786264646831961,72.89064326945724,19.082211030771468
278080,2111260,5.4420036661144655,72.89083325746262,19.08221320568605
278100,2111260,5.143018864826323,72.8910232454938,19.082215380405053
276620,2111280,7.330846539666256,72.87696189851044,19.082234550326582
276640,2111280,6.950052207693801,72.87715188485735,19.08223673934464
276660,2111280,6.541508795107884,72.87734187123024,19.082238928167133
276680,2111280,6.12642004261731,72.87753185762908,19.082241116794048
276700,2111280,5.724930619033107,72.8777218440539,19.0822433052254
276720,2111280,5.337404307446828,72.87791183050469,19.08224549346118
276740,2111280,4.920699443978184,72.87810181698144,19.08224768150139
276760,2111280,4.419109336055071,72.87829180348416,19.082249869346022
276780,2111280,3.9104990583097923,72.87848179001283,19.082252056995088
276800,2111280,3.5260707907882702,72.87867177656746,19.08225424444859
276820,2111280,3.3100357316849145,72.87886176314804,19.08225643170651
276840,2111280,3.311900872570093,72.87905174975457,19.08225861876886
276860,2111280,3.5214752363129675,72.87924173638706,19.082260805635645
276880,2111280,3.87242122854569,72.8794317230455,19.082262992306855
276900,2111280,4.317199574289561,72.87962170972988,19.082265178782496
276920,2111280,4.788712843211535,72.8798116964402,19.08226736506256
276940,2111280,5.207846597503021,72.88000168317646,19.082269551147057
276960,2111280,5.484947967309387,72.88019166993865,19.082271737035985
276980,2111280,5.517890852543028,72.8803816567268,19.08227392272933
277000,2111280,5.216285608432461,72.88057164354086,19.08227610822711
277020,2111280,4.630211782611923,72.88076163038086,19.082278293529324
277040,2111280,3.991876094187795,72.88095161724681,19.082280478635955
277060,2111280,3.5810435046032016,72.88114160413866,19.08228266354702
277080,2111280,3.4493726523045334,72.88133159105644,19.082284848262507
277100,2111280,3.4380504471657716,72.88152157800015,19.082287032782425
277120,2111280,3.4672618430108293,72.88171156496978,19.08228921710677
277140,2111280,3.5116374034582787,72.88190155196531,19.08229140123554
277160,2111280,3.5804049369843,72.88209153898677,19.08229358516874
277180,2111280,3.7028699992359697,72.88228152603413,19.082295768906366
277200,2111280,3.90433770848146,72.88247151310742,19.082297952448418
277220,2111280,4.182554547234487,72.88266150020661,19.082300135794895
277240,2111280,4.532432063982944,72.88285148733169,19.0823023189458
277260,2111280,4.952299980747153,72.8830414744827,19.08230450190113
277280,2111280,5.435297830101593,72.88323146165959,19.08230668466089
277300,2111280,5.961291565330077,72.88342144886239,19.08230886722507
277320,2111280,6.496296912734209,72.88361143609109,19.082311049593685
277340,2111280,6.9983001634181425,72.88380142334569,19.082313231766722
277360,2111280,7.422999915529056,72.88399141062617,19.082315413744183
277380,2111280,7.724434222221957,72.88418139793254,19.08231759552607
277400,2111280,7.847488878417865,72.88437138526479,19.082319777112385
277420,2111280,7.70828834735637,72.88456137262294,19.082321958503126
277440,2111280,7.196612880623789,72.88475136000696,19.082324139698287
277460,2111280,6.359620270229632,72.88494134741688,19.082326320697874
277480,2111280,5.447052329206883,72.88513133485266,19.082328501501895
277500,2111280,4.718993607992788,72.88532132231431,19.082330682110328
277520,2111280,4.3595015736464795,72.88551130980186,19.082332862523195
277540,2111280,4.286437818274329,72.88570129731525,19.082335042740482
277560,2111280,4.409786616538547,72.88589128485452,19.0823372227622
277580,2111280,4.670200118181261,72.88608127241967,19.08233940258833
277600,2111280,5.03979686584045,72.88627126001067,19.082341582218902
277620,2111280,5.516355133357278,72.88646124762754,19.08234376165389
277640,2111280,6.051588569918684,72.88665123527026,19.082345940893298
277660,2111280,6.6004521812298815,72.88684122293886,19.08234811993714
277680,2111280,7.161304500882934,72.88703121063328,19.082350298785396
277700,2111280,7.7437363738564,72.88722119835359,19.082352477438082
277720,2111280,8.34736098768364,72.88741118609973,19.082354655895184
277740,2111280,8.961197295969301,72.88760117387172,19.08235683415672
277760,2111280,9.574942538050067,72.88779116166955,19.08235901222267
277780,2111280,10.182488677528559,72.88798114949323,19.082361190093053
277800,2111280,10.77303815285537,72.88817113734275,19.08236336776785
277820,2111280,11.325932498495272,72.88836112521811,19.082365545247068
277840,2111280,11.80999184380373,72.88855111311929,19.082367722530723
277860,2111280,12.182837627285364,72.88874110104634,19.08236989961879
277880,2111280,12.387667968913185,72.88893108899919,19.082372076511284
277900,2111280,12.338504954445488,72.88912107697787,19.082374253208204
277920,2111280,11.83013919017359,72.8893110649824,19.08237642970954
277940,2111280,10.857241359662456,72.88950105301272,19.082378606015308
277960,2111280,9.75837635508447,72.8896910410689,19.082380782125487
277980,2111280,8.7373062814949,72.88988102915089,19.082382958040093
278000,2111280,7.904606167092778,72.89007101725869,19.08238513375912
278020,2111280,7.249278974757891,72.89026100539229,19.08238730928257
278040,2111280,6.724045762594182,72.89045099355172,19.08238948461044
278060,2111280,6.292828763143366,72.89064098173698,19.082391659742736
278080,2111280,5.930095645185084,72.89083096994801,19.082393834679454
278100,2111280,5.617431249102157,72.89102095818488,19.082396009420588
278120,2111280,5.341318476574708,72.89121094644754,19.08239818396615
276620,2111300,6.876965237241464,72.87695959595553,19.08241517769505
276640,2111300,6.470017901739508,72.8771495825081,19.082417366735385
276660,2111300,6.036162780767557,72.87733956908666,19.082419555580152
276680,2111300,5.612729871239008,72.8775295556912,19.082421744229347
276700,2111300,5.244529757646148,72.87771954232169,19.08242393268297
276720,2111300,4.958603296146181,72.87790952897815,19.08242612094102
276740,2111300,4.705530573953103,72.87809951566057,19.082428309003493
276760,2111300,4.320773749727319,72.87828950236896,19.082430496870398
276780,2111300,3.863828155952077,72.87847948910331,19.082432684541732
276800,2111300,3.5076184109887523,72.87866947586362,19.082434872017487
276820,2111300,3.3233248784875533,72.87885946264986,19.08243705929768
276840,2111300,3.3624384389107593,72.87904944946207,19.08243924638229
276860,2111300,3.5923727820995217,72.87923943630024,19.082441433271324
276880,2111300,3.9660931118229135,72.87942942316434,19.082443619964792
276900,2111300,4.454071904963447,72.8796194100544,19.082445806462683
276920,2111300,4.988391993733199,72.87980939697039,19.082447992765
276940,2111300,5.487546683651528,72.87999938391233,19.082450178871746
276960,2111300,5.849507722215669,72.88018937088022,19.08245236478292
276980,2111300,5.949713870418734,72.88037935787402,19.082454550498515
277000,2111300,5.675255488490993,72.88056934489377,19.082456736018536
277020,2111300,5.070259019820911,72.88075933193944,19.082458921342987
277040,2111300,4.414736198776927,72.88094931901105,19.08246110647186
277060,2111300,3.953015330181355,72.8811393061086,19.082463291405155
277080,2111300,3.720746228780337,72.88132929323206,19.082465476142886
277100,2111300,3.620969657348482,72.88151928038143,19.082467660685033
277120,2111300,3.5822895012913367,72.88170926755673,19.082469845031614
277140,2111300,3.5727925299159393,72.88189925475795,19.082472029182615
277160,2111300,3.6025083033877014,72.88208924198508,19.082474213138035
277180,2111300,3.7131113342506756,72.88227922923814,19.08247639689789
277200,2111300,3.8961370486731033,72.88246921651708,19.082478580462165
277220,2111300,4.123954164071727,72.88265920382196,19.082480763830866
277240,2111300,4.397076533757581,72.88284919115273,19.08248294700399
277260,2111300,4.731643705454278,72.88303917850939,19.082485129981542
277280,2111300,5.13693290517062,72.88322916589199,19.08248731276351
277300,2111300,5.59884091064373,72.88341915330047,19.082489495349908
277320,2111300,6.079805490803308,72.88360914073483,19.08249167774073
277340,2111300,6.531896446685513,72.8837991281951,19.082493859935973
277360,2111300,6.90666878452503,72.88398911568126,19.082496041935645
277380,2111300,7.156266073195885,72.8841791031933,19.08249822373974
277400,2111300,7.229134422895498,72.88436909073124,19.082500405348252
277420,2111300,7.068870660549112,72.88455907829507,19.082502586761198
277440,2111300,6.6430079969880484,72.88474906588478,19.08250476797856
277460,2111300,6.0132202930828775,72.88493905350036,19.082506949000344
277480,2111300,5.345331611051568,72.88512904114182,19.08250912982655
277500,2111300,4.84569845835676,72.88531902880916,19.082511310457186
277520,2111300,4.6766038012913365,72.88550901650238,19.082513490892246
277540,2111300,4.774365924462348,72.88569900422146,19.082515671131723
277560,2111300,5.050757144800121,72.88588899196641,19.082517851175623
277580,2111300,5.444559710503583,72.88607897973723,19.08252003102395
277600,2111300,5.919185250944364,72.88626896753392,19.082522210676697
277620,2111300,6.451786825997593,72.88645895535646,19.082524390133866
277640,2111300,7.012811570115058,72.88664894320488,19.08252656939546
277660,2111300,7.577497515568325,72.88683893107914,19.082528748461467
277680,2111300,8.140736160639808,72.88702891897925,19.082530927331906
277700,2111300,8.707453191928481,72.88721890690523,19.082533106006764
277720,2111300,9.280174437043852,72.88740889485705,19.08253528448604
277740,2111300,9.855696958637619,72.88759888283472,19.082537462769743
277760,2111300,10.42792246439671,72.88778887083824,19.08253964085786
277780,2111300,10.989024002717787,72.8879788588676,19.082541818750403
277800,2111300,11.526452708106055,72.8881688469228,19.082543996447374
277820,2111300,12.019755044359224,72.88835883500384,19.082546173948757
277840,2111300,12.438820589476542,72.88854882311071,19.082548351254562
277860,2111300,12.741881435823522,72.88873881124343,19.08255052836479
277880,2111300,12.870176527364016,72.88892879940197,19.08255270527944
277900,2111300,12.734310427304521,72.88911878758634,19.082554881998508
277920,2111300,12.22020609353913,72.88930877579652,19.082557058522003
277940,2111300,11.351948176472977,72.88949876403257,19.082559234849914
277960,2111300,10.326943960285105,72.8896887522944,19.082561410982244
277980,2111300,9.326408295161182,72.88987874058206,19.082563586918997
278000,2111300,8.484710052845696,72.89006872889556,19.082565762660167
278020,2111300,7.813122415226247,72.89025871723484,19.082567938205756
278040,2111300,7.269673157075126,72.89044870559997,19.082570113555768
278060,2111300,6.822074477475083,72.89063869399088,19.082572288710203
278080,2111300,6.44556796356688,72.89082868240763,19.082574463669054
278100,2111300,6.121582370090506,72.89101867085016,19.08257663843232
278120,2111300,5.83610199672663,72.89120865931851,19.082578813000016
278140,2111300,5.578485029760773,72.89139864781265,19.082580987372125
276620,2111320,6.4530607431161116,72.87695729337463,19.08259580505971
276640,2111320,6.015890086027634,72.87714728013289,19.082597994122327
276660,2111320,5.5393152629418045,72.87733726691712,19.082600182989367
276680,2111320,5.073372748090465,72.87752725372732,19.082602371660837
276700,2111320,4.685918907669178,72.8777172405635,19.082604560136733
276720,2111320,4.442373995465084,72.87790722742562,19.082606748417057
276740,2111320,4.312091649998488,72.87809721431373,19.082608936501803
276760,2111320,4.072603542823993,72.87828720122779,19.08261112439097
276780,2111320,3.7637630853827897,72.87847718816782,19.082613312084572
276800,2111320,3.519272016474373,72.8786671751338,19.08261549958259
276820,2111320,3.4105094474068323,72.87885716212574,19.082617686885037
276840,2111320,3.4729470257626174,72.87904714914362,19.082619873991906
276860,2111320,3.7009559056921852,72.87923713618747,19.0826220609032
276880,2111320,4.075789955435246,72.87942712325726,19.082624247618927
276900,2111320,4.57696934521984,72.87961711035298,19.08262643413907
276920,2111320,5.1577001501095925,72.87980709747465,19.082628620463638
276940,2111320,5.741648230578393,72.87999708462226,19.082630806592633
276960,2111320,6.220629989623278,72.88018707179583,19.082632992526054
276980,2111320,6.4526960061983845,72.88037705899532,19.082635178263892
277000,2111320,6.267773748426253,72.88056704622073,19.082637363806157
277020,2111320,5.690612008538491,72.8807570334721,19.08263954915285
277040,2111320,5.033935768547028,72.88094702074937,19.082641734303966
277060,2111320,4.499142983378639,72.88113700805259,19.082643919259496
277080,2111320,4.146020968271612,72.88132699538174,19.08264610401946
277100,2111320,3.941207482835607,72.88151698273678,19.082648288583844
277120,2111320,3.828240338780578,72.88170697011778,19.082650472952647
277140,2111320,3.7673147919348158,72.88189695752467,19.08265265712588
277160,2111320,3.7562763571488396,72.88208694495749,19.082654841103537
277180,2111320,3.843559584224027,72.8822769324162,19.08265702488561
277200,2111320,3.984906290163292,72.88246691990085,19.08265920847211
277220,2111320,4.134340731711642,72.8826569074114,19.082661391863027
277240,2111320,4.3037667854933845,72.88284689494785,19.082663575058376
277260,2111320,4.532713506065111,72.8830368825102,19.082665758058138
277280,2111320,4.851949811895828,72.88322687009845,19.082667940862326
277300,2111320,5.25054928170351,72.88341685771262,19.08267012347094
277320,2111320,5.677475269868652,72.88360684535267,19.082672305883975
277340,2111320,6.074734712916468,72.88379683301862,19.08267448810143
277360,2111320,6.391825139713366,72.88398682071046,19.082676670123302
277380,2111320,6.5853461581863595,72.8841768084282,19.082678851949606
277400,2111320,6.617980813637526,72.88436679617182,19.082681033580318
277420,2111320,6.4649742544080855,72.88455678394132,19.082683215015464
277440,2111320,6.135516099023003,72.8847467717367,19.08268539625503
277460,2111320,5.699642281942313,72.88493675955797,19.082687577299012
277480,2111320,5.286033330174341,72.88512674740512,19.08268975814742
277500,2111320,5.04131393760357,72.88531673527814,19.082691938800245
277520,2111320,5.076355086709223,72.88550672317703,19.08269411925749
277540,2111320,5.353536473007826,72.8856967111018,19.08269629951916
277560,2111320,5.7878255770836695,72.88588669905243,19.08269847958525
277580,2111320,6.310944378764511,72.88607668702893,19.08270065945576
277600,2111320,6.875264138586775,72.8862666750313,19.08270283913069
277620,2111320,7.450569276350615,72.88645666305953,19.08270501861004
277640,2111320,8.017448903904196,72.88664665111362,19.082707197893804
277660,2111320,8.566780799796327,72.88683663919358,19.082709376982006
277680,2111320,9.10035459971699,72.88702662729936,19.082711555874607
277700,2111320,9.625306658298637,72.88721661543103,19.082713734571644
277720,2111320,10.14714546859308,72.88740660358852,19.08271591307309
277740,2111320,10.666548696877884,72.88759659177188,19.082718091378965
277760,2111320,11.179449139431846,72.88778657998108,19.082720269489254
277780,2111320,11.677290782431772,72.88797656821613,19.082722447403963
277800,2111320,12.145912569253257,72.888166556477,19.08272462512309
277820,2111320,12.563822579552776,72.88835654476374,19.08272680264664
277840,2111320,12.900554243040066,72.8885465330763,19.082728979974604
277860,2111320,13.114713825657054,72.88873652141469,19.082731157106995
277880,2111320,13.151463979001885,72.88892650977891,19.082733334043795
277900,2111320,12.944264541416032,72.88911649816897,19.08273551078502
277920,2111320,12.44293174068962,72.88930648658484,19.082737687330663
277940,2111320,11.676932398687505,72.88949647502655,19.08273986368072
277960,2111320,10.763075854672657,72.88968646349407,19.0827420398352
277980,2111320,9.840122837498509,72.88987645198743,19.082744215794097
278000,2111320,9.026308659675689,72.89006644050662,19.082746391557414
278020,2111320,8.361405057473334,72.89025642905159,19.082748567125147
278040,2111320,7.816657998737196,72.89044641762239,19.082750742497296
278060,2111320,7.363341899295922,72.890636406219,19.082752917673872
278080,2111320,6.979696512872209,72.89082639484141,19.082755092654857
278100,2111320,6.648487679489884,72.89101638348964,19.08275726744026
278120,2111320,6.356127264349304,72.89120637216367,19.082759442030078
278140,2111320,6.091970672886841,72.8913963608635,19.082761616424317
278160,2111320,5.8477051535316384,72.89158634958912,19.082763790622977
276620,2111340,6.077377054130371,72.87695499076777,19.082776432420566
276640,2111340,5.615232936755852,72.87714497773169,19.082778621505458
276660,2111340,5.089234149681104,72.87733496472161,19.08278081039478
276680,2111340,4.558428511036079,72.8775249517375,19.082782999088526
276700,2111340,4.102353518937534,72.87771493877933,19.082785187586694
276720,2111340,3.821774700909873,72.87790492584716,19.082787375889286
276740,2111340,3.762700198670685,72.87809491294094,19.082789563996304
276760,2111340,3.7166922583956894,72.87828490006068,19.082791751907738
276780,2111340,3.61672926274063,72.87847488720638,19.082793939623603
276800,2111340,3.5269885760141673,72.87866487437805,19.082796127143883
276820,2111340,3.508505778704727,72.87885486157566,19.082798314468594
276840,2111340,3.598207731869962,72.87904484879923,19.082800501597724
276860,2111340,3.8123590550473843,72.87923483604874,19.08280268853128
276880,2111340,4.160477908306239,72.8794248233242,19.082804875269254
276900,2111340,4.647583510254863,72.87961481062561,19.082807061811653
276920,2111340,5.254762471255036,72.87980479795297,19.082809248158473
276940,2111340,5.9181409034711665,72.87999478530628,19.082811434309715
276960,2111340,6.5220474564138895,72.88018477268551,19.08281362026538
276980,2111340,6.905602453495445,72.88037476009067,19.08281580602547
277000,2111340,6.851923727485087,72.88056474752179,19.082817991589973
277020,2111340,6.324648897301088,72.88075473497882,19.082820176958904
277040,2111340,5.6506116192085365,72.88094472246179,19.08282236213226
277060,2111340,5.048299976616239,72.88113470997068,19.082824547110032
277080,2111340,4.609950608002011,72.8813246975055,19.08282673189223
277100,2111340,4.334460458939255,72.88151468506624,19.08282891647885
277120,2111340,4.178317040303664,72.8817046726529,19.082831100869885
277140,2111340,4.102053493717083,72.88189466026549,19.082833285065345
277160,2111340,4.094267333201422,72.88208464790398,19.082835469065227
277180,2111340,4.146893363829722,72.8822746355684,19.082837652869525
277200,2111340,4.206168760799915,72.8824646232587,19.08283983647825
277220,2111340,4.242145865177822,72.88265461097492,19.08284201989139
277240,2111340,4.283263761383359,72.88284459871707,19.082844203108955
277260,2111340,4.3884358230691625,72.88303458648511,19.082846386130942
277280,2111340,4.619645856622036,72.88322457427904,19.082848568957345
277300,2111340,4.965562549314468,72.88341456209889,19.08285075158817
277320,2111340,5.342536887630713,72.88360454994462,19.08285293402341
277340,2111340,5.683854944659755,72.88379453781624,19.082855116263076
277360,2111340,5.942621803861426,72.88398452571379,19.08285729830716
277380,2111340,6.084782108361634,72.88417451363719,19.082859480155662
277400,2111340,6.0893713705777754,72.88436450158649,19.08286166180859
277420,2111340,5.9556934915964215,72.88455448956168,19.082863843265933
277440,2111340,5.716346014996473,72.88474447756275,19.082866024527693
277460,2111340,5.44732937834905,72.8849344655897,19.082868205593872
277480,2111340,5.258965443747621,72.88512445364253,19.082870386464474
277500,2111340,5.263095610127241,72.88531444172123,19.0828725671395
277520,2111340,5.522697542337677,72.885504429825815,19.082874747618934
277540,2111340,5.991431013183051,72.88569441795626,19.082876927902795
277560,2111340,6.587694475156235,72.8858844061126,19.082879107991072
277580,2111340,7.234765687988846,72.88607439429477,19.082881287883765
277600,2111340,7.874819520132776,72.88626438250283,19.082883467580878
277620,2111340,8.475150784218435,72.88645437073673,19.08288564708241
277640,2111340,9.02616383321359,72.8866443589965,19.08288782638836
277660,2111340,9.533937920146691,72.88683434728215,19.082890005498733
277680,2111340,10.011826880286293,72.88702433559362,19.082892184413513
277700,2111340,10.473358233720443,72.88721432393096,19.08289436313272
277720,2111340,10.927595031526803,72.88740431229415,19.082896541656343
277740,2111340,11.377310031323212,72.8875943006832,19.082898719984378
277760,2111340,11.819016735203888,72.88778428909808,19.082900898116836
277780,2111340,12.243327085786364,72.88797427753882,19.082903076053714
277800,2111340,12.634757805614528,72.88816426600538,19.082905253795
277820,2111340,12.971058042931308,72.88835425449778,19.08290743134072
277840,2111340,13.222452771345434,72.88854424301603,19.08290960869084
277860,2111340,13.351269526474805,72.88873423156011,19.082911785845386
277880,2111340,13.313453227129942,72.88892422013002,19.082913962804348
277900,2111340,13.06656082117673,72.88911420872576,19.082916139567722
277920,2111340,12.590536726021156,72.88930419734734,19.082918316135522
277940,2111340,11.913340454962402,72.88949418599474,19.082920492507732
277960,2111340,11.112321257348508,72.88968417466795,19.082922668684354
277980,2111340,10.286458389607517,72.88987416336698,19.082924844665396
278000,2111340,9.526938011057329,72.89006415209184,19.082927020450857
278020,2111340,8.889506231997043,72.89025414084252,19.08292919604073
278040,2111340,8.356742483950407,72.890444129619,19.082931371435023
278060,2111340,7.907702585764388,72.89063411842129,19.082933546633733
278080,2111340,7.5242623981548755,72.8908241072494,19.082935721636854
278100,2111340,7.191014204399181,72.89101409610332,19.08293789644439
278120,2111340,6.8953794929897745,72.89120408498303,19.082940071056345
278140,2111340,6.627204238693853,72.89139407388855,19.082942245472715
278160,2111340,6.378286907693242,72.89158406281986,19.082944419693497
278180,2111340,6.16298303616096,72.89177405177699,19.0829465937187
276620,2111360,5.759160952352862,72.87695268813492,19.08295705977762
276640,2111360,5.290946449663524,72.87714267530454,19.082959248884798
276660,2111360,4.7339274947186105,72.87733266250014,19.082961437796396
276680,2111360,4.16063338201584,72.8775226497217,19.082963626512417
276700,2111360,3.653465924838618,72.87771263696922,19.082965815032857
276720,2111360,3.3598492874073944,72.87790262424272,19.08296800335772
276740,2111360,3.364098619957284,72.87809261154217,19.082970191487004
276760,2111360,3.4572847021036632,72.8782825988676,19.082972379420706
276780,2111360,3.520712042544955,72.87847258621899,19.082974567158832
276800,2111360,3.5631940782313847,72.87866257359633,19.082976754701384
276820,2111360,3.62226942576913,72.87885256099963,19.08297894204835
276840,2111360,3.7291219868146284,72.87904254842887,19.082981129199744
276860,2111360,3.909226204190679,72.87923253588407,19.082983316155552
276880,2111360,4.196219344806044,72.87942252336522,19.082985502915783
276900,2111360,4.633023495915279,72.8796125108723,19.082987689480436
276920,2111360,5.241257597445271,72.87980249840535,19.082989875849506
276940,2111360,5.972057020921257,72.87999248596434,19.082992062023003
276960,2111360,6.688957169390241,72.88018247354925,19.082994248000915
276980,2111360,7.193570510674865,72.8803724611601,19.082996433783247
277000,2111360,7.252402651236812,72.8805624487969,19.082998619369995
277020,2111360,6.796378103559844,72.88075243645962,19.08300080476117
277040,2111360,6.117608213208432,72.88094242414826,19.08300298995676
277060,2111360,5.4788297731550575,72.88113241186284,19.083005174956774
277080,2111360,5.010181754900052,72.88132239960335,19.083007359761204
277100,2111360,4.722632763676556,72.88151238736977,19.083009544370054
277120,2111360,4.56764774899189,72.8817023751621,19.083011728783326
277140,2111360,4.498448528140732,72.88189236298038,19.08301391300101
277160,2111360,4.491527999985227,72.88208235082456,19.08301609702312
277180,2111360,4.515682910847586,72.88227233869465,19.083018280849647
277200,2111360,4.5063744321562185,72.88246232659066,19.083020464480594
277220,2111360,4.437306310962001,72.88265231451255,19.083022647915957
277240,2111360,4.360345353087064,72.88284230246038,19.083024831155743
277260,2111360,4.352742100442186,72.8830322904341,19.08302701419994
277280,2111360,4.505824432632662,72.88322227843373,19.083029197048564
277300,2111360,4.806844729453634,72.88341226645925,19.083031379701602
277320,2111360,5.128071370453753,72.88360225451068,19.083033562159052
277340,2111360,5.408196406593896,72.883792242588,19.083035744420926
277360,2111360,5.607931017430948,72.88398223069119,19.08303792648722
277380,2111360,5.702903404212225,72.8841722188203,19.083040108357928
277400,2111360,5.685211713274947,72.88436220697528,19.083042290033056
277420,2111360,5.569745811687408,72.88455219515616,19.083044471512604
277440,2111360,5.4024974304563695,72.88474218336292,19.08304665279656
277460,2111360,5.26507777149514,72.88493217159555,19.08304883388494
277480,2111360,5.266756064505776,72.88512215985406,19.08305101477774
277500,2111360,5.503804951761647,72.88531214813847,19.083053195474953
277520,2111360,5.9858506647632925,72.88550213644874,19.083055375976585
277540,2111360,6.65196954882125,72.88569212478487,19.083057556282633
277560,2111360,7.413646089315176,72.88588211314686,19.083059736393096
277580,2111360,8.18081336865226,72.88607210153474,19.083061916307972
277600,2111360,8.882785733306566,72.88626208994847,19.08306409602727
277620,2111360,9.486317205652023,72.88645207838807,19.083066275550987
277640,2111360,9.996326248795295,72.88664206685354,19.08306845487912
277660,2111360,10.438297591753372,72.88683205534485,19.083070634011662
277680,2111360,10.840132877521054,72.88702204386203,19.083072812948622
277700,2111360,11.223087463054268,72.88721203240506,19.083074991690008
277720,2111360,11.599362661193325,72.88740202097394,19.083077170235796
277740,2111360,11.97248417507759,72.88759200956866,19.083079348586004
277760,2111360,12.33846087397757,72.88778199818924,19.083081526740628
277780,2111360,12.686807700745323,72.88797198683565,19.08308370469967
277800,2111360,13.001104512717014,72.88816197550791,19.083085882463127
277820,2111360,13.259216322597092,72.88835196420601,19.083088060031
277840,2111360,13.433603703691386,72.88854195292994,19.083090237403283
277860,2111360,13.492482725965395,72.88873194167971,19.083092414579987
277880,2111360,13.40326937211762,72.88892193045531,19.0830945915611
277900,2111360,13.140399851680359,72.88911191925675,19.083096768346632
277920,2111360,12.697886642075083,72.88930190808401,19.08309894493658
277940,2111360,12.100492669903423,72.88949189693709,19.083101121330937
277960,2111360,11.40318637513168,72.88968188581599,19.08310329752971
277980,2111360,10.677335426033414,72.88987187472073,19.0831054735329
278000,2111360,9.992320456432743,72.89006186365125,19.083107649340505
278020,2111360,9.392601590948606,72.89025185260762,19.083109824952523
278040,2111360,8.882309886056811,72.8904418415898,19.083112000368953
278060,2111360,8.44728163216205,72.89063183059778,19.0831141755898
278080,2111360,8.071747971687463,72.89082181963158,19.08311635061506
278100,2111360,7.742235621286377,72.89101180869118,19.08311852544473
278120,2111360,7.44768231183073,72.89120179777659,19.083120700078812
278140,2111360,7.178867740153005,72.89139178688781,19.08312287451731
278160,2111360,6.927974745554342,72.89158177602481,19.083125048760223
278180,2111360,6.68838687100247,72.89177176518761,19.08312722280755
276620,2111380,5.475400020708563,72.87695038547609,19.083137687130872
276640,2111380,5.0299548907322364,72.8771403728514,19.083139876260326
276660,2111380,4.498038720334257,72.87733036025267,19.083142065194203
276680,2111380,3.958646695388766,72.87752034767992,19.0831442539325
276700,2111380,3.4845755266443,72.87771033513313,19.08314644247521
276720,2111380,3.234204631454816,72.87790032261232,19.083148630822343
276740,2111380,3.26613542195782,72.87809031011746,19.0831508189739
276760,2111380,3.4092636240276497,72.87828029764856,19.08315300692987
276780,2111380,3.5517712742524923,72.87847028520564,19.08315519469026
276800,2111380,3.670140920500563,72.87866027278866,19.083157382255074
276820,2111380,3.775766745457208,72.87885026039764,19.083159569624303
276840,2111380,3.881219104962465,72.87904024803257,19.083161756797956
276860,2111380,4.002715886143024,72.87923023569346,19.083163943776015
276880,2111380,4.187415322550909,72.87942022338028,19.08316613055851
276900,2111380,4.525447137518467,72.87961021109307,19.08316831714541
276920,2111380,5.104882607293371,72.87980019883179,19.083170503536735
276940,2111380,5.898912626822876,72.87999018659646,19.083172689732475
276960,2111380,6.728259660891905,72.88018017438706,19.08317487573264
276980,2111380,7.346049803023788,72.88037016220359,19.083177061537217
277000,2111380,7.498408390319037,72.88056015004608,19.083179247146212
277020,2111380,7.074990762234467,72.88075013791448,19.083181432559627
277040,2111380,6.3710794746824,72.8809401258088,19.083183617777454
277060,2111380,5.716012779879794,72.88113011372907,19.083185802799704
277080,2111380,5.277805497008526,72.88132010167526,19.08318798762637
277100,2111380,5.047814097121606,72.88151008964736,19.083190172257453
277120,2111380,4.93989296260946,72.8817000776454,19.083192356692955
277140,2111380,4.88983372689514,72.88189006566935,19.083194540932872
277160,2111380,4.871016306666361,72.8820800537192,19.08319672497721
277180,2111380,4.859800802197392,72.882270041795,19.083198908825963
277200,2111380,4.813420796392654,72.88246002989668,19.083201092479133
277220,2111380,4.677795606018712,72.88265001802428,19.083203275936718
277240,2111380,4.545066376881383,72.8828400061778,19.083205459198723
277260,2111380,4.503142290390148,72.8830299943572,19.08320764226514
277280,2111380,4.604258493890091,72.88321998256251,19.083209825135974
277300,2111380,4.822833705326324,72.88340997079372,19.083212007811227
277320,2111380,5.066883132990062,72.88359995905084,19.083214190290896
277340,2111380,5.275998848514205,72.88378994733384,19.08321637257497
277360,2111380,5.414922322385093,72.88397993564273,19.08321855466347
277380,2111380,5.46527128667408,72.88416992397752,19.083220736556388
277400,2111380,5.426810164558068,72.8843599123382,19.08322291825372
277420,2111380,5.322758125452686,72.88454990072476,19.083225099755467
277440,2111380,5.205936364443488,72.8847398891372,19.083227281061628
277460,2111380,5.162834855457702,72.88492987757553,19.083229462172206
277480,2111380,5.3121978324589065,72.88511986603973,19.0832316430872
277500,2111380,5.748275396722164,72.88530985452981,19.083233823806605
277520,2111380,6.438840739443018,72.88549984304576,19.083236004330427
277540,2111380,7.297050953870182,72.8856898315876,19.083238184658665
277560,2111380,8.223033642632785,72.88587982015528,19.083240364791315
277580,2111380,9.107235565901526,72.88606980874884,19.083242544728382
277600,2111380,9.85604594385765,72.88625979736828,19.08324472446986
277620,2111380,10.435454096798694,72.88644978601357,19.08324690401576
277640,2111380,10.876312669755734,72.88663977468471,19.083249083366066
277660,2111380,11.231575462781782,72.88682976338173,19.083251262520793
277680,2111380,11.54472478255983,72.88701975210458,19.08325344147993
277700,2111380,11.843016717369569,72.88720974085331,19.083255620243477
277720,2111380,12.139798261056136,72.88739972962787,19.08325779881145
277740,2111380,12.437774779145903,72.88758971842829,19.08325997718383
277760,2111380,12.731540083846767,72.88777970725455,19.083262155360618
277780,2111380,13.009322784455247,72.88796969610667,19.083264333341827
277800,2111380,13.254159074890392,72.8881596849846,19.083266511127444
277820,2111380,13.44480397997429,72.88834967388838,19.08326868871748
277840,2111380,13.556836044641901,72.88853966281802,19.083270866111924
277860,2111380,13.564612433995055,72.88872965177347,19.083273043310783
277880,2111380,13.444917642415836,72.88891964075476,19.083275220314057
277900,2111380,13.182876275858778,72.88910962976189,19.083277397121744
277920,2111380,12.779168699924242,72.88929961879484,19.083279573733837
277940,2111380,12.255040585287459,72.88948960785362,19.08328175015035
277960,2111380,11.650982152989926,72.88967959693821,19.083283926371266
277980,2111380,11.0185533275313,72.88986958604863,19.083286102396603
278000,2111380,10.408840723344415,72.89005957518486,19.08328827822635
278020,2111380,9.860470710739095,72.89024956434692,19.08329045386051
278040,2111380,9.386226248804443,72.89043955353478,19.08329262929908
278060,2111380,8.975630237211632,72.89062954274847,19.083294804542067
278080,2111380,8.615588051825405,72.89081953198794,19.083296979589456
278100,2111380,8.295607200364703,72.89100952125325,19.083299154441267
278120,2111380,8.006857233213267,72.89119951054434,19.08330132909748
278140,2111380,7.741437588631358,72.89138949986125,19.08330350355811
278160,2111380,7.492087324902018,72.89157948920395,19.083305677823155
278180,2111380,7.252163494557818,72.89176947857244,19.083307851892606
278200,2111380,7.015863532773864,72.89195946796674,19.083310025766465
276620,2111400,5.099268689180487,72.8769480827913,19.08331831448032
276640,2111400,4.77099080042666,72.8771380703723,19.083320503632052
276660,2111400,4.376868356039948,72.87732805797926,19.083322692588204
276680,2111400,3.9602155703596953,72.87751804561218,19.08332488134878
276700,2111400,3.599770045727742,72.87770803327108,19.083327069913764
276720,2111400,3.4097712722386646,72.87789802095594,19.08332925828317
276740,2111400,3.431924056307098,72.87808800866678,19.083331446456988
276760,2111400,3.5653376884762,72.87827799640357,19.08333363443523
276780,2111400,3.7154148566195206,72.87846798416633,19.083335822217887
276800,2111400,3.853576552652433,72.87865797195504,19.083338009804965
276820,2111400,3.976636226415983,72.8788479597697,19.083340197196456
276840,2111400,4.071849517036985,72.87903794761031,19.083342384392363
276860,2111400,4.122358672585042,72.87922793547689,19.08334457139269
276880,2111400,4.170090205465572,72.8794179233694,19.083346758197425
276900,2111400,4.357922822848363,72.87960791128788,19.08334894480659
276920,2111400,4.879124454374426,72.87979789923229,19.083351131220162
276940,2111400,5.747098940079126,72.87998788720263,19.083353317438156
276960,2111400,6.700541299054345,72.88017787519892,19.08335550346056
276980,2111400,7.435642359735698,72.88036786322115,19.083357689287386
277000,2111400,7.65406055099095,72.88055785126932,19.083359874918624
277020,2111400,7.201993761856316,72.8807478393434,19.083362060354276
277040,2111400,6.409053058568488,72.88093782744343,19.08336424559435
277060,2111400,5.730253264703164,72.88112781556939,19.083366430638833
277080,2111400,5.385798546933229,72.88131780372126,19.08336861548774
277100,2111400,5.2900334600579,72.88150779189905,19.083370800141054
277120,2111400,5.271855285809761,72.88169778010278,19.08337298459879
277140,2111400,5.254037261808632,72.8818877683324,19.08337516886093
277160,2111400,5.228689764424336,72.88207775658798,19.083377352927496
277180,2111400,5.192731730464424,72.88226774486944,19.083379536798475
277200,2111400,5.117676171408776,72.8824577331768,19.083381720473866
277220,2111400,4.964579280808657,72.88264772151011,19.083383903953674
277240,2111400,4.830008727247548,72.8828377098693,19.083386087237898
277260,2111400,4.792610940820948,72.8830276982544,19.083388270326534
277280,2111400,4.85837736279114,72.8832176866654,19.083390453219582
277300,2111400,4.995361761962462,72.8834076751023,19.08339263591705
277320,2111400,5.152735199533882,72.8835976635651,19.083394818418927
277340,2111400,5.286560272020182,72.8837876520538,19.08339700072522
277360,2111400,5.366586081696074,72.88397764056838,19.083399182835926
277380,2111400,5.376950606160404,72.88416762910886,19.083401364751044
277400,2111400,5.3201159571217005,72.88435761767522,19.083403546470585
277420,2111400,5.222219990025877,72.88454760626747,19.08340572799453
277440,2111400,5.138674446691279,72.8847375948856,19.083407909322887
277460,2111400,5.158958958994818,72.88492758352963,19.083410090455665
277480,2111400,5.411141130006326,72.8851175721995,19.083412271392856
277500,2111400,6.003534593401384,72.88530756089528,19.083414452134456
277520,2111400,6.860788076905472,72.88549754961694,19.083416632680468
277540,2111400,7.880512637299055,72.88568753836445,19.083418813030892
277560,2111400,8.956604042823564,72.88587752713784,19.083420993185737
277580,2111400,9.955326628150068,72.88606751593709,19.083423173144986
277600,2111400,10.734330871572697,72.88625750476221,19.08342535290865
277620,2111400,11.254282946890209,72.88644749361319,19.083427532476733
277640,2111400,11.599065357046154,72.88663748249003,19.083429711849217
277660,2111400,11.856943110732262,72.88682747139272,19.083431891026116
277680,2111400,12.08175313325721,72.88701746032129,19.083434070007435
277700,2111400,12.30157886414606,72.88720744927569,19.083436248793156
277720,2111400,12.527948680872562,72.88739743825596,19.083438427383296
277740,2111400,12.761296877875346,72.88758742726206,19.083440605777845
277760,2111400,12.994248213127676,72.88777741629401,19.083442783976807
277780,2111400,13.213767476559442,72.88796740535182,19.08344496198018
277800,2111400,13.402721824231396,72.88815739443545,19.08344713978796
277820,2111400,13.54123065923207,72.88834738354494,19.083449317400156
277840,2111400,13.608180322654128,72.88853737268026,19.083451494816757
277860,2111400,13.583337175548884,72.88872736184142,19.083453672037773
277880,2111400,13.450443728588256,72.8889173510284,19.083455849063206
277900,2111400,13.201275895534101,72.88910734024121,19.083458025893044
277920,2111400,12.839714535689058,72.88929732947986,19.08346020252729
277940,2111400,12.383877533538172,72.88948731874432,19.08346237896595
277960,2111400,11.864404889484117,72.8896773080346,19.083464555209027
277980,2111400,11.318703811822012,72.88986729735072,19.083466731256507
278000,2111400,10.78362914008146,72.89005728669265,19.083468907108394
278020,2111400,10.293871066834,72.8902472760604,19.083471082764696
278040,2111400,9.86728736445627,72.89043726545395,19.08347325822541
278060,2111400,9.488883462644687,72.89062725487334,19.08347543349053
278080,2111400,9.150172641151762,72.89081724431851,19.083477608560056
278100,2111400,8.8448598249416,72.89100723378951,19.083479783433997
278120,2111400,8.566713453047775,72.89119722328631,19.083481958112348
278140,2111400,8.30924229057701,72.8913872128089,19.08348413259511
278160,2111400,8.065755227513941,72.8915772023573,19.08348630688228
278180,2111400,7.829480686140542,72.89176719193149,19.083488480973855
278200,2111400,7.593950745402347,72.89195718153148,19.08349065486984
278220,2111400,7.353797236305379,72.89214717115726,19.083492828570236
276620,2111420,4.730618911749518,72.87694578008053,19.08349894182596
276640,2111420,4.594711859436702,72.8771357678672,19.083501130999977
276660,2111420,4.3918468174203404,72.87732575567985,19.083503319978405
276680,2111420,4.115390494853081,72.87751574351846,19.083505508761252
276700,2111420,3.863559822133084,72.87770573138306,19.083507697348512
276720,2111420,3.732094998707458,72.87789571927361,19.08350988574019
276740,2111420,3.7466972004050145,72.87808570719014,19.083512073936276
276760,2111420,3.8458669360481217,72.87827569513261,19.083514261936788
276780,2111420,3.956124460599842,72.87846568310106,19.083516449741712
276800,2111420,4.071322934476035,72.87865567109546,19.083518637351045
276820,2111420,4.193071245523152,72.87884565911581,19.0835208247648
276840,2111420,4.290651750431849,72.87903564716211,19.08352301198297
276860,2111420,4.288558596914772,72.87922563523438,19.08352519900555
276880,2111420,4.1950047023300705,72.87941562333259,19.08352738583255
276900,2111420,4.231603112760661,72.87960561145674,19.08352957246396
276920,2111420,4.6868650052175775,72.87979559960685,19.083531758899785
276940,2111420,5.611039259139812,72.87998558778288,19.083533945140026
276960,2111420,6.68867100991907,72.88017557598485,19.08353613118468
276980,2111420,7.547079235498995,72.88036556421278,19.08353831703375
277000,2111420,7.824922804220794,72.88055555246663,19.08354050268723
277020,2111420,7.285576141760037,72.8807455407464,19.08354268814513
277040,2111420,6.295518334066386,72.88093552905212,19.083544873407437
277060,2111420,5.5531398323001575,72.88112551738377,19.083547058474164
277080,2111420,5.3589929354275085,72.88131550574133,19.0835492433453
277100,2111420,5.454429419173753,72.88150549412482,19.083551428020854
277120,2111420,5.549873671337957,72.88169548253424,19.08355361250082
277140,2111420,5.583193435079707,72.88188547096956,19.0835557967852
277160,2111420,5.581848908717278,72.8820754594308,19.08355798087398
277180,2111420,5.564395079773445,72.88226544791797,19.083560164767185
277200,2111420,5.525571289978708,72.88245543643104,19.083562348464806
277220,2111420,5.400128309088222,72.88264542497001,19.08356453196683
277240,2111420,5.2527763207041325,72.8828354135349,19.083566715273275
277260,2111420,5.199331538777886,72.8830254021257,19.083568898384122
277280,2111420,5.214797568925329,72.8832153907424,19.08357108129939
277300,2111420,5.272448633024771,72.88340537938497,19.083573264019073
277320,2111420,5.3460562790214095,72.88359536805346,19.08357544654316
277340,2111420,5.411500366752231,72.88378535674786,19.083577628871666
277360,2111420,5.44305763417125,72.88397534546813,19.083579811004583
277380,2111420,5.4241686865383105,72.8841653342143,19.0835819929419
277400,2111420,5.356384809849613,72.88435532298637,19.08358417468364
277420,2111420,5.265219567057841,72.8845453117843,19.083586356229794
277440,2111420,5.205364482133617,72.88473530060813,19.083588537580354
277460,2111420,5.269994241601689,72.88492528945784,19.083590718735326
277480,2111420,5.598633010039943,72.88511527833343,19.083592899694708
277500,2111420,6.275087565340977,72.8853052672349,19.0835950804585
277520,2111420,7.222388096071603,72.88549525616223,19.08359726102671
277540,2111420,8.338374366079302,72.88568524511544,19.083599441399326
277560,2111420,9.51971725648672,72.88587523409451,19.083601621576356
277580,2111420,10.62507435523111,72.88606522309946,19.083603801557793
277600,2111420,11.418465930919563,72.88625521213027,19.08360598134364
277620,2111420,11.83759361016649,72.88644520118694,19.083608160933895
277640,2111420,12.080034388385677,72.88663519026949,19.083610340328566
277660,2111420,12.254129977982402,72.8868251793779,19.083612519527648
277680,2111420,12.41028781823223,72.88701516851214,19.083614698531132
277700,2111420,12.572243303533497,72.88720515767223,19.083616877339033
277720,2111420,12.748116386359177,72.8873951468582,19.083619055951345
277740,2111420,12.935758525873222,72.88758513607,19.083621234368064
277760,2111420,13.125985219526678,72.88777512530764,19.083623412589194
277780,2111420,13.304849908852013,72.88796511457114,19.08362559061473
277800,2111420,13.455446703164098,72.88815510386047,19.083627768444675
277820,2111420,13.559518042487191,72.88834509317564,19.083629946079036
277840,2111420,13.599097660028121,72.88853508251665,19.0836321235178
277860,2111420,13.558425624089441,72.8887250718835,19.083634300760973
277880,2111420,13.42629666550177,72.8889150612762,19.08363647780856
277900,2111420,13.198706875618452,72.8891050506947,19.08363865466055
277920,2111420,12.881151614856147,72.88929504013903,19.083640831316952
277940,2111420,12.489473269220742,72.8894850296092,19.08364300777776
277960,2111420,12.048197381416816,72.8896750191052,19.08364518404298
277980,2111420,11.586123937345842,72.889865008627,19.083647360112607
278000,2111420,11.130859663421385,72.89005499817462,19.08364953598664
278020,2111420,10.707552456254302,72.89024498774806,19.08365171166508
278040,2111420,10.328305310031457,72.89043497734733,19.083653887147936
278060,2111420,9.983596163372015,72.8906249669724,19.083656062435193
278080,2111420,9.669619676557945,72.89081495662327,19.083658237526855
278100,2111420,9.38353593740974,72.89100494629996,19.083660412422933
278120,2111420,9.12097327444084,72.89119493600246,19.083662587123417
278140,2111420,8.87650163646504,72.89138492573075,19.083664761628306
278160,2111420,8.643965206982989,72.89157491548484,19.0836669359376
278180,2111420,8.416356914640712,72.89176490526474,19.083669110051304
278200,2111420,8.186121632419663,72.89195489507043,19.083671283969416
278220,2111420,7.946427610110094,72.8921448849019,19.083673457691933
278240,2111420,7.692954270286701,72.89233487475917,19.083675631218856
276620,2111440,4.68811928454278,72.87694347734379,19.083679569167803
276640,2111440,4.677377823720731,72.87713346533614,19.083681758364094
276660,2111440,4.569732961150827,72.87732345335448,19.0836839473648
276680,2111440,4.359172530514291,72.87751344139879,19.08368613616992
276700,2111440,4.162832455830185,72.87770342946907,19.08368832477946
276720,2111440,4.0613469123111,72.87789341756532,19.083690513193403
276740,2111440,4.0714177543624395,72.87808340568752,19.083692701411767
276760,2111440,4.139058651289652,72.8782733938357,19.08369488943454
276780,2111440,4.186821928923951,72.87846338200983,19.08369707726173
276800,2111440,4.251295379999873,72.87865337020992,19.08369926489333
276820,2111440,4.349841978969691,72.87884335843597,19.083701452329347
276840,2111440,4.454658056995898,72.87903334668796,19.08370363956977
276860,2111440,4.433263817546338,72.87922333496591,19.083705826614615
276880,2111440,4.2616912543981815,72.87941332326982,19.083708013463863
276900,2111440,4.224417084651442,72.87960331159965,19.08371020011753
276920,2111440,4.637532050885855,72.87979329995545,19.083712386575606
276940,2111440,5.585164005964227,72.87998328833719,19.083714572838094
276960,2111440,6.761156041318413,72.88017327674486,19.083716758905002
276980,2111440,7.732289994552974,72.88036326517846,19.08371894477631
277000,2111440,8.114051918875404,72.88055325363801,19.083721130452037
277020,2111440,7.480405735489766,72.88074324212349,19.083723315932176
277040,2111440,6.222769728258642,72.8809332306349,19.083725501216726
277060,2111440,5.417215317842125,72.88112321917222,19.08372768630569
277080,2111440,5.32344707578319,72.88131320773549,19.08372987119906
277100,2111440,5.53499061026171,72.88150319632467,19.083732055896846
277120,2111440,5.732207429947049,72.88169318493976,19.083734240399043
277140,2111440,5.8544396782704435,72.88188317358079,19.08373642470565
277160,2111440,5.940936737563178,72.88207316224772,19.083738608816667
277180,2111440,6.022145523802113,72.88226315094057,19.083740792732094
277200,2111440,6.083565262560185,72.88245313965933,19.083742976451934
277220,2111440,6.030223830918775,72.88264312840401,19.083745159976182
277240,2111440,5.858879836436061,72.8828331171746,19.083747343304847
277260,2111440,5.700544168612192,72.88302310597109,19.08374952643792
277280,2111440,5.616497782602639,72.88321309479348,19.083751709375402
277300,2111440,5.584988333418082,72.88340308364177,19.083753892117294
277320,2111440,5.584577160405764,72.88359307251594,19.083756074663597
277340,2111440,5.601669086699839,72.88378306141603,19.083758257014303
277360,2111440,5.605780739981857,72.883973050342,19.083760439169428
277380,2111440,5.576184181484921,72.88416303929387,19.083762621128958
277400,2111440,5.511219609265968,72.88435302827162,19.0837648028929
277420,2111440,5.434734456486296,72.88454301727525,19.083766984461253
277440,2111440,5.396336718652304,72.88473300630477,19.083769165834013
277460,2111440,5.48020790188362,72.88492299536017,19.083771347011183
277480,2111440,5.831198219852818,72.88511298444146,19.083773527992758
277500,2111440,6.53100501132313,72.88530297354862,19.08377570877875
277520,2111440,7.48513903990714,72.88549296268165,19.083777889369145
277540,2111440,8.601730383442304,72.88568295184056,19.083780069763954
277560,2111440,9.786002856852443,72.88587294102533,19.083782249963168
277580,2111440,10.906349332929441,72.88606293023597,19.083784429966794
277600,2111440,11.686256540045118,72.88625291947248,19.083786609774826
277620,2111440,12.042585480102705,72.88644290873485,19.083788789387267
277640,2111440,12.23920334590901,72.88663289802308,19.083790968804117
277660,2111440,12.37732731957966,72.88682288733717,19.08379314802537
277680,2111440,12.503877431808293,72.88701287667712,19.08379532705104
277700,2111440,12.640641707904305,72.88720286604293,19.083797505881112
277720,2111440,12.79419194046741,72.88739285543457,19.08379968451559
277740,2111440,12.961068142339526,72.88758284485208,19.08380186295448
277760,2111440,13.131153627201076,72.88777283429542,19.083804041197777
277780,2111440,13.290203090717037,72.88796282376462,19.083806219245478
277800,2111440,13.421937048664656,72.88815281325964,19.08380839709759
277820,2111440,13.509872039359202,72.88834280278051,19.08381057475411
277840,2111440,13.53896050026937,72.88853279232723,19.083812752215035
277860,2111440,13.497146627223465,72.88872278189979,19.08381492948037
277880,2111440,13.376966063747858,72.88891277149816,19.083817106550107
277900,2111440,13.177168068007273,72.88910276112236,19.083819283424255
277920,2111440,12.904048408265997,72.8892927507724,19.08382146010281
277940,2111440,12.571923699061111,72.88948274044826,19.08382363658577
277960,2111440,12.202037355649932,72.88967273014995,19.083825812873133
277980,2111440,11.819179370371907,72.88986271987746,19.083827988964902
278000,2111440,11.44568699316044,72.89005270963078,19.083830164861084
278020,2111440,11.093494158934684,72.89024269940992,19.08383234056167
278040,2111440,10.76187982451433,72.89043268921489,19.083834516066656
278060,2111440,10.451565378091287,72.89062267904565,19.083836691376053
278080,2111440,10.166129314391851,72.89081266890223,19.083838866489856
278100,2111440,9.90480528596494,72.89100265878461,19.083841041408068
278120,2111440,9.66351208126528,72.89119264869281,19.083843216130678
278140,2111440,9.437508238539007,72.8913826386268,19.083845390657704
278160,2111440,9.221590265907583,72.89157262858659,19.083847564989124
278180,2111440,9.00870565596489,72.89176261857217,19.083849739124958
278200,2111440,8.789611256793018,72.89195260858357,19.08385191306519
278220,2111440,8.554937313836021,72.89214259862075,19.08385408680983
278240,2111440,8.298518173948658,72.89233258868371,19.08385626035887
278260,2111440,8.044079525945754,72.89252257877247,19.083858433712326
276620,2111460,4.899307840441018,72.87694117458105,19.083860196505835
276640,2111460,4.95408965775168,72.87713116277911,19.08386238572441
276660,2111460,4.817171192091831,72.87732115100313,19.0838645747474
276680,2111460,4.5941011097418025,72.87751113925313,19.083866763574793
276700,2111460,4.413586736115284,72.87770112752911,19.0838689522066
276720,2111460,4.32311800463707,72.87789111583105,19.083871140642817
276740,2111460,4.316839974993153,72.87808110415895,19.083873328883445
276760,2111460,4.34516229858251,72.8782710925128,19.083875516928494
276780,2111460,4.340245270334467,72.87846108089265,19.083877704777947
276800,2111460,4.342979607009623,72.87865106929843,19.08387989243181
276820,2111460,4.385575379100952,72.87884105773017,19.08388207989008
276840,2111460,4.442977289782211,72.87903104618786,19.08388426715277
276860,2111460,4.416760677309938,72.8792210346715,19.083886454219872
276880,2111460,4.329054764945935,72.87941102318109,19.083888641091377
276900,2111460,4.397221421484014,72.87960101171664,19.083890827767295
276920,2111460,4.840895634087924,72.87979100027812,19.083893014247625
276940,2111460,5.76570348914908,72.87998098886555,19.08389520053236
276960,2111460,6.939099158799154,72.88017097747891,19.083897386621512
276980,2111460,7.9408638326549434,72.88036096611822,19.083899572515076
277000,2111460,8.371880936430204,72.88055095478346,19.08390175821304
277020,2111460,7.785741977351847,72.88074094347462,19.083903943715423
277040,2111460,6.522835896090227,72.88093093219173,19.08390612902221
277060,2111460,5.717545415197087,72.88112092093476,19.08390831413341
277080,2111460,5.5482743591041,72.88131090970371,19.08391049904902
277100,2111460,5.690546447681092,72.88150089849859,19.08391268376904
277120,2111460,5.900903696415119,72.8816908873194,19.083914868293466
277140,2111460,6.0910920735614225,72.8818808761661,19.083917052622297
277160,2111460,6.272888709385078,72.88207086503874,19.083919236755545
277180,2111460,6.463989294916477,72.88226085393728,19.0839214206932
277200,2111460,6.623868099430325,72.88245084286174,19.083923604435263
277220,2111460,6.646001998957413,72.88264083181211,19.083925787981737
277240,2111460,6.4449088798493985,72.8828308207884,19.083927971332617
277260,2111460,6.170079389305533,72.88302080979058,19.08393015448791
277280,2111460,5.956562850195536,72.88321079881865,19.083932337447603
277300,2111460,5.835385245392327,72.88340078787263,19.083934520211702
277320,2111460,5.791481783809701,72.88359077695252,19.08393670278022
277340,2111460,5.796634927754758,72.8837807660583,19.083938885153145
277360,2111460,5.802446295240141,72.88397075518996,19.083941067330475
277380,2111460,5.787864966969398,72.88416074434753,19.083943249312213
277400,2111460,5.743167619971773,72.88435073353098,19.08394543109836
277420,2111460,5.6958369089304135,72.88454072274031,19.08394761268891
277440,2111460,5.689645474662338,72.88473071197554,19.08394979408387
277460,2111460,5.791440750809759,72.88492070123664,19.083951975283238
277480,2111460,6.122028349664845,72.8851106905236,19.083954156287014
277500,2111460,6.759866427680864,72.88530067983648,19.0839563370952
277520,2111460,7.628346251412836,72.88549066917521,19.083958517707785
277540,2111460,8.644434445017406,72.8856806585398,19.08396069812478
277560,2111460,9.71201806664132,72.88587064793029,19.08396287834619
277580,2111460,10.69385966632348,72.88606063734662,19.083965058371994
277600,2111460,11.412849937014318,72.88625062678884,19.083967238202213
277620,2111460,11.825301262663714,72.8864406162569,19.083969417836833
277640,2111460,12.059908919931384,72.88663060575082,19.083971597275863
277660,2111460,12.220905311433803,72.88682059527062,19.0839737765193
277680,2111460,12.362787030281325,72.88701058481627,19.083975955567134
277700,2111460,12.510912699009928,72.88720057438776,19.083978134419386
277720,2111460,12.673164150054196,72.88739056398511,19.083980313076037
277740,2111460,12.846382604895037,72.8875805536083,19.083982491537096
277760,2111460,13.02047437836682,72.88777054325736,19.083984669802557
277780,2111460,13.181432862515287,72.88796053293225,19.08398684787243
277800,2111460,13.313862190432166,72.88815052263298,19.083989025746703
277820,2111460,13.403116627047869,72.88834051235956,19.083991203425388
277840,2111460,13.436914061454962,72.88853050211196,19.083993380908467
277860,2111460,13.406426172313575,72.88872049189021,19.08399555819596
277880,2111460,13.307111593872792,72.8889104816943,19.083997735287852
277900,2111460,13.139519082319481,72.8891004715242,19.083999912184158
277920,2111460,12.910041751369851,72.88929046137994,19.08400208888486
277940,2111460,12.631475479638558,72.8894804512615,19.08400426538997
277960,2111460,12.323018995119455,72.88967044116889,19.08400644169949
277980,2111460,12.008309541544513,72.8898604311021,19.084008617813407
278000,2111460,11.708863360072066,72.89005042106112,19.084010793731725
278020,2111460,11.429397940834804,72.89024041104597,19.084012969454456
278040,2111460,11.149499292567397,72.89043040105662,19.08401514498159
278060,2111460,10.879110197585367,72.8906203910931,19.08401732031312
278080,2111460,10.630752476700524,72.89081038115538,19.084019495449063
278100,2111460,10.402784523500653,72.89100037124345,19.084021670389404
278120,2111460,10.189411838332726,72.89119036135735,19.084023845134148
278140,2111460,9.98709081735694,72.89138035149705,19.084026019683296
278160,2111460,9.793381334702275,72.89157034166254,19.08402819403685
278180,2111460,9.602178232374673,72.89176033185385,19.084030368194806
278200,2111460,9.401634671034053,72.89195032207093,19.084032542157164
278220,2111460,9.177873880581423,72.89214031231381,19.084034715923924
278240,2111460,8.921563901290869,72.8923303025825,19.084036889495085
278260,2111460,8.631945066149646,72.89252029287695,19.084039062870655
276620,2111480,4.996749339106331,72.87693887179235,19.084040823840073
276640,2111480,5.0435813000996905,72.87712886019611,19.084043013080922
276660,2111480,4.914499736424198,72.87731884862582,19.084045202126184
276680,2111480,4.707821493484373,72.87750883708152,19.08404739097585
276700,2111480,4.560644957643396,72.87769882556319,19.084049579629937
276720,2111480,4.494209534449166,72.87788881407083,19.08405176808843
276740,2111480,4.48078727185335,72.87807880260442,19.084053956351326
276760,2111480,4.471489217656419,72.87826879116398,19.084056144418636
276780,2111480,4.426402988692435,72.8784587797495,19.084058332290354
276800,2111480,4.372334740605475,72.87864876836097,19.08406051996648
276820,2111480,4.347719774242584,72.87883875699842,19.084062707447018
276840,2111480,4.3552768006413825,72.8790287456618,19.084064894731966
276860,2111480,4.3735652852525195,72.87921873435114,19.08406708182132
276880,2111480,4.425578659726998,72.87940872306643,19.084069268715087
276900,2111480,4.639297233473494,72.87959871180767,19.084071455413255
276920,2111480,5.17319352801768,72.87978870057485,19.084073641915836
276940,2111480,6.073975807225081,72.87997868936797,19.08407582822283
276960,2111480,7.169609110058582,72.88016867818703,19.084078014334228
276980,2111480,8.13713167227791,72.88035866703203,19.084080200250025
277000,2111480,8.602479522447767,72.88054865590297,19.08408238597024
277020,2111480,8.204594640214006,72.88073864479985,19.084084571494866
277040,2111480,7.178283700032713,72.88092863372263,19.084086756823893
277060,2111480,6.356732587146905,72.88111862267137,19.08408894195733
277080,2111480,6.022387175193656,72.881308611646,19.08409112689517
277100,2111480,6.021984144795141,72.88149860064658,19.084093311637425
277120,2111480,6.1580745348658095,72.88168858967309,19.084095496184084
277140,2111480,6.332398730156402,72.8818785787255,19.084097680535148
277160,2111480,6.5420361514997065,72.88206856780384,19.08409986469062
277180,2111480,6.788021627463511,72.88225855690808,19.084102048650504
277200,2111480,6.995416977386023,72.88244854603823,19.08410423241479
277220,2111480,7.026527613974663,72.8826385351943,19.084106415983484
277240,2111480,6.817692516005875,72.88282852437628,19.084108599356586
277260,2111480,6.492762153852035,72.88301851358416,19.084110782534093
277280,2111480,6.185155469048233,72.88320850281795,19.084112965516006
277300,2111480,5.982970507183097,72.88339849207762,19.084115148302324
277320,2111480,5.916817103045544,72.88358848136319,19.08411733089305
277340,2111480,5.931291443940604,72.88377847067467,19.08411951328818
277360,2111480,5.972536992533577,72.88396846001204,19.084121695487724
277380,2111480,6.001925926156362,72.8841584493753,19.084123877491663
277400,2111480,5.993282967126834,72.88434843876445,19.08412605930001
277420,2111480,5.990522274671838,72.8845384281795,19.084128240912772
277440,2111480,6.030968125302986,72.88472841762041,19.084130422329928
277460,2111480,6.15211935460937,72.88491840708721,19.084132603551495
277480,2111480,6.429802579079956,72.8851083965799,19.084134784577472
277500,2111480,6.938491474852488,72.88529838609846,19.084136965407843
277520,2111480,7.651427240840573,72.88548837564288,19.084139146042624
277540,2111480,8.501133706873702,72.8856783652132,19.08414132648181
277560,2111480,9.396007875222748,72.88586835480936,19.084143506725397
277580,2111480,10.221747426764374,72.8860583444314,19.084145686773393
277600,2111480,10.87174652504995,72.88624833407931,19.084147866625795
277620,2111480,11.315898461466244,72.88643832375308,19.0841500462826
277640,2111480,11.610044406268036,72.88662831345272,19.084152225743807
277660,2111480,11.826994704466836,72.8868183031782,19.08415440500942
277680,2111480,12.017330687143469,72.88700829292955,19.084156584079434
277700,2111480,12.207408194464705,72.88719828270675,19.084158762953855
277720,2111480,12.406059415149858,72.8873882725098,19.08416094163268
277740,2111480,12.61064823322473,72.8875782623387,19.084163120115907
277760,2111480,12.811377808930708,72.88776825219345,19.08416529840354
277780,2111480,12.994554400393191,72.88795824207403,19.08416747649558
277800,2111480,13.145560488947064,72.88814823198048,19.084169654392014
277820,2111480,13.251510049312481,72.88833822191276,19.08417183209286
277840,2111480,13.30288474515081,72.88852821187088,19.084174009598105
277860,2111480,13.29394783079284,72.88871820185481,19.08417618690775
277880,2111480,13.222658856005122,72.8889081918646,19.084178364021806
277900,2111480,13.090727995267653,72.88909818190021,19.084180540940263
277920,2111480,12.903870724436993,72.88928817196164,19.084182717663115
277940,2111480,12.67237739875176,72.8894781620489,19.084184894190376
277960,2111480,12.412637112187438,72.889668152162,19.08418707052204
277980,2111480,12.14809537536039,72.88985814230091,19.084189246658106
278000,2111480,11.902826227875076,72.89004813246564,19.084191422598572
278020,2111480,11.684084864118944,72.89023812265619,19.08419359834344
278040,2111480,11.46799033555638,72.89042811287256,19.084195773892713
278060,2111480,11.25321334718459,72.89061810311472,19.08419794924638
278080,2111480,11.058188599953217,72.89080809338272,19.08420012440445
278100,2111480,10.875890896000037,72.8909980836765,19.084202299366936
278120,2111480,10.6968982399302,72.8911880739961,19.084204474133813
278140,2111480,10.521328615905482,72.8913780643415,19.08420664870509
278160,2111480,10.353851467747438,72.8915680547127,19.084208823080772
278180,2111480,10.191775034644524,72.8917580451097,19.084210997260854
278200,2111480,10.019065081550824,72.89194803553248,19.084213171245338
278220,2111480,9.813545032677212,72.89213802598107,19.084215345034224
278240,2111480,9.560805342155522,72.89232801645545,19.08421751862751
278260,2111480,9.260281798784003,72.89251800695563,19.084219692025197
278280,2111480,8.923421528283143,72.89270799748158,19.08422186522728
276620,2111500,4.914423866064899,72.87693656897767,19.084221451170503
276640,2111500,4.90864322117677,72.87712655758712,19.084223640433635
276660,2111500,4.8048397527077356,72.87731654622254,19.084225829501175
276680,2111500,4.671239004102512,72.87750653488392,19.084228018373118
276700,2111500,4.606572354453012,72.87769652357129,19.084230207049472
276720,2111500,4.600816105972397,72.87788651228462,19.084232395530236
276740,2111500,4.612855435798916,72.87807650102393,19.084234583815405
276760,2111500,4.601183020681807,72.87826648978918,19.084236771904983
276780,2111500,4.539528537442485,72.8784564785804,19.084238959798967
276800,2111500,4.441959488324052,72.87864646739757,19.08424114749736
276820,2111500,4.351801273804107,72.8788364562407,19.08424333500016
276840,2111500,4.337828377169261,72.8790264451098,19.084245522307366
276860,2111500,4.428058329292558,72.87921643400485,19.084247709418975
276880,2111500,4.596583268111759,72.87940642292583,19.084249896334995
276900,2111500,4.901404696870253,72.87959641187277,19.084252083055425
276920,2111500,5.4779802828627995,72.87978640084565,19.084254269580253
276940,2111500,6.346780807370464,72.87997638984446,19.08425645590949
276960,2111500,7.361740339628665,72.88016637886922,19.084258642043135
276980,2111500,8.287354948310831,72.88035636791992,19.08426082798119
277000,2111500,8.82402795152456,72.88054635699656,19.08426301372364
277020,2111500,8.631827217342327,72.88073634609913,19.084265199270508
277040,2111500,7.825163569278973,72.88092633522761,19.084267384621775
277060,2111500,7.029447280046506,72.88111632438205,19.08426956977745
277080,2111500,6.592086455761397,72.88130631356239,19.08427175473753
277100,2111500,6.475002631784939,72.88149630276867,19.084273939502012
277120,2111500,6.504493817246545,72.88168629200086,19.084276124070904
277140,2111500,6.590597662520657,72.88187628125898,19.084278308444205
277160,2111500,6.749478986509965,72.88206627054302,19.084280492621904
277180,2111500,6.985257987885614,72.88225625985295,19.08428267660401
277200,2111500,7.181977940723272,72.88244624918883,19.084284860390518
277220,2111500,7.198915647141417,72.88263623855059,19.084287043981433
277240,2111500,7.003941336448875,72.88282622793827,19.084289227376754
277260,2111500,6.686507016497593,72.88301621735184,19.08429141057648
277280,2111500,6.358544311923706,72.88320620679131,19.084293593580608
277300,2111500,6.118972641473254,72.8833961962567,19.08429577638914
277320,2111500,6.0147869405776015,72.88358618574799,19.084297959002082
277340,2111500,6.018066047601689,72.88377617526517,19.084300141419423
277360,2111500,6.077631251416247,72.88396616480823,19.084302323641165
277380,2111500,6.153218194439183,72.8841561543772,19.084304505667312
277400,2111500,6.197141366595153,72.88434614397205,19.084306687497868
277420,2111500,6.245392973401378,72.88453613359277,19.084308869132826
277440,2111500,6.33604547748027,72.8847261232394,19.084311050572186
277460,2111500,6.463456665319537,72.88491611291191,19.084313231815948
277480,2111500,6.662920665923004,72.88510610261028,19.08431541286412
277500,2111500,7.026543445954712,72.88529609233456,19.084317593716687
277520,2111500,7.5641227660569506,72.8854860820847,19.08431977437366
277540,2111500,8.230682079754374,72.8856760718607,19.084321954835037
277560,2111500,8.949461797313578,72.88586606166257,19.084324135100815
277580,2111500,9.63200859636889,72.88605605149031,19.084326315170994
277600,2111500,10.206818734840176,72.88624604134392,19.084328495045575
277620,2111500,10.65029078107735,72.8864360312234,19.084330674724566
277640,2111500,10.9881753017076,72.88662602112875,19.084332854207954
277660,2111500,11.265503368436397,72.88681601105993,19.084335033495744
277680,2111500,11.51947561177208,72.88700600101697,19.084337212587936
277700,2111500,11.770785890876867,72.887195990999885,19.084339391484534
277720,2111500,12.02586768808747,72.88738598100865,19.084341570185526
277740,2111500,12.28131068779933,72.88757597104325,19.084343748690927
277760,2111500,12.527154794334484,72.8877659611037,19.08434592700073
277780,2111500,12.74951436702561,72.88795595119,19.084348105114927
277800,2111500,12.93385484873637,72.88814594130213,19.084350283033537
277820,2111500,13.068742690792273,72.88833593144011,19.084352460756534
277840,2111500,13.147706618873617,72.88852592160393,19.084354638283937
277860,2111500,13.168355292228032,72.88871591179358,19.08435681561575
277880,2111500,13.13099747129418,72.88890590200907,19.08435899275196
277900,2111500,13.038128027173983,72.88909589225038,19.084361169692563
277920,2111500,12.89429670005449,72.88928588251753,19.084363346437573
277940,2111500,12.705916291213683,72.88947587281051,19.08436552298698
277960,2111500,12.483567545892447,72.8896658631293,19.0843676993408
277980,2111500,12.250288508704992,72.88985585347392,19.084369875499007
278000,2111500,12.037421012830077,72.89004584384436,19.084372051461617
278020,2111500,11.862708592048676,72.89023583424061,19.084374227228626
278040,2111500,11.713427356889786,72.89042582466267,19.084376402800036
278060,2111500,11.575095231350328,72.89061581511055,19.08437857817585
278080,2111500,11.454240503815289,72.89080580558425,19.08438075335606
278100,2111500,11.33047723880817,72.89099579608374,19.08438292834067
278120,2111500,11.18916616389761,72.89118578660904,19.08438510312968
278140,2111500,11.038550671244993,72.89137577716015,19.084387277723092
278160,2111500,10.897375514006361,72.89156576773705,19.084389452120902
278180,2111500,10.77120409821972,72.89175575833976,19.08439162632311
278200,2111500,10.637662668666072,72.89194574896825,19.084393800329714
278220,2111500,10.458630183687236,72.89213573962255,19.084395974140723
278240,2111500,10.212910881043118,72.89232573030263,19.084398147756133
278260,2111500,9.901634999355913,72.89251572100851,19.08440032117593
278280,2111500,9.540818060803634,72.89270571174018,19.084402494400134
278300,2111500,9.15712562006945,72.89289570249761,19.08440466742874
276620,2111520,4.7504433204474985,72.87693426613701,19.084402078497128
276640,2111520,4.712821219816741,72.87712425495216,19.084404267782535
276660,2111520,4.63040643722372,72.87731424379328,19.084406456872347
276680,2111520,4.573492518838729,72.87750423266037,19.084408645766572
276700,2111520,4.616272864747268,72.87769422155343,19.084410834465203
276720,2111520,4.695540787709912,72.87788421047247,19.08441302296823
276740,2111520,4.7643526773450535,72.87807419941745,19.084415211275676
276760,2111520,4.791845961669654,72.87826418838841,19.08441739938752
276780,2111520,4.7568081411002625,72.87845417738534,19.084419587303767
276800,2111520,4.6547417337908445,72.87864416640821,19.084421775024424
276820,2111520,4.515490138949136,72.87883415545706,19.08442396254949
276840,2111520,4.490573804751831,72.87902414453184,19.084426149878947
276860,2111520,4.667361367653655,72.87921413363257,19.08442833701282
276880,2111520,4.9050028697088575,72.87940412275927,19.084430523951095
276900,2111520,5.2298419633148505,72.87959411191191,19.084432710693775
276920,2111520,5.7689432232189235,72.8797841010905,19.08443489724086
276940,2111520,6.54838710441384,72.87997409029501,19.08443708359235
276960,2111520,7.458733314718875,72.88016407952547,19.08443926974824
276980,2111520,8.326985723427416,72.88035406878187,19.08444145570854
277000,2111520,8.911964300736258,72.8805440580642,19.084443641473236
277020,2111520,8.927720557988572,72.88073404737247,19.08444582704234
277040,2111520,8.347167258250558,72.88092403670666,19.084448012415848
277060,2111520,7.6521057832339165,72.8811140260668,19.08445019759376
277080,2111520,7.176783436546187,72.88130401545286,19.084452382576078
277100,2111520,6.970762131870672,72.88149400486482,19.08445456736279
277120,2111520,6.900959816904329,72.88168399430272,19.08445675195392
277140,2111520,6.889876161336147,72.88187398376655,19.084458936349442
277160,2111520,6.9577907306663285,72.88206397325628,19.084461120549374
277180,2111520,7.145675644048247,72.88225396277193,19.0844633045537
277200,2111520,7.289957155050072,72.8824439523135,19.08446548836244
277220,2111520,7.270948616769584,72.88263394188097,19.084467671975577
277240,2111520,7.089042052748835,72.88282393147435,19.084469855393113
277260,2111520,6.807981813163584,72.88301392109362,19.084472038615058
277280,2111520,6.509416358309585,72.88320391073881,19.084474221641404
277300,2111520,6.266380476974511,72.8833939004099,19.084476404472152
277320,2111520,6.141391464288585,72.88358389010688,19.0844785871073
277340,2111520,6.121755265597304,72.88377387982976,19.084480769546847
277360,2111520,6.161313261504324,72.88396386957854,19.084482951790804
277380,2111520,6.2438518352377255,72.88415385935319,19.084485133839156
277400,2111520,6.319262161735768,72.88434384915375,19.084487315691916
277420,2111520,6.4023673157072185,72.88453383898019,19.084489497349075
277440,2111520,6.513467328793155,72.88472382883252,19.084491678810632
277460,2111520,6.627192803407444,72.88491381871074,19.08449386007659
277480,2111520,6.769459038626919,72.88510380861482,19.084496041146956
277500,2111520,7.013970395273436,72.88529379854478,19.084498222021722
277520,2111520,7.394956674644657,72.88548378850062,19.08450040270089
277540,2111520,7.894449075757763,72.88567377848233,19.084502583184452
277560,2111520,8.455222648378793,72.88586376848993,19.08450476347242
277580,2111520,9.00938610683561,72.88605375852336,19.084506943564786
277600,2111520,9.504597894594124,72.88624374858267,19.084509123461554
277620,2111520,9.923940251940616,72.88643373866786,19.084511303162724
277640,2111520,10.283285317214952,72.8866237287789,19.084513482668292
277660,2111520,10.611477053916138,72.8868137189158,19.084515661978255
277680,2111520,10.931005591655243,72.88700370907856,19.08451784109263
277700,2111520,11.251669810367806,72.88719369926717,19.0845200200114
277720,2111520,11.573750162647253,72.88738368948162,19.08452219873457
277740,2111520,11.89165231614263,72.88757367972194,19.084524377262138
277760,2111520,12.194909673927432,72.8877636699881,19.084526555594106
277780,2111520,12.46869901926419,72.8879536602801,19.08452873373047
277800,2111520,12.696962361755372,72.88814365059795,19.084530911671237
277820,2111520,12.869012830811313,72.88833364094164,19.084533089416407
277840,2111520,12.982418761474317,72.88852363131116,19.084535266965972
277860,2111520,13.038792143449278,72.88871362170651,19.08453744431994
277880,2111520,13.040552452311342,72.88890361212772,19.084539621478296
277900,2111520,12.990592819795658,72.88909360257473,19.084541798441066
277920,2111520,12.892459506570303,72.88928359304758,19.08454397520822
277940,2111520,12.74919495235757,72.88947358354626,19.08454615177978
277960,2111520,12.560512380134645,72.88966357407077,19.084548328155737
277980,2111520,12.34724517911631,72.8898535646211,19.0845505043361
278000,2111520,12.155150020552266,72.89004355519724,19.084552680320854
278020,2111520,12.013025272836284,72.8902335457992,19.084554856110007
278040,2111520,11.925958434104762,72.89042353642697,19.08455703170356
278060,2111520,11.875277982931939,72.89061352708057,19.08455920710151
278080,2111520,11.839295881198886,72.89080351775996,19.084561382303857
278100,2111520,11.777983310057603,72.89099350846517,19.084563557310602
278120,2111520,11.67356696431617,72.89118349919617,19.084565732121746
278140,2111520,11.542563046077696,72.891373489953,19.084567906737284
278160,2111520,11.42122326504187,72.8915634807356,19.08457008115722
278180,2111520,11.332194825398322,72.89175347154402,19.084572255381556
278200,2111520,11.249756746442605,72.89194346237824,19.08457442941029
278220,2111520,11.103682058084713,72.89213345323823,19.084576603243416
278240,2111520,10.868655662232088,72.89232344412403,19.084578776880942
278260,2111520,10.549422768839372,72.89251343503561,19.084580950322866
278280,2111520,10.164589831731348,72.89270342597298,19.084583123569185
278300,2111520,9.749239981850785,72.89289341693615,19.0845852966199
278320,2111520,9.345168993074324,72.89308340792508,19.08458746947501
276620,2111540,4.576782807145108,72.87693196327038,19.084582705819944
276640,2111540,4.543486245988402,72.87712195229122,19.084584895127634
276660,2111540,4.515310566293711,72.87731194133805,19.08458708423973
276680,2111540,4.542215435160018,72.87750193041084,19.084589273156226
276700,2111540,4.662522851327546,72.8776919195096,19.08459146187713
276720,2111540,4.81698629785148,72.87788190863434,19.084593650402432
276740,2111540,4.955201698889582,72.87807189778505,19.08459583873214
276760,2111540,5.051588493788966,72.8782618869617,19.084598026866257
276780,2111540,5.090567759071692,72.87845187616432,19.08460021480477
276800,2111540,5.06282458240493,72.87864186539291,19.084602402547688
276820,2111540,4.981525664779368,72.87883185464744,19.08460459009501
276840,2111540,4.978540286376129,72.87902184392793,19.084606777446737
276860,2111540,5.156431883820167,72.87921183323436,19.084608964602868
276880,2111540,5.370240716973835,72.87940182256676,19.084611151563394
276900,2111540,5.637598732834451,72.8795918119251,19.084613338328328
276920,2111540,6.059545977979626,72.87978180130939,19.08461552489766
276940,2111540,6.682876648953567,72.87997179071962,19.084617711271402
276960,2111540,7.450443011884679,72.88016178015577,19.08461989744954
276980,2111540,8.233783842216079,72.88035176961789,19.084622083432084
277000,2111540,8.833263230842583,72.88054175910592,19.084624269219024
277020,2111540,8.995120794128983,72.8807317486199,19.084626454810376
277040,2111540,8.645396278969159,72.8809217381598,19.084628640206123
277060,2111540,8.120743323253729,72.88111172772562,19.084630825406276
277080,2111540,7.6835998616999035,72.88130171731738,19.084633010410823
277100,2111540,7.421660230602971,72.88149170693507,19.084635195219775
277120,2111540,7.2983635389420005,72.88168169657868,19.08463737983313
277140,2111540,7.265488335902452,72.8818716862482,19.08463956425088
277160,2111540,7.309385914167908,72.88206167594363,19.084641748473043
277180,2111540,7.390174581599389,72.88225166566498,19.0846439324996
277200,2111540,7.4120931612527645,72.88244165541225,19.084646116330557
277220,2111540,7.323632596287785,72.88263164518543,19.084648299965917
277240,2111540,7.135621785249473,72.88282163498452,19.084650483405678
277260,2111540,6.891809746525622,72.8830116248095,19.084652666649838
277280,2111540,6.6448970582694775,72.8832016146604,19.084654849698396
277300,2111540,6.440996230429233,72.88339160453718,19.084657032551362
277320,2111540,6.321007891128091,72.88358159443987,19.08465921520872
277340,2111540,6.273745904163581,72.88377158436846,19.084661397670484
277360,2111540,6.272268683319616,72.88396157432295,19.084663579936645
277380,2111540,6.312888915313855,72.88415156430332,19.084665762007205
277400,2111540,6.376572308470172,72.88434155430957,19.084667943882167
277420,2111540,6.460438042107736,72.88453154434173,19.084670125561527
277440,2111540,6.562309445974535,72.88472153439976,19.084672307045285
277460,2111540,6.665935453693113,72.88491152448367,19.084674488333444
277480,2111540,6.783178489415808,72.88510151459347,19.084676669426003
277500,2111540,6.951512952913507,72.88529150472912,19.084678850322963
277520,2111540,7.209761979892275,72.88548149489068,19.084681031024317
277540,2111540,7.561578574417809,72.8856714850781,19.08468321153007
277560,2111540,7.984838905737018,72.88586147529139,19.08468539184023
277580,2111540,8.422528565682528,72.88605146553056,19.084687571954788
277600,2111540,8.833954598766049,72.88624145579557,19.084689751873736
277620,2111540,9.210310042772551,72.88643144608646,19.084691931597085
277640,2111540,9.569961027608016,72.88662143640322,19.084694111124833
277660,2111540,9.935930499765325,72.88681142674582,19.08469629045698
277680,2111540,10.316478988133712,72.88700141711428,19.084698469593526
277700,2111540,10.705838183162754,72.8871914075086,19.084700648534465
277720,2111540,11.095420319049559,72.88738139792878,19.08470282727981
277740,2111540,11.477656508120901,72.8875713883748,19.084705005829548
277760,2111540,11.8425249836366,72.88776137884665,19.084707184183685
277780,2111540,12.174265968490277,72.88795136934436,19.084709362342217
277800,2111540,12.452302177203741,72.88814135986793,19.084711540305147
277820,2111540,12.664971955711936,72.88833135041732,19.08471371807248
277840,2111540,12.816898675772874,72.88852134099255,19.0847158956442
277860,2111540,12.91419805354369,72.88871133159363,19.084718073020326
277880,2111540,12.96039838038509,72.88890132222052,19.08472025020085
277900,2111540,12.95793210115507,72.88909131287326,19.08472242718576
277920,2111540,12.908996312648306,72.88928130355183,19.084724603975076
277940,2111540,12.814953345099308,72.88947129425621,19.08472678056879
277960,2111540,12.668724633246043,72.88966128498642,19.084728956966895
277980,2111540,12.488401762406244,72.88985127574246,19.08473113316939
278000,2111540,12.33100410152224,72.89004126652432,19.084733309176293
278020,2111540,12.222466555829286,72.89023125733198,19.08473548498759
278040,2111540,12.200779083628372,72.89042124816547,19.084737660603288
278060,2111540,12.222424608964097,72.89061123902478,19.08473983602337
278080,2111540,12.24750323636521,72.89080122990987,19.084742011247855
278100,2111540,12.233480232678893,72.8909912208208,19.084744186276733
278120,2111540,12.165728152652264,72.89118121175751,19.084746361110014
278140,2111540,12.057181143513937,72.89137120272004,19.084748535747675
278160,2111540,11.94192521945904,72.89156119370837,19.084750710189745
278180,2111540,11.869173802535615,72.8917511847225,19.084752884436206
278200,2111540,11.829671028533712,72.89194117576241,19.084755058487062
278220,2111540,11.72036512874415,72.89213116682814,19.084757232342312
278240,2111540,11.50748319600716,72.89232115791964,19.08475940600196
278260,2111540,11.191445144366085,72.89251114903693,19.084761579466
278280,2111540,10.789213758839567,72.89270114018002,19.08476375273444
278300,2111540,10.345153241219917,72.89289113134888,19.084765925807265
278320,2111540,9.91432705997525,72.89308112254353,19.08476809868449
278340,2111540,9.574867972451623,72.89327111376396,19.084770271366107
276620,2111560,4.4209776391337,72.87692966037777,19.08476333313896
276640,2111560,4.407183287627687,72.87711964960432,19.08476552246893
276660,2111560,4.433071561667785,72.87730963885686,19.084767711603305
276680,2111560,4.53780715637831,72.87749962813534,19.084769900542078
276700,2111560,4.731775937722964,72.87768961743981,19.084772089285252
276720,2111560,4.952475107467119,72.87787960677025,19.08477427783283
276740,2111560,5.167677847637991,72.87806959612665,19.084776466184806
276760,2111560,5.339031316493227,72.87825958550901,19.084778654341186
276780,2111560,5.47129513650378,72.87844957491734,19.084780842301964
276800,2111560,5.574688863256251,72.87863956435163,19.08478303006715
276820,2111560,5.624570318676042,72.87882955381187,19.084785217636732
276840,2111560,5.670787212733547,72.87901954329807,19.08478740501072
276860,2111560,5.765676693464168,72.87920953281022,19.084789592189107
276880,2111560,5.894270864285783,72.87939952234831,19.084791779171887
276900,2111560,6.0619497061575505,72.87958951191236,19.084793965959076
276920,2111560,6.331339385755784,72.87977950150234,19.084796152550666
276940,2111560,6.773141789919098,72.87996949111827,19.084798338946655
276960,2111560,7.377597416220958,72.88015948076016,19.084800525147042
276980,2111560,8.057740308190688,72.88034947042796,19.084802711151827
277000,2111560,8.629798738753045,72.8805394601217,19.084804896961018
277020,2111560,8.876514844234896,72.88072944984138,19.084807082574606
277040,2111560,8.734376233466646,72.880919439587,19.08480926799259
277060,2111560,8.381889271951934,72.88110942935853,19.084811453214982
277080,2111560,8.02216489839902,72.881299419156,19.08481363824177
277100,2111560,7.765970196190141,72.88148940897939,19.084815823072958
277120,2111560,7.636424101669574,72.8816793988287,19.084818007708538
277140,2111560,7.616385769991904,72.88186938870393,19.084820192148527
277160,2111560,7.661005629105558,72.88205937860506,19.08482237639291
277180,2111560,7.639930888103498,72.88224936853213,19.084824560441692
277200,2111560,7.5237744643528615,72.8824393584851,19.084826744294876
277220,2111560,7.355567580810836,72.88262934846398,19.084828927952458
277240,2111560,7.153459737326672,72.88281933846878,19.084831111414434
277260,2111560,6.943059358941557,72.88300932849948,19.084833294680816
277280,2111560,6.755813048153198,72.88319931855608,19.084835477751593
277300,2111560,6.618158599857839,72.88338930863857,19.084837660626768
277320,2111560,6.52328731562935,72.88357929874697,19.084839843306337
277340,2111560,6.436964628320452,72.88376928888127,19.08484202579031
277360,2111560,6.377530637139967,72.88395927904146,19.08484420807868
277380,2111560,6.362047390171314,72.88414926922755,19.084846390171446
277400,2111560,6.39080850723084,72.88433925943951,19.08484857206861
277420,2111560,6.457705625882319,72.88452924967736,19.084850753770176
277440,2111560,6.550623102819431,72.88471923994112,19.084852935276135
277460,2111560,6.654942967976972,72.88490923023073,19.08485511658649
277480,2111560,6.767308845713282,72.88509922054624,19.084857297701248
277500,2111560,6.900306272955918,72.8852892108876,19.084859478620398
277520,2111560,7.076096911278155,72.88547920125487,19.084861659343947
277540,2111560,7.309605636367414,72.885669191648,19.08486383987189
277560,2111560,7.60311148670271,72.885859182067,19.08486602020423
277580,2111560,7.933022523338861,72.88604917251187,19.08486820034097
277600,2111560,8.257282374602699,72.88623916298259,19.08487038028211
277620,2111560,8.574331879721587,72.8864291534792,19.08487256002764
277640,2111560,8.915027474348571,72.88661914400166,19.08487473957757
277660,2111560,9.307259149573365,72.88680913454998,19.084876918931897
277680,2111560,9.742655043645279,72.88699912512415,19.08487909809062
277700,2111560,10.192409084742664,72.88718911572418,19.084881277053732
277720,2111560,10.638755731649987,72.88737910635007,19.08488345582125
277740,2111560,11.07560442908751,72.88756909700179,19.084885634393157
277760,2111560,11.495390439423106,72.88775908767937,19.084887812769463
277780,2111560,11.883176708184454,72.88794907838279,19.084889990950163
277800,2111560,12.21190293632606,72.88813906911206,19.084892168935255
277820,2111560,12.46428448721247,72.88832905986716,19.084894346724745
277840,2111560,12.658638182360919,72.88851905064811,19.08489652431864
277860,2111560,12.802936779143288,72.8887090414549,19.084898701716916
277880,2111560,12.900238912667533,72.88889903228751,19.084900878919594
277900,2111560,12.951881686165475,72.88908902314596,19.08490305592666
277920,2111560,12.958275840541418,72.88927901403022,19.084905232738127
277940,2111560,12.918610971152791,72.88946900494032,19.084907409353992
277960,2111560,12.83522537927055,72.88965899587626,19.084909585774245
277980,2111560,12.732399743807733,72.88984898683799,19.084911761998892
278000,2111560,12.644943144848163,72.89003897782557,19.08491393802794
278020,2111560,12.604034461266513,72.89022896883894,19.084916113861375
278040,2111560,12.625838718089767,72.89041895987815,19.084918289499207
278060,2111560,12.685060170522682,72.89060895094316,19.084920464941433
278080,2111560,12.740888307442447,72.89079894203398,19.08492264018805
278100,2111560,12.758866157468631,72.89098893315062,19.084924815239066
278120,2111560,12.723539393251738,72.89117892429306,19.08492699009447
278140,2111560,12.640242029307151,72.89136891546129,19.084929164754275
278160,2111560,12.532450539033478,72.89155890665533,19.084931339218464
278180,2111560,12.449848071898122,72.89174889787516,19.084933513487055
278200,2111560,12.387810224907895,72.89193888912081,19.084935687560034
278220,2111560,12.284408009147047,72.89212888039224,19.08493786143741
278240,2111560,12.099598584749886,72.89231887168945,19.084940035119175
278260,2111560,11.806630615463508,72.89250886301247,19.084942208605334
278280,2111560,11.410919860595072,72.89269885436126,19.08494438189589
278300,2111560,10.949913990364998,72.89288884573584,19.084946554990832
278320,2111560,10.499134530051858,72.8930788371362,19.084948727890172
278340,2111560,10.140420769509806,72.89326882856234,19.0849509005939
276620,2111580,4.2883836289193065,72.8769273574592,19.08494396045418
276640,2111580,4.289118388436421,72.87711734689144,19.084946149806427
276660,2111580,4.344228287418247,72.87730733634967,19.084948338963073
276680,2111580,4.489636923474023,72.87749732583389,19.08495052792412
276700,2111580,4.741724313314911,72.87768731534406,19.08495271668958
276720,2111580,5.065888545660805,72.8778773048802,19.08495490525942
276740,2111580,5.379670853953879,72.8780672944423,19.08495709363367
276760,2111580,5.5863534577383644,72.87825728403038,19.084959281812317
276780,2111580,5.751418949119324,72.8784472736444,19.084961469795367
276800,2111580,5.964317831420513,72.87863726328439,19.084963657582815
276820,2111580,6.06834739430323,72.87882725295036,19.084965845174658
276840,2111580,6.064790130284955,72.87901724264225,19.084968032570902
276860,2111580,6.103126677811916,72.8792072323601,19.08497021977154
276880,2111580,6.265675917153555,72.87939722210392,19.08497240677659
276900,2111580,6.444136554557181,72.87958721187367,19.084974593586033
276920,2111580,6.609305780642814,72.87977720166936,19.084976780199867
276940,2111580,6.8954010149597496,72.879967191491,19.084978966618102
276960,2111580,7.358553395270525,72.88015718133857,19.08498115284074
276980,2111580,7.935355445198569,72.88034717121211,19.084983338867772
277000,2111580,8.4712251209565,72.88053716111155,19.084985524699206
277020,2111580,8.761733840538913,72.88072715103694,19.08498771033504
277040,2111580,8.7334310852546,72.88091714098826,19.084989895775266
277060,2111580,8.490926082753017,72.8811071309655,19.084992081019895
277080,2111580,8.197971690686854,72.88129712096868,19.08499426606891
277100,2111580,7.967618878734625,72.88148711099778,19.084996450922333
277120,2111580,7.843666656085418,72.8816771010528,19.08499863558015
277140,2111580,7.818498268674444,72.88186709113374,19.085000820042364
277160,2111580,7.836345494641102,72.88205708124059,19.085003004308977
277180,2111580,7.750200291352904,72.88224707137337,19.085005188379988
277200,2111580,7.5536883134183626,72.88243706153204,19.08500737225539
277220,2111580,7.339048687011159,72.88262705171664,19.085009555935194
277240,2111580,7.134688766481847,72.88281704192714,19.085011739419397
277260,2111580,6.954602735080635,72.88300703216355,19.085013922707994
277280,2111580,6.8123098632553765,72.88319702242585,19.08501610580098
277300,2111580,6.719322632328973,72.88338701271407,19.08501828869837
277320,2111580,6.654287805199975,72.88357700302818,19.08502047140016
277340,2111580,6.542885237759042,72.88376699336818,19.085022653906336
277360,2111580,6.43802238558867,72.8839569837341,19.08502483621692
277380,2111580,6.377100661930855,72.88414697412588,19.085027018331893
277400,2111580,6.374066200829996,72.88433696454355,19.08502920025126
277420,2111580,6.427397008017898,72.88452695498712,19.085031381975018
277440,2111580,6.5201872777637835,72.88471694545657,19.085033563503185
277460,2111580,6.635769787287289,72.8849069359519,19.08503574483574
277480,2111580,6.757512248099595,72.88509692647312,19.085037925972692
277500,2111580,6.875637885247997,72.88528691702022,19.085040106914036
277520,2111580,7.001461735074735,72.88547690759319,19.08504228765978
277540,2111580,7.155601767377337,72.88566689819203,19.085044468209908
277560,2111580,7.352323889068028,72.88585688881673,19.085046648564447
277580,2111580,7.588728501271692,72.88604687946732,19.085048828723366
277600,2111580,7.832907248857516,72.88623687014376,19.08505100868669
277620,2111580,8.083770643380266,72.88642686084607,19.085053188454403
277640,2111580,8.38892055915592,72.88661685157426,19.08505536802651
277660,2111580,8.799721314746144,72.88680684232828,19.085057547403014
277680,2111580,9.281809866456163,72.88699683310817,19.08505972658391
277700,2111580,9.772753033077564,72.88718682391391,19.085061905569205
277720,2111580,10.25193667650539,72.88737681474551,19.08506408435889
277740,2111580,10.722301411690903,72.88756680560296,19.08506626295297
277760,2111580,11.177440854217899,72.88775679648623,19.08506844135144
277780,2111580,11.602368899037728,72.88794678739536,19.085070619554312
277800,2111580,11.971147152477744,72.88813677833036,19.085072797561565
277820,2111580,12.269754242305961,72.88832676929117,19.08507497537322
277840,2111580,12.51418385492816,72.88851676027784,19.085077152989268
277860,2111580,12.713207331543128,72.88870675129033,19.085079330409705
277880,2111580,12.869842839400615,72.88889674232865,19.085081507634538
277900,2111580,12.984967424348843,72.88908673339282,19.085083684663765
277920,2111580,13.058773242487089,72.88927672448281,19.085085861497383
277940,2111580,13.092642476045356,72.88946671559862,19.085088038135396
277960,2111580,13.094498122623971,72.88965670674027,19.085090214577797
277980,2111580,13.082957841859441,72.88984669790773,19.085092390824588
278000,2111580,13.08177890335746,72.89003668910101,19.085094566875785
278020,2111580,13.111723568811446,72.8902266803201,19.085096742731363
278040,2111580,13.178941699064797,72.89041667156502,19.085098918391335
278060,2111580,13.267208086842984,72.89060666283574,19.085101093855698
278080,2111580,13.347372174241842,72.89079665413227,19.085103269124453
278100,2111580,13.392848339486848,72.89098664545463,19.085105444197602
278120,2111580,13.38943626452029,72.89117663680278,19.085107619075142
278140,2111580,13.338680720121587,72.89136662817673,19.085109793757074
278160,2111580,13.257402632763963,72.89155661957649,19.085111968243393
278180,2111580,13.168848426485392,72.89174661100203,19.085114142534103
278200,2111580,13.07138577649619,72.8919366024534,19.085116316629215
278220,2111580,12.930842535859215,72.89212659393054,19.085118490528707
278240,2111580,12.723702164218235,72.89231658543348,19.085120664232594
278260,2111580,12.428159728920237,72.8925065769622,19.08512283774088
278280,2111580,12.047906838532036,72.89269656851673,19.08512501105354
278300,2111580,11.590658496546084,72.89288656009703,19.0851271841706
278320,2111580,11.135533155774246,72.8930765517031,19.085129357092047
278340,2111580,10.796955926947708,72.89326654333496,19.085131529817893
278360,2111580,10.604356822781593,72.8934565349926,19.085133702348124
276620,2111600,4.183774332738042,72.876925054514615,19.085124587765584
276640,2111600,4.189837616557453,72.87711504415259,19.085126777140115
276660,2111600,4.249250518031274,72.87730503381653,19.085128966319044
276680,2111600,4.401101411419834,72.87749502350644,19.085131155302367
276700,2111600,4.70509645654831,72.87768501322232,19.085133344090092
276720,2111600,5.178929676299223,72.87787500296417,19.085135532682212
276740,2111600,5.615909904869619,72.87806499273199,19.08513772107873
276760,2111600,5.753175608759065,72.87825498252577,19.085139909279643
276780,2111600,5.799623916196203,72.87844497234552,19.085142097284958
276800,2111600,5.982221407233109,72.87863496219121,19.08514428509467
276820,2111600,5.971552213933677,72.87882495206287,19.08514647270877
276840,2111600,5.750866541009151,72.87901494196049,19.085148660127278
276860,2111600,5.835571073868373,72.87920493188405,19.085150847350178
276880,2111600,6.277482646129055,72.87939492183357,19.08515303437748
276900,2111600,6.6485642814876424,72.87958491180903,19.085155221209174
276920,2111600,6.885661176915564,72.87977490181044,19.085157407845262
276940,2111600,7.152264137461181,72.87996489183779,19.085159594285745
276960,2111600,7.53388158598794,72.88015488189107,19.085161780530633
276980,2111600,8.003997371647063,72.88034487197031,19.08516396657991
277000,2111600,8.455656227719405,72.88053486207548,19.085166152433594
277020,2111600,8.72760761934968,72.88072485220657,19.085168338091663
277040,2111600,8.722516012677124,72.8809148423636,19.08517052355413
277060,2111600,8.513938243824342,72.88110483254655,19.085172708820995
277080,2111600,8.252804225167278,72.88129482275544,19.08517489389225
277100,2111600,8.040338765933669,72.88148481299025,19.08517707876791
277120,2111600,7.913342754588174,72.88167480325097,19.08517926344795
277140,2111600,7.858544988141075,72.88186479353763,19.0851814479324
277160,2111600,7.8156944254969085,72.8820547838502,19.08518363222124
277180,2111600,7.692863813753767,72.88224477418869,19.08518581631448
277200,2111600,7.4868500820526345,72.88243476455308,19.085188000212103
277220,2111600,7.273971933690639,72.88262475494338,19.08519018391413
277240,2111600,7.093046818470592,72.8828147453596,19.08519236742055
277260,2111600,6.944350982223631,72.8830047358017,19.085194550731366
277280,2111600,6.820941551767647,72.88319472626975,19.085196733846573
277300,2111600,6.722125165675823,72.88338471676366,19.085198916766174
277320,2111600,6.645505330069457,72.88357470728349,19.085201099490174
277340,2111600,6.546745346068645,72.88376469782919,19.08520328201856
277360,2111600,6.439930140356897,72.88395468840082,19.085205464351347
277380,2111600,6.362346088161255,72.88414467899833,19.08520764648853
277400,2111600,6.344698939861482,72.88433466962171,19.085209828430102
277420,2111600,6.397950812631649,72.884524660271,19.08521201017607
277440,2111600,6.494819418827892,72.88471465094617,19.08521419172643
277460,2111600,6.625480783284941,72.88490464164721,19.08521637308118
277480,2111600,6.761565267731135,72.88509463237413,19.085218554240328
277500,2111600,6.876857201708359,72.88528462312695,19.08522073520387
277520,2111600,6.976578025228809,72.88547461390563,19.0852229159718
277540,2111600,7.089529028903863,72.88566460471019,19.085225096544125
277560,2111600,7.232545516436015,72.88585459554061,19.085227276920847
277580,2111600,7.411310065468278,72.8860445863969,19.08522945710196
277600,2111600,7.607327318296379,72.88623457727905,19.08523163708746
277620,2111600,7.8196143845171076,72.8864245681871,19.085233816877356
277640,2111600,8.098034743877053,72.88661455912099,19.085235996471646
277660,2111600,8.512998508071309,72.88680455008073,19.085238175870327
277680,2111600,9.006608106781748,72.88699454106633,19.085240355073402
277700,2111600,9.499518346261322,72.88718453207778,19.08524253408087
277720,2111600,9.979761276213093,72.8873745231151,19.08524471289273
277740,2111600,10.453508124234027,72.88756451417825,19.08524689150898
277760,2111600,10.915577939400789,72.88775450526727,19.085249069929617
277780,2111600,11.35306424087466,72.88794449638212,19.085251248154652
277800,2111600,11.748419768612834,72.8881344875228,19.08525342618407
277820,2111600,12.093438497559294,72.88832447868934,19.085255604017892
277840,2111600,12.393057945151646,72.88851446988173,19.085257781656097
277860,2111600,12.653490846607179,72.88870446109993,19.085259959098693
277880,2111600,12.877542961506103,72.88889445234398,19.085262136345683
277900,2111600,13.065992101143772,72.88908444361385,19.085264313397058
277920,2111600,13.21943022371714,72.88927443490955,19.08526649025283
277940,2111600,13.340512938060545,72.8894644262311,19.08526866691299
277960,2111600,13.436729433408061,72.88965441757844,19.08527084337755
277980,2111600,13.521145533972131,72.88984440895163,19.085273019646486
278000,2111600,13.609081929082018,72.89003440035061,19.085275195719824
278020,2111600,13.712252715014355,72.89022439177543,19.08527737159754
278040,2111600,13.832175984502904,72.89041438322607,19.085279547279654
278060,2111600,13.957318958258487,72.89060437470252,19.085281722766158
278080,2111600,14.067837997244494,72.89079436620477,19.08528389805705
278100,2111600,14.144401821042791,72.89098435773283,19.085286073152332
278120,2111600,14.175292237963143,72.8911743492867,19.085288248052002
278140,2111600,14.159483616627082,72.89136434086637,19.08529042275607
278160,2111600,14.105159109107507,72.89155433247186,19.08529259726452
278180,2111600,14.021487008485593,72.89174432410313,19.085294771577356
278200,2111600,13.905658211013623,72.8919343157602,19.085296945694587
278220,2111600,13.74102567549276,72.89212430744305,19.085299119616202
278240,2111600,13.51068150345142,72.8923142991517,19.085301293342216
278260,2111600,13.203148838821045,72.89250429088617,19.085303466872606
278280,2111600,12.817230325300251,72.89269428264639,19.08530564020739
278300,2111600,12.367911721137734,72.89288427443242,19.08530781334657
278320,2111600,11.917152261456346,72.89307426624421,19.085309986290127
278340,2111600,11.606731526385193,72.8932642580818,19.08531215903808
278360,2111600,11.463785729400294,72.89345424994515,19.08531433159042
276620,2111620,4.116528381684944,72.87692275154409,19.085305215073188
276640,2111620,4.126795378069948,72.87711274138776,19.085307404469997
276660,2111620,4.181789100141831,72.8773027312574,19.085309593671205
276680,2111620,4.3148525565404965,72.87749272115303,19.085311782676804
276700,2111620,4.611745620126654,72.87768271107461,19.085313971486798
276720,2111620,5.222561325417764,72.87787270102218,19.08531616010119
276740,2111620,5.798130302044847,72.8780626909957,19.08531834851998
276760,2111620,5.756902867236647,72.8782526809952,19.085320536743165
276780,2111620,5.621521646045947,72.87844267102066,19.085322724770744
276800,2111620,5.593120055339491,72.87863266107207,19.085324912602715
276820,2111620,5.461174122967776,72.87882265114945,19.085327100239084
276840,2111620,5.2331489907923565,72.87901264125277,19.08532928767985
276860,2111620,5.414868276632264,72.87920263138204,19.08533147492501
276880,2111620,6.082581910165384,72.87939262153728,19.085333661974563
276900,2111620,6.70203983704832,72.87958261171845,19.085335848828507
276920,2111620,7.11019494383986,72.87977260192557,19.085338035486853
276940,2111620,7.432120602950382,72.87996259215863,19.08534022194959
276960,2111620,7.780175338207795,72.88015258241764,19.085342408216718
276980,2111620,8.167262899110826,72.88034257270259,19.085344594288244
277000,2111620,8.528615302053815,72.88053256301346,19.085346780164166
277020,2111620,8.753140540607541,72.88072255335027,19.08534896584448
277040,2111620,8.722996042450514,72.88091254371301,19.08535115132919
277060,2111620,8.501366285010143,72.88110253410169,19.085353336618287
277080,2111620,8.25148377281977,72.88129252451628,19.085355521711787
277100,2111620,8.048969788222152,72.8814825149568,19.085357706609674
277120,2111620,7.90948108135766,72.88167250542324,19.085359891311956
277140,2111620,7.818333123441267,72.88186249591561,19.08536207581863
277160,2111620,7.735966663690945,72.88205248643389,19.085364260129698
277180,2111620,7.593645878784891,72.88224247697808,19.08536644424516
277200,2111620,7.390141746146921,72.8824324675482,19.085368628165014
277220,2111620,7.212862017582937,72.88262245814421,19.08537081188926
277240,2111620,7.087977507576321,72.88281244876615,19.0853729954179
277260,2111620,6.97996500576355,72.88300243941399,19.085375178750933
277280,2111620,6.857299730433625,72.88319243008772,19.085377361888355
277300,2111620,6.702390233011469,72.88338242078736,19.085379544830175
277320,2111620,6.555369013495137,72.8835724115129,19.085381727576383
277340,2111620,6.477502740292169,72.88376240226432,19.085383910126982
277360,2111620,6.408013830675905,72.88395239304167,19.085386092481976
277380,2111620,6.354218175160517,72.88414238384487,19.08538827464136
277400,2111620,6.347995487107727,72.88433237467399,19.08539045660514
277420,2111620,6.403840095699085,72.884522365529,19.085392638373307
277440,2111620,6.502615285721446,72.88471235640986,19.085394819945865
277460,2111620,6.634288343356145,72.88490234731664,19.085397001322818
277480,2111620,6.769820633744896,72.88509233824927,19.085399182504162
277500,2111620,6.886814099339162,72.8852823292078,19.085401363489893
277520,2111620,6.9883667614616956,72.88547232019219,19.085403544280023
277540,2111620,7.095428082535969,72.88566231120247,19.085405724874537
277560,2111620,7.225746152280779,72.88585230223862,19.085407905273446
277580,2111620,7.387707183332001,72.88604229330062,19.085410085476745
277600,2111620,7.580733971862981,72.8862322843885,19.08541226548443
277620,2111620,7.813393488400996,72.88642227550226,19.08541444529651
277640,2111620,8.1151020594389,72.88661226664185,19.085416624912977
277660,2111620,8.503960301861094,72.88680225780732,19.085418804333845
277680,2111620,8.93649553216284,72.88699224899862,19.085420983559086
277700,2111620,9.378811207240686,72.88718224021581,19.08542316258873
277720,2111620,9.823930661875092,72.88737223145884,19.085425341422763
277740,2111620,10.272197577206434,72.88756222272772,19.085427520061177
277760,2111620,10.719194252528295,72.88775221402244,19.08542969850399
277780,2111620,11.154994715010336,72.88794220534301,19.085431876751183
277800,2111620,11.56821341148445,72.88813219668943,19.085434054802775
277820,2111620,11.952062787296065,72.88832218806166,19.08543623265875
277840,2111620,12.305910507747,72.88851217945977,19.085438410319117
277860,2111620,12.631318788136639,72.8887021708837,19.085440587783875
277880,2111620,12.928973629913251,72.88889216233346,19.08544276505302
277900,2111620,13.198611887946381,72.88908215380906,19.085444942126554
277920,2111620,13.440276069252612,72.88927214531047,19.085447119004478
277940,2111620,13.655921692266693,72.88946213683774,19.085449295686786
277960,2111620,13.85069273659481,72.88965212839081,19.085451472173492
277980,2111620,14.032714532840696,72.88984211996971,19.085453648464576
278000,2111620,14.210766711130642,72.89003211157443,19.085455824560057
278020,2111620,14.390527672052333,72.89022210320496,19.085458000459916
278040,2111620,14.570993077809877,72.89041209486132,19.085460176164176
278060,2111620,14.743361224532652,72.89060208654348,19.085462351672817
278080,2111620,14.89370766897386,72.89079207825145,19.08546452698584
278100,2111620,15.008005926984492,72.89098206998524,19.08546670210326
278120,2111620,15.076675723776752,72.89117206174483,19.085468877025065
278140,2111620,15.0966721353996,72.89136205353022,19.085471051751256
278160,2111620,15.070146103062482,72.89155204534141,19.085473226281838
278180,2111620,14.999567653076586,72.8917420371784,19.085475400616797
278200,2111620,14.882118787904592,72.8919320290412,19.085477574756155
278220,2111620,14.709049487030784,72.89212202092978,19.0854797486999
278240,2111620,14.47070422667762,72.89231201284416,19.08548192244802
278260,2111620,14.161759551403295,72.89250200478433,19.085484096000542
278280,2111620,13.786325817978444,72.89269199675029,19.085486269357443
278300,2111620,13.367241266247014,72.89288198874202,19.08548844251873
278320,2111620,12.96401987642178,72.89307198075954,19.085490615484407
278340,2111620,12.678587923638908,72.89326197280285,19.085492788254463
278360,2111620,12.525377325709862,72.89345196487194,19.085494960828914
276620,2111640,4.094236819468975,72.87692044854755,19.08548584237699
276640,2111640,4.11753078401062,72.87711043859694,19.08548803179608
276660,2111640,4.180240486416419,72.8773004286723,19.085490221019562
276680,2111640,4.3105487169619945,72.87749041877365,19.085492410047436
276700,2111640,4.575934133425007,72.87768040890096,19.085494598879706
276720,2111640,5.030574288011774,72.87787039905423,19.08549678751637
276740,2111640,5.376942750441641,72.87806038923348,19.085498975957435
276760,2111640,5.282095043125292,72.87825037943868,19.08550116420288
276780,2111640,5.171912567233594,72.87844036966985,19.085503352252726
276800,2111640,5.125439264500553,72.87863035992697,19.08550554010696
276820,2111640,5.0344538145420685,72.87882035021006,19.085507727765595
276840,2111640,4.977189546316903,72.8790103405191,19.085509915228617
276860,2111640,5.25759005817346,72.8792003308541,19.085512102496036
276880,2111640,5.971750532199488,72.87939032121503,19.085514289567843
276900,2111640,6.727901108588887,72.87958031160193,19.085516476444045
276920,2111640,7.252371603011109,72.87977030201476,19.08551866312464
276940,2111640,7.629735544043797,72.87996029245353,19.085520849609626
276960,2111640,7.975648736727649,72.88015028291825,19.085523035899005
276980,2111640,8.310367797579165,72.88034027340892,19.08552522199278
277000,2111640,8.597226638146994,72.88053026392551,19.08552740789094
277020,2111640,8.769115817052937,72.88072025446803,19.085529593593495
277040,2111640,8.723090698844878,72.88091024503649,19.085531779100446
277060,2111640,8.524839890542392,72.88110023563088,19.085533964411788
277080,2111640,8.302821909063406,72.8812902262512,19.085536149527513
277100,2111640,8.111849459467885,72.88148021689743,19.085538334447637
277120,2111640,7.93801522626721,72.8816702075696,19.085540519172152
277140,2111640,7.789333869005378,72.88186019826767,19.085542703701055
277160,2111640,7.679508312003529,72.88205018899167,19.085544888034356
277180,2111640,7.538847567752505,72.88224017974159,19.08554707217204
277200,2111640,7.357818781627278,72.88243017051741,19.08554925611412
277220,2111640,7.257010248541877,72.88262016131914,19.085551439860588
277240,2111640,7.223359735855786,72.88281015214679,19.085553623411446
277260,2111640,7.171723270199729,72.88300014300034,19.085555806766703
277280,2111640,7.034788203549686,72.88319013387981,19.08555798992634
277300,2111640,6.811865473330631,72.88338012478516,19.08556017289037
277320,2111640,6.583273563997688,72.88357011571641,19.085562355658794
277340,2111640,6.464113400691259,72.88376010667356,19.0855645382316
277360,2111640,6.414233346981301,72.88395009765661,19.08556672060881
277380,2111640,6.388712438852256,72.88414008866555,19.085568902790396
277400,2111640,6.399943687585685,72.88433007970038,19.085571084776376
277420,2111640,6.45756520216698,72.88452007076108,19.085573266566747
277440,2111640,6.554633610958645,72.88471006184768,19.085575448161507
277460,2111640,6.677451678854064,72.88490005296018,19.085577629560657
277480,2111640,6.806519630776556,72.88509004409853,19.085579810764198
277500,2111640,6.9272479804587155,72.88528003526278,19.085581991772127
277520,2111640,7.040516199551038,72.8854700264529,19.085584172584444
277540,2111640,7.1595169805563454,72.88566001766888,19.085586353201148
277560,2111640,7.299761076345896,72.88585000891074,19.085588533622246
277580,2111640,7.473201851051477,72.88604000017848,19.085590713847733
277600,2111640,7.688939589606979,72.88622999147208,19.085592893877603
277620,2111640,7.958325351029965,72.88641998279154,19.08559507371186
277640,2111640,8.28927083544246,72.88660997413686,19.08559725335051
277660,2111640,8.647741297797644,72.88679996550805,19.08559943279355
277680,2111640,8.997668882060118,72.88698995690508,19.08560161204098
277700,2111640,9.364309241297892,72.88717994832797,19.085603791092794
277720,2111640,9.752504199399644,72.88736993977672,19.08560596994899
277740,2111640,10.15987940315571,72.88755993125132,19.085608148609584
277760,2111640,10.58110857250523,72.88774992275178,19.08561032707456
277780,2111640,11.008653099979524,72.88793991427806,19.085612505343928
277800,2111640,11.434543324815598,72.8881299058302,19.08561468341768
277820,2111640,11.852578399771133,72.88831989740818,19.085616861295822
277840,2111640,12.258984053121624,72.88850988901198,19.085619038978344
277860,2111640,12.651209431473502,72.88869988064164,19.08562121646526
277880,2111640,13.026730537107898,72.88888987229713,19.085623393756556
277900,2111640,13.383008380925467,72.88907986397844,19.08562557085225
277920,2111640,13.71827223314375,72.88926985568558,19.085627747752326
277940,2111640,14.032467242913121,72.88945984741855,19.08562992445679
277960,2111640,14.327759129423013,72.88964983917735,19.085632100965636
277980,2111640,14.608043510904018,72.88983983096198,19.08563427727887
278000,2111640,14.877289099437462,72.8900298227724,19.085636453396493
278020,2111640,15.137201585910637,72.89021981460867,19.0856386293185
278040,2111640,15.385238793367646,72.89040980647074,19.085640805044893
278060,2111640,15.614144719155007,72.89059979835864,19.085642980575674
278080,2111640,15.813516005657615,72.89078979027234,19.085645155910832
278100,2111640,15.972697878660892,72.89097978221184,19.085647331050392
278120,2111640,16.083556509745886,72.89116977417714,19.08564950599433
278140,2111640,16.141832548513637,72.89135976616825,19.085651680742654
278160,2111640,16.146424371176344,72.89154975818518,19.085653855295355
278180,2111640,16.09692256249312,72.89173975022788,19.08565602965245
278200,2111640,15.991113766721426,72.89192974229641,19.08565820381393
278220,2111640,15.824740281970548,72.89211973439072,19.085660377779796
278240,2111640,15.594019179825416,72.89230972651082,19.08566255155004
278260,2111640,15.299636068015857,72.89249971865672,19.085664725124676
278280,2111640,14.95188309767461,72.89268971082839,19.085666898503693
278300,2111640,14.577630674130646,72.89287970302586,19.085669071687096
278320,2111640,14.225717706006531,72.8930696952491,19.085671244674884
278340,2111640,13.951005345445427,72.89325968749812,19.08567341746706
278360,2111640,13.76740587280701,72.89344967977294,19.085675590063605
278380,2111640,13.647905883484476,72.89363967207352,19.08567776246455
276620,2111660,4.115124042346347,72.87691814552505,19.08566646967699
276640,2111660,4.162081672851261,72.87710813578016,19.085668659118358
276660,2111660,4.246266272224961,72.87729812606125,19.08567084836412
276680,2111660,4.384661026092507,72.87748811636828,19.085673037414267
276700,2111660,4.59025775482708,72.87767810670132,19.085675226268812
276720,2111660,4.801064203210107,72.87786809706031,19.08567741492775
276740,2111660,4.809208393025603,72.87805808744527,19.08567960339108
276760,2111660,4.656347903260358,72.87824807785618,19.085681791658796
276780,2111660,4.754140262359282,72.87843806829308,19.085683979730906
276800,2111660,4.804166698022783,72.87862805875592,19.08568616760741
276820,2111660,4.8075897891720505,72.87881804924473,19.085688355288305
276840,2111660,4.897467494196306,72.87900803975948,19.085690542773584
276860,2111660,5.250831140120244,72.87919803030019,19.08569273006326
276880,2111660,5.896029454848554,72.87938802086686,19.085694917157326
276900,2111660,6.653639005684042,72.87957801145946,19.085697104055786
276920,2111660,7.255868353613991,72.87976800207801,19.085699290758626
276940,2111660,7.697698370181952,72.87995799272251,19.085701477265868
276960,2111660,8.080919576975603,72.88014798339293,19.085703663577497
276980,2111660,8.397889209302194,72.88033797408931,19.08570584969351
277000,2111660,8.625729100164786,72.88052796481162,19.085708035613916
277020,2111660,8.748551965329728,72.88071795555986,19.08571022133872
277040,2111660,8.76501752095114,72.88090794633405,19.085712406867902
277060,2111660,8.694434792822097,72.88109793713414,19.085714592201484
277080,2111660,8.566240511380478,72.88128792796019,19.08571677733945
277100,2111660,8.37547470993571,72.88147791881214,19.085718962281806
277120,2111660,8.106241614177048,72.88166790969002,19.08572114702855
277140,2111660,7.843551818441444,72.88185790059381,19.085723331579686
277160,2111660,7.682511057551917,72.88204789152353,19.08572551593521
277180,2111660,7.569220880183932,72.88223788247917,19.085727700095124
277200,2111660,7.482502290225296,72.88242787346071,19.085729884059425
277220,2111660,7.472416343171054,72.88261786446817,19.085732067828122
277240,2111660,7.517447574744962,72.88280785550153,19.0857342514012
277260,2111660,7.514525340524379,72.8829978465608,19.085736434778667
277280,2111660,7.351873115015972,72.88318783764598,19.085738617960523
277300,2111660,7.061291580196616,72.88337782875705,19.08574080094677
277320,2111660,6.777526815682512,72.88356781989403,19.0857429837374
277340,2111660,6.594153056132469,72.88375781105691,19.085745166332426
277360,2111660,6.508595459925761,72.88394780224566,19.085747348731832
277380,2111660,6.476698195248256,72.88413779346033,19.08574953093563
277400,2111660,6.4913978603692115,72.88432778470087,19.08575171294381
277420,2111660,6.549729370536157,72.88451777596731,19.08575389475639
277440,2111660,6.64325416011856,72.88470776725963,19.08575607637335
277460,2111660,6.7592392252253175,72.88489775857784,19.085758257794698
277480,2111660,6.883983498259187,72.88508774992192,19.085760439020437
277500,2111660,7.008562916979013,72.88527774129187,19.085762620050556
277520,2111660,7.1335959025192,72.88546773268772,19.085764800885066
277540,2111660,7.268231000662487,72.88565772410942,19.085766981523964
277560,2111660,7.425272505783124,72.885847715557,19.085769161967246
277580,2111660,7.617110584865392,72.88603770703045,19.085771342214915
277600,2111660,7.854280284561346,72.88622769852978,19.085773522266972
277620,2111660,8.14381603950623,72.88641769005497,19.08577570212342
277640,2111660,8.478546247181786,72.88660768160601,19.085777881784246
277660,2111660,8.806386484486131,72.88679767318291,19.085780061249462
277680,2111660,9.093681639792495,72.88698766478568,19.085782240519062
277700,2111660,9.39588518281914,72.8871776564143,19.08578441959305
277720,2111660,9.729416975960964,72.88736764806877,19.08578659847143
277740,2111660,10.094577249216046,72.88755763974909,19.085788777154185
277760,2111660,10.488054758338503,72.88774763145526,19.085790955641333
277780,2111660,10.905739909172251,72.88793762318727,19.085793133932867
277800,2111660,11.342845055514523,72.88812761494513,19.085795312028786
277820,2111660,11.793919346343369,72.88831760672883,19.085797489929085
277840,2111660,12.253066934714962,72.88850759853837,19.085799667633772
277860,2111660,12.714107094995468,72.88869759037372,19.085801845142846
277880,2111660,13.170825587478639,72.88888758223494,19.08580402245631
277900,2111660,13.617510103781663,72.88907757412198,19.085806199574147
277920,2111660,14.049646026109478,72.88926756603486,19.085808376496374
277940,2111660,14.464472452739045,72.88945755797354,19.085810553222988
277960,2111660,14.861088158459896,72.88964754993806,19.085812729753986
277980,2111660,15.239887318200571,72.88983754192842,19.085814906089368
278000,2111660,15.601343648996014,72.89002753394458,19.085817082229138
278020,2111660,15.944500488254972,72.89021752598656,19.085819258173284
278040,2111660,16.265784255991825,72.89040751805436,19.08582143392182
278060,2111660,16.55874936664162,72.89059751014797,19.085823609474737
278080,2111660,16.814978953759287,72.8907875022674,19.085825784832036
278100,2111660,17.025775692337593,72.89097749441262,19.085827959993722
278120,2111660,17.183875441679028,72.89116748658367,19.085830134959796
278140,2111660,17.28443077383793,72.8913574787805,19.08583230973025
278160,2111660,17.324876337161136,72.89154747100315,19.085834484305085
278180,2111660,17.30388543732092,72.89173746325159,19.0858366586843
278200,2111660,17.220276317799186,72.89192745552583,19.085838832867907
278220,2111660,17.072946053540043,72.89211744782585,19.08584100685589
278240,2111660,16.862375358097793,72.8923074401517,19.08584318064826
278260,2111660,16.593526572735833,72.89249743250329,19.085845354245013
278280,2111660,16.27960387905103,72.8926874248807,19.085847527646145
278300,2111660,15.945330344744448,72.8928774172839,19.085849700851657
278320,2111660,15.62559359568267,72.89306740971287,19.085851873861564
278340,2111660,15.352980247634111,72.89325740216762,19.08585404667585
278360,2111660,15.139603639839684,72.89344739464816,19.085856219294516
278380,2111660,14.975607338112422,72.89363738715447,19.085858391717558
276620,2111680,4.167259348159605,72.87691584247658,19.08584709697318
276640,2111680,4.243458070121158,72.8771058329374,19.08584928643683
276660,2111680,4.354050555714047,72.87729582342419,19.085851475704875
276680,2111680,4.502987107356185,72.87748581393697,19.085853664777297
276700,2111680,4.676484915262476,72.87767580447571,19.085855853654113
276720,2111680,4.814528451371734,72.87786579504044,19.085858042335325
276740,2111680,4.826596270102464,72.8780557856311,19.085860230820924
276760,2111680,4.756874435630205,72.87824577624774,19.08586241911091
276780,2111680,4.7521736988445324,72.87843576689035,19.085864607205284
276800,2111680,4.737990482447074,72.87862575755891,19.08586679510405
276820,2111680,4.7395689171221544,72.87881574825343,19.08586898280721
276840,2111680,4.85521170598658,72.87900573897392,19.085871170314746
276860,2111680,5.186988068658029,72.87919572972032,19.08587335762668
276880,2111680,5.742634937735197,72.8793857204927,19.085875544743004
276900,2111680,6.428352497147511,72.87957571129104,19.08587773166371
276920,2111680,7.076051480448504,72.87976570211531,19.085879918388812
276940,2111680,7.645843121259439,72.87995569296552,19.0858821049183
276960,2111680,8.119964987325377,72.88014568384168,19.085884291252178
276980,2111680,8.454138782261813,72.88033567474378,19.08588647739044
277000,2111680,8.64193143118459,72.88052566567181,19.08588866333309
277020,2111680,8.732971843788235,72.88071565662577,19.08589084908013
277040,2111680,8.828713538741246,72.88090564760566,19.085893034631557
277060,2111680,8.910201448612144,72.88109563861148,19.08589521998737
277080,2111680,8.90443208077851,72.88128562964324,19.08589740514758
277100,2111680,8.723090435376722,72.88147562070093,19.08589959011217
277120,2111680,8.363600423073889,72.88166561178453,19.08590177488114
277140,2111680,7.994815771584638,72.88185560289403,19.08590395945451
277160,2111680,7.781764469722326,72.88204559402948,19.08590614383226
277180,2111680,7.703116362382245,72.88223558519083,19.085908328014405
277200,2111680,7.687204499331662,72.8824255763781,19.085910512000932
277220,2111680,7.726384940142275,72.88261556759129,19.085912695791844
277240,2111680,7.796807351644489,72.88280555883037,19.08591487938714
277260,2111680,7.827201501970266,72.88299555009536,19.085917062786827
277280,2111680,7.639262830193073,72.88318554138625,19.0859192459909
277300,2111680,7.30294563639284,72.88337553270304,19.08592142899936
277320,2111680,6.996992985802367,72.88356552404575,19.085923611812206
277340,2111680,6.78218318685804,72.88375551541434,19.08592579442944
277360,2111680,6.65179040625607,72.88394550680883,19.085927976851053
277380,2111680,6.601391734277486,72.88413549822921,19.085930159077062
277400,2111680,6.613520541578806,72.88432548967549,19.085932341107448
277420,2111680,6.672394590056624,72.88451548114764,19.085934522942228
277440,2111680,6.764332598764723,72.88470547264568,19.08593670458139
277460,2111680,6.876722625344102,72.88489546416962,19.085938886024934
277480,2111680,6.999269219601399,72.88508545571942,19.085941067272863
277500,2111680,7.126549072042868,72.88527544729511,19.085943248325187
277520,2111680,7.259840065958496,72.88546543889666,19.085945429181884
277540,2111680,7.40637602032702,72.8856554305241,19.08594760984297
277560,2111680,7.576481932381867,72.88584542217741,19.085949790308444
277580,2111680,7.78034923419583,72.88603541385658,19.0859519705783
277600,2111680,8.025143426730448,72.88622540556163,19.08595415065254
277620,2111680,8.310870963793409,72.88641539729252,19.085956330531165
277640,2111680,8.621707672113358,72.8866053890493,19.085958510214176
277660,2111680,8.913174017599124,72.88679538083193,19.085960689701572
277680,2111680,9.169486511153504,72.88698537264042,19.085962868993352
277700,2111680,9.43350523048478,72.88717536447476,19.085965048089513
277720,2111680,9.727721523099053,72.88736535633495,19.08596722699006
277740,2111680,10.057809755667403,72.887555348221,19.085969405694993
277760,2111680,10.426256005320706,72.8877453401329,19.0859715842043
277780,2111680,10.835380214044687,72.88793533207063,19.085973762518
277800,2111680,11.285034730288741,72.8881253240342,19.08597594063609
277820,2111680,11.77100973741156,72.88831531602364,19.08597811855855
277840,2111680,12.285458868996093,72.8885053080389,19.0859802962854
277860,2111680,12.818457997153654,72.88869530008,19.08598247381663
277880,2111680,13.359671570666672,72.88888529214694,19.08598465115224
277900,2111680,13.899645679343484,72.8890752842397,19.08598682829224
277920,2111680,14.430630439139323,72.8892652763583,19.085989005236627
277940,2111680,14.946935695306877,72.88945526850272,19.085991181985385
277960,2111680,15.444809514553397,72.88964526067296,19.08599335853853
277980,2111680,15.921841930466847,72.88983525286903,19.085995534896053
278000,2111680,16.375997240255153,72.89002524509092,19.08599771105797
278020,2111680,16.804533121510964,72.89021523733864,19.085999887024258
278040,2111680,17.20317424042246,72.89040522961216,19.086002062794932
278060,2111680,17.565871485869614,72.89059522191151,19.086004238369995
278080,2111680,17.885265493343034,72.89078521423664,19.08600641374943
278100,2111680,18.15367777623152,72.89097520658761,19.08600858893325
278120,2111680,18.364243125748587,72.89116519896436,19.08601076392145
278140,2111680,18.51177851075979,72.89135519136694,19.086012938714042
278160,2111680,18.593135399795624,72.89154518379532,19.086015113311007
278180,2111680,18.607021148289803,72.89173517624948,19.08601728771235
278200,2111680,18.5535375540653,72.89192516872944,19.086019461918077
278220,2111680,18.433951984124683,72.89211516123521,19.086021635928184
278240,2111680,18.251372948566242,72.89230515376677,19.086023809742674
278260,2111680,18.01264986327147,72.89249514632411,19.086025983361544
278280,2111680,17.730797557802095,72.89268513890724,19.0860281567848
278300,2111680,17.42611308323208,72.89287513151615,19.08603033001243
278320,2111680,17.12351432925071,72.89306512415085,19.086032503044443
278340,2111680,16.84500319703149,72.89325511681135,19.08603467588084
278360,2111680,16.60148420382976,72.8934451094976,19.08603684852161
278380,2111680,16.391341134471418,72.89363510220963,19.086039020966762
276620,2111700,4.233368477954064,72.87691353940212,19.086027724265566
276640,2111700,4.338724694616687,72.87710353006867,19.0860299137515
276660,2111700,4.475844378585977,72.87729352076119,19.086032103041813
276680,2111700,4.643129179182331,72.87748351147967,19.086034292136514
276700,2111700,4.828285997432792,72.87767350222414,19.086036481035606
276720,2111700,5.007536855765894,72.87786349299456,19.08603866973909
276740,2111700,5.160760505808161,72.87805348379098,19.08604085824696
276760,2111700,5.200240748787234,72.87824347461333,19.08604304655921
276780,2111700,5.001389694387656,72.87843346546165,19.086045234675854
276800,2111700,4.837145007702473,72.87862345633594,19.086047422596884
276820,2111700,4.764585467469536,72.87881344723618,19.086049610322306
276840,2111700,4.821686482960783,72.87900343816239,19.086051797852107
276860,2111700,5.06479688772082,72.87919342911454,19.086053985186293
276880,2111700,5.54742873801321,72.87938342009262,19.08605617232487
276900,2111700,6.1905237806607385,72.87957341109667,19.086058359267838
276920,2111700,6.87939457752278,72.87976340212666,19.086060546015187
276940,2111700,7.573259142896722,72.8799533931826,19.08606273256692
276960,2111700,8.153464173970798,72.88014338426449,19.08606491892305
276980,2111700,8.523326659520269,72.8803333753723,19.086067105083558
277000,2111700,8.681907655068382,72.88052336650605,19.086069291048457
277020,2111700,8.72746902363883,72.88071335766574,19.086071476817732
277040,2111700,8.790354201037063,72.88090334885136,19.086073662391403
277060,2111700,8.911599751572997,72.88109334006292,19.08607584776946
277080,2111700,8.99399210820393,72.88128333130038,19.0860780329519
277100,2111700,8.860690487020639,72.88147332256378,19.086080217938722
277120,2111700,8.518422311092719,72.88166331385311,19.08608240272993
277140,2111700,8.16569007662625,72.88185330516835,19.086084587325526
277160,2111700,7.954368715282596,72.88204329650951,19.08608677172551
277180,2111700,7.890088221811489,72.88223328787659,19.08608895592987
277200,2111700,7.896728169157422,72.88242327926957,19.086091139938624
277220,2111700,7.930975508051276,72.88261327068848,19.08609332375176
277240,2111700,7.958335933817659,72.8828032621333,19.08609550736928
277260,2111700,7.917990182313595,72.88299325360401,19.086097690791178
277280,2111700,7.721379972893054,72.88318324510062,19.086099874017474
277300,2111700,7.414845088630163,72.88337323662316,19.08610205704815
277320,2111700,7.126500599021492,72.88356322817157,19.08610423988321
277340,2111700,6.910919985370674,72.88375321974588,19.086106422522647
277360,2111700,6.780133937923269,72.88394321134611,19.086108604966476
277380,2111700,6.734106950597996,72.88413320297221,19.086110787214682
277400,2111700,6.753597797976215,72.8843231946242,19.086112969267276
277420,2111700,6.818555614493214,72.88451318630209,19.086115151124254
277440,2111700,6.912832715785628,72.88470317800585,19.086117332785616
277460,2111700,7.02426185925502,72.8848931697355,19.08611951425136
277480,2111700,7.144985336849162,72.88508316149104,19.086121695521488
277500,2111700,7.272152302433316,72.88527315327245,19.086123876595998
277520,2111700,7.408116435445493,72.88546314507974,19.086126057474896
277540,2111700,7.559371454937535,72.8856531369129,19.086128238158174
277560,2111700,7.734278213796014,72.88584312877194,19.086130418645833
277580,2111700,7.940161200465107,72.88603312065683,19.086132598937876
277600,2111700,8.180003595124498,72.8862231125676,19.086134779034303
277620,2111700,8.448339496074272,72.88641310450423,19.08613695893511
277640,2111700,8.726915022352973,72.88660309646673,19.086139138640306
277660,2111700,8.988589879803046,72.8867930884551,19.086141318149878
277680,2111700,9.226094852776086,72.8869830804693,19.08614349746383
277700,2111700,9.469259245705198,72.88717307250937,19.086145676582166
277720,2111700,9.738349418377538,72.8873630645753,19.086147855504887
277740,2111700,10.039771513962723,72.88755305666707,19.086150034231988
277760,2111700,10.385038971998926,72.88774304878469,19.08615221276347
277780,2111700,10.78706544714706,72.88793304092816,19.08615439109934
277800,2111700,11.252271221567769,72.88812303309747,19.08615656923958
277820,2111700,11.777600300351033,72.88831302529262,19.086158747184207
277840,2111700,12.352336249431538,72.8885030175136,19.086160924933218
277860,2111700,12.961919267820399,72.88869300976043,19.08616310248661
277880,2111700,13.591293043257359,72.8888830020331,19.08616527984438
277900,2111700,14.226936081116094,72.88907299433158,19.086167457006535
277920,2111700,14.857766957866357,72.88926298665591,19.086169633973064
277940,2111700,15.475311576494391,72.88945297900607,19.086171810743977
277960,2111700,16.073390267241003,72.88964297138205,19.086173987319274
277980,2111700,16.647467136484913,72.88983296378383,19.086176163698948
278000,2111700,17.19378973277729,72.89002295621145,19.086178339883002
278020,2111700,17.708496857920892,72.8902129486649,19.086180515871437
278040,2111700,18.18691352093922,72.89040294114415,19.086182691664256
278060,2111700,18.623225038420088,72.89059293364922,19.086184867261444
278080,2111700,19.01061519825145,72.89078292618011,19.086187042663024
278100,2111700,19.341814228204445,72.8909729187368,19.086189217868974
278120,2111700,19.60990634533416,72.89116291131928,19.08619139287931
278140,2111700,19.809229730152236,72.89135290392758,19.086193567694025
278160,2111700,19.936212529663916,72.89154289656167,19.08619574231312
278180,2111700,19.989913902515404,72.89173288922157,19.086197916736594
278200,2111700,19.97189727346256,72.89192288190726,19.086200090964443
278220,2111700,19.885363211133395,72.89211287461876,19.08620226499668
278240,2111700,19.734633401874625,72.89230286735605,19.08620443883329
278260,2111700,19.526351980216557,72.89249286011912,19.086206612474278
278280,2111700,19.271579190201294,72.892682852908,19.086208785919645
278300,2111700,18.986386050038455,72.89287284572264,19.086210959169396
278320,2111700,18.689550038642842,72.89306283856307,19.086213132223516
278340,2111700,18.397916943055698,72.8932528314293,19.08621530508202
278360,2111700,18.122010941372043,72.89344282432128,19.086217477744903
278380,2111700,17.864787803408657,72.89363281723904,19.086219650212165
276620,2111720,4.295829189818994,72.8769112363017,19.086208351554156
276640,2111720,4.425838576016956,72.87710122717397,19.08621054106236
276660,2111720,4.584897037660957,72.8772912180722,19.086212730374953
276680,2111720,4.768539092298484,72.87748120899641,19.086214919491937
276700,2111720,4.964761783578396,72.8776711999466,19.0862171084133
276720,2111720,5.154422690930844,72.87786119092276,19.086219297139053
276740,2111720,5.307428283871376,72.87805118192487,19.086221485669192
276760,2111720,5.317291853354487,72.87824117295295,19.086223674003712
276780,2111720,5.125116277686428,72.87843116400701,19.08622586214262
276800,2111720,4.93435649612016,72.87862115508702,19.086228050085918
276820,2111720,4.827079926155064,72.87881114619297,19.086230237833597
276840,2111720,4.840143539872492,72.8790011373249,19.08623242538566
276860,2111720,5.019148526991314,72.87919112848277,19.08623461274211
276880,2111720,5.452554417215909,72.87938111966659,19.086236799902945
276900,2111720,6.067581789179933,72.87957111087637,19.086238986868157
276920,2111720,6.787639858930114,72.87976110211208,19.086241173637763
276940,2111720,7.547190084663414,72.87995109337375,19.08624336021175
276960,2111720,8.192153521171022,72.88014108466135,19.086245546590124
276980,2111720,8.600037394109734,72.88033107597488,19.08624773277288
277000,2111720,8.766626726704878,72.88052106731438,19.08624991876002
277020,2111720,8.791971773263626,72.88071105867978,19.086252104551537
277040,2111720,8.766409734216774,72.88090105007113,19.086254290147448
277060,2111720,8.794564656421697,72.8810910414884,19.086256475547735
277080,2111720,8.838954494499218,72.8812810329316,19.086258660752424
277100,2111720,8.732689080534612,72.88147102440072,19.086260845761476
277120,2111720,8.490823342794352,72.88166101589577,19.08626303057492
277140,2111720,8.247794483146563,72.88185100741674,19.086265215192743
277160,2111720,8.105786001035831,72.88204099896363,19.086267399614954
277180,2111720,8.070645008255365,72.88223099053644,19.086269583841542
277200,2111720,8.080730499498342,72.88242098213514,19.08627176787252
277220,2111720,8.074906842312052,72.88261097375978,19.08627395170788
277240,2111720,8.020357384610406,72.88280096541031,19.08627613534762
277260,2111720,7.891537471974061,72.88299095708675,19.086278318791738
277280,2111720,7.668793831742294,72.8831809487891,19.086280502040246
277300,2111720,7.399366908281861,72.88337094051735,19.086282685093135
277320,2111720,7.1591452170027665,72.8835609322715,19.086284867950404
277340,2111720,6.976229008111716,72.88375092405154,19.08628705061206
277360,2111720,6.879320566684906,72.88394091585748,19.086289233078094
277380,2111720,6.863376433094505,72.88413090768933,19.08629141534851
277400,2111720,6.904668205824866,72.88432089954703,19.086293597423307
277420,2111720,6.983511277751402,72.88451089143065,19.086295779302485
277440,2111720,7.084075222540525,72.88470088334014,19.086297960986048
277460,2111720,7.1956450878337,72.88489087527553,19.08630014247399
277480,2111720,7.312853935633918,72.8850808672368,19.086302323766315
277500,2111720,7.4353725409145435,72.88527085922392,19.086304504863023
277520,2111720,7.5671154453074845,72.88546085123694,19.086306685764107
277540,2111720,7.7147771901464814,72.88565084327583,19.086308866469572
277560,2111720,7.885704103129678,72.8858408353406,19.086311046979425
277580,2111720,8.085305185511363,72.88603082743123,19.086313227293655
277600,2111720,8.314192369067282,72.88622081954772,19.086315407412265
277620,2111720,8.565378990132668,72.88641081169008,19.08631758733526
277640,2111720,8.823087047350594,72.88660080385831,19.086319767062623
277660,2111720,9.067381540082966,72.8867907960524,19.08632194659438
277680,2111720,9.290186634046616,72.88698078827234,19.08632412593051
277700,2111720,9.51930660190144,72.88717078051813,19.08632630507102
277720,2111720,9.768626137486084,72.88736077278978,19.086328484015915
277740,2111720,10.038577216951364,72.8875507650873,19.086330662765185
277760,2111720,10.356748311601592,72.88774075741063,19.086332841318843
277780,2111720,10.75138503387568,72.88793074975983,19.086335019676874
277800,2111720,11.236558577587838,72.88812074213487,19.086337197839278
277820,2111720,11.8084769846964,72.88831073453575,19.08633937580607
277840,2111720,12.450963654287849,72.88850072696246,19.086341553577242
277860,2111720,13.143115486648863,72.88869071941502,19.086343731152787
277880,2111720,13.864502962343014,72.88888071189342,19.08634590853271
277900,2111720,14.597526400631889,72.88907070439764,19.086348085717024
277920,2111720,15.328060977988544,72.8892606969277,19.086350262705707
277940,2111720,16.045293866462647,72.88945068948358,19.08635243949877
277960,2111720,16.74118986295507,72.88964068206529,19.086354616096212
277980,2111720,17.40976054003027,72.88983067467282,19.086356792498034
278000,2111720,18.046231091978875,72.89002066730617,19.086358968704236
278020,2111720,18.64620614866274,72.89021065996533,19.086361144714814
278040,2111720,19.20495857338871,72.89040065265033,19.08636332052977
278060,2111720,19.716960310461968,72.89059064536112,19.086365496149106
278080,2111720,20.175733497605265,72.89078063809774,19.086367671572816
278100,2111720,20.574050448555234,72.89097063086015,19.086369846800906
278120,2111720,20.90449374833828,72.89116062364837,19.086372021833373
278140,2111720,21.160412556343285,72.89135061646242,19.086374196670217
278160,2111720,21.33729665854412,72.89154060930225,19.08637637131144
278180,2111720,21.434293936026645,72.89173060216787,19.08637854575704
278200,2111720,21.454723338018194,72.8919205950593,19.086380720007018
278220,2111720,21.403954139873793,72.89211058797653,19.086382894061373
278240,2111720,21.286405373606573,72.89230058091955,19.0863850679201
278260,2111720,21.106636996961768,72.89249057388835,19.086387241583207
278280,2111720,20.872911105688537,72.89268056688296,19.086389415050697
278300,2111720,20.598136164754735,72.89287055990334,19.086391588322556
278320,2111720,20.297751047284017,72.8930605529495,19.086393761398796
278340,2111720,19.986350521953195,72.89325054602143,19.08639593427941
278360,2111720,19.674808745341217,72.89344053911917,19.086398106964403
278380,2111720,19.369144580360697,72.89363053224267,19.08640027945377
276640,2111740,4.487093371180268,72.87709892425327,19.086391168369424
276660,2111740,4.66003294000257,72.87728891535724,19.086393357704296
276680,2111740,4.851188668052426,72.87747890648718,19.08639554684355
276700,2111740,5.042766196798729,72.87766889764309,19.086397735787198
276720,2111740,5.200062332017785,72.87785888882496,19.086399924535222
276740,2111740,5.265624829092787,72.87804888003282,19.086402113087626
276760,2111740,5.202328514249677,72.87823887126662,19.086404301444418
276780,2111740,5.104599045432202,72.87842886252639,19.086406489605594
276800,2111740,4.981354620435167,72.87861885381213,19.08640867757115
276820,2111740,4.895809988542047,72.87880884512383,19.086410865341094
276840,2111740,4.922034708342329,72.87899883646148,19.086413052915418
276860,2111740,5.1108321354418464,72.87918882782508,19.086415240294123
276880,2111740,5.496017264585443,72.87937881921462,19.086417427477212
276900,2111740,6.054020544670204,72.87956881063012,19.086419614464685
276920,2111740,6.75400115589814,72.87975880207156,19.08642180125654
276940,2111740,7.515053854202192,72.87994879353894,19.086423987852775
276960,2111740,8.18052306777336,72.88013878503227,19.086426174253393
276980,2111740,8.646925456539186,72.88032877655154,19.0864283604584
277000,2111740,8.89650991207666,72.88051876809675,19.086430546467785
277020,2111740,8.966869414979044,72.88070875966788,19.086432732281548
277040,2111740,8.91033065385693,72.88089875126497,19.086434917899698
277060,2111740,8.814726723138879,72.88108874288795,19.086437103322226
277080,2111740,8.722649647886106,72.88127873453689,19.086439288549137
277100,2111740,8.56051005360786,72.88146872621174,19.08644147358043
277120,2111740,8.369154955780779,72.88165871791253,19.086443658416105
277140,2111740,8.228000853173429,72.88184870963921,19.08644584305616
277160,2111740,8.17989344651235,72.88203870139183,19.086448027500598
277180,2111740,8.204819706080864,72.88222869317036,19.08645021174942
277200,2111740,8.23114970393237,72.88241868497481,19.086452395802617
277220,2111740,8.180885189627233,72.88260867680516,19.0864545796602
277240,2111740,8.0416002646474,72.88279866866142,19.08645676332216
277260,2111740,7.816821307276255,72.8829886605436,19.0864589467885
277280,2111740,7.5475024004605356,72.88317865245168,19.086461130059224
277300,2111740,7.326502727736183,72.88336864438565,19.086463313134324
277320,2111740,7.147643595190894,72.88355863634553,19.086465496013805
277340,2111740,7.021526344078317,72.8837486283313,19.08646767869767
277360,2111740,6.972487275741677,72.88393862034297,19.086469861185915
277380,2111740,6.996097639588456,72.88412861238054,19.086472043478533
277400,2111740,7.067888998663954,72.88431860444398,19.08647422557554
277420,2111740,7.165990700809747,72.88450859653334,19.086476407476923
277440,2111740,7.274627019766571,72.88469858864856,19.086478589182683
277460,2111740,7.385040277320613,72.88488858078966,19.08648077069282
277480,2111740,7.494793602637931,72.88507857295666,19.086482952007344
277500,2111740,7.60650453813941,72.88526856514953,19.086485133126246
277520,2111740,7.726302206577407,72.88545855736827,19.086487314049524
277540,2111740,7.862019770396847,72.8856485496129,19.08648949477718
277560,2111740,8.021150167917368,72.88583854188337,19.08649167530922
277580,2111740,8.208689853826414,72.88602853417974,19.086493855645635
277600,2111740,8.425093383989902,72.88621852650198,19.086496035786432
277620,2111740,8.664799004358319,72.88640851885006,19.086498215731606
277640,2111740,8.916284025559147,72.88659851122402,19.086500395481153
277660,2111740,9.164745774064471,72.88678850362383,19.086502575035087
277680,2111740,9.397316757631705,72.88697849604951,19.086504754393392
277700,2111740,9.616199090912161,72.88716848850105,19.08650693355608
277720,2111740,9.829403504482817,72.88735848097842,19.086509112523142
277740,2111740,10.05290114090926,72.88754847348164,19.08651129129459
277760,2111740,10.333704812777068,72.88773846601073,19.086513469870408
277780,2111740,10.719731743232488,72.88792845856567,19.086515648250604
277800,2111740,11.232344573083454,72.88811845114644,19.08651782643518
277820,2111740,11.861863790173821,72.88830844375305,19.086520004424134
277840,2111740,12.581917834888355,72.8884984363855,19.086522182217465
277860,2111740,13.363224898396872,72.8886884290438,19.086524359815165
277880,2111740,14.179815898891064,72.88887842172792,19.086526537217257
277900,2111740,15.010558916512828,72.88906841443787,19.08652871442371
277920,2111740,15.838971046645362,72.88925840717367,19.086530891434556
277940,2111740,16.652567300150274,72.88944839993528,19.086533068249768
277960,2111740,17.44210546490278,72.88963839272272,19.08653524486936
277980,2111740,18.20079360003271,72.88982838553599,19.086537421293325
278000,2111740,18.923466060054057,72.89001837837507,19.08653959752167
278020,2111740,19.60575157348133,72.89020837123996,19.08654177355439
278040,2111740,20.24329220884988,72.89039836413069,19.086543949391487
278060,2111740,20.83109364018443,72.89058835704722,19.086546125032964
278080,2111740,21.36308636297678,72.89077834998956,19.08654830047881
278100,2111740,21.831974700330818,72.89096834295772,19.086550475729034
278120,2111740,22.229485812882263,72.89115833595169,19.086552650783638
278140,2111740,22.547232652415836,72.89134832897145,19.08655482564261
278160,2111740,22.778526543253367,72.89153832201701,19.086557000305962
278180,2111740,22.92133610897189,72.89172831508837,19.086559174773694
278200,2111740,22.981051265994257,72.89191830818554,19.086561349045787
278220,2111740,22.967079725917856,72.8921083013085,19.086563523122273
278240,2111740,22.882820850714065,72.89229829445725,19.08656569700312
278260,2111740,22.728261794125167,72.89248828763179,19.086567870688345
278280,2111740,22.508819511549863,72.89267828083213,19.086570044177947
278300,2111740,22.235861256858698,72.89286827405824,19.08657221747193
278320,2111740,21.923630985328952,72.89305826731015,19.086574390570274
278340,2111740,21.58622540689784,72.89324826058784,19.086576563473002
278360,2111740,21.235416505502158,72.89343825389129,19.086578736180105
278380,2111740,20.879626708946525,72.89362824722052,19.086580908691573
278400,2111740,20.535991812681253,72.89381824057554,19.086583081007426
276640,2111760,4.510725322684532,72.87709662130662,19.086571795672686
276660,2111760,4.6886950768242475,72.8772866126163,19.086573985029833
276680,2111760,4.880798774026854,72.87747660395198,19.08657617419136
276700,2111760,5.0688595290152385,72.87766659531361,19.08657836315728
276720,2111760,5.217643074257525,72.87785658670121,19.086580551927575
276740,2111760,5.270083719564352,72.87804657811479,19.086582740502255
276760,2111760,5.198290478557768,72.87823656955432,19.08658492888131
276780,2111760,5.129014390469279,72.87842656101982,19.086587117064756
276800,2111760,5.015794942240283,72.87861655251129,19.086589305052573
276820,2111760,4.937474079034208,72.8788065440287,19.08659149284478
276840,2111760,4.984193733255573,72.87899653557209,19.08659368044136
276860,2111760,5.209431751548374,72.87918652714141,19.08659586784233
276880,2111760,5.555647568927166,72.87937651873668,19.086598055047673
276900,2111760,6.0582390076690995,72.8795665103579,19.086600242057397
276920,2111760,6.726230943696254,72.87975650200508,19.086602428871505
276940,2111760,7.470402946706585,72.8799464936782,19.086604615489993
276960,2111760,8.169146267407516,72.88013648537726,19.08660680191286
276980,2111760,8.725892582066756,72.88032647710226,19.086608988140114
277000,2111760,9.094913560247253,72.8805164688532,19.08661117417174
277020,2111760,9.269730183987466,72.88070646063007,19.08661336000775
277040,2111760,9.260289881957547,72.88089645243286,19.086615545648137
277060,2111760,9.079944114423826,72.8810864442616,19.086617731092907
277080,2111760,8.773315403013882,72.88127643611625,19.086619916342052
277100,2111760,8.449423245429688,72.88146642799684,19.08662210139558
277120,2111760,8.228275810569102,72.88165641990335,19.086624286253485
277140,2111760,8.146658253727901,72.88184641183577,19.086626470915775
277160,2111760,8.18703661394345,72.88203640379412,19.086628655382437
277180,2111760,8.28550351595702,72.88222639577837,19.086630839653484
277200,2111760,8.343301811291976,72.88241638778855,19.086633023728908
277220,2111760,8.272821744186293,72.88260637982464,19.086635207608712
277240,2111760,8.074654281322942,72.88279637188663,19.086637391292893
277260,2111760,7.790395899552744,72.88298636397454,19.08663957478145
277280,2111760,7.499788844661397,72.88317635608834,19.08664175807439
277300,2111760,7.290916031277853,72.88336634822805,19.086643941171705
277320,2111760,7.14979469665482,72.88355634039365,19.086646124073404
277340,2111760,7.073363667712717,72.88374633258518,19.086648306779473
277360,2111760,7.0728604725731365,72.88393632480258,19.086650489289926
277380,2111760,7.140636913890722,72.88412631704585,19.086652671604757
277400,2111760,7.247560196428685,72.88431630931505,19.086654853723964
277420,2111760,7.366570294964935,72.88450630161012,19.086657035647548
277440,2111760,7.481696319032541,72.88469629393107,19.086659217375512
277460,2111760,7.5867092637403655,72.88488628627792,19.086661398907847
277480,2111760,7.682757222718672,72.88507627865064,19.08666358024457
277500,2111760,7.776052457197045,72.88526627104925,19.086665761385664
277520,2111760,7.87566056744795,72.88545626347371,19.086667942331136
277540,2111760,7.991405550771397,72.88564625592407,19.08667012308098
277560,2111760,8.131917514654988,72.8858362484003,19.086672303635208
277580,2111760,8.302928968884268,72.8860262409024,19.086674483993807
277600,2111760,8.505999642735551,72.88621623343036,19.086676664156787
277620,2111760,8.737955724294013,72.88640622598417,19.086678844124148
277640,2111760,8.991404812924271,72.88659621856387,19.086681023895874
277660,2111760,9.256173215529154,72.88678621116942,19.086683203471992
277680,2111760,9.517582223909177,72.88697620380083,19.086685382852473
277700,2111760,9.735060995568803,72.8871661964581,19.08668756203733
277720,2111760,9.908833799776506,72.88735618914122,19.08668974102657
277740,2111760,10.074589722704944,72.88754618185017,19.086691919820183
277760,2111760,10.306492604715945,72.887736174585,19.086694098418175
277780,2111760,10.685748609655464,72.88792616734565,19.086696276820536
277800,2111760,11.240100487611803,72.88811616013217,19.086698455027275
277820,2111760,11.942932503937545,72.88830615294451,19.086700633038394
277840,2111760,12.751352436720966,72.8884961457827,19.08670281085388
277860,2111760,13.627063893905742,72.88868613864672,19.08670498847375
277880,2111760,14.539770827749116,72.88887613153659,19.086707165897987
277900,2111760,15.466076970227835,72.88906612445227,19.086709343126603
277920,2111760,16.38810873443734,72.8892561173938,19.08671152015959
277940,2111760,17.292436926882765,72.88944611036115,19.08671369699696
277960,2111760,18.169216511646205,72.88963610335432,19.0867158736387
277980,2111760,19.011415050712593,72.88982609637333,19.086718050084816
278000,2111760,19.81403131058417,72.89001608941815,19.086720226335302
278020,2111760,20.573256175194537,72.89020608248877,19.08672240239017
278040,2111760,21.285591818722136,72.89039607558523,19.086724578249406
278060,2111760,21.946997428445222,72.8905860687075,19.086726753913016
278080,2111760,22.552149418051755,72.89077606185559,19.086728929381003
278100,2111760,23.093907303806542,72.89096605502947,19.08673110465336
278120,2111760,23.563121886164488,72.89115604822916,19.086733279730097
278140,2111760,23.949088042046384,72.89134604145468,19.0867354546112
278160,2111760,24.241280604739885,72.89153603470596,19.08673762929668
278180,2111760,24.433454864413406,72.89172602798308,19.086739803786536
278200,2111760,24.531356903087982,72.89191602128598,19.08674197808076
278220,2111760,24.55445492252256,72.89210601461468,19.086744152179364
278240,2111760,24.50267913735505,72.89229600796916,19.08674632608233
278260,2111760,24.367680639275683,72.89248600134945,19.086748499789678
278280,2111760,24.154248405009305,72.89267599475552,19.086750673301403
278300,2111760,23.874357621962286,72.89286598818737,19.08675284661749
278320,2111760,23.542547751079596,72.893055981645,19.086755019737954
278340,2111760,23.173373554224355,72.89324597512844,19.086757192662787
278360,2111760,22.779793747333173,72.89343596863763,19.086759365392002
278380,2111760,22.372280600914003,72.8936259621726,19.086761537925582
278400,2111760,21.9586036720914,72.89381595573336,19.086763710263536
276640,2111780,4.490799748893994,72.87709431833397,19.086752422972136
276660,2111780,4.664206506731643,72.87728430984939,19.086754612351562
276680,2111780,4.850137257758933,72.87747430139079,19.08675680153537
276700,2111780,5.037526552142836,72.87766429295816,19.086758990523556
276720,2111780,5.209601384985023,72.87785428455149,19.086761179316124
276740,2111780,5.342270123078162,72.8780442761708,19.086763367913072
276760,2111780,5.3765297966535694,72.87823426781605,19.0867655563144
276780,2111780,5.2109343477235,72.87842425948729,19.08676774452011
276800,2111780,5.0143664837550395,72.87861425118449,19.086769932530196
276820,2111780,4.9097255126325035,72.87880424290763,19.08677212034466
276840,2111780,4.937826996231748,72.87899423465674,19.086774307963505
276860,2111780,5.122072087906144,72.8791842264318,19.086776495386722
276880,2111780,5.4701726883310915,72.87937421823281,19.08677868261433
276900,2111780,5.992715733351508,72.87956421005975,19.08678086964631
276920,2111780,6.666750102265972,72.87975420191268,19.086783056482666
276940,2111780,7.427337926044092,72.87994419379152,19.086785243123405
276960,2111780,8.185754066419763,72.8801341856963,19.08678742956852
276980,2111780,8.851143127761063,72.88032417762703,19.086789615818024
277000,2111780,9.35468311542165,72.8805141695837,19.08679180187189
277020,2111780,9.657701234857889,72.8807041615663,19.086793987730147
277040,2111780,9.737872662831181,72.88089415357483,19.08679617339277
277060,2111780,9.539572133086192,72.8810841456093,19.086798358859774
277080,2111780,8.988485899189133,72.88127413766969,19.08680054413116
277100,2111780,8.432825611349251,72.881464129756,19.086802729206923
277120,2111780,8.1131127030561,72.88165412186824,19.086804914087065
277140,2111780,8.042336451304351,72.88184411400641,19.086807098771576
277160,2111780,8.153870106920884,72.8820341061705,19.08680928326047
277180,2111780,8.332554930141978,72.88222409836048,19.086811467553744
277200,2111780,8.437978124157747,72.88241409057638,19.08681365165139
277220,2111780,8.366608465053725,72.8826040828182,19.086815835553416
277240,2111780,8.13017286880636,72.88279407508594,19.08681801925982
277260,2111780,7.818125650417059,72.88298406737957,19.086820202770596
277280,2111780,7.5249709725594744,72.88317405969912,19.08682238608575
277300,2111780,7.3109642952059275,72.88336405204456,19.08682456920528
277320,2111780,7.184531225905747,72.88355404441589,19.08682675212919
277340,2111780,7.14159287115687,72.88374403681313,19.086828934857476
277360,2111780,7.185212642465624,72.88393402923627,19.086831117390137
277380,2111780,7.303663184320578,72.8841240216853,19.08683329972717
277400,2111780,7.447551820430525,72.88431401416021,19.086835481868583
277420,2111780,7.585024040716501,72.88450400666103,19.086837663814368
277440,2111780,7.701367285229448,72.88469399918772,19.086839845564533
277460,2111780,7.793787436831303,72.8848839917403,19.086842027119072
277480,2111780,7.867836375231675,72.88507398431875,19.086844208477984
277500,2111780,7.934047059117676,72.88526397692308,19.086846389641273
277520,2111780,8.005084596947004,72.8854539695533,19.086848570608936
277540,2111780,8.09340025131811,72.88564396220939,19.08685075138098
277560,2111780,8.209339430429822,72.88583395489135,19.08685293195739
277580,2111780,8.359813512281232,72.88602394759917,19.086855112338178
277600,2111780,8.547594039511178,72.88621394033287,19.086857292523344
277620,2111780,8.771178334735088,72.88640393309244,19.086859472512884
277640,2111780,9.02496113311664,72.88659392587786,19.086861652306794
277660,2111780,9.298544050307207,72.88678391868915,19.086863831905085
277680,2111780,9.57161024822813,72.8869739115263,19.086866011307745
277700,2111780,9.808749356281215,72.8871639043893,19.086868190514778
277720,2111780,9.983563228710375,72.88735389727815,19.08687036952619
277740,2111780,10.096185824995528,72.88754389019284,19.086872548341972
277760,2111780,10.270118551353388,72.8877338831334,19.086874726962133
277780,2111780,10.65308374669246,72.8879238760998,19.086876905386664
277800,2111780,11.274642349097688,72.88811386909204,19.086879083615564
277820,2111780,12.068376905346957,72.88830386211012,19.086881261648845
277840,2111780,12.972277134420203,72.88849385515405,19.086883439486495
277860,2111780,13.942823688675674,72.8886838482238,19.086885617128523
277880,2111780,14.948186090906503,72.88887384131941,19.086887794574917
277900,2111780,15.964231239537472,72.88906383444085,19.08688997182569
277920,2111780,16.972541237619318,72.8892538275881,19.08689214888083
277940,2111780,17.959272444716223,72.88944382076119,19.08689432574035
277960,2111780,18.91438252160794,72.8896338139601,19.086896502404237
277980,2111780,19.83099178773697,72.88982380718484,19.0868986788725
278000,2111780,20.704704172587917,72.8900138004354,19.086900855145135
278020,2111780,21.532770183275428,72.89020379371178,19.08690303122214
278040,2111780,22.313081642059267,72.89039378701396,19.086905207103516
278060,2111780,23.043091276620626,72.89058378034197,19.086907382789267
278080,2111780,23.718778913346945,72.8907737736958,19.086909558279388
278100,2111780,24.333748162043204,72.89096376707543,19.086911733573885
278120,2111780,24.878526597567667,72.89115376048086,19.08691390867275
278140,2111780,25.340305322260036,72.89134375391211,19.08691608357599
278160,2111780,25.703898647909135,72.89153374736914,19.086918258283593
278180,2111780,25.95576424275566,72.89172374085199,19.086920432795576
278200,2111780,26.09426630859108,72.89191373436063,19.086922607111926
278220,2111780,26.153481222042835,72.89210372789506,19.086924781232653
278240,2111780,26.12636393417121,72.8922937214553,19.086926955157747
278260,2111780,25.999850172889055,72.89248371504132,19.08692912888721
278280,2111780,25.78216364110175,72.89267370865312,19.086931302421046
278300,2111780,25.486667511130754,72.89286370229071,19.08693347575925
278320,2111780,25.128424335754097,72.8930536959541,19.086935648901832
278340,2111780,24.72263382567815,72.89324368964326,19.086937821848778
278360,2111780,24.283476515904468,72.8934336833582,19.086939994600094
278380,2111780,23.823243241858393,72.89362367709892,19.086942167155783
278400,2111780,23.351873892182013,72.8938136708654,19.08694433951584
276640,2111800,4.427329083963971,72.87709201533536,19.08693305026778
276660,2111800,4.585306527621837,72.87728200705651,19.08693523966949
276680,2111800,4.751654054109991,72.87747199880364,19.086937428875576
276700,2111800,4.919697602854832,72.87766199057674,19.08693961788604
276720,2111800,5.08263482907617,72.87785198237582,19.086941806700878
276740,2111800,5.231320406076569,72.87804197420084,19.086943995320095
276760,2111800,5.294750824686217,72.87823196605184,19.08694618374369
276780,2111800,5.082907237216723,72.87842195792881,19.086948371971665
276800,2111800,4.882627659950167,72.87861194983172,19.086950560004016
276820,2111800,4.8079140341415805,72.87880194176061,19.08695274784074
276840,2111800,4.84072951589244,72.87899193371545,19.08695493548185
276860,2111800,4.9823143934449154,72.87918192569624,19.086957122927327
276880,2111800,5.334636687684734,72.87937191770298,19.086959310177186
276900,2111800,5.89284742328899,72.87956190973567,19.086961497231425
276920,2111800,6.580985478302722,72.87975190179431,19.08696368409003
276940,2111800,7.375123388594684,72.8799418938789,19.08696587075302
276960,2111800,8.215074999905156,72.88013188598941,19.086968057220385
276980,2111800,9.002647351289841,72.88032187812588,19.086970243492125
277000,2111800,9.638690374407535,72.88051187028827,19.08697242956825
277020,2111800,10.05443889559506,72.88070186247661,19.086974615448735
277040,2111800,10.203094319799389,72.88089185469089,19.08697680113361
277060,2111800,10.00332694792708,72.88108184693108,19.086978986622853
277080,2111800,9.369536683875799,72.8812718391972,19.086981171916474
277100,2111800,8.580245188665241,72.88146183148925,19.086983357014468
277120,2111800,8.057082559192006,72.88165182380723,19.086985541916842
277140,2111800,7.939777532311598,72.88184181615112,19.086987726623583
277160,2111800,8.097781982537974,72.88203180852094,19.08698991113471
277180,2111800,8.355560435807082,72.88222180091667,19.086992095450206
277200,2111800,8.522917514604423,72.8824117933383,19.08699427957008
277220,2111800,8.446634634095567,72.88260178578587,19.086996463494327
277240,2111800,8.169061180189543,72.88279177825933,19.086998647222952
277260,2111800,7.837897543253111,72.8829817707587,19.087000830755944
277280,2111800,7.552819441541013,72.88317176328398,19.087003014093316
277300,2111800,7.353699579978351,72.88336175583515,19.08700519723506
277320,2111800,7.246118859827904,72.88355174841223,19.08700738018118
277340,2111800,7.234407716418337,72.88374174101521,19.087009562931676
277360,2111800,7.325148686073762,72.88393173364408,19.087011745486546
277380,2111800,7.49152297926237,72.88412172629884,19.08701392784579
277400,2111800,7.667476051896992,72.8843117189795,19.087016110009408
277420,2111800,7.816933967181811,72.88450171168604,19.087018291977394
277440,2111800,7.926192088720846,72.88469170441847,19.087020473749757
277460,2111800,7.996550412746738,72.88488169717678,19.087022655326493
277480,2111800,8.039036516209839,72.88507168996098,19.087024836707602
277500,2111800,8.069219500610886,72.88526168277106,19.08702701789309
277520,2111800,8.103874060942925,72.88545167560702,19.08702919888295
277540,2111800,8.15845737735772,72.88564166846884,19.087031379677175
277560,2111800,8.24515997833393,72.88583166135652,19.087033560275774
277580,2111800,8.371885549123535,72.8860216542701,19.087035740678754
277600,2111800,8.542041246330182,72.88621164720954,19.0870379208861
277620,2111800,8.754683793562892,72.88640164017484,19.087040100897827
277640,2111800,9.004451792218367,72.88659163316599,19.087042280713916
277660,2111800,9.280485422315996,72.88678162618301,19.087044460334386
277680,2111800,9.564030141707878,72.88697161922589,19.087046639759222
277700,2111800,9.827947125780064,72.88716161229465,19.087048818988432
277720,2111800,10.033343995030476,72.88735160538923,19.08705099802201
277740,2111800,10.133545014190258,72.88754159850967,19.087053176859964
277760,2111800,10.247114252777783,72.88773159165596,19.087055355502294
277780,2111800,10.660271756555096,72.88792158482809,19.087057533948993
277800,2111800,11.378333069648761,72.88811157802608,19.08705971220006
277820,2111800,12.2673704547041,72.88830157124991,19.0870618902555
277840,2111800,13.261831616742398,72.88849156449957,19.087064068115318
277860,2111800,14.319244963594596,72.88868155777507,19.087066245779496
277880,2111800,15.407996400334403,72.8888715510764,19.087068423248052
277900,2111800,16.503737772709883,72.88906154440359,19.087070600520978
277920,2111800,17.58771587206204,72.88925153775658,19.087072777598273
277940,2111800,18.6457860592055,72.8894415311354,19.087074954479938
277960,2111800,19.667803000654672,72.88963152454006,19.087077131165977
277980,2111800,20.647196781205615,72.88982151797055,19.087079307656385
278000,2111800,21.580469669802564,72.89001151142685,19.087081483951163
278020,2111800,22.46636932574006,72.89020150490896,19.087083660050318
278040,2111800,23.304701781458537,72.89039149841689,19.087085835953836
278060,2111800,24.094974520969842,72.89058149195064,19.087088011661724
278080,2111800,24.835095892598076,72.8907714855102,19.08709018717398
278100,2111800,25.52021236367661,72.89096147909557,19.087092362490612
278120,2111800,26.141613678280116,72.89115147270675,19.08709453761161
278140,2111800,26.68566499761408,72.89134146634372,19.08709671253698
278160,2111800,27.13330452607469,72.8915314600065,19.087098887266716
278180,2111800,27.462900839907974,72.89172145369508,19.08710106180083
278200,2111800,27.66327584960161,72.89191144740947,19.087103236139303
278220,2111800,27.747899381485205,72.89210144114966,19.08710541028215
278240,2111800,27.72383876427783,72.89229143491563,19.08710758422936
278260,2111800,27.591614730880494,72.8924814287074,19.087109757980944
278280,2111800,27.36021960909992,72.89267142252494,19.0871119315369
278300,2111800,27.042438500298637,72.89286141636828,19.087114104897214
278320,2111800,26.652949045563822,72.89305141023739,19.087116278061913
278340,2111800,26.20738955859796,72.89324140413231,19.087118451030967
278360,2111800,25.72118697721395,72.89343139805298,19.087120623804392
278380,2111800,25.208385847622274,72.89362139199945,19.08712279638219
278400,2111800,24.680849483720277,72.89381138597169,19.08712496876435
276640,2111820,4.327109352771394,72.87708971231076,19.087113677559625
276660,2111820,4.460301563048031,72.87727970423765,19.087115866983616
276680,2111820,4.592839674957538,72.8774696961905,19.08711805621197
276700,2111820,4.715116796868797,72.87765968816936,19.08712024524471
276720,2111820,4.81203761620681,72.87784968017415,19.087122434081827
276740,2111820,4.853860877679745,72.87803967220492,19.087124622723316
276760,2111820,4.7866232518399086,72.87822966426167,19.087126811169174
276780,2111820,4.6557101311394,72.87841965634436,19.087128999419413
276800,2111820,4.628433255617946,72.87860964845302,19.08713118747403
276820,2111820,4.693359190012234,72.87879964058763,19.08713337533302
276840,2111820,4.8173373213197515,72.8789896327482,19.087135562996384
276860,2111820,5.0017160516648485,72.87917962493472,19.087137750464127
276880,2111820,5.339581961533103,72.87936961714722,19.087139937736236
276900,2111820,5.837837680179424,72.87955960938564,19.08714212481273
276920,2111820,6.479713087539098,72.87974960165002,19.08714431169359
276940,2111820,7.293699866328983,72.87993959394032,19.087146498378832
276960,2111820,8.232032092038304,72.88012958625659,19.087148684868442
276980,2111820,9.15743261815991,72.88031957859879,19.087150871162432
277000,2111820,9.914864915368426,72.88050957096692,19.087153057260796
277020,2111820,10.406168107486215,72.88069956336099,19.08715524316353
277040,2111820,10.588319388082661,72.880889555781,19.087157428870636
277060,2111820,10.416948044515758,72.88107954822694,19.08715961438212
277080,2111820,9.79993798706607,72.88126954069878,19.087161799697977
277100,2111820,8.816677445814586,72.88145953319659,19.08716398481821
277120,2111820,8.042403436077155,72.88164952572029,19.08716616974281
277140,2111820,7.858740980610355,72.88183951826993,19.087168354471792
277160,2111820,8.024980545111388,72.88202951084547,19.087170539005143
277180,2111820,8.315100761256655,72.88221950344693,19.087172723342867
277200,2111820,8.519346312734307,72.88240949607433,19.08717490748496
277220,2111820,8.435865147034498,72.8825994887276,19.08717709143143
277240,2111820,8.132062043505329,72.88278948140682,19.087179275182276
277260,2111820,7.8135146701833,72.88297947411192,19.087181458737486
277280,2111820,7.572025539367292,72.88316946684294,19.08718364209708
277300,2111820,7.417425791605853,72.88335945959986,19.087185825261034
277320,2111820,7.332898670472924,72.88354945238267,19.087188008229365
277340,2111820,7.3393046880309285,72.88373944519138,19.087190191002072
277360,2111820,7.473271368749558,72.883929438026,19.087192373579153
277380,2111820,7.690139706783335,72.8841194308865,19.087194555960597
277400,2111820,7.894633142281988,72.88430942377289,19.08719673814642
277420,2111820,8.050229539825539,72.88449941668517,19.08719892013661
277440,2111820,8.142789139568844,72.88468940962335,19.08720110193118
277460,2111820,8.180555523822656,72.8848794025874,19.08720328353011
277480,2111820,8.182090100890797,72.88506939557733,19.087205464933422
277500,2111820,8.168352055894418,72.88525938859316,19.0872076461411
277520,2111820,8.160525593108606,72.88544938163483,19.08720982715315
277540,2111820,8.177297114370147,72.8856393747024,19.08721200796957
277560,2111820,8.232433180721431,72.88582936779584,19.087214188590362
277580,2111820,8.334178574311586,72.88601936091516,19.087216369015522
277600,2111820,8.485779175927433,72.88620935406031,19.08721854924505
277620,2111820,8.686097983801172,72.88639934723136,19.087220729278958
277640,2111820,8.929759722991461,72.88658934042826,19.087222909117234
277660,2111820,9.206656972254043,72.88677933365103,19.087225088759883
277680,2111820,9.501258833642748,72.88696932689966,19.08722726820689
277700,2111820,9.792463144294713,72.88715932017413,19.08722944745828
277720,2111820,10.051140585383074,72.88734931347446,19.087231626514033
277740,2111820,10.208359377562779,72.88753930680063,19.087233805374158
277760,2111820,10.362408552254905,72.88772930015269,19.08723598403866
277780,2111820,10.83085820128832,72.88791929353056,19.087238162507518
277800,2111820,11.60922104474005,72.88810928693428,19.087240340780756
277820,2111820,12.566205258144581,72.88829928036385,19.08724251885836
277840,2111820,13.63173192320792,72.88848927381926,19.08724469674033
277860,2111820,14.760220124107935,72.88867926730049,19.08724687442667
277880,2111820,15.91812675487126,72.88886926080757,19.087249051917382
277900,2111820,17.07995455872586,72.88905925434048,19.087251229212466
277920,2111820,18.226221535965994,72.88924924789923,19.087253406311913
277940,2111820,19.342250216347857,72.8894392414838,19.087255583215736
277960,2111820,20.41758565614768,72.8896292350942,19.087257759923922
277980,2111820,21.445861346402882,72.88981922873042,19.087259936436475
278000,2111820,22.42461659578905,72.89000922239245,19.087262112753393
278020,2111820,23.354490933033055,72.89019921608032,19.087264288874692
278040,2111820,24.2377004681801,72.890389209794,19.08726646480035
278060,2111820,25.0762594740453,72.89057920353349,19.08726864053038
278080,2111820,25.87043307731907,72.8907691972988,19.08727081606477
278100,2111820,26.617514644904343,72.8909591910899,19.087272991403538
278120,2111820,27.310658137980468,72.89114918490682,19.08727516654667
278140,2111820,27.937293893779046,72.89133917874955,19.08727734149417
278160,2111820,28.476560366615388,72.89152917261808,19.08727951624603
278180,2111820,28.896359948476515,72.8917191665124,19.087281690802264
278200,2111820,29.161338111396205,72.89190916043253,19.08728386516287
278220,2111820,29.267533951465026,72.89209915437846,19.087286039327836
278240,2111820,29.2401453352917,72.89228914835017,19.087288213297175
278260,2111820,29.09728001794927,72.89247914234767,19.087290387070876
278280,2111820,28.84954050759629,72.89266913637098,19.08729256064895
278300,2111820,28.507741043238557,72.89285913042006,19.08729473403138
278320,2111820,28.085661221538516,72.89304912449492,19.08729690721819
278340,2111820,27.59965116808622,72.89323911859557,19.087299080209352
278360,2111820,27.066843640112594,72.89342911272199,19.087301253004895
278380,2111820,26.503283771161342,72.8936191068742,19.087303425604794
278400,2111820,25.92269554251611,72.89380910105218,19.08730559800906
276660,2111840,4.308007655304742,72.87727740139283,19.087296494293927
276680,2111840,4.40264543383292,72.87746739355143,19.08729868354457
276700,2111840,4.474257843774318,72.87765738573599,19.087300872599577
276720,2111840,4.5037409340483885,72.87784737794652,19.087303061458964
276740,2111840,4.465498937325281,72.87803737018304,19.08730525012272
276760,2111840,4.35649016706035,72.87822736244551,19.08730743859085
276780,2111840,4.29704559075266,72.87841735473395,19.087309626863355
276800,2111840,4.430775826472355,72.87860734704834,19.08731181494024
276820,2111840,4.645804687898301,72.8787973393887,19.08731400282149
276840,2111840,4.903360474970025,72.878987331755,19.087316190507117
276860,2111840,5.190833616278658,72.87917732414728,19.087318377997114
276880,2111840,5.488166301893059,72.87936731656549,19.087320565291485
276900,2111840,5.818615880667466,72.87955730900966,19.087322752390225
276920,2111840,6.334805030239833,72.87974730147977,19.087324939293346
276940,2111840,7.147261061154121,72.87993729397581,19.087327126000833
276960,2111840,8.21446755348892,72.88012728649781,19.087329312512693
276980,2111840,9.309683398357356,72.88031727904576,19.08733149882893
277000,2111840,10.172983106289127,72.88050727161962,19.087333684949538
277020,2111840,10.68493367444711,72.88069726421945,19.08733587087452
277040,2111840,10.841235391983627,72.88088725684517,19.087338056603866
277060,2111840,10.64946193035447,72.88107724949685,19.087340242137586
277080,2111840,10.049927915258355,72.88126724217445,19.08734242747568
277100,2111840,8.970538408039644,72.88145723487797,19.08734461261814
277120,2111840,8.068729235780577,72.88164722760743,19.087346797564983
277140,2111840,7.8698883561920745,72.88183722036281,19.08734898231619
277160,2111840,7.975349797390928,72.88202721314408,19.087351166871766
277180,2111840,8.18168335946981,72.8822172059513,19.08735335123172
277200,2111840,8.345117177636821,72.88240719878442,19.08735553539604
277220,2111840,8.25404251353716,72.88259719164346,19.087357719364736
277240,2111840,8.009998149654354,72.8827871845284,19.087359903137795
277260,2111840,7.765952813247273,72.88297717743926,19.087362086715228
277280,2111840,7.619088485254899,72.883167170376,19.087364270097034
277300,2111840,7.548110190930117,72.88335716333866,19.08736645328321
277320,2111840,7.4736985976047645,72.88354715632721,19.087368636273755
277340,2111840,7.442145125362514,72.88373714934167,19.087370819068667
277360,2111840,7.585036009915706,72.88392714238202,19.087373001667956
277380,2111840,7.861564089160881,72.88411713544826,19.08737518407161
277400,2111840,8.105283882881015,72.8843071285404,19.08737736627964
277420,2111840,8.265337506549116,72.88449712165843,19.087379548292027
277440,2111840,8.32963232445601,72.88468711480233,19.0873817301088
277460,2111840,8.324782449074291,72.88487710797213,19.08738391172993
277480,2111840,8.278729091437542,72.8850671011678,19.08738609315543
277500,2111840,8.216086580196865,72.88525709438936,19.087388274385304
277520,2111840,8.162942758345071,72.88544708763679,19.087390455419552
277540,2111840,8.141590627765769,72.8856370809101,19.087392636258155
277560,2111840,8.166589379652628,72.88582707420929,19.087394816901142
277580,2111840,8.245428626671803,72.88601706753433,19.087396997348492
277600,2111840,8.380380260076933,72.88620706088524,19.087399177600208
277620,2111840,8.569757695133946,72.88639705426203,19.087401357656297
277640,2111840,8.808326339789947,72.88658704766466,19.08740353751675
277660,2111840,9.087122343906351,72.88677704109318,19.08740571718157
277680,2111840,9.39306905265768,72.88696703454754,19.087407896650763
277700,2111840,9.70822756610316,72.88715702802777,19.08741007592433
277720,2111840,10.007214295872197,72.88734702153384,19.087412255002253
277740,2111840,10.271768723221369,72.88753701506577,19.087414433884547
277760,2111840,10.595793400681018,72.88772700862354,19.087416612571214
277780,2111840,11.147994285911707,72.88791700220717,19.08741879106224
277800,2111840,11.960371151870444,72.88810699581663,19.08742096935764
277820,2111840,12.960662289658499,72.88829698945194,19.087423147457407
277840,2111840,14.077650152778771,72.88848698311311,19.087425325361536
277860,2111840,15.260061893363973,72.88867697680008,19.087427503070042
277880,2111840,16.47100455734186,72.88886697051291,19.08742968058291
277900,2111840,17.683334054719676,72.88905696425157,19.08743185790015
277920,2111840,18.876719076090893,72.88924695801605,19.08743403502175
277940,2111840,20.035780632166578,72.88943695180637,19.08743621194772
277960,2111840,21.149356138447025,72.88962694562251,19.087438388678056
277980,2111840,22.21087507608612,72.88981693946448,19.087440565212752
278000,2111840,23.21891082193449,72.89000693333226,19.087442741551822
278020,2111840,24.17645040884014,72.89019692722587,19.087444917695258
278040,2111840,25.088634041906715,72.89038692114528,19.087447093643057
278060,2111840,25.96020575852654,72.89057691509052,19.08744926939523
278080,2111840,26.79372363414616,72.89076690906157,19.08745144495176
278100,2111840,27.58852893688567,72.89095690305844,19.087453620312658
278120,2111840,28.339885513923605,72.8911468970811,19.087455795477922
278140,2111840,29.037525250888727,72.89133689112957,19.08745797044755
278160,2111840,29.662321320062205,72.89152688520385,19.08746014522155
278180,2111840,30.176905235017557,72.89171687930391,19.087462319799908
278200,2111840,30.506199450860468,72.89190687342979,19.087464494182637
278220,2111840,30.62917885843698,72.89209686758147,19.087466668369732
278240,2111840,30.606967472304692,72.89228686175893,19.087468842361186
278260,2111840,30.464014536522214,72.89247685596217,19.08747101615701
278280,2111840,30.207964993068934,72.89266685019122,19.087473189757194
278300,2111840,29.84701658298692,72.89285684444604,19.087475363161754
278320,2111840,29.395038059241422,72.89304683872666,19.087477536370663
278340,2111840,28.870629249678366,72.89323683303304,19.08747970938394
278360,2111840,28.29388120832572,72.89342682736523,19.087481882201583
278380,2111840,27.68344785443588,72.89361682172317,19.087484054823594
278400,2111840,27.05495071046809,72.8938068161069,19.08748622724997
278420,2111840,26.441710122356557,72.8939968105164,19.08748839948071
276660,2111860,4.151225559954707,72.87727509852202,19.087477121600447
276680,2111860,4.21632720999634,72.87746509088635,19.08747931087336
276700,2111860,4.255306764074163,72.87765508327666,19.087481499950645
276720,2111860,4.257014333057186,72.87784507569293,19.0874836888323
276740,2111860,4.218835295462304,72.87803506813519,19.08748587751833
276760,2111860,4.172618077298536,72.8782250606034,19.08748806600873
276780,2111860,4.2067699595765475,72.87841505309758,19.087490254303503
276800,2111860,4.386001360110457,72.8786050456177,19.087492442402645
276820,2111860,4.672415616932834,72.87879503816382,19.087494630306164
276840,2111860,5.019831498935646,72.87898503073585,19.08749681801405
276860,2111860,5.380742772331311,72.87917502333386,19.0874990055263
276880,2111860,5.617302699018818,72.87936501595782,19.08750119284293
276900,2111860,5.749010513127278,72.87955500860772,19.087503379963927
276920,2111860,6.103598341290566,72.87974500128358,19.087505566889295
276940,2111860,6.903295088394286,72.87993499398537,19.087507753619036
276960,2111860,8.156653746848042,72.88012498671311,19.087509940153147
276980,2111860,9.478307718104297,72.88031497946677,19.087512126491625
277000,2111860,10.41440869547919,72.8805049722464,19.087514312634475
277020,2111860,10.87316122960458,72.88069496505194,19.087516498581696
277040,2111860,10.934690379898539,72.88088495788344,19.08751868433329
277060,2111860,10.660545977191639,72.88107495074085,19.08752086988925
277080,2111860,10.013247497002482,72.88126494362419,19.08752305524958
277100,2111860,8.999735411265327,72.88145493653346,19.087525240414276
277120,2111860,8.198044518303528,72.88164492946865,19.08752742538335
277140,2111860,8.061868989303413,72.88183492242977,19.087529610156782
277160,2111860,8.055751867878232,72.8820249154168,19.087531794734595
277180,2111860,8.086346372581552,72.88221490842975,19.087533979116767
277200,2111860,8.143104774425925,72.8824049014686,19.087536163303316
277220,2111860,8.083506232458726,72.88259489453338,19.08753834729423
277240,2111860,7.978142379959985,72.88278488762407,19.087540531089516
277260,2111860,7.812767590396508,72.88297488074066,19.08754271468917
277280,2111860,7.781183702512202,72.88316487388316,19.087544898093192
277300,2111860,7.836962055227671,72.88335486705157,19.08754708130158
277320,2111860,7.751631972727268,72.88354486024586,19.087549264314337
277340,2111860,7.580161964487072,72.88373485346605,19.08755144713146
277360,2111860,7.668619386585147,72.88392484671216,19.087553629752957
277380,2111860,7.991611498947345,72.88411483998414,19.087555812178817
277400,2111860,8.279183924052143,72.88430483328202,19.087557994409053
277420,2111860,8.435150353345788,72.88449482660579,19.087560176443645
277440,2111860,8.451908940212896,72.88468481995544,19.087562358282614
277460,2111860,8.40018314756896,72.88487481333098,19.087564539925943
277480,2111860,8.307187502312129,72.8850648067324,19.087566721373644
277500,2111860,8.195325213177348,72.88525480015969,19.087568902625712
277520,2111860,8.09926941759051,72.88544479361288,19.087571083682146
277540,2111860,8.04533221933761,72.88563478709193,19.087573264542954
277560,2111860,8.046867035371504,72.88582478059685,19.08757544520812
277580,2111860,8.109064762862264,72.88601477412764,19.087577625677657
277600,2111860,8.232626794195387,72.8862047676843,19.087579805951556
277620,2111860,8.415451419434788,72.88639476126683,19.087581986029825
277640,2111860,8.65301309532567,72.88658475487523,19.087584165912464
277660,2111860,8.938133899268484,72.88677474850948,19.087586345599465
277680,2111860,9.260779878836122,72.88696474216958,19.087588525090837
277700,2111860,9.608613938715251,72.88715473585555,19.08759070438657
277720,2111860,9.970574299407204,72.88734472956737,19.087592883486664
277740,2111860,10.35091921835285,72.88753472330504,19.087595062391138
277760,2111860,10.824852265672945,72.88772471706858,19.087597241099967
277780,2111860,11.490554475290882,72.88791471085794,19.08759941961317
277800,2111860,12.369989308343394,72.88810470467315,19.087601597930732
277820,2111860,13.419317828116188,72.88829469851422,19.08760377605266
277840,2111860,14.580309104284137,72.88848469238111,19.087605953978954
277860,2111860,15.803707634797632,72.88867468627383,19.08760813170961
277880,2111860,17.052313714423207,72.88886468019241,19.087610309244635
277900,2111860,18.298882445646527,72.88905467413682,19.087612486584028
277920,2111860,19.523241606252352,72.88924466810704,19.087614663727784
277940,2111860,20.709691849487026,72.88943466210311,19.087616840675903
277960,2111860,21.84585467045075,72.889624656125,19.087619017428388
277980,2111860,22.924036615201565,72.88981465017271,19.08762119398524
278000,2111860,23.943688801865,72.89000464424625,19.087623370346453
278020,2111860,24.910952016163293,72.89019463834559,19.087625546512026
278040,2111860,25.834580147376943,72.89038463247077,19.08762772248197
278060,2111860,26.721928767043558,72.89057462662176,19.087629898256278
278080,2111860,27.57708337528812,72.89076462079855,19.087632073834946
278100,2111860,28.400387950463895,72.89095461500115,19.08763424921798
278120,2111860,29.188090775926632,72.89114460922957,19.087636424405375
278140,2111860,29.931086990599148,72.8913346034838,19.08763859939714
278160,2111860,30.611498492226325,72.8915245977638,19.087640774193265
278180,2111860,31.193231019353213,72.89171459206963,19.087642948793754
278200,2111860,31.582671958701706,72.89190458640125,19.08764512319861
278220,2111860,31.74546813563282,72.89209458075867,19.08764729740782
278240,2111860,31.76014214579322,72.89228457514189,19.087649471421397
278260,2111860,31.643076059504757,72.89247456955088,19.08765164523934
278280,2111860,31.39622868600833,72.89266456398568,19.087653818861643
278300,2111860,31.026222282478983,72.89285455844625,19.08765599228831
278320,2111860,30.54995813375113,72.89304455293262,19.087658165519343
278340,2111860,29.991423932356142,72.89323454744476,19.087660338554727
278360,2111860,29.375694446805266,72.89342454198268,19.087662511394484
278380,2111860,28.72474977045973,72.8936145365464,19.0876646840386
278400,2111860,28.055986525446507,72.89380453113586,19.087666856487083
278420,2111860,27.382395003499312,72.89399452575113,19.087669028739917
276660,2111880,4.0083546029193435,72.87727279562523,19.087657748903155
276680,2111880,4.05805273242854,72.87746278819532,19.08765993819835
276700,2111880,4.087246449663539,72.87765278079137,19.087662127297904
276720,2111880,4.094703337880581,72.87784277341338,19.087664316201835
276740,2111880,4.091624767815017,72.87803276606137,19.087666504910132
276760,2111880,4.112131655399172,72.87822275873533,19.087668693422803
276780,2111880,4.208484118077026,72.87841275143525,19.08767088173984
276800,2111880,4.4130484064932,72.87860274416113,19.08767306986125
276820,2111880,4.712032111694956,72.87879273691296,19.087675257787026
276840,2111880,5.0658036936475135,72.87898272969075,19.08767744551717
276860,2111880,5.407121553309512,72.8791727224945,19.087679633051685
276880,2111880,5.579453815743387,72.87936271532419,19.08768182039057
276900,2111880,5.614898438647971,72.87955270817984,19.087684007533824
276920,2111880,5.858421346290347,72.87974270106143,19.087686194481442
276940,2111880,6.6285287713936585,72.87993269396897,19.087688381233434
276960,2111880,8.095236525764278,72.88012268690245,19.087690567789792
276980,2111880,9.666909991581866,72.88031267986187,19.087692754150513
277000,2111880,10.587603437459965,72.88050267284724,19.087694940315615
277020,2111880,10.934502102925038,72.88069266585853,19.087697126285075
277040,2111880,10.885557781603964,72.88088265889576,19.087699312058906
277060,2111880,10.573342213655023,72.88107265195892,19.08770149763711
277080,2111880,10.008200124566406,72.881262645048,19.087703683019676
277100,2111880,9.090151550589447,72.88145263816301,19.08770586820661
277120,2111880,8.324982282684395,72.88164263130395,19.08770805319791
277140,2111880,8.214316310755615,72.8818326244708,19.087710237993576
277160,2111880,8.320849901953794,72.88202261766358,19.087712422593615
277180,2111880,8.332191507917367,72.88221261088228,19.087714606998016
277200,2111880,8.325813455698539,72.88240260412688,19.087716791206795
277220,2111880,8.320640215259353,72.8825925973974,19.087718975219925
277240,2111880,8.274415541329237,72.88278259069384,19.087721159037432
277260,2111880,8.112323208182064,72.88297258401616,19.087723342659302
277280,2111880,8.112481059231285,72.88316257736442,19.087725526085546
277300,2111880,8.3046634016252,72.88335257073857,19.087727709316145
277320,2111880,8.250967071743752,72.88354256413861,19.087729892351117
277340,2111880,7.939673818302198,72.88373255756456,19.087732075190452
277360,2111880,7.884257589731537,72.88392255101638,19.087734257834157
277380,2111880,8.139132673782491,72.88411254449413,19.087736440282224
277400,2111880,8.38538490748422,72.88430253799774,19.08773862253466
277420,2111880,8.493574834450268,72.88449253152726,19.08774080459146
277440,2111880,8.457513984095668,72.88468252508265,19.08774298645263
277460,2111880,8.372461896384078,72.88487251866394,19.087745168118154
277480,2111880,8.24387476806771,72.88506251227112,19.087747349588057
277500,2111880,8.087648715032786,72.88525250590415,19.087749530862315
277520,2111880,7.960211009976876,72.88544249956308,19.087751711940943
277540,2111880,7.887717901390852,72.88563249324788,19.087753892823937
277560,2111880,7.87857681336225,72.88582248695855,19.087756073511294
277580,2111880,7.93441730071239,72.88601248069509,19.087758254003013
277600,2111880,8.054526540634265,72.8862024744575,19.08776043429911
277620,2111880,8.237279600767735,72.88639246824577,19.087762614399555
277640,2111880,8.480063155505544,72.8865824620599,19.087764794304377
277660,2111880,8.778705139447085,72.88677245589992,19.087766974013558
277680,2111880,9.127309354446718,72.88696244976576,19.0877691535271
277700,2111880,9.519613006002773,72.88715244365748,19.087771332845012
277720,2111880,9.953394503276893,72.88734243757506,19.08777351196728
277740,2111880,10.441313521844517,72.88753243151848,19.087775690893924
277760,2111880,11.043265181295437,72.88772242548774,19.087777869624922
277780,2111880,11.83171988781619,72.88791241948286,19.08778004816029
277800,2111880,12.802310351635194,72.88810241350382,19.087782226500014
277820,2111880,13.912824670849766,72.88829240755062,19.087784404644108
277840,2111880,15.11667913824109,72.88848240162328,19.08778658259256
277860,2111880,16.37132918358501,72.88867239572176,19.087788760345383
277880,2111880,17.6428663213265,72.88886238984608,19.08779093790256
277900,2111880,18.90659303581868,72.88905238399623,19.08779311526411
277920,2111880,20.144734410409093,72.88924237817221,19.087795292430016
277940,2111880,21.342673771944327,72.88943237237403,19.08779746940029
277960,2111880,22.486288287561948,72.88962236660166,19.08779964617492
277980,2111880,23.564623423253263,72.88981236085513,19.08780182275392
278000,2111880,24.57756387620686,72.8900023551344,19.087803999137275
278020,2111880,25.53631718340964,72.8901923494395,19.087806175324996
278040,2111880,26.454286987435985,72.89038234377043,19.087808351317083
278060,2111880,27.340681861375334,72.89057233812717,19.087810527113525
278080,2111880,28.19954568808355,72.89076233250971,19.087812702714334
278100,2111880,29.03053743253507,72.89095232691807,19.087814878119502
278120,2111880,29.829230964639486,72.89114232135223,19.08781705332903
278140,2111880,30.585819052708057,72.8913323158122,19.08781922834293
278160,2111880,31.280901691370527,72.89152231029797,19.08782140316118
278180,2111880,31.876398219577002,72.89171230480954,19.087823577783798
278200,2111880,32.31267734557145,72.89190229934692,19.087825752210772
278220,2111880,32.565665910683585,72.8920922939101,19.08782792644211
278240,2111880,32.659030776891406,72.89228228849906,19.08783010047781
278260,2111880,32.599749695195456,72.8924722831138,19.087832274317872
278280,2111880,32.38295056489968,72.89266227775435,19.08783444796229
278300,2111880,32.01489602062859,72.89285227242068,19.08783662141107
278320,2111880,31.520307489358448,72.89304226711279,19.08783879466421
278340,2111880,30.93327394690276,72.89323226183069,19.087840967721714
278360,2111880,30.286045566438013,72.89342225657437,19.087843140583576
278380,2111880,29.60405087725011,72.89361225134382,19.087845313249804
278400,2111880,28.90574480050267,72.89380224613905,19.08784748572039
278420,2111880,28.204138400366784,72.89399224096005,19.08784965799533
276660,2111900,3.889539233602185,72.87727049270248,19.087838376202058
276680,2111900,3.9368200516624388,72.8774604854783,19.087840565519524
276700,2111900,3.97238669611668,72.87765047828009,19.08784275464136
276720,2111900,4.000947727687382,72.87784047110786,19.087844943567564
276740,2111900,4.036998979431745,72.8780304639616,19.08784713229813
276760,2111900,4.106658358251008,72.87822045684129,19.087849320833072
276780,2111900,4.239827920049259,72.87841044974695,19.087851509172374
276800,2111900,4.45195045254673,72.87860044267858,19.087853697316046
276820,2111900,4.731178667854438,72.87879043563616,19.087855885264087
276840,2111900,5.038909347774757,72.87898042861968,19.087858073016495
276860,2111900,5.308875505741619,72.87917042162918,19.087860260573265
276880,2111900,5.471345938461469,72.87936041466462,19.087862447934405
276900,2111900,5.58642536653611,72.87955040772601,19.087864635099912
276920,2111900,5.897423636779841,72.87974040081336,19.087866822069792
276940,2111900,6.691927898955514,72.87993039392664,19.087869008844027
276960,2111900,8.105096406067611,72.88012038706587,19.087871195422636
276980,2111900,9.590116133926553,72.88031038023104,19.087873381805608
277000,2111900,10.478268422798855,72.88050037342214,19.08787556799295
277020,2111900,10.791565202776836,72.88069036663919,19.087877753984657
277040,2111900,10.723753363031493,72.88088035988216,19.087879939780724
277060,2111900,10.468663368809928,72.88107035315106,19.08788212538116
277080,2111900,10.140121577124093,72.88126034644588,19.087884310785967
277100,2111900,9.35458928334166,72.88145033976664,19.087886495995136
277120,2111900,8.611379693966857,72.88164033311332,19.087888681008668
277140,2111900,8.549612685667437,72.88183032648593,19.087890865826566
277160,2111900,8.784667668866533,72.88202031988446,19.08789305044883
277180,2111900,8.82073296200118,72.88221031330889,19.087895234875464
277200,2111900,8.81731983303926,72.88240030675925,19.087897419106458
277220,2111900,8.84357783317497,72.88259030023552,19.087899603141818
277240,2111900,8.656237450000026,72.8827802937377,19.087901786981543
277260,2111900,8.35760704148979,72.88297028726578,19.087903970625632
277280,2111900,8.357790645959035,72.88316028081977,19.087906154074087
277300,2111900,8.714669531976728,72.88335027439966,19.08790833732691
277320,2111900,8.836910623124487,72.88354026800546,19.087910520384092
277340,2111900,8.574028205880566,72.88373026163714,19.087912703245635
277360,2111900,8.363595780452894,72.88392025529473,19.087914885911548
277380,2111900,8.362973641839691,72.8841102489782,19.087917068381824
277400,2111900,8.414584587071701,72.88430024268759,19.087919250656466
277420,2111900,8.407773559786158,72.88449023642285,19.08792143273547
277440,2111900,8.324614230720737,72.884680230184,19.087923614618834
277460,2111900,8.206742779043246,72.88487022397102,19.087925796306564
277480,2111900,8.053205534097614,72.88506021778394,19.087927977798664
277500,2111900,7.8772858684310565,72.88525021162273,19.087930159095116
277520,2111900,7.746320037010559,72.88544020548741,19.08793234019594
277540,2111900,7.678555308479569,72.88563019937796,19.087934521101122
277560,2111900,7.676280437814404,72.88582019329438,19.08793670181067
277580,2111900,7.7381184850130875,72.88601018723666,19.087938882324575
277600,2111900,7.863323218401074,72.88620018120483,19.08794106264285
277620,2111900,8.05251045370788,72.886390175198855,19.087943242765483
277640,2111900,8.306789550914116,72.88658016921873,19.087945422692485
277660,2111900,8.626544663541678,72.88677016326449,19.087947602423842
277680,2111900,9.010858794451448,72.88696015733609,19.087949781959566
277700,2111900,9.458542775088564,72.88715015143356,19.087951961299652
277720,2111900,9.97186460633209,72.88734014555688,19.0879541404441
277740,2111900,10.565260821977393,72.88753013970606,19.087956319392905
277760,2111900,11.281036588316995,72.88772013388107,19.087958498146076
277780,2111900,12.190444850245775,72.88791012808194,19.087960676703602
277800,2111900,13.252823384058047,72.88810012230866,19.0879628550655
277820,2111900,14.425024018324141,72.88829011656121,19.087965033231754
277840,2111900,15.667430577625758,72.88848011083961,19.087967211202372
277860,2111900,16.94272782663438,72.88867010514383,19.08796938897735
277880,2111900,18.221059708061784,72.88886009947392,19.08797156655669
277900,2111900,19.482419646568474,72.88905009382981,19.087973743940392
277920,2111900,20.714586010103655,72.88924008821155,19.08797592112845
277940,2111900,21.90720943526692,72.88943008261911,19.08797809812087
277960,2111900,23.044839008191467,72.8896200770525,19.087980274917655
277980,2111900,24.108151492278324,72.88981007151172,19.087982451518798
278000,2111900,25.096189039152527,72.89000006599674,19.0879846279243
278020,2111900,26.030299945225234,72.8901900605076,19.087986804134164
278040,2111900,26.92925361036222,72.89038005504428,19.087988980148392
278060,2111900,27.801844744040125,72.89057004960677,19.087991155966975
278080,2111900,28.649742159134746,72.89076004419506,19.087993331589917
278100,2111900,29.470205222172723,72.89095003880917,19.087995507017222
278120,2111900,30.25724926987838,72.89114003344909,19.087997682248886
278140,2111900,31.000934519616532,72.89133002811482,19.087999857284913
278160,2111900,31.68451582312656,72.89152002280633,19.088002032125296
278180,2111900,32.281170917968424,72.89171001752366,19.088004206770034
278200,2111900,32.75893755155391,72.89190001226679,19.088006381219138
278220,2111900,33.09823616945853,72.8920900070357,19.088008555472598
278240,2111900,33.29003381927573,72.89228000183043,19.08801072953042
278260,2111900,33.31382505176857,72.89246999665093,19.088012903392595
278280,2111900,33.14427160735972,72.89265999149724,19.088015077059133
278300,2111900,32.784709156512584,72.89284998636931,19.088017250530033
278320,2111900,32.275539890247025,72.8930399812672,19.08801942380529
278340,2111900,31.66711668094684,72.89322997619084,19.088021596884904
278360,2111900,30.999605398997943,72.89341997114026,19.088023769768874
278380,2111900,30.300256565268324,72.89360996611548,19.088025942457207
278400,2111900,29.58689274828056,72.89379996111646,19.088028114949896
278420,2111900,28.87146411277839,72.89398995614322,19.08803028724694
276660,2111920,3.797652022843076,72.87726818975375,19.08801900349716
276680,2111920,3.85152670874811,72.87745818273531,19.0880211928369
276700,2111920,3.901795342084137,72.87764817574285,19.08802338198101
276720,2111920,3.955220735553741,72.87783816877636,19.088025570929485
276740,2111920,4.02469006702295,72.87802816183584,19.088027759682323
276760,2111920,4.128020011236061,72.8782181549213,19.08802994823953
276780,2111920,4.281830719222842,72.87840814803269,19.088032136601104
276800,2111920,4.491959722375465,72.87859814117006,19.088034324767037
276820,2111920,4.746550725954812,72.87878813433339,19.088036512737343
276840,2111920,5.016031672653596,72.87897812752267,19.088038700512012
276860,2111920,5.262542686160121,72.87916812073792,19.088040888091044
276880,2111920,5.4732389378792305,72.87935811397911,19.08804307547444
276900,2111920,5.717537023411987,72.87954810724625,19.0880452626622
276920,2111920,6.15765796828998,72.87973810053933,19.088047449654326
276940,2111920,6.959713532412538,72.87992809385837,19.08804963645082
276960,2111920,8.115620019018479,72.88011808720333,19.08805182305168
276980,2111920,9.292874659196219,72.88030808057425,19.088054009456894
277000,2111920,10.10966652246591,72.88049807397111,19.08805619566648
277020,2111920,10.477853394844777,72.88068806739389,19.088058381680423
277040,2111920,10.510530149512546,72.8808780608426,19.088060567498736
277060,2111920,10.373480791368806,72.88106805431727,19.088062753121417
277080,2111920,10.167518244600288,72.88125804781784,19.088064938548452
277100,2111920,9.668966025799508,72.88144804134436,19.08806712377986
277120,2111920,9.196746233570966,72.8816380348968,19.088069308815626
277140,2111920,9.183561568448027,72.88182802847514,19.088071493655754
277160,2111920,9.349067361327883,72.88201802207941,19.088073678300248
277180,2111920,9.217755280767033,72.8822080157096,19.088075862749108
277200,2111920,9.190094697622776,72.8823980093657,19.088078047002323
277220,2111920,9.27908408364219,72.88258800304772,19.088080231059912
277240,2111920,8.962642603406412,72.88277799675565,19.08808241492185
277260,2111920,8.638671239012737,72.88296799048948,19.088084598588168
277280,2111920,8.722175185233406,72.88315798424922,19.08808678205883
277300,2111920,9.166326229027167,72.88334797803486,19.088088965333867
277320,2111920,9.424272819567086,72.8835379718464,19.088091148413262
277340,2111920,9.264426546099974,72.88372796568385,19.08809333129702
277360,2111920,8.944787169019037,72.88391795954718,19.088095513985145
277380,2111920,8.665913161232073,72.88410795343641,19.088097696477625
277400,2111920,8.464355531176867,72.88429794735153,19.088099878774468
277420,2111920,8.29589402281936,72.88448794129255,19.088102060875677
277440,2111920,8.110590858951856,72.88467793525945,19.088104242781245
277460,2111920,7.919824129880286,72.88486792925224,19.088106424491176
277480,2111920,7.737446047633047,72.88505792327089,19.088108606005463
277500,2111920,7.582206746772483,72.88524791731545,19.088110787324112
277520,2111920,7.48206631770205,72.88543791138586,19.088112968447128
277540,2111920,7.444691047416914,72.88562790548217,19.088115149374506
277560,2111920,7.466612386768635,72.88581789960433,19.08811733010624
277580,2111920,7.544976209753827,72.88600789375238,19.088119510642333
277600,2111920,7.681192561459809,72.88619788792629,19.088121690982792
277620,2111920,7.880474896621901,72.88638788212606,19.08812387112761
277640,2111920,8.149835881366718,72.8865778763517,19.08812605107679
277660,2111920,8.495901485985417,72.88676787060321,19.08812823083033
277680,2111920,8.923567984182982,72.88695786488056,19.088130410388228
277700,2111920,9.436454146369076,72.88714785918378,19.08813258975049
277720,2111920,10.040007767334227,72.88733785351285,19.088134768917108
277740,2111920,10.74780701947026,72.88752784786777,19.088136947888085
277760,2111920,11.588733139049765,72.88771784224855,19.088139126663425
277780,2111920,12.588422115534314,72.88790783665517,19.088141305243123
277800,2111920,13.721814269929332,72.88809783108765,19.08814348362718
277820,2111920,14.94498046486818,72.88828782554594,19.088145661815602
277840,2111920,16.216475275881105,72.8884778200301,19.088147839808382
277860,2111920,17.499056939787145,72.88866781454009,19.088150017605514
277880,2111920,18.76492708435081,72.8888578090759,19.088152195207012
277900,2111920,19.99987308466813,72.88904780363757,19.08815437261287
277920,2111920,21.20083117851859,72.88923779822507,19.088156549823083
277940,2111920,22.36681356317359,72.88942779283838,19.08815872683765
277960,2111920,23.486312479458547,72.8896177874775,19.088160903656586
277980,2111920,24.522484443484245,72.88980778214248,19.088163080279877
278000,2111920,25.469356937453334,72.88999777683328,19.088165256707523
278020,2111920,26.370463741901858,72.89018777154988,19.08816743293953
278040,2111920,27.24555739476977,72.8903777662923,19.088169608975896
278060,2111920,28.098818283220925,72.89056776106055,19.08817178481662
278080,2111920,28.927215917375786,72.89075775585461,19.088173960461702
278100,2111920,29.724392823576483,72.89094775067447,19.088176135911137
278120,2111920,30.482746452596142,72.89113774552014,19.08817831116494
278140,2111920,31.194005694465837,72.89132774039162,19.088180486223095
278160,2111920,31.84844874439299,72.8915177352889,19.088182661085607
278180,2111920,32.434109134944975,72.89170773021199,19.088184835752475
278200,2111920,32.93826930418233,72.89189772516086,19.088187010223702
278220,2111920,33.34833945092171,72.89208772013555,19.08818918449929
278240,2111920,33.6417036675455,72.89227771513602,19.088191358579227
278260,2111920,33.76734124889175,72.89246771016228,19.088193532463528
278280,2111920,33.65623549242805,72.89265770521433,19.08819570615218
278300,2111920,33.30267852659476,72.89284770029217,19.088197879645193
278320,2111920,32.78109363969251,72.89303769539579,19.088200052942565
278340,2111920,32.163401509498215,72.89322769052521,19.088202226044288
278360,2111920,31.49351713533274,72.89341768568039,19.088204398950367
278380,2111920,30.796295056936316,72.89360768086136,19.088206571660812
278400,2111920,30.086575387329148,72.8937976760681,19.088208744175603
278420,2111920,29.37434925051262,72.89398767130062,19.088210916494756
276680,2111940,3.7967914818355233,72.87745587996635,19.088201820150477
276700,2111940,3.864958396480514,72.87764587317965,19.088204009316858
276720,2111940,3.9422343738505914,72.8778358664189,19.088206198287608
276740,2111940,4.038616627931512,72.87802585968413,19.088208387062718
276760,2111940,4.165699488737369,72.87821585297533,19.08821057564219
276780,2111940,4.332590604804134,72.87840584629248,19.08821276402603
276800,2111940,4.540873022496624,72.8785958396356,19.088214952214233
276820,2111940,4.781735076944175,72.87878583300467,19.088217140206794
276840,2111940,5.038474391406627,72.87897582639971,19.088219328003728
276860,2111940,5.2975637071008705,72.8791658198207,19.088221515605014
276880,2111940,5.570437718326298,72.87935581326764,19.08822370301067
276900,2111940,5.914972848968761,72.87954580674052,19.08822589022068
276920,2111940,6.425839000434572,72.87973580023936,19.088228077235062
276940,2111940,7.172654480037276,72.87992579376414,19.088230264053806
276960,2111940,8.107890167160413,72.88011578731486,19.08823245067691
276980,2111940,9.037283433615388,72.88030578089153,19.088234637104375
277000,2111940,9.745158598944657,72.88049577449412,19.088236823336203
277020,2111940,10.141917186511458,72.88068576812267,19.088239009372394
277040,2111940,10.267940917660702,72.88087576177713,19.08824119521295
277060,2111940,10.216613571725006,72.88106575545754,19.088243380857865
277080,2111940,10.073148784229106,72.88125574916387,19.08824556630714
277100,2111940,9.865617045271406,72.88144574289613,19.088247751560775
277120,2111940,9.67130874586912,72.88163573665432,19.088249936618777
277140,2111940,9.634478328895042,72.88182573043842,19.088252121481137
277160,2111940,9.602194760459659,72.88201572424845,19.08825430614786
277180,2111940,9.367028684830935,72.88220571808439,19.088256490618946
277200,2111940,9.280482611203716,72.88239571194623,19.088258674894387
277220,2111940,9.453705797135932,72.882585705834,19.08826085897419
277240,2111940,9.275130912084128,72.88277569974768,19.08826304285836
277260,2111940,9.111804251677274,72.88296569368727,19.088265226546884
277280,2111940,9.334227759723655,72.88315568765276,19.088267410039776
277300,2111940,9.849383288234904,72.88334568164416,19.088269593337028
277320,2111940,10.148261590170026,72.88353567566146,19.08827177643863
277340,2111940,9.945402375465349,72.88372566970465,19.088273959344605
277360,2111940,9.502095204709542,72.88391566377373,19.08827614205493
277380,2111940,9.01838385512572,72.88410565786872,19.088278324569618
277400,2111940,8.589006587345906,72.88429565198959,19.088280506888673
277420,2111940,8.228243516313535,72.88448564613635,19.088282689012082
277440,2111940,7.897189868799698,72.88467564030901,19.088284870939848
277460,2111940,7.60913965710393,72.88486563450755,19.08828705267198
277480,2111940,7.3950733668118875,72.88505562873198,19.088289234208467
277500,2111940,7.26878411271234,72.88524562298227,19.088291415549314
277520,2111940,7.220572064810517,72.88543561725845,19.088293596694516
277540,2111940,7.231611044188942,72.8856256115605,19.088295777644085
277560,2111940,7.2883182670910545,72.88581560588842,19.08829795839801
277580,2111940,7.387226127693536,72.88600560024221,19.088300138956292
277600,2111940,7.5341686275281585,72.88619559462188,19.088302319318935
277620,2111940,7.741430242272312,72.88638558902741,19.088304499485933
277640,2111940,8.024170842596432,72.88657558345882,19.088306679457293
277660,2111940,8.396871509162324,72.88676557791607,19.088308859233013
277680,2111940,8.870754175101926,72.88695557239917,19.08831103881309
277700,2111940,9.45323400645714,72.88714556690815,19.08831321819752
277720,2111940,10.149978230198574,72.88733556144298,19.088315397386317
277740,2111940,10.968608394340826,72.88752555600367,19.088317576379467
277760,2111940,11.919184361594795,72.88771555059019,19.088319755176975
277780,2111940,13.002421849843401,72.88790554520256,19.08832193377884
277800,2111940,14.195315835585443,72.88809553984078,19.088324112185067
277820,2111940,15.458385816084718,72.88828553450486,19.088326290395646
277840,2111940,16.747929061012236,72.88847552919475,19.088328468410587
277860,2111940,18.022812192775884,72.88866552391049,19.08833064622988
277880,2111940,19.253729839198087,72.88885551865208,19.08833282385353
277900,2111940,20.432822896274388,72.88904551341949,19.088335001281546
277920,2111940,21.57025040894348,72.88923550821272,19.08833717851391
277940,2111940,22.677741066479832,72.8894255030318,19.088339355550634
277960,2111940,23.752341755254434,72.8896154978767,19.08834153239172
277980,2111940,24.750731102452264,72.88980549274743,19.08834370903715
278000,2111940,25.661579994575835,72.88999548764399,19.088345885486948
278020,2111940,26.53941207114535,72.89018548256634,19.088348061741097
278040,2111940,27.39789152301725,72.89037547751452,19.088350237799606
278060,2111940,28.235236670658665,72.89056547248852,19.088352413662466
278080,2111940,29.04294814443536,72.89075546748833,19.088354589329686
278100,2111940,29.810430166138588,72.89094546251397,19.088356764801265
278120,2111940,30.52837396281111,72.89113545756538,19.08835894007719
278140,2111940,31.191054835387042,72.89132545264263,19.088361115157475
278160,2111940,31.79718494521124,72.89151544774566,19.088363290042118
278180,2111940,32.34924191312298,72.8917054428745,19.08836546473112
278200,2111940,32.85125083338832,72.89189543802914,19.088367639224465
278220,2111940,33.30257143052121,72.89208543320959,19.08836981352217
278240,2111940,33.6821943908262,72.89227542841581,19.088371987624235
278260,2111940,33.92252130217736,72.89246542364783,19.088374161530655
278280,2111940,33.87708189648313,72.89265541890563,19.088376335241424
278300,2111940,33.5178382618535,72.89284541418924,19.08837850875656
278320,2111940,32.996511264710634,72.89303540949862,19.088380682076043
278340,2111940,32.395516447678986,72.89322540483379,19.088382855199878
278360,2111940,31.751598708637303,72.89341540019474,19.088385028128062
278380,2111940,31.082509794336534,72.89360539558146,19.08838720086061
278400,2111940,30.398748582199268,72.89379539099396,19.08838937339751
278420,2111940,29.708561824331813,72.89398538643223,19.08839154573877
278440,2111940,29.042217634360053,72.89417538189628,19.088393717884376
276680,2111960,3.7663639308901447,72.87745357717142,19.088382447460244
276700,2111960,3.8530645891232447,72.87764357059046,19.088384636648904
276720,2111960,3.9519992160305772,72.87783356403547,19.088386825641923
276740,2111960,4.070509398225626,72.87802355750645,19.088389014439308
276760,2111960,4.216137520164281,72.8782135510034,19.088391203041045
276780,2111960,4.3941745330623085,72.87840354452631,19.088393391447156
276800,2111960,4.605275210214495,72.87859353807518,19.08839557965762
276820,2111960,4.8449580879275125,72.87878353165,19.088397767672447
276840,2111960,5.1068801728136375,72.87897352525079,19.08839995549163
276860,2111960,5.390933221015281,72.87916351887753,19.088402143115182
276880,2111960,5.714205617247411,72.87935351253022,19.088404330543096
276900,2111960,6.116218657644099,72.87954350620886,19.088406517775365
276920,2111960,6.645206274390428,72.87973349991344,19.088408704811993
276940,2111960,7.3211594323392415,72.87992349364397,19.08841089165299
276960,2111960,8.095682970511351,72.88011348740046,19.088413078298338
276980,2111960,8.851550780415607,72.88030348118288,19.088415264748054
277000,2111960,9.4622538330656,72.88049347499123,19.08841745100213
277020,2111960,9.860398489872612,72.88068346882551,19.08841963706056
277040,2111960,10.054172211599877,72.88087346268574,19.08842182292335
277060,2111960,10.099545244235932,72.8810634565719,19.088424008590508
277080,2111960,10.07246240554899,72.88125345048398,19.08842619406202
277100,2111960,10.029037038066207,72.881443444422,19.088428379337895
277120,2111960,9.964730897964653,72.88163343838593,19.088430564418125
277140,2111960,9.902643942422412,72.8818234323758,19.08843274930272
277160,2111960,9.790165980924876,72.88201342639157,19.088434933991667
277180,2111960,9.609063731843527,72.88220342043326,19.08843711848498
277200,2111960,9.549681745801415,72.88239341450087,19.088439302782653
277220,2111960,9.645861074687957,72.88258340859439,19.088441486884676
277240,2111960,9.612945964364691,72.88277340271382,19.088443670791065
277260,2111960,9.602400807988754,72.88296339685917,19.088445854501813
277280,2111960,9.937040901598863,72.8831533910304,19.088448038016917
277300,2111960,10.502039482797608,72.88334338522756,19.08845022133638
277320,2111960,10.786519927670193,72.8835333794506,19.088452404460206
277340,2111960,10.49824550665279,72.88372337369955,19.08845458738838
277360,2111960,9.970595614742466,72.8839133679744,19.088456770120917
277380,2111960,9.369687393378571,72.88410336227514,19.088458952657817
277400,2111960,8.779988700604992,72.88429335660177,19.088461134999076
277420,2111960,8.23394916682917,72.88448335095428,19.088463317144686
277440,2111960,7.742746293811551,72.8846733453327,19.08846549909465
277460,2111960,7.344265323424396,72.884863339737,19.088467680848982
277480,2111960,7.099220124800735,72.88505333416717,19.088469862407663
277500,2111960,7.0151404862563025,72.88524332862322,19.088472043770704
277520,2111960,7.032169823617023,72.88543332310515,19.088474224938103
277540,2111960,7.09772612195979,72.88562331761295,19.08847640590986
277560,2111960,7.188208959268698,72.88581331214664,19.088478586685973
277580,2111960,7.3015178625387,72.8860033067062,19.088480767266446
277600,2111960,7.450028727958249,72.88619330129161,19.088482947651272
277620,2111960,7.655270829098969,72.8863832959029,19.088485127840457
277640,2111960,7.942676197087391,72.88657329054006,19.088487307833994
277660,2111960,8.336130846224044,72.88676328520307,19.08848948763189
277680,2111960,8.853365966120126,72.88695327989194,19.088491667234145
277700,2111960,9.503773629005563,72.88714327460667,19.088493846640755
277720,2111960,10.289418483409179,72.88733326934725,19.088496025851722
277740,2111960,11.207843033950688,72.8875232641137,19.088498204867047
277760,2111960,12.25289133704621,72.88771325890598,19.08850038368672
277780,2111960,13.410646874587385,72.8879032537241,19.088502562310754
277800,2111960,14.654748145031947,72.88809324856808,19.088504740739143
277820,2111960,15.947510898103753,72.88828324343791,19.088506918971888
277840,2111960,17.244096138045272,72.88847323833357,19.088509097008988
277860,2111960,18.496780792408423,72.88866323325507,19.088511274850443
277880,2111960,19.668206242013913,72.88885322820241,19.088513452496255
277900,2111960,20.75785530162201,72.88904322317558,19.088515629946418
277920,2111960,21.797489087682116,72.88923321817458,19.08851780720094
277940,2111960,22.81373784747563,72.88942321319942,19.088519984259815
277960,2111960,23.808139183822604,72.88961320825008,19.088522161123045
277980,2111960,24.75923252830276,72.88980320332655,19.088524337790627
278000,2111960,25.66200225724905,72.88999319842885,19.08852651426257
278020,2111960,26.537767730717125,72.890183193557,19.088528690538862
278040,2111960,27.394927445279187,72.89037318871092,19.088530866619507
278060,2111960,28.226807653127185,72.89056318389069,19.088533042504512
278080,2111960,29.01929137629609,72.89075317909625,19.088535218193865
278100,2111960,29.756742897712005,72.89094317432763,19.088537393687577
278120,2111960,30.427198135005487,72.89113316958483,19.08853956898564
278140,2111960,31.0268563559508,72.89132316486783,19.088541744088054
278160,2111960,31.562529335793037,72.89151316017663,19.08854391899483
278180,2111960,32.050235336616,72.89170315551122,19.08854609370595
278200,2111960,32.50928398427098,72.89189315087162,19.088548268221434
278220,2111960,32.95284726225747,72.89208314625782,19.088550442541262
278240,2111960,33.366133475063364,72.8922731416698,19.088552616665446
278260,2111960,33.673484411859604,72.8924631371076,19.08855479059398
278280,2111960,33.686564341696446,72.89265313257117,19.088556964326877
278300,2111960,33.35921870437902,72.89284312806052,19.088559137864117
278320,2111960,32.889783255776194,72.89303312357568,19.088561311205712
278340,2111960,32.35172549371209,72.8932231191166,19.088563484351656
278360,2111960,31.77197333915251,72.8934131146833,19.08856565730196
278380,2111960,31.1610463911796,72.89360311027579,19.088567830056615
278400,2111960,30.52647978127652,72.89379310589406,19.08857000261562
278420,2111960,29.876759297413912,72.89398310153808,19.088572174978978
278440,2111960,29.220886456088433,72.8941730972079,19.08857434714669
276680,2111980,3.7544590881025197,72.87745127435052,19.08856307476621
276700,2111980,3.85930472912225,72.8776412679753,19.08856526397714
276720,2111980,3.977884086567197,72.87783126162607,19.088567452992436
276740,2111980,4.1155291019354054,72.8780212553028,19.088569641812082
276760,2111980,4.277361149002382,72.8782112490055,19.0885718304361
276780,2111980,4.466971057637347,72.87840124273417,19.088574018864467
276800,2111980,4.685499407667568,72.87859123648879,19.0885762070972
276820,2111980,4.932113678093817,72.87878123026937,19.088578395134288
276840,2111980,5.206679260032391,72.87897122407591,19.088580582975734
276860,2111980,5.514413869003327,72.8791612179084,19.08858277062155
276880,2111980,5.870191121546396,72.87935121176685,19.088584958071714
276900,2111980,6.29755279287827,72.87954120565125,19.08858714532624
276920,2111980,6.817512626354892,72.87973119956159,19.088589332385126
276940,2111980,7.428565127201031,72.87992119349788,19.088591519248368
276960,2111980,8.090366200601963,72.8801111874601,19.088593705915965
276980,2111980,8.728777152345007,72.88030118144827,19.088595892387932
277000,2111980,9.266097814503624,72.8804911754624,19.08859807866425
277020,2111980,9.655601504780947,72.88068116950244,19.08860026474492
277040,2111980,9.896275187449293,72.88087116356841,19.08860245062996
277060,2111980,10.025993789342023,72.88106115766031,19.08860463631935
277080,2111980,10.104853613845222,72.88125115177816,19.0886068218131
277100,2111980,10.162929974630838,72.88144114592194,19.088609007111206
277120,2111980,10.162923482581032,72.88163114009163,19.088611192213673
277140,2111980,10.135154500375075,72.88182113428724,19.088613377120495
277160,2111980,10.071428552167687,72.88201112850876,19.08861556183168
277180,2111980,10.014723882409863,72.88220112275621,19.088617746347214
277200,2111980,10.048416096716778,72.88239111702957,19.088619930667104
277220,2111980,10.13392706102157,72.88258111132885,19.08862211479136
277240,2111980,10.185180044479052,72.88277110565404,19.088624298719967
277260,2111980,10.2848836397806,72.88296110000513,19.088626482452934
277280,2111980,10.586781550461808,72.88315109438214,19.088628665990257
277300,2111980,10.967717728395305,72.88334108878504,19.088630849331935
277320,2111980,11.10443221228025,72.88353108321385,19.08863303247797
277340,2111980,10.838112857621308,72.88372107766857,19.088635215428358
277360,2111980,10.305943969755857,72.88391107214917,19.088637398183103
277380,2111980,9.659504823104083,72.88410106665566,19.088639580742207
277400,2111980,8.98258746762429,72.88429106118805,19.08864176310567
277420,2111980,8.309273185317618,72.88448105574632,19.088643945273482
277440,2111980,7.691185756332798,72.88467105033048,19.088646127245653
277460,2111980,7.189596150350334,72.88486104494055,19.088648309022176
277480,2111980,6.925179246213255,72.88505103957648,19.08865049060306
277500,2111980,6.909711884092342,72.88524103423828,19.088652671988296
277520,2111980,6.994619327260512,72.88543102892598,19.088654853177893
277540,2111980,7.10438069932846,72.88562102363954,19.088657034171835
277560,2111980,7.213554884836597,72.88581101837899,19.088659214970143
277580,2111980,7.323888458422655,72.8860010131443,19.088661395572796
277600,2111980,7.455342886518818,72.88619100793548,19.088663575979812
277620,2111980,7.640134674242846,72.88638100275253,19.088665756191173
277640,2111980,7.916074459886229,72.88657099759544,19.0886679362069
277660,2111980,8.318403856568862,72.8867609924642,19.08867011602697
277680,2111980,8.87177913250406,72.88695098735883,19.088672295651406
277700,2111980,9.585527042050058,72.88714098227932,19.08867447508019
277720,2111980,10.454229904388445,72.88733097722566,19.08867665431333
277740,2111980,11.462274171281768,72.88752097219788,19.088678833350823
277760,2111980,12.588359876978794,72.88771096719591,19.088681012192666
277780,2111980,13.807027710624244,72.88790096221982,19.088683190838868
277800,2111980,15.087822751133555,72.88809095726954,19.08868536928942
277820,2111980,16.39405333208238,72.88828095234513,19.088687547544332
277840,2111980,17.682144497344652,72.88847094744655,19.08868972560359
277860,2111980,18.8995520639524,72.88866094257381,19.088691903467204
277880,2111980,19.986295281693707,72.88885093772691,19.088694081135174
277900,2111980,20.950605926763423,72.88904093290584,19.08869625860749
277920,2111980,21.867175555860126,72.8892309281106,19.088698435884165
277940,2111980,22.779542856402106,72.88942092334119,19.08870061296519
277960,2111980,23.694260443306245,72.88961091859761,19.088702789850572
277980,2111980,24.60337417643642,72.88980091387987,19.088704966540305
278000,2111980,25.501749053707798,72.88999090918793,19.088707143034387
278020,2111980,26.38930372514852,72.89018090452181,19.088709319332825
278040,2111980,27.26062381345976,72.89037089988152,19.088711495435614
278060,2111980,28.100812869293218,72.89056089526703,19.088713671342752
278080,2111980,28.888523212827266,72.89075089067838,19.08871584705425
278100,2111980,29.601279352207257,72.8909408861155,19.088718022570095
278120,2111980,30.2221709602289,72.89113088157846,19.088720197890293
278140,2111980,30.74726445378195,72.89132087706723,19.088722373014843
278160,2111980,31.190709701750055,72.89151087258178,19.088724547943738
278180,2111980,31.582974683112774,72.89170086812214,19.08872672267699
278200,2111980,31.95842488387032,72.89189086368832,19.088728897214597
278220,2111980,32.340469415798665,72.89208085928027,19.088731071556545
278240,2111980,32.724199029755816,72.89227085489803,19.088733245702855
278260,2111980,33.00091614763979,72.89246085054157,19.08873541965351
278280,2111980,33.0411249160751,72.8926508462109,19.08873759340852
278300,2111980,32.83042931895104,72.89284084190602,19.08873976696788
278320,2111980,32.47728775648672,72.89303083762692,19.088741940331587
278340,2111980,32.052468914516,72.89322083337362,19.088744113499647
278360,2111980,31.57477987933996,72.89341082914609,19.088746286472055
278380,2111980,31.048941241263293,72.89360082494434,19.088748459248816
278400,2111980,30.48280027419536,72.89379082076837,19.088750631829924
278420,2111980,29.888419460488777,72.89398081661817,19.088752804215385
278440,2111980,29.278654278851732,72.89417081249374,19.088754976405195
276680,2112000,3.7560230022574794,72.87744897150364,19.08874370206837
276700,2112000,3.87831066743895,72.87763896533419,19.088745891301578
276720,2112000,4.014975378662433,72.87782895919071,19.08874808033914
276740,2112000,4.169932981093004,72.8780189530732,19.088750269181066
276760,2112000,4.3468957505842445,72.87820894698166,19.088752457827344
276780,2112000,4.548753002301832,72.87839894091607,19.088754646277984
276800,2112000,4.77735681445945,72.87858893487643,19.08875683453298
276820,2112000,5.034178208567791,72.87877892886279,19.088759022592328
276840,2112000,5.322007737057687,72.87896892287507,19.08876121045604
276860,2112000,5.647123972490325,72.87915891691333,19.088763398124108
276880,2112000,6.020254706049281,72.87934891097753,19.08876558559653
276900,2112000,6.453924419467084,72.87953890506769,19.08876777287331
276920,2112000,6.954819044233412,72.87972889918377,19.088769959954448
276940,2112000,7.513453610488014,72.87991889332584,19.088772146839943
276960,2112000,8.097877133674528,72.88010888749382,19.088774333529795
276980,2112000,8.658586792724542,72.88029888168774,19.088776520024
277000,2112000,9.144887128064708,72.88048887590762,19.088778706322564
277020,2112000,9.523616024076695,72.8806788701534,19.08878089242548
277040,2112000,9.789732688554508,72.88086886442515,19.088783078332757
277060,2112000,9.96545270712883,72.88105885872281,19.088785264044386
277080,2112000,10.088808590159426,72.88124885304642,19.088787449560375
277100,2112000,10.188809836602204,72.88143884739594,19.088789634880715
277120,2112000,10.263779878379166,72.88162884177139,19.08879182000542
277140,2112000,10.335373558797933,72.88181883617276,19.088794004934467
277160,2112000,10.410860881166396,72.88200883060004,19.088796189667878
277180,2112000,10.51510897814471,72.88219882505327,19.088798374205645
277200,2112000,10.66334554041699,72.88238881953238,19.088800558547764
277220,2112000,10.813367957035148,72.88257881403743,19.088802742694234
277240,2112000,10.931993906384806,72.88276880856837,19.088804926645064
277260,2112000,11.056001123965412,72.88295880312522,19.088807110400246
277280,2112000,11.232359083737215,72.88314879770799,19.088809293959784
277300,2112000,11.389431897663801,72.88333879231664,19.08881147732368
277320,2112000,11.364325985084886,72.88352878695122,19.08881366049193
277340,2112000,11.063584617533554,72.88371878161168,19.088815843464527
277360,2112000,10.532148531790387,72.88390877629803,19.088818026241483
277380,2112000,9.871296042686744,72.8840987710103,19.0888202088228
277400,2112000,9.161661118111233,72.88428876574844,19.088822391208463
277420,2112000,8.448839629144816,72.88447876051248,19.088824573398476
277440,2112000,7.793205593730192,72.88466875530241,19.08882675539285
277460,2112000,7.269073033062634,72.88485875011821,19.088828937191575
277480,2112000,7.019137092060015,72.8850487449599,19.088831118794655
277500,2112000,7.056474400650645,72.88523873982749,19.088833300202086
277520,2112000,7.176551393373682,72.88542873472093,19.08883548141387
277540,2112000,7.300636837054599,72.88561872964026,19.088837662430013
277560,2112000,7.401903797009987,72.88580872458546,19.0888398432505
277580,2112000,7.4838201111360565,72.88599871955654,19.088842023875348
277600,2112000,7.5724881686058305,72.88618871455347,19.08884420430454
277620,2112000,7.711309631177247,72.88637870957628,19.088846384538087
277640,2112000,7.9530792587579064,72.88656870462496,19.088848564575997
277660,2112000,8.347774185735487,72.88675869969948,19.088850744418252
277680,2112000,8.928560540071945,72.88694869479988,19.08885292406486
277700,2112000,9.702567749614483,72.88713868992613,19.088855103515822
277720,2112000,10.65193453490437,72.88732868507823,19.088857282771126
277740,2112000,11.743267818284128,72.88751868025619,19.088859461830797
277760,2112000,12.938197982206704,72.88770867546,19.088861640694812
277780,2112000,14.199670202220279,72.88789867068965,19.088863819363176
277800,2112000,15.493156985388516,72.88808866594515,19.0888659978359
277820,2112000,16.783401203239823,72.8882786612265,19.088868176112967
277840,2112000,18.02858491437862,72.88846865653369,19.08887035419439
277860,2112000,19.187186953052198,72.8886586518667,19.088872532080167
277880,2112000,20.16465075118827,72.88884864722557,19.088874709770288
277900,2112000,20.976206611815282,72.88903864261027,19.088876887264767
277920,2112000,21.76786605593709,72.8892286380208,19.088879064563592
277940,2112000,22.587629531687263,72.88941863345715,19.08888124166677
277960,2112000,23.437982314391714,72.88960862891933,19.0888834185743
277980,2112000,24.318018585008314,72.88979862440735,19.08888559528618
278000,2112000,25.220374424305035,72.88998861992117,19.088887771802405
278020,2112000,26.13053698677616,72.89017861546081,19.08888994812299
278040,2112000,27.029528745051714,72.89036861102629,19.088892124247913
278060,2112000,27.892449899072467,72.89055860661757,19.0888943001772
278080,2112000,28.689160821838925,72.89074860223467,19.08889647591083
278100,2112000,29.388070587281785,72.89093859787758,19.088898651448808
278120,2112000,29.963667729955883,72.89112859354628,19.08890082679114
278140,2112000,30.408273809485966,72.89131858924081,19.088903001937815
278160,2112000,30.74234346658683,72.89150858496114,19.08890517688885
278180,2112000,31.015144497711532,72.89169858070727,19.088907351644224
278200,2112000,31.28805609502388,72.89188857647919,19.088909526203956
278220,2112000,31.59191922569133,72.89207857227692,19.08891170056803
278240,2112000,31.908927593473596,72.89226856810045,19.08891387473646
278260,2112000,32.13347781816087,72.89245856394976,19.088916048709237
278280,2112000,32.18373885104434,72.89264855982486,19.088918222486367
278300,2112000,32.06081014929776,72.89283855572573,19.08892039606784
278320,2112000,31.837809523170602,72.8930285516524,19.088922569453654
278340,2112000,31.555278229152854,72.89321854760487,19.08892474264383
278360,2112000,31.202560086819734,72.8934085435831,19.088926915638346
278380,2112000,30.776372152182418,72.89359853958712,19.088929088437215
278400,2112000,30.288410598663912,72.8937885356169,19.08893126104043
278420,2112000,29.757903497102262,72.89397853167247,19.088933433447995
278440,2112000,29.203195038446495,72.89416852775382,19.088935605659906
276680,2112020,3.766614234156661,72.8774466686308,19.088924329366726
276700,2112020,3.9055769748832496,72.8776366626671,19.088926518622205
276720,2112020,4.059114326242799,72.87782665672938,19.088928707682044
276740,2112020,4.230128813293536,72.87801665081761,19.088930896546238
276760,2112020,4.421444763659421,72.87820664493184,19.088933085214787
276780,2112020,4.635582616320162,72.87839663907201,19.08893527368769
276800,2112020,4.87483031547864,72.87858663323814,19.08893746196495
276820,2112020,5.141772383701378,72.87877662743024,19.088939650046566
276840,2112020,5.44018538472044,72.8789666216483,19.088941837932534
276860,2112020,5.775762139100529,72.8791566158923,19.08894402562286
276880,2112020,6.1556703703982745,72.87934661016226,19.08894621311754
276900,2112020,6.585928314266088,72.87953660445818,19.08894840041658
276920,2112020,7.066517508534089,72.87972659878004,19.088950587519967
276940,2112020,7.586042137923265,72.87991659312783,19.088952774427714
276960,2112020,8.119402429641577,72.88010658750159,19.088954961139812
276980,2112020,8.63144067481213,72.88029658190126,19.088957147656266
277000,2112020,9.086168995248844,72.8804865763269,19.088959333977076
277020,2112020,9.45736579337571,72.88067657077846,19.088961520102234
277040,2112020,9.735547733124712,72.88086656525594,19.088963706031752
277060,2112020,9.928868732701723,72.88105655975937,19.08896589176562
277080,2112020,10.058896361029813,72.88124655428874,19.088968077303846
277100,2112020,10.161978856061138,72.88143654884402,19.088970262646427
277120,2112020,10.302823172563034,72.88162654342524,19.088972447793356
277140,2112020,10.50059389778343,72.88181653803237,19.08897463274464
277160,2112020,10.742106530493167,72.88200653266541,19.088976817500278
277180,2112020,11.019185433889461,72.8821965273244,19.08897900206027
277200,2112020,11.299317840363837,72.88238652200927,19.08898118642461
277220,2112020,11.52883885017842,72.88257651672006,19.088983370593308
277240,2112020,11.680530532673028,72.88276651145677,19.08898555456636
277260,2112020,11.761360551157175,72.88295650621939,19.08898773834376
277280,2112020,11.800204007277149,72.88314650100791,19.088989921925517
277300,2112020,11.775824441403103,72.88333649582233,19.088992105311625
277320,2112020,11.610020002153547,72.88352649066266,19.088994288502086
277340,2112020,11.24472316116012,72.8837164855289,19.0889964714969
277360,2112020,10.691837049253813,72.88390648042102,19.08899865429607
277380,2112020,10.024558878225871,72.88409647533904,19.089000836899583
277400,2112020,9.322982083283378,72.88428647028294,19.089003019307448
277420,2112020,8.636946747625414,72.88447646525275,19.089005201519672
277440,2112020,8.049132774140014,72.88466646024844,19.089007383536245
277460,2112020,7.63714956988413,72.88485645527,19.08900956535717
277480,2112020,7.459614493400987,72.88504645031746,19.089011746982447
277500,2112020,7.488357862204012,72.88523644539079,19.089013928412076
277520,2112020,7.5986273092512,72.88542644049002,19.089016109646053
277540,2112020,7.70440839814395,72.8856164356151,19.08901829068438
277560,2112020,7.771209083569239,72.88580643076607,19.089020471527064
277580,2112020,7.799380390676465,72.8859964259429,19.08902265217409
277600,2112020,7.817899081302887,72.88618642114561,19.089024832625473
277620,2112020,7.881250706200628,72.88637641637418,19.08902701288121
277640,2112020,8.061145395858993,72.8865664116286,19.089029192941293
277660,2112020,8.428806578669793,72.88675640690892,19.08903137280573
277680,2112020,9.030240295077933,72.88694640221506,19.089033552474515
277700,2112020,9.867834888860596,72.88713639754708,19.08903573194765
277720,2112020,10.903318026549021,72.88732639290494,19.08903791122513
277740,2112020,12.077852690445951,72.88751638828867,19.08904009030697
277760,2112020,13.331787112230154,72.88770638369824,19.089042269193154
277780,2112020,14.614915242393945,72.88789637913366,19.089044447883687
277800,2112020,15.887980774252735,72.88808637459492,19.089046626378572
277820,2112020,17.117563457882117,72.88827637008204,19.08904880467781
277840,2112020,18.25929404938178,72.888466365595,19.08905098278139
277860,2112020,19.275989199168812,72.88865636113378,19.08905316068932
277880,2112020,20.11578152572897,72.88884635669841,19.089055338401607
277900,2112020,20.81294087107586,72.88903635228885,19.089057515918235
277920,2112020,21.503297395337757,72.88922634790515,19.089059693239214
277940,2112020,22.254777070707217,72.88941634354727,19.089061870364546
277960,2112020,23.064690545990338,72.88960633921523,19.089064047294226
277980,2112020,23.938420919085402,72.88979633490901,19.089066224028247
278000,2112020,24.860078680937,72.8899863306286,19.08906840056662
278020,2112020,25.803843934217852,72.890176326374,19.089070576909346
278040,2112020,26.74136161833733,72.89036632214524,19.089072753056417
278060,2112020,27.639559554128095,72.8905563179423,19.089074929007836
278080,2112020,28.459925231968462,72.89074631376516,19.089077104763604
278100,2112020,29.160647019648845,72.89093630961383,19.089079280323723
278120,2112020,29.70293334316208,72.89112630548831,19.08908145568819
278140,2112020,30.069754020381204,72.89131630138861,19.089083630856997
278160,2112020,30.287034386487868,72.89150629731469,19.089085805830155
278180,2112020,30.423042972336038,72.89169629326659,19.089087980607665
278200,2112020,30.58749275637406,72.89188628924428,19.089090155189517
278220,2112020,30.82295927335976,72.89207628524778,19.089092329575717
278240,2112020,31.05805390672144,72.89226628127706,19.089094503766265
278260,2112020,31.220839035211895,72.89245627733214,19.089096677761162
278280,2112020,31.263254959109837,72.892646273413,19.0890988515604
278300,2112020,31.190364354216314,72.89283626951968,19.08910102516399
278320,2112020,31.08089007668816,72.89302626565211,19.089103198571927
278340,2112020,30.93846270163494,72.89321626181034,19.08910537178421
278360,2112020,30.708275880581166,72.89340625799433,19.08910754480084
278380,2112020,30.37776642892339,72.89359625420411,19.089109717621817
278400,2112020,29.965505740426075,72.89378625043967,19.08911189024714
278420,2112020,29.500782764593588,72.89397624670102,19.089114062676806
278440,2112020,29.0068221243305,72.89416624298812,19.089116234910822
276700,2112040,3.9370794774346374,72.87763435997404,19.089107145939035
276720,2112040,4.10645834357142,72.87782435424207,19.08910933502115
276740,2112040,4.292463326747166,72.87801434853608,19.08911152390761
276760,2112040,4.497231165151701,72.87820434285605,19.08911371259843
276780,2112040,4.722913863973781,72.87839433720198,19.0891159010936
276800,2112040,4.971851406540182,72.87858433157388,19.089118089393125
276820,2112040,5.246942356135931,72.87877432597173,19.089120277497
276840,2112040,5.552043590513313,72.87896432039555,19.089122465405236
276860,2112040,5.891998483268907,72.87915431484532,19.089124653117818
276880,2112040,6.2717519101348564,72.87934430932104,19.089126840634755
276900,2112040,6.694184752321926,72.87953430382271,19.089129027956044
276920,2112040,7.15694439689392,72.87972429835033,19.08913121508169
276940,2112040,7.649482025954924,72.87991429290389,19.089133402011683
276960,2112040,8.152090942753782,72.8801042874834,19.089135588746036
276980,2112040,8.63823181217315,72.88029428208885,19.089137775284733
277000,2112040,9.079800545212024,72.88048427672024,19.089139961627787
277020,2112040,9.453345878091264,72.88067427137757,19.08914214777519
277040,2112040,9.744979046980895,72.88086426606083,19.08914433372695
277060,2112040,9.953246118499166,72.88105426077001,19.089146519483055
277080,2112040,10.092307864543455,72.88124425550514,19.089148705043517
277100,2112040,10.202436230934152,72.88143425026618,19.08915089040833
277120,2112040,10.369443776771533,72.88162424505316,19.089153075577492
277140,2112040,10.648762445515121,72.88181423986606,19.08915526055101
277160,2112040,11.014900037673744,72.88200423470487,19.089157445328873
277180,2112040,11.439398081726813,72.88219422956959,19.089159629911094
277200,2112040,11.84407504458904,72.88238422446025,19.089161814297665
277220,2112040,12.130815462640015,72.8825742193768,19.089163998488587
277240,2112040,12.288332651431883,72.88276421431928,19.089166182483858
277260,2112040,12.30370100251853,72.88295420928766,19.08916836628348
277280,2112040,12.229811493530315,72.88314420428195,19.089170549887452
277300,2112040,12.078351242110159,72.88333419930213,19.089172733295772
277320,2112040,11.808786942782747,72.88352419434823,19.08917491650845
277340,2112040,11.383779997762694,72.88371418942022,19.08917709952547
277360,2112040,10.80109913433123,72.8839041845181,19.089179282346844
277380,2112040,10.130519077164305,72.88409417964189,19.08918146497257
277400,2112040,9.447174110476283,72.88428417479156,19.089183647402642
277420,2112040,8.831071651813744,72.88447416996712,19.08918582963707
277440,2112040,8.384491185494504,72.88466416516857,19.08918801167584
277460,2112040,8.130927810218639,72.8848541603959,19.089190193518963
277480,2112040,8.060190008752736,72.88504415564914,19.089192375166437
277500,2112040,8.117585900629043,72.88523415092824,19.089194556618256
277520,2112040,8.217478457901414,72.88542414623322,19.08919673787443
277540,2112040,8.294447134233732,72.88561414156406,19.089198918934954
277560,2112040,8.315333202942778,72.8858041369208,19.089201099799823
277580,2112040,8.27541681352234,72.8859941323034,19.08920328046904
277600,2112040,8.20256009992579,72.88618412771187,19.089205460942612
277620,2112040,8.161677883333807,72.8863741231462,19.089207641220526
277640,2112040,8.24884657980432,72.8865641186064,19.08920982130279
277660,2112040,8.568367405020519,72.88675411409247,19.089212001189406
277680,2112040,9.189457114119435,72.8869441096044,19.08921418088036
277700,2112040,10.105916039849033,72.88713410514218,19.089216360375673
277720,2112040,11.244706487162409,72.88732410070581,19.089218539675333
277740,2112040,12.510369378816325,72.8875140962953,19.089220718779337
277760,2112040,13.817545789313508,72.88770409191063,19.089222897687694
277780,2112040,15.102188022983926,72.88789408755183,19.089225076400396
277800,2112040,16.320584392244747,72.88808408321886,19.089227254917446
277820,2112040,17.440828897322113,72.88827407891173,19.08922943323884
277840,2112040,18.431689007123033,72.88846407463045,19.089231611364585
277860,2112040,19.269769079885926,72.88865407037501,19.08923378929468
277880,2112040,19.952065604137125,72.8888440661454,19.089235967029122
277900,2112040,20.53416678589167,72.88903406194163,19.089238144567908
277920,2112040,21.127958046653582,72.88922405776368,19.08924032191104
277940,2112040,21.81955967871559,72.88941405361157,19.089242499058518
277960,2112040,22.624430008927988,72.88960404948529,19.089244676010352
277980,2112040,23.520260080366434,72.88979404538483,19.08924685276652
278000,2112040,24.47515365681012,72.8899840413102,19.089249029327046
278020,2112040,25.45810920744928,72.89017403726139,19.089251205691912
278040,2112040,26.43825257230057,72.89036403323838,19.08925338186112
278060,2112040,27.377944104619782,72.8905540292412,19.089255557834683
278080,2112040,28.232108560541125,72.89074402526984,19.08925773361259
278100,2112040,28.951403239924424,72.89093402132428,19.089259909194837
278120,2112040,29.47971459008736,72.89112401740454,19.089262084581435
278140,2112040,29.779573582544185,72.8913140135106,19.089264259772374
278160,2112040,29.89126869998838,72.89150400964245,19.089266434767662
278180,2112040,29.90551729697657,72.89169400580012,19.089268609567302
278200,2112040,29.95827596699366,72.89188400198358,19.089270784171283
278220,2112040,30.10137676430374,72.89207399819284,19.089272958579603
278240,2112040,30.243013384816273,72.8922639944279,19.089275132792274
278260,2112040,30.338366517417235,72.89245399068875,19.089277306809286
278280,2112040,30.365802660588813,72.89264398697539,19.08927948063065
278300,2112040,30.338637466050894,72.8928339832878,19.089281654256357
278320,2112040,30.308115343224628,72.89302397962602,19.089283827686405
278340,2112040,30.262359814265217,72.89321397599001,19.089286000920797
278360,2112040,30.131686886127337,72.89340397237979,19.089288173959535
278380,2112040,29.87667109562651,72.89359396879534,19.08929034680262
278400,2112040,29.52941926721566,72.89378396523668,19.089292519450044
278420,2112040,29.13027351387681,72.8939739617038,19.08929469190182
278440,2112040,28.70235749980827,72.89416395819666,19.089296864157934
278460,2112040,28.27116808299133,72.89435395471531,19.089299036218396
276700,2112060,3.9690713220098988,72.877632057255,19.089287773252053
276720,2112060,4.153333117311775,72.8778220517288,19.08928996235644
276740,2112060,4.353293052179079,72.87801204622858,19.089292151265173
276760,2112060,4.570416378480264,72.8782020407543,19.08929433997826
276780,2112060,4.8063449009498,72.878392035306,19.089296528495698
276800,2112060,5.063121963302725,72.87858202988366,19.08929871681749
276820,2112060,5.343487683852211,72.87877202448728,19.08930090494363
276840,2112060,5.651070484080193,72.87896201911686,19.08930309287412
276860,2112060,5.99018347954752,72.87915201377238,19.08930528060897
276880,2112060,6.364917400512418,72.87934200845388,19.08930746814816
276900,2112060,6.777411430666085,72.87953200316132,19.089309655491704
276920,2112060,7.225601906573166,72.87972199789469,19.089311842639596
276940,2112060,7.701232876475581,72.87991199265402,19.089314029591844
276960,2112060,8.189125165501025,72.88010198743929,19.089316216348443
276980,2112060,8.668354310096827,72.88029198225051,19.089318402909388
277000,2112060,9.115171276301322,72.88048197708765,19.08932058927469
277020,2112060,9.506775357982466,72.88067197195075,19.089322775444334
277040,2112060,9.825113214774898,72.88086196683977,19.089324961418335
277060,2112060,10.061087254339132,72.88105196175472,19.08932714719668
277080,2112060,10.221576198589299,72.88124195669562,19.08932933277938
277100,2112060,10.342252993354087,72.88143195166242,19.08933151816643
277120,2112060,10.50135893436343,72.88162194665516,19.08933370335782
277140,2112060,10.77767277101588,72.88181194167382,19.089335888353567
277160,2112060,11.184397490203622,72.8820019367184,19.089338073153666
277180,2112060,11.688052694534424,72.8821919317889,19.08934025775811
277200,2112060,12.169356827729262,72.8823819268853,19.089342442166906
277220,2112060,12.462095133992097,72.88257192200763,19.089344626380047
277240,2112060,12.599655020909031,72.88276191715586,19.089346810397544
277260,2112060,12.594911267907761,72.88295191233001,19.08934899421938
277280,2112060,12.476913220454367,72.88314190753007,19.089351177845572
277300,2112060,12.258606227842076,72.88333190275603,19.089353361276107
277320,2112060,11.922414700741896,72.88352189800788,19.089355544510997
277340,2112060,11.452216657208691,72.88371189328564,19.08935772755023
277360,2112060,10.860946361446192,72.88390188858929,19.089359910393814
277380,2112060,10.206186553063766,72.88409188391884,19.089362093041746
277400,2112060,9.567232936740847,72.88428187927428,19.089364275494027
277420,2112060,9.043260114793494,72.88447187465562,19.089366457750653
277440,2112060,8.741496658141667,72.88466187006283,19.089368639811628
277460,2112060,8.65278622329793,72.88485186549595,19.08937082167695
277480,2112060,8.71610198925109,72.88504186095493,19.08937300334662
277500,2112060,8.842634795239563,72.8852318564398,19.08937518482064
277520,2112060,8.95497360484156,72.88542185195054,19.089377366099
277540,2112060,9.01773056607835,72.88561184748716,19.089379547181714
277560,2112060,9.005644866267994,72.88580184304966,19.089381728068776
277580,2112060,8.904226837335006,72.88599183863803,19.08938390876018
277600,2112060,8.733844291034275,72.88618183425227,19.08938608925593
277620,2112060,8.568075013612162,72.88637182989237,19.089388269556032
277640,2112060,8.531986825432961,72.88656182555835,19.08939044966048
277660,2112060,8.78026637976348,72.88675182125017,19.089392629569268
277680,2112060,9.430019101374086,72.88694181696786,19.08939480928241
277700,2112060,10.458548116379813,72.88713181271142,19.089396988799898
277720,2112060,11.730270152416452,72.88732180848082,19.08939916812173
277740,2112060,13.1013495127985,72.88751180427607,19.089401347247904
277760,2112060,14.460078871467926,72.88770180009718,19.089403526178433
277780,2112060,15.730883625475244,72.88789179594414,19.0894057049133
277800,2112060,16.87025900018324,72.88808179181694,19.089407883452512
277820,2112060,17.857213782375236,72.8882717877156,19.089410061796073
277840,2112060,18.681164023543896,72.88846178364008,19.089412239943982
277860,2112060,19.339470288656898,72.8886517795904,19.089414417896233
277880,2112060,19.851691080876492,72.88884177556656,19.08941659565283
277900,2112060,20.284466100477427,72.88903177156857,19.089418773213772
277920,2112060,20.759563698861548,72.8892217675964,19.089420950579054
277940,2112060,21.400901149412082,72.88941176365006,19.08942312774869
277960,2112060,22.22118511745061,72.88960175972954,19.089425304722663
277980,2112060,23.151186627025332,72.88979175583485,19.089427481500987
278000,2112060,24.1371900693952,72.88998175196598,19.089429658083652
278020,2112060,25.14979871948634,72.89017174812294,19.089431834470663
278040,2112060,26.16391907168773,72.89036174430571,19.089434010662014
278060,2112060,27.139885419701276,72.89055174051431,19.089436186657714
278080,2112060,28.023819633890643,72.89074173674871,19.08943836245776
278100,2112060,28.76639708435457,72.89093173300891,19.089440538062142
278120,2112060,29.302600495651596,72.89112172929494,19.089442713470877
278140,2112060,29.54308272974948,72.89131172560677,19.089444888683953
278160,2112060,29.572418967362715,72.89150172194441,19.089447063701368
278180,2112060,29.51289328433055,72.89169171830784,19.08944923852313
278200,2112060,29.466059895855857,72.89188171469708,19.089451413149234
278220,2112060,29.471441188125734,72.89207171111211,19.08945358757968
278240,2112060,29.49592074147956,72.89226170755295,19.089455761814477
278260,2112060,29.510407187760496,72.89245170401956,19.08945793585361
278280,2112060,29.507323443859825,72.89264170051197,19.08946010969709
278300,2112060,29.500405069676802,72.89283169703016,19.089462283344908
278320,2112060,29.50960375814237,72.89302169357416,19.089464456797067
278340,2112060,29.521653360434044,72.89321169014393,19.08946663005358
278360,2112060,29.471604255217375,72.89340168673947,19.089468803114425
278380,2112060,29.268824965922455,72.8935916833608,19.089470975979612
278400,2112060,28.984836052051723,72.8937816800079,19.089473148649148
278420,2112060,28.657810488281775,72.89397167668078,19.089475321123025
278440,2112060,28.304214619071985,72.89416167337943,19.08947749340124
278460,2112060,27.933379371507264,72.89435167010384,19.089479665483797
276700,2112080,3.99798256816236,72.87762975451,19.08946840056127
276720,2112080,4.196198986562547,72.87781974918957,19.089470589687927
276740,2112080,4.4090951369642015,72.87800974389509,19.089472778618934
276760,2112080,4.637384195826002,72.87819973862659,19.089474967354292
276780,2112080,4.881996137381155,72.87838973338405,19.089477155893995
276800,2112080,5.144368616150717,72.87857972816748,19.08947934423805
276820,2112080,5.426781334811988,72.87876972297686,19.08948153238645
276840,2112080,5.732571202529549,72.8789597178122,19.089483720339206
276860,2112080,6.065985498142575,72.87914971267351,19.089485908096304
276880,2112080,6.431436197968148,72.87933970756075,19.089488095657757
276900,2112080,6.832075391507397,72.87952970247395,19.089490283023558
276920,2112080,7.2679135264576455,72.87971969741311,19.089492470193708
276940,2112080,7.73402307524897,72.87990969237819,19.089494657168203
276960,2112080,8.219501263586908,72.88009968736924,19.089496843947053
276980,2112080,8.707660988952812,72.88028968238622,19.08949903053025
277000,2112080,9.177456060172164,72.88047967742914,19.089501216917785
277020,2112080,9.605746828623898,72.88066967249799,19.089503403109678
277040,2112080,9.970087080544685,72.88085966759279,19.08950558910592
277060,2112080,10.252582709967058,72.8810496627135,19.089507774906505
277080,2112080,10.447012731536661,72.88123965786015,19.08950996051144
277100,2112080,10.571979065534983,72.88142965303273,19.08951214592072
277120,2112080,10.685383895172153,72.88161964823124,19.089514331134353
277140,2112080,10.880880652364247,72.88180964345567,19.08951651615233
277160,2112080,11.238436487790082,72.88199963870602,19.089518700974654
277180,2112080,11.715245665260733,72.88218963398228,19.089520885601328
277200,2112080,12.1725368772989,72.88237962928446,19.089523070032346
277220,2112080,12.483825238038758,72.88256962461254,19.089525254267713
277240,2112080,12.642019151927439,72.88275961996656,19.089527438307424
277260,2112080,12.661494891864056,72.88294961534648,19.089529622151485
277280,2112080,12.553236516042388,72.8831396107523,19.089531805799894
277300,2112080,12.320058050824496,72.883329606184,19.089533989252647
277320,2112080,11.957222511548785,72.88351960164164,19.089536172509742
277340,2112080,11.469750379056366,72.88370959712516,19.089538355571193
277360,2112080,10.885181567568623,72.88389959263459,19.08954053843698
277380,2112080,10.260667452106622,72.88408958816991,19.089542721107122
277400,2112080,9.679529481174466,72.88427958373111,19.089544903581608
277420,2112080,9.24621115450913,72.88446957931822,19.089547085860435
277440,2112080,9.063545842671012,72.8846595749312,19.089549267943614
277460,2112080,9.123599768741014,72.88484957057008,19.089551449831138
277480,2112080,9.339642040866654,72.88503956623484,19.089553631523003
277500,2112080,9.566037525413389,72.88522956192547,19.089555813019217
277520,2112080,9.712798645570341,72.885419557642,19.08955799431978
277540,2112080,9.796996969945528,72.88560955338438,19.089560175424676
277560,2112080,9.793196970467966,72.88579954915265,19.089562356333925
277580,2112080,9.664387388985022,72.88598954494678,19.08956453704752
277600,2112080,9.41339167132401,72.8861795407668,19.089566717565464
277620,2112080,9.123139521065799,72.88636953661266,19.089568897887744
277640,2112080,8.947923421913652,72.88655953248441,19.08957107801437
277660,2112080,9.099347359365478,72.88674952838201,19.089573257945343
277680,2112080,9.802266011420445,72.88693952430548,19.089575437680654
277700,2112080,10.995204584895049,72.8871295202548,19.089577617220318
277720,2112080,12.430344656093284,72.88731951622997,19.089579796564323
277740,2112080,13.919225733734054,72.88750951223099,19.089581975712672
277760,2112080,15.32938512352063,72.88769950825788,19.089584154665367
277780,2112080,16.57583978254048,72.8878895043106,19.089586333422403
277800,2112080,17.619798877256375,72.88807950038918,19.089588511983784
277820,2112080,18.46153177746487,72.8882694964936,19.089590690349503
277840,2112080,19.118941848170067,72.88845949262387,19.089592868519574
277860,2112080,19.607548628675218,72.88864948877996,19.089595046493987
277880,2112080,19.954404971821315,72.88883948496189,19.089597224272737
277900,2112080,20.224756463453023,72.88902948116967,19.089599401855843
277920,2112080,20.54935476075066,72.88921947740327,19.089601579243276
277940,2112080,21.14532789519609,72.8894094736627,19.08960375643506
277960,2112080,21.994138004949733,72.88959946994795,19.089605933431184
277980,2112080,22.942743763793732,72.88978946625903,19.089608110231655
278000,2112080,23.9308826800387,72.88997946259595,19.089610286836464
278020,2112080,24.941334640550387,72.89016945895867,19.08961246324562
278040,2112080,25.96357662916416,72.89035945534722,19.089614639459114
278060,2112080,26.957814029064025,72.89054945176159,19.089616815476955
278080,2112080,27.848033128913137,72.89073944820176,19.089618991299137
278100,2112080,28.584328309542528,72.89092944466775,19.089621166925657
278120,2112080,29.09928368637744,72.89111944115955,19.089623342356518
278140,2112080,29.305397972665908,72.89130943767715,19.089625517591724
278160,2112080,29.29055841025453,72.89149943422055,19.089627692631275
278180,2112080,29.173271683739625,72.89168943078977,19.089629867475164
278200,2112080,29.033710855373098,72.89187942738478,19.08963204212339
278220,2112080,28.912655251971554,72.89206942400558,19.08963421657597
278240,2112080,28.813768793867975,72.89225942065218,19.089636390832876
278260,2112080,28.732156313439273,72.89244941732458,19.089638564894134
278280,2112080,28.671391377615148,72.89263941402277,19.08964073875973
278300,2112080,28.64279705159673,72.89282941074674,19.089642912429664
278320,2112080,28.651779561445906,72.89301940749651,19.089645085903943
278340,2112080,28.67763795939066,72.89320940427204,19.089647259182556
278360,2112080,28.65975235661969,72.89339940107337,19.089649432265517
278380,2112080,28.53773614902086,72.89358939790047,19.089651605152813
278400,2112080,28.34076341677649,72.89377939475335,19.089653777844457
278420,2112080,28.100840809467392,72.893969391632,19.08965595034043
278440,2112080,27.831995576208882,72.89415938853644,19.08965812264075
278460,2112080,27.541577700398033,72.89434938546663,19.089660294745407
276700,2112100,4.020360592259003,72.87762745173902,19.089649027866685
276720,2112100,4.231630068701991,72.87781744662436,19.089651217015614
276740,2112100,4.456516261850702,72.87800744153564,19.089653405968896
276760,2112100,4.69485491776237,72.87819743647292,19.08965559472652
276780,2112100,4.94662686284715,72.87838743143614,19.089657783288487
276800,2112100,5.212344532158849,72.87857742642534,19.089659971654807
276820,2112100,5.493536676789855,72.87876742144049,19.089662159825476
276840,2112100,5.79318141077775,72.8789574164816,19.08966434780049
276860,2112100,6.115835817336155,72.87914741154867,19.08966653557985
276880,2112100,6.467174005609532,72.87933740664168,19.08966872316356
276900,2112100,6.8527563849853195,72.87952740176065,19.089670910551607
276920,2112100,7.276133192430316,72.87971739690558,19.08967309774402
276940,2112100,7.736728175491624,72.87990739207643,19.089675284740764
276960,2112100,8.228147126687459,72.88009738727324,19.089677471541858
276980,2112100,8.737453145886896,72.88028738249598,19.0896796581473
277000,2112100,9.245582013257858,72.88047737774468,19.089681844557088
277020,2112100,9.728660323848876,72.8806673730193,19.08968403077122
277040,2112100,10.159800244272224,72.88085736831987,19.0896862167897
277060,2112100,10.511222784288046,72.88104736364636,19.08968840261253
277080,2112100,10.758079214851776,72.88123735899877,19.089690588239698
277100,2112100,10.890163456065789,72.88142735437712,19.089692773671217
277120,2112100,10.939346159809718,72.8816173497814,19.089694958907078
277140,2112100,11.007742347244937,72.8818073452116,19.089697143947287
277160,2112100,11.245132710306414,72.88199734066771,19.089699328791845
277180,2112100,11.635954677742316,72.88218733614974,19.089701513440744
277200,2112100,12.031261167986397,72.8823773316577,19.089703697893984
277220,2112100,12.337220961541018,72.88256732719155,19.08970588215158
277240,2112100,12.521583244258867,72.88275732275133,19.08970806621351
277260,2112100,12.578588755438613,72.88294731833702,19.08971025007979
277280,2112100,12.505038533706132,72.88313731394861,19.08971243375041
277300,2112100,12.290827531797838,72.88332730958611,19.089714617225383
277320,2112100,11.932058976828447,72.8835173052495,19.089716800504693
277340,2112100,11.450805977373731,72.8837073009388,19.089718983588355
277360,2112100,10.8839698978076,72.88389729665398,19.089721166476355
277380,2112100,10.290618167913914,72.88408729239508,19.089723349168697
277400,2112100,9.7564951769248065,72.88427728816205,19.08972553166539
277420,2112100,9.388088633990744,72.88446728395493,19.089727713966425
277440,2112100,9.286446236854593,72.88465727977369,19.0897298960718
277460,2112100,9.45668948328695,72.88484727561833,19.089732077981527
277480,2112100,9.803801019903478,72.88503727148887,19.089734259695586
277500,2112100,10.14346486718707,72.88522726738528,19.089736441213997
277520,2112100,10.371530396397244,72.88541726330756,19.089738622536746
277540,2112100,10.53724394355992,72.88560725925574,19.089740803663844
277560,2112100,10.606755674125512,72.88579725522978,19.089742984595283
277580,2112100,10.5114996342737,72.88598725122968,19.08974516533106
277600,2112100,10.219227051751998,72.88617724725546,19.08974734587118
277620,2112100,9.840912894783386,72.8863672433071,19.089749526215652
277640,2112100,9.574376758192797,72.88655723938462,19.089751706364456
277660,2112100,9.643017170145441,72.886747235488,19.089753886317613
277680,2112100,10.439148731457983,72.88693723161724,19.089756066075108
277700,2112100,11.816089018773809,72.887127227772325,19.08975824563694
277720,2112100,13.410841443225161,72.88731722395327,19.089760425003114
277740,2112100,15.018819688362763,72.88750722016007,19.08976260417364
277760,2112100,16.483089440837734,72.88769721639272,19.089764783148503
277780,2112100,17.70151353924176,72.88788721265124,19.0897669619277
277800,2112100,18.63604347885196,72.88807720893557,19.08976914051125
277820,2112100,19.31823409064516,72.88826720524577,19.08977131889914
277840,2112100,19.815436206099925,72.8884572015818,19.089773497091368
277860,2112100,20.155824546902096,72.88864719794368,19.08977567508794
277880,2112100,20.36741330853416,72.88883719433139,19.08977785288885
277900,2112100,20.51847730763872,72.88902719074493,19.089780030494104
277920,2112100,20.735908829729418,72.88921718718431,19.0897822079037
277940,2112100,21.275674123705326,72.88940718364952,19.089784385117632
277960,2112100,22.09414620740823,72.88959718014056,19.089786562135906
277980,2112100,23.00407050549712,72.8897871766574,19.089788738958525
278000,2112100,23.942340383263904,72.8899771732001,19.08979091558548
278020,2112100,24.900375721347054,72.89016716976859,19.089793092016773
278040,2112100,25.891817326579694,72.89035716636292,19.089795268252416
278060,2112100,26.870494066616722,72.89054716298305,19.089797444292394
278080,2112100,27.745653522971466,72.89073715962901,19.08979962013671
278100,2112100,28.4413962828133,72.89092715630078,19.089801795785366
278120,2112100,28.89485644919857,72.89111715299835,19.08980397123836
278140,2112100,29.076269398795194,72.89130714972173,19.089806146495704
278160,2112100,29.037715082549568,72.8914971464709,19.08980832155738
278180,2112100,28.868940435259763,72.8916871432459,19.089810496423397
278200,2112100,28.64359687915238,72.89187714004667,19.089812671093757
278220,2112100,28.40849412225024,72.89206713687327,19.089814845568448
278240,2112100,28.188128222689112,72.89225713372565,19.089817019847487
278260,2112100,27.998101057432187,72.89244713060381,19.08981919393086
278280,2112100,27.854553443656197,72.89263712750778,19.08982136781857
278300,2112100,27.77203936400802,72.89282712443753,19.089823541510622
278320,2112100,27.751828160105376,72.89301712139306,19.089825715007017
278340,2112100,27.769681902890955,72.89320711837439,19.089827888307738
278360,2112100,27.777447676249864,72.89339711538149,19.08983006141281
278380,2112100,27.733808396054968,72.89358711241437,19.089832234322213
278400,2112100,27.6341924054926,72.89377710947302,19.089834407035962
278420,2112100,27.49079406644933,72.89396710655745,19.089836579554042
278440,2112100,27.31330792198034,72.89415710366765,19.08983875187646
278460,2112100,27.107772214159372,72.89434710080363,19.08984092400322
276700,2112120,4.032816109259085,72.87762514894207,19.089829655168295
276720,2112120,4.25626065287727,72.87781514403316,19.089831844339493
276740,2112120,4.4923288685073715,72.87800513915025,19.089834033315043
276760,2112120,4.739846773865046,72.87819513429326,19.089836222094934
276780,2112120,4.997580794705689,72.87838512946227,19.089838410679175
276800,2112120,5.264733008087809,72.87857512465723,19.089840599067756
276820,2112120,5.541666266765144,72.87876511987815,19.08984278726069
276840,2112120,5.830738379737195,72.87895511512504,19.089844975257964
276860,2112120,6.136946753819162,72.87914511039789,19.089847163059584
276880,2112120,6.467929839494694,72.87933510569667,19.089849350665553
276900,2112120,6.832900436315074,72.8795251010214,19.08985153807586
276920,2112120,7.240423647619781,72.8797150963721,19.089853725290514
276940,2112120,7.695499199612119,72.879905091748725,19.089855912309513
276960,2112120,8.196823762489684,72.8800950871513,19.089858099132858
276980,2112120,8.735086010548063,72.88028508257982,19.089860285760547
277000,2112120,9.29268844963848,72.88047507803428,19.089862472192582
277020,2112120,9.844679092526963,72.88066507351468,19.089864658428958
277040,2112120,10.360181167301146,72.88085506902101,19.08986684446968
277060,2112120,10.803176029093786,72.88104506455326,19.089869030314745
277080,2112120,11.13109163858838,72.88123506011146,19.089871215964155
277100,2112120,11.296454269050727,72.88142505569557,19.089873401417904
277120,2112120,11.296068812494438,72.88161505130563,19.089875586676
277140,2112120,11.244378879242316,72.8818050469416,19.089877771738443
277160,2112120,11.331074602722953,72.88199504260349,19.089879956605223
277180,2112120,11.581920091131835,72.8821850382913,19.089882141276348
277200,2112120,11.876542023608476,72.88237503400501,19.089884325751818
277220,2112120,12.138750379021403,72.88256502974465,19.089886510031633
277240,2112120,12.325886359212785,72.88275502551019,19.08988869411579
277260,2112120,12.409828732897616,72.88294502130165,19.089890878004287
277280,2112120,12.373016480357016,72.88313501711902,19.08989306169713
277300,2112120,12.193832950337574,72.88332501296229,19.089895245194313
277320,2112120,11.857543880386947,72.88351500883147,19.089897428495842
277340,2112120,11.402005589749923,72.88370500472652,19.089899611601705
277360,2112120,10.861433536342085,72.88389500064748,19.089901794511917
277380,2112120,10.293413503284999,72.88408499659435,19.089903977226474
277400,2112120,9.785296200237859,72.88427499256711,19.089906159745365
277420,2112120,9.443061936126375,72.88446498856575,19.089908342068604
277440,2112120,9.381380357728904,72.8846549845903,19.089910524196185
277460,2112120,9.623333898489285,72.88484498064071,19.0899127061281
277480,2112120,10.041983804561156,72.88503497671701,19.089914887864367
277500,2112120,10.481640491105505,72.8852249728192,19.08991706940497
277520,2112120,10.85136854493764,72.88541496894726,19.089919250749908
277540,2112120,11.144623520232155,72.88560496510121,19.0899214318992
277560,2112120,11.34036702446619,72.88579496128102,19.08992361285283
277580,2112120,11.353371588319334,72.88598495748671,19.089925793610792
277600,2112120,11.060038845188675,72.88617495371825,19.0899279741731
277620,2112120,10.66122306251205,72.88636494997567,19.089930154539754
277640,2112120,10.440061616730453,72.88655494625897,19.089932334710742
277660,2112120,10.64207477553733,72.88674494256811,19.089934514686075
277680,2112120,11.514181242218456,72.88693493890314,19.08993669446575
277700,2112120,12.961399438713824,72.887124935264,19.08993887404976
277720,2112120,14.674453356095508,72.88731493165072,19.08994105343811
277740,2112120,16.404746617047913,72.8875049280633,19.0899432326308
277760,2112120,17.944924379998717,72.88769492450173,19.089945411627834
277780,2112120,19.152396236734145,72.887884920966,19.089947590429205
277800,2112120,19.971252562617618,72.88807491745612,19.089949769034916
277820,2112120,20.459706968797676,72.8882649139721,19.089951947444966
277840,2112120,20.802214975942302,72.8884549105139,19.089954125659357
277860,2112120,21.010259302971512,72.88864490708156,19.08995630367809
277880,2112120,21.116026350243317,72.88883490367503,19.089958481501156
277900,2112120,21.207614956905047,72.88902490029436,19.089960659128565
277920,2112120,21.416315783159956,72.88921489693952,19.089962836560318
277940,2112120,21.878363635869782,72.8894048936105,19.089965013796398
277960,2112120,22.578555586912145,72.88959489030731,19.08996719083682
277980,2112120,23.39574153744073,72.88978488702995,19.089969367681586
278000,2112120,24.246784903613236,72.88997488377841,19.08997154433069
278020,2112120,25.10772073073542,72.89016488055269,19.089973720784133
278040,2112120,26.038102367273495,72.89035487735279,19.08997589704191
278060,2112120,26.971316937875468,72.8905448741787,19.089978073104025
278080,2112120,27.802734278076613,72.89073487103045,19.089980248970484
278100,2112120,28.434622338527497,72.89092486790798,19.089982424641278
278120,2112120,28.814229094613232,72.89111486481134,19.08998460011641
278140,2112120,28.939756708224337,72.8913048617405,19.089986775395875
278160,2112120,28.85404101344402,72.89149485869545,19.089988950479682
278180,2112120,28.623632924388545,72.89168485567622,19.089991125367828
278200,2112120,28.312035085255765,72.89187485268278,19.08999330006031
278220,2112120,27.96778972437644,72.89206484971514,19.089995474557124
278240,2112120,27.626275055099292,72.8922548467733,19.08999764885829
278260,2112120,27.317672244391147,72.89244484385725,19.08999982296378
278280,2112120,27.072146161000454,72.89263484096699,19.090001996873607
278300,2112120,26.91526155288886,72.89282483810253,19.090004170587775
278320,2112120,26.85387362068365,72.89301483526384,19.090006344106285
278340,2112120,26.865113768039063,72.89320483245095,19.09000851742912
278360,2112120,26.904368241925603,72.89339482966382,19.090010690556298
278380,2112120,26.929738466203396,72.89358482690248,19.090012863487814
278400,2112120,26.919742118740317,72.89377482416693,19.09001503622366
278420,2112120,26.869860127025852,72.89396482145713,19.090017208763847
278440,2112120,26.78216443767593,72.89415481877313,19.090019381108377
278460,2112120,26.66009938562674,72.89434481611487,19.090021553257227
276700,2112140,4.031966656095166,72.87762284611915,19.090010282466093
276720,2112140,4.266689653156021,72.87781284141602,19.09001247165957
276740,2112140,4.513293459816898,72.87800283673886,19.090014660657392
276760,2112140,4.769498635640995,72.87819283208766,19.090016849459552
276780,2112140,5.032587789507338,72.87838282746245,19.090019038066053
276800,2112140,5.299974293157182,72.87857282286318,19.090021226476907
276820,2112140,5.570209873798969,72.87876281828987,19.0900234146921
276840,2112140,5.844400907401555,72.87895281374253,19.090025602711634
276860,2112140,6.127700321428311,72.87914280922114,19.090027790535512
276880,2112140,6.430132253132279,72.87933280472569,19.090029978163738
276900,2112140,6.76581691283903,72.87952280025621,19.090032165596302
276920,2112140,7.1501143485318925,72.87971279581267,19.09003435283321
276940,2112140,7.5952513933044745,72.87990279139507,19.090036539874458
276960,2112140,8.105905128324535,72.88009278700342,19.09003872672005
276980,2112140,8.67626130369105,72.88028278263772,19.09004091336999
277000,2112140,9.289256625634227,72.88047277829794,19.09004309982427
277020,2112140,9.917669651607643,72.88066277398411,19.090045286082887
277040,2112140,10.526041785154106,72.88085276969622,19.09004747214585
277060,2112140,11.072090523362752,72.88104276543426,19.090049658013154
277080,2112140,11.50474214361086,72.88123276119823,19.090051843684797
277100,2112140,11.743657444537405,72.88142275698812,19.090054029160786
277120,2112140,11.712238091390839,72.88161275280393,19.090056214441113
277140,2112140,11.581362972660806,72.88180274864567,19.090058399525788
277160,2112140,11.521703177205605,72.88199274451334,19.0900605844148
277180,2112140,11.593942628610808,72.88218274040692,19.090062769108155
277200,2112140,11.763595164216381,72.88237273632642,19.090064953605847
277220,2112140,11.954476160703464,72.88256273227184,19.090067137907887
277240,2112140,12.118452928964036,72.88275272824316,19.090069322014262
277260,2112140,12.20406013676245,72.8829427242404,19.090071505924982
277280,2112140,12.18184874199853,72.88313272026353,19.09007368964004
277300,2112140,12.029156333077994,72.88332271631256,19.090075873159435
277320,2112140,11.738073477769625,72.88351271238751,19.09007805648318
277340,2112140,11.327934979385715,72.88370270848836,19.09008023961126
277360,2112140,10.82123423360687,72.8838927046151,19.090082422543677
277380,2112140,10.272502590361789,72.88408270076773,19.09008460528044
277400,2112140,9.777960255547288,72.88427269694627,19.090086787821537
277420,2112140,9.446401189186059,72.8844626931507,19.090088970166974
277440,2112140,9.397561926842513,72.88465268938101,19.09009115231676
277460,2112140,9.6798582838009,72.88484268563721,19.090093334270875
277480,2112140,10.156303637254377,72.88503268191927,19.09009551602934
277500,2112140,10.680863275560327,72.88522267822724,19.090097697592135
277520,2112140,11.158440229485365,72.88541267456108,19.090099878959276
277540,2112140,11.551186233623637,72.88560267092079,19.090102060130754
277560,2112140,11.83865982948836,72.88579266730639,19.090104241106566
277580,2112140,11.955377850266329,72.88598266371785,19.09010642188672
277600,2112140,11.717378487643737,72.8861726601552,19.09010860247122
277620,2112140,11.410462654565737,72.88636265661839,19.09011078286005
277640,2112140,11.350450514950472,72.88655265310746,19.090112963053226
277660,2112140,11.754852851790293,72.88674264962238,19.090115143050735
277680,2112140,12.751671317788787,72.88693264616317,19.090117322852585
277700,2112140,14.275215206240999,72.8871226427298,19.09011950245877
277720,2112140,16.105767752287974,72.88731263932232,19.090121681869295
277740,2112140,17.98943059700997,72.88750263594068,19.09012386108416
277760,2112140,19.674297194644446,72.88769263258487,19.090126040103364
277780,2112140,20.94604018400065,72.88788262925493,19.090128218926896
277800,2112140,21.670146506299872,72.88807262595084,19.090130397554773
277820,2112140,21.927153855841908,72.88826262267258,19.09013257598699
277840,2112140,22.075253457695045,72.88845261942018,19.090134754223545
277860,2112140,22.124174087063864,72.8886426161936,19.090136932264432
277880,2112140,22.122951842377788,72.88883261299287,19.090139110109657
277900,2112140,22.162546217817237,72.88902260981797,19.090141287759224
277920,2112140,22.349611066855424,72.8892126066689,19.09014346521312
277940,2112140,22.75644569060906,72.88940260354566,19.090145642471366
277960,2112140,23.365775394870987,72.88959260044825,19.090147819533936
277980,2112140,24.099160354241675,72.88978259737668,19.090149996400847
278000,2112140,24.88138783554352,72.88997259433091,19.09015217307209
278020,2112140,25.680438164734866,72.89016259131098,19.090154349547678
278040,2112140,26.517519380619103,72.89035258831686,19.0901565258276
278060,2112140,27.3509830693517,72.89054258534854,19.090158701911857
278080,2112140,28.094829608177154,72.89073258240606,19.09016087780045
278100,2112140,28.626908463848476,72.89092257948938,19.090163053493377
278120,2112140,28.90429975525795,72.89111257659852,19.090165228990642
278140,2112140,28.942338745886012,72.891302573733455,19.090167404292245
278160,2112140,28.780435264720648,72.8914925708942,19.090169579398182
278180,2112140,28.47147623323615,72.89168256808075,19.09017175430846
278200,2112140,28.068790591203083,72.8918725652931,19.090173929023063
278220,2112140,27.616960167557295,72.89206256253124,19.090176103542
278240,2112140,27.15392968129894,72.89225255979517,19.09017827786528
278260,2112140,26.718485319930778,72.8924425570849,19.090180451992897
278280,2112140,26.355537242508888,72.89263255440044,19.090182625924843
278300,2112140,26.11065675498879,72.89282255174174,19.090184799661127
278320,2112140,26.006244881482544,72.89301254910885,19.090186973201742
278340,2112140,26.018993671197467,72.89320254650171,19.0901891465467
278360,2112140,26.09488529282421,72.89339254392038,19.090191319695982
278380,2112140,26.182560037623077,72.89358254136484,19.090193492649608
278400,2112140,26.24969837881463,72.89377253883505,19.09019566540756
278420,2112140,26.281633309200064,72.89396253633105,19.090197837969853
278440,2112140,26.27411601793996,72.8941525338528,19.090200010336478
278460,2112140,26.227651915432535,72.89434253140034,19.090202182507433
276720,2112160,4.259361652930306,72.87781053877289,19.090193098975842
276740,2112160,4.515943229540054,72.87800053430152,19.090195287995932
276760,2112160,4.780756395468915,72.8781905298561,19.09019747682036
276780,2112160,5.0493923791796,72.87838052543664,19.090199665449138
276800,2112160,5.316938896647737,72.87857052104316,19.090201853882252
276820,2112160,5.579205831779566,72.87876051667563,19.090204042119705
276840,2112160,5.834858516938992,72.87895051233406,19.0902062301615
276860,2112160,6.088237326059666,72.87914050801844,19.09020841800764
276880,2112160,6.3517372494535325,72.87933050372878,19.090210605658125
276900,2112160,6.645794402197066,72.87952049946504,19.090212793112933
276920,2112160,6.995043117818909,72.8797104952273,19.090214980372103
276940,2112160,7.421387522518448,72.87990049101548,19.0902171674356
276960,2112160,7.936781196298233,72.8800904868296,19.090219354303446
276980,2112160,8.538567963843732,72.88028048266968,19.090221540975627
277000,2112160,9.208507065556818,72.88047047853568,19.090223727452152
277020,2112160,9.914588052166687,72.88066047442763,19.090225913733015
277040,2112160,10.613671046977545,72.88085047034551,19.090228099818216
277060,2112160,11.253063516588467,72.88104046628932,19.090230285707758
277080,2112160,11.76887675191918,72.88123046225905,19.09023247140165
277100,2112160,12.066735913319338,72.88142045825472,19.09023465689987
277120,2112160,12.049933848520281,72.88161045427633,19.09023684220243
277140,2112160,11.88507054921283,72.88180045032385,19.090239027309334
277160,2112160,11.724412066514267,72.88199044639728,19.090241212220576
277180,2112160,11.652260283135764,72.88218044249665,19.09024339693616
277200,2112160,11.71305380814992,72.88237043862192,19.090245581456074
277220,2112160,11.829137570067308,72.8825604347731,19.09024776578034
277240,2112160,11.942128364388795,72.8827504309502,19.090249949908937
277260,2112160,12.001371447562557,72.88294042715322,19.09025213384187
277280,2112160,11.971768051969885,72.88313042338213,19.090254317579145
277300,2112160,11.83379613282602,72.88332041963695,19.090256501120763
277320,2112160,11.583771172152558,72.88351041591767,19.090258684466715
277340,2112160,11.22835793080667,72.8837004122243,19.09026086761701
277360,2112160,10.76042242560915,72.88389040855682,19.090263050571632
277380,2112160,10.22564930891187,72.88408040491522,19.090265233330605
277400,2112160,9.746440510491782,72.88427040129955,19.09026741589391
277420,2112160,9.431800601711785,72.88446039770974,19.090269598261546
277440,2112160,9.390078795000202,72.88465039414584,19.090271780433532
277460,2112160,9.691782186310768,72.8848403906078,19.090273962409853
277480,2112160,10.213180899517216,72.88503038709567,19.09027614419051
277500,2112160,10.79673171987116,72.88522038360941,19.090278325775504
277520,2112160,11.330034822126965,72.88541038014903,19.090280507164838
277540,2112160,11.754037559294865,72.88560037671452,19.090282688358503
277560,2112160,12.040843955936765,72.8857903733059,19.09028486935651
277580,2112160,12.145980390493234,72.88598036992313,19.090287050158853
277600,2112160,12.05103481769644,72.88617036656625,19.09028923076553
277620,2112160,11.943699092871835,72.88636036323523,19.09029141117655
277640,2112160,12.095602717892607,72.88655035993007,19.0902935913919
277660,2112160,12.708940686971998,72.88674035665078,19.09029577141159
277680,2112160,13.87094730509412,72.88693035339735,19.09029795123562
277700,2112160,15.524514424401676,72.88712035016978,19.090300130863984
277720,2112160,17.49873671871363,72.88731034696805,19.090302310296682
277740,2112160,19.565252615473597,72.8875003437922,19.090304489533715
277760,2112160,21.453967972712093,72.88769034064218,19.090306668575085
277780,2112160,22.861643192582903,72.88788033751801,19.090308847420797
277800,2112160,23.52298178487141,72.8880703344197,19.090311026070836
277820,2112160,23.58666361252874,72.88826033134724,19.090313204525216
277840,2112160,23.48692850701507,72.8884503283006,19.09031538278393
277860,2112160,23.35781137452649,72.88864032527982,19.090317560846977
277880,2112160,23.250056494614164,72.88883032228486,19.09031973871436
277900,2112160,23.232799688147693,72.88902031931575,19.09032191638608
277920,2112160,23.39270570460222,72.88921031637246,19.090324093862133
277940,2112160,23.772314773641956,72.889400313455,19.090326271142526
277960,2112160,24.336455211545328,72.88959031056336,19.09032844822725
277980,2112160,25.025464627590548,72.88978030769758,19.09033062511631
278000,2112160,25.77543667585416,72.8899703048576,19.0903328018097
278020,2112160,26.538861013774987,72.89016030204344,19.090334978307432
278040,2112160,27.29372327238916,72.8903502992551,19.09033715460949
278060,2112160,28.00974692271916,72.89054029649259,19.09033933071589
278080,2112160,28.618392874159774,72.89073029375587,19.09034150662662
278100,2112160,29.017707498437463,72.89092029104498,19.090343682341683
278120,2112160,29.171520822158723,72.8911102883599,19.09034585786108
278140,2112160,29.099946021171476,72.89130028570061,19.090348033184814
278160,2112160,28.84030953426203,72.89149028306714,19.090350208312884
278180,2112160,28.440200685124672,72.89168028045948,19.090352383245285
278200,2112160,27.94525905165089,72.8918702778776,19.09035455798201
278220,2112160,27.391206582474112,72.89206027532154,19.090356732523077
278240,2112160,26.811190293969815,72.89225027279124,19.090358906868484
278260,2112160,26.245917466275124,72.89244027028677,19.090361081018212
278280,2112160,25.75232004655146,72.89263026780807,19.090363254972278
278300,2112160,25.406049393663938,72.89282026535517,19.09036542873068
278320,2112160,25.26238821253589,72.89301026292804,19.090367602293416
278340,2112160,25.288146066046796,72.89320026052671,19.09036977566048
278360,2112160,25.40252829427262,72.89339025815116,19.090371948831873
278380,2112160,25.54202441371249,72.8935802558014,19.090374121807606
278400,2112160,25.669128192198386,72.8937702534774,19.090376294587664
278420,2112160,25.764878690852107,72.89396025117918,19.09037846717206
278440,2112160,25.82149157371257,72.89415024890673,19.090380639560784
278460,2112160,25.837153570756584,72.89434024666005,19.090382811753845
278480,2112160,25.812931754993862,72.89453024443914,19.090384983751232
276720,2112180,4.230474022539809,72.87780823610382,19.09037372628831
276740,2112180,4.4963365621565,72.8779982318382,19.090375915330675
276760,2112180,4.76993680839499,72.87818822759857,19.090378104177375
276780,2112180,5.045152559733548,72.87837822338489,19.090380292828414
276800,2112180,5.314294245289612,72.87856821919716,19.090382481283797
276820,2112180,5.569277750007959,72.87875821503542,19.09038466954351
276840,2112180,5.8043992335293195,72.87894821089962,19.09038685760757
276860,2112180,6.021070025061641,72.87913820678979,19.09038904547597
276880,2112180,6.233189390853961,72.87932820270589,19.0903912331487
276900,2112180,6.46919111207323,72.87951819864797,19.090393420625777
276920,2112180,6.76680700882197,72.87970819461597,19.09039560790719
276940,2112180,7.161508270056974,72.87989819060994,19.09039779499295
276960,2112180,7.674437969969608,72.88008818662983,19.090399981883035
276980,2112180,8.305361161149518,72.88027818267568,19.090402168577466
277000,2112180,9.032230609525424,72.88046817874746,19.090404355076238
277020,2112180,9.815019129284954,72.8806581748452,19.090406541379345
277040,2112180,10.599766404149541,72.88084817096885,19.09040872748679
277060,2112180,11.31942994224173,72.88103816711845,19.090410913398568
277080,2112180,11.890550872453852,72.88122816329397,19.09041309911469
277100,2112180,12.21758674276084,72.88141815949541,19.090415284635146
277120,2112180,12.261051385566631,72.88160815572279,19.090417469959945
277140,2112180,12.115455184018728,72.88179815197608,19.09041965508908
277160,2112180,11.913936452513681,72.8819881482553,19.09042184002255
277180,2112180,11.759965674256673,72.88217814456044,19.09042402476036
277200,2112180,11.721208002095523,72.8823681408915,19.090426209302503
277220,2112180,11.759692409807908,72.88255813724847,19.090428393648985
277240,2112180,11.81146274028396,72.88274813363134,19.090430577799804
277260,2112180,11.827285712529644,72.88293813004013,19.090432761754965
277280,2112180,11.772858800494078,72.88312812647483,19.09043494551446
277300,2112180,11.62992028795975,72.88331812293544,19.090437129078285
277320,2112180,11.395317664278886,72.88350811942193,19.09043931244645
277340,2112180,11.07323289142639,72.88369811593434,19.090441495618954
277360,2112180,10.641125208871918,72.88388811247263,19.090443678595793
277380,2112180,10.135222118871486,72.88407810903684,19.090445861376967
277400,2112180,9.690516914941632,72.88426810562692,19.090448043962482
277420,2112180,9.4067530238394,72.8844581022429,19.090450226352328
277440,2112180,9.381930530729608,72.88464809888477,19.090452408546508
277460,2112180,9.694495544393924,72.88483809555252,19.090454590545026
277480,2112180,10.245609490616676,72.88502809224616,19.09045677234788
277500,2112180,10.866128574510537,72.88521808896569,19.090458953955075
277520,2112180,11.414950088245698,72.88540808571109,19.090461135366596
277540,2112180,11.818847353389748,72.88559808248237,19.090463316582458
277560,2112180,12.07113609835465,72.88578807927952,19.090465497602654
277580,2112180,12.179356327065646,72.88597807610255,19.090467678427185
277600,2112180,12.192447157447141,72.88616807295143,19.090469859056046
277620,2112180,12.261613028390613,72.8863580698262,19.090472039489246
277640,2112180,12.60687439194679,72.88654806672683,19.090474219726783
277660,2112180,13.411751984261285,72.88673806365331,19.090476399768654
277680,2112180,14.744543167399575,72.88692806060567,19.090478579614857
277700,2112180,16.538194922588378,72.88711805758388,19.090480759265397
277720,2112180,18.63947682817949,72.88730805458795,19.090482938720267
277740,2112180,20.849615719559672,72.88749805161787,19.090485117979476
277760,2112180,22.905418048265958,72.88768804867364,19.090487297043016
277780,2112180,24.359989184295287,72.88787804575526,19.09048947591089
277800,2112180,24.93040651622791,72.88806804286273,19.090491654583097
277820,2112180,24.929896740759656,72.88825803999603,19.090493833059636
277840,2112180,24.733113414540664,72.88844803715519,19.090496011340512
277860,2112180,24.511979902854982,72.88863803434019,19.090498189425723
277880,2112180,24.347120084146717,72.88882803155101,19.09050036731527
277900,2112180,24.302041880756924,72.88901802878767,19.09050254500914
277920,2112180,24.45127446581966,72.88920802605017,19.090504722507344
277940,2112180,24.823945575409176,72.88939802333852,19.090506899809892
277960,2112180,25.373106274638946,72.88958802065265,19.09050907691676
277980,2112180,26.049125468397367,72.88977801799265,19.090511253827966
278000,2112180,26.79210514769927,72.88996801535845,19.09051343054351
278020,2112180,27.528546504005092,72.89015801275008,19.09051560706338
278040,2112180,28.21101681920556,72.89034801016753,19.090517783387586
278060,2112180,28.81844697786465,72.8905380076108,19.090519959516122
278080,2112180,29.292745982747697,72.89072800507986,19.09052213544899
278100,2112180,29.56281583355427,72.89091800257476,19.09052431118619
278120,2112180,29.596403086328703,72.89110800009547,19.090526486727722
278140,2112180,29.408232260651292,72.89129799764196,19.090528662073584
278160,2112180,29.039649184416916,72.89148799521429,19.090530837223785
278180,2112180,28.545511239431292,72.89167799281239,19.090533012178312
278200,2112180,27.967393609220444,72.89186799043631,19.090535186937167
278220,2112180,27.326088818230723,72.89205798808602,19.090537361500363
278240,2112180,26.644965632067745,72.89224798576154,19.090539535867887
278260,2112180,25.961463357756116,72.89243798346284,19.090541710039734
278280,2112180,25.33467737968766,72.89262798118992,19.090543884015922
278300,2112180,24.868532881419448,72.89281797894282,19.090546057796434
278320,2112180,24.695806871765104,72.89300797672148,19.090548231381284
278340,2112180,24.742321183114004,72.89319797452593,19.090550404770454
278360,2112180,24.882800084867704,72.89338797235617,19.090552577963965
278380,2112180,25.052007036360244,72.89357797021218,19.0905547509618
278400,2112180,25.214219543920112,72.89376796809397,19.090556923763973
278420,2112180,25.350028209730173,72.89395796600155,19.09055909637047
278440,2112180,25.44990240396486,72.89414796393488,19.090561268781293
278460,2112180,25.51013764285664,72.894337961894,19.09056344099645
278480,2112180,25.530271519483698,72.89452795987887,19.09056561301594
276720,2112200,4.175999097796944,72.87780593340877,19.090554353596975
276740,2112200,4.4498809591269675,72.87799592934893,19.090556542661606
276760,2112200,4.732248580405763,72.87818592531507,19.090558731530574
276780,2112200,5.015591262760238,72.87837592130717,19.090560920203878
276800,2112200,5.289368018393211,72.87856591732523,19.09056310868153
276820,2112200,5.54056122009723,72.87875591336926,19.09056529696351
276840,2112200,5.756434791750825,72.87894590943924,19.090567485049828
276860,2112200,5.931451282182783,72.87913590553518,19.090569672940486
276880,2112200,6.078273668961709,72.87932590165707,19.090571860635478
276900,2112200,6.235329938536191,72.87951589780491,19.090574048134812
276920,2112200,6.45977092274906,72.87970589397871,19.090576235438473
276940,2112200,6.806980836328739,72.87989589017846,19.09057842254648
276960,2112200,7.309987086194975,72.88008588640415,19.090580609458822
276980,2112200,7.969291419771668,72.88027588265575,19.0905827961755
277000,2112200,8.754943167791328,72.88046587893332,19.090584982696512
277020,2112200,9.615324231934993,72.88065587523684,19.090587169021862
277040,2112200,10.484997850064637,72.88084587156627,19.09058935515155
277060,2112200,11.287102527467372,72.88103586792164,19.090591541085573
277080,2112200,11.930152301333225,72.88122586430295,19.090593726823926
277100,2112200,12.313879041661288,72.88141586071018,19.09059591236662
277120,2112200,12.403404990904637,72.88160585714333,19.090598097713652
277140,2112200,12.285167293764756,72.88179585360241,19.090600282865015
277160,2112200,12.07641227134123,72.8819858500874,19.090602467820712
277180,2112200,11.876428873964649,72.88217584659833,19.090604652580755
277200,2112200,11.767361192287643,72.88236584313516,19.090606837145128
277220,2112200,11.73763969028959,72.8825558396979,19.090609021513828
277240,2112200,11.728637011748296,72.88274583628657,19.090611205686873
277260,2112200,11.694582961424699,72.88293583290114,19.090613389664245
277280,2112200,11.602496141080128,72.88312582954163,19.090615573445955
277300,2112200,11.433807255066716,72.883315826208,19.090617757032003
277320,2112200,11.183523000130009,72.88350582290029,19.090619940422375
277340,2112200,10.853048087181536,72.88369581961848,19.0906221236171
277360,2112200,10.44471136749158,72.88388581636256,19.090624306616146
277380,2112200,10.001650050129053,72.88407581313254,19.09062648941953
277400,2112200,9.615906120298265,72.88426580992842,19.090628672027243
277420,2112200,9.378378364646895,72.88445580675018,19.09063085443929
277440,2112200,9.377905348199938,72.88464580359783,19.09063303665568
277460,2112200,9.694282792063593,72.88483580047136,19.090635218676397
277480,2112200,10.25530694504512,72.88502579737079,19.09063740050145
277500,2112200,10.902013492839142,72.8852157942961,19.090639582130837
277520,2112200,11.446887356754452,72.88540579124728,19.090641763564552
277540,2112200,11.80419103798322,72.88559578822434,19.090643944802608
277560,2112200,12.026474846638742,72.88578578522728,19.090646125844987
277580,2112200,12.154055318636207,72.88597578225608,19.09064830669171
277600,2112200,12.252158300213052,72.88616577931076,19.090650487342756
277620,2112200,12.44698306775213,72.88635577639133,19.090652667798146
277640,2112200,12.933149859738482,72.88654577349773,19.090654848057856
277660,2112200,13.882129552294039,72.88673577063,19.09065702812191
277680,2112200,15.357186024722187,72.88692576778814,19.09065920799029
277700,2112200,17.247415145864366,72.88711576497212,19.090661387663
277720,2112200,19.396089144136475,72.88730576218198,19.090663567140048
277740,2112200,21.619296628405785,72.88749575941769,19.090665746421426
277760,2112200,23.656878452992302,72.88768575667923,19.090667925507137
277780,2112200,25.066951426934498,72.88787575396665,19.090670104397176
277800,2112200,25.66669145888124,72.88806575127991,19.090672283091553
277820,2112200,25.763290949381663,72.88825574861899,19.09067446159026
277840,2112200,25.623215934270064,72.88844574598394,19.090676639893296
277860,2112200,25.426389580878848,72.88863574337472,19.090678818000665
277880,2112200,25.282048780005617,72.88882574079133,19.090680995912358
277900,2112200,25.265954394466892,72.88901573823378,19.090683173628396
277920,2112200,25.436426525076577,72.88920573570208,19.09068535114876
277940,2112200,25.811618573171017,72.88939573319618,19.09068752847345
277960,2112200,26.362194424829166,72.88958573071612,19.090689705602472
277980,2112200,27.040217226834223,72.8897757282619,19.09069188253583
278000,2112200,27.78501929446158,72.88996572583349,19.09069405927351
278020,2112200,28.5075459607838,72.89015572343091,19.090696235815532
278040,2112200,29.144687539607325,72.89034572105413,19.090698412161874
278060,2112200,29.67965476630514,72.89053571870319,19.09070058831255
278080,2112200,30.05766746966358,72.89072571637806,19.090702764267554
278100,2112200,30.22228463684941,72.89091571407873,19.090704940026892
278120,2112200,30.147780557796228,72.89110571180522,19.09070711559056
278140,2112200,29.849032913076073,72.89129570955751,19.090709290958554
278160,2112200,29.372367850354138,72.89148570733562,19.09071146613088
278180,2112200,28.79228334106729,72.89167570513952,19.090713641107538
278200,2112200,28.15236153977986,72.89186570296923,19.090715815888526
278220,2112200,27.447135307341018,72.89205570082471,19.090717990473838
278240,2112200,26.69299070704305,72.89224569870602,19.090720164863484
278260,2112200,25.926688141894925,72.89243569661312,19.090722339057454
278280,2112200,25.207629888771674,72.892625694546,19.090724513055754
278300,2112200,24.64086741502847,72.89281569250467,19.090726686858385
278320,2112200,24.43161327367189,72.89300569048913,19.090728860465347
278340,2112200,24.45768912026898,72.89319568849936,19.090731033876633
278360,2112200,24.581334032097715,72.8933856865354,19.09073320709225
278380,2112200,24.74288677449762,72.8935756845972,19.090735380112196
278400,2112200,24.90792788173038,72.89376568268477,19.090737552936467
278420,2112200,25.056063045537435,72.89395568079813,19.090739725565072
278440,2112200,25.175719474670327,72.89414567893725,19.090741897998
278460,2112200,25.260929364866374,72.89433567710216,19.09074407023526
278480,2112200,25.309201296554395,72.89452567529283,19.090746242276843
276720,2112220,4.091949450090655,72.87780363068774,19.09073498090183
276740,2112220,4.371419360125186,72.87799362683367,19.090737169988735
276760,2112220,4.661502504548377,72.8781836230056,19.09073935887998
276780,2112220,4.954071305577926,72.87837361920349,19.09074154757555
276800,2112220,5.236403322275872,72.87856361542734,19.09074373607546
276820,2112220,5.490401415725465,72.87875361167714,19.090745924379704
276840,2112220,5.693660070684251,72.8789436079529,19.09074811248828
276860,2112220,5.826915686978465,72.87913360425462,19.090750300401197
276880,2112220,5.894490044313176,72.8793236005823,19.090752488118454
276900,2112220,5.946956400289759,72.87951359693592,19.090754675640035
276920,2112220,6.071913839547309,72.8797035933155,19.09075686296596
276940,2112220,6.3547275980108315,72.87989358972102,19.090759050096214
276960,2112220,6.843651920819427,72.8800835861525,19.090761237030804
276980,2112220,7.535982094955695,72.88027358260989,19.090763423769726
277000,2112220,8.386805261201706,72.88046357909325,19.09076561031299
277020,2112220,9.328024184753795,72.88065357560254,19.09076779666058
277040,2112220,10.282498305603536,72.88084357213775,19.090769982812507
277060,2112220,11.16912539569202,72.88103356869891,19.090772168768765
277080,2112220,11.900925258717743,72.88122356528599,19.090774354529362
277100,2112220,12.363488949704813,72.881413561899,19.090776540094293
277120,2112220,12.487894479216838,72.88160355853795,19.090778725463558
277140,2112220,12.40306325039201,72.8817935552028,19.090780910637154
277160,2112220,12.211652495206964,72.88198355189358,19.090783095615084
277180,2112220,12.00063263158096,72.8821735486103,19.090785280397345
277200,2112220,11.84422237780063,72.88236354535292,19.090787464983944
277220,2112220,11.757480660038079,72.88255354212146,19.090789649374873
277240,2112220,11.694130008461956,72.8827435389159,19.090791833570137
277260,2112220,11.611611387984464,72.88293353573624,19.09079401756973
277280,2112220,11.476822303379537,72.88312353258252,19.090796201373657
277300,2112220,11.270227411560393,72.88331352945468,19.090798384981913
277320,2112220,10.988018488861336,72.88350352635274,19.09080056839451
277340,2112220,10.640465003488133,72.88369352327672,19.090802751611438
277360,2112220,10.251159861566126,72.88388352022659,19.09080493463269
277380,2112220,9.864266756205177,72.88407351720235,19.090807117458287
277400,2112220,9.543311638558075,72.88426351420401,19.090809300088207
277420,2112220,9.358018946079612,72.88445351123157,19.090811482522458
277440,2112220,9.379803695297369,72.884643508285,19.090813664761043
277460,2112220,9.674307312530297,72.88483350536433,19.090815846803963
277480,2112220,10.217709799059069,72.88502350246954,19.090818028651213
277500,2112220,10.856727956363475,72.88521349960062,19.090820210302795
277520,2112220,11.386685818979977,72.88540349675759,19.090822391758707
277540,2112220,11.719101040818554,72.88559349394045,19.090824573018953
277560,2112220,11.946961840723304,72.88578349114917,19.090826754083526
277580,2112220,12.120288333528883,72.88597348838377,19.09082893495243
277600,2112220,12.307200466695098,72.88616348564423,19.090831115625665
277620,2112220,12.618236426696335,72.88635348293056,19.090833296103234
277640,2112220,13.220989378332925,72.88654348024275,19.09083547638513
277660,2112220,14.26070055243728,72.88673347758082,19.090837656471358
277680,2112220,15.79502645642376,72.88692347494474,19.090839836361923
277700,2112220,17.686757958979747,72.88711347233452,19.090842016056804
277720,2112220,19.778728658678645,72.88730346975017,19.09084419555603
277740,2112220,21.889851972388854,72.88749346719166,19.09084637485958
277760,2112220,23.76885532838064,72.88768346465899,19.090848553967458
277780,2112220,25.12753932563092,72.88787346215219,19.09085073287967
277800,2112220,25.861305817436218,72.88806345967123,19.090852911596205
277820,2112220,26.12178230526387,72.88825345721612,19.090855090117074
277840,2112220,26.11812735466829,72.88844345478685,19.090857268442274
277860,2112220,26.02246480538984,72.8886334523834,19.090859446571802
277880,2112220,25.957760520203074,72.88882345000582,19.09086162450566
277900,2112220,26.008679417170704,72.88901344765405,19.090863802243845
277920,2112220,26.228293411081292,72.88920344532812,19.090865979786365
277940,2112220,26.633247489347347,72.88939344302804,19.090868157133205
277960,2112220,27.20371698023269,72.88958344075377,19.09087033428438
277980,2112220,27.894170393738584,72.88977343850533,19.090872511239883
278000,2112220,28.640119540395332,72.8899634362827,19.09087468799971
278020,2112220,29.3633787733909,72.8901534340859,19.090876864563874
278040,2112220,30.001962463313063,72.89034343191494,19.090879040932364
278060,2112220,30.513875714514786,72.89053342976977,19.090881217105178
278080,2112220,30.844535991321578,72.89072342765043,19.090883393082322
278100,2112220,30.939745963402196,72.8909134255569,19.090885568863794
278120,2112220,30.780593737042658,72.89110342348918,19.090887744449596
278140,2112220,30.394167550109373,72.89129342144727,19.09088991983972
278160,2112220,29.83551528398528,72.89148341943115,19.09089209503418
278180,2112220,29.19036538867651,72.89167341744086,19.090894270032962
278200,2112220,28.504497429885717,72.89186341547634,19.09089644483607
278220,2112220,27.75579831653768,72.89205341353762,19.09089861944351
278240,2112220,26.959677680220324,72.89224341162472,19.090900793855273
278260,2112220,26.155165741600154,72.8924334097376,19.09090296807137
278280,2112220,25.410608049966257,72.89262340787627,19.09090514209179
278300,2112220,24.834864318716676,72.89281340604074,19.090907315916535
278320,2112220,24.53115735153541,72.89300340423098,19.09090948954561
278340,2112220,24.456022297564566,72.89319340244703,19.090911662979007
278360,2112220,24.507534428158692,72.89338340068883,19.090913836216735
278380,2112220,24.620129720994115,72.89357339895643,19.090916009258788
278400,2112220,24.754955757246748,72.8937633972498,19.090918182105167
278420,2112220,24.888067045244618,72.89395339556894,19.090920354755877
278440,2112220,25.00460711482954,72.89414339391388,19.09092252721091
278460,2112220,25.0955973550115,72.89433339228457,19.09092469947026
278480,2112220,25.155937086264593,72.89452339068102,19.090926871533945
276720,2112240,3.9750207980921246,72.87780132794073,19.09091560820288
276740,2112240,4.255844475437658,72.87799132429247,19.090917797312056
276760,2112240,4.550465857478441,72.87818132067017,19.090919986225565
276780,2112240,4.851219089767854,72.87837131707384,19.090922174943405
276800,2112240,5.144669403108734,72.87856131350347,19.090924363465582
276820,2112240,5.4093068160581925,72.87875130995906,19.09092655179209
276840,2112240,5.613031188015572,72.87894130644061,19.090928739922933
276860,2112240,5.714361330903812,72.87913130294811,19.090930927858107
276880,2112240,5.691722348970355,72.87932129948157,19.090933115597615
276900,2112240,5.609775266456606,72.87951129604097,19.090935303141457
276920,2112240,5.6065256876853455,72.87970129262635,19.09093749048963
276940,2112240,5.810753106879894,72.87989128923765,19.090939677642137
276960,2112240,6.289822765109548,72.8800812858749,19.090941864598978
276980,2112240,7.029467400371808,72.8802712825381,19.090944051360147
277000,2112240,7.957574335443269,72.88046127922723,19.09094623792565
277020,2112240,8.983369646766535,72.8806512759423,19.09094842429549
277040,2112240,10.017286885628469,72.8808412726833,19.09095061046966
277060,2112240,10.973767223814262,72.88103126945025,19.090952796448164
277080,2112240,11.765932204424887,72.88122126624312,19.09095498223099
277100,2112240,12.288708085733594,72.8814112630619,19.090957167818157
277120,2112240,12.490095658648332,72.88160125990663,19.090959353209648
277140,2112240,12.468709543877939,72.88179125677729,19.090961538405477
277160,2112240,12.318683080084597,72.88198125367386,19.090963723405636
277180,2112240,12.119793320437504,72.88217125059634,19.090965908210126
277200,2112240,11.940368999340006,72.88236124754475,19.09096809281895
277220,2112240,11.811080341404244,72.88255124451908,19.090970277232103
277240,2112240,11.706060025004849,72.88274124151931,19.09097246144959
277260,2112240,11.584541298972754,72.88293123854545,19.090974645471402
277280,2112240,11.411471284184973,72.8831212355975,19.09097682929755
277300,2112240,11.165351381907513,72.88331123267545,19.090979012928024
277320,2112240,10.845667254069312,72.88350122977931,19.090981196362833
277340,2112240,10.476216205004652,72.88369122690906,19.09098337960197
277360,2112240,10.098890404432412,72.88388122406472,19.090985562645436
277380,2112240,9.758582898093222,72.88407122124627,19.090987745493234
277400,2112240,9.49727758654296,72.88426121845373,19.09098992814536
277420,2112240,9.360111982653324,72.88445121568706,19.090992110601817
277440,2112240,9.395707375863987,72.88464121294628,19.090994292862607
277460,2112240,9.656133828830933,72.8848312102314,19.090996474927724
277480,2112240,10.146529262057339,72.8850212075424,19.09099865679717
277500,2112240,10.715534125310551,72.88521120487927,19.091000838470944
277520,2112240,11.213193565777946,72.88540120224204,19.091003019949053
277540,2112240,11.580781063906084,72.88559119963067,19.09100520123149
277560,2112240,11.859746237066744,72.88578119704518,19.091007382318253
277580,2112240,12.107662284751246,72.88597119448556,19.091009563209344
277600,2112240,12.39592681803762,72.88616119195181,19.09101174390477
277620,2112240,12.82736485091919,72.88635118944394,19.091013924404514
277640,2112240,13.536344427386414,72.88654118696194,19.091016104708597
277660,2112240,14.635281908653223,72.88673118450578,19.091018284817007
277680,2112240,16.138114995066246,72.8869211820755,19.09102046472974
277700,2112240,17.940978958011463,72.88711117967105,19.09102264444681
277720,2112240,19.901984817153924,72.88730117729249,19.0910248239682
277740,2112240,21.859074078766056,72.88749117493977,19.091027003293924
277760,2112240,23.595633976703237,72.8876811726129,19.091029182423974
277780,2112240,24.90724142407311,72.88787117031188,19.091031361358347
277800,2112240,25.72171219126168,72.88806116803671,19.091033540097055
277820,2112240,26.1211378229625,72.8882511657874,19.09103571864009
277840,2112240,26.25888481651999,72.88844116356391,19.091037896987448
277860,2112240,26.286833761568392,72.88863116136628,19.091040075139137
277880,2112240,26.326653996216088,72.88882115919446,19.09104225309515
277900,2112240,26.464929729720016,72.88901115704849,19.091044430855497
277920,2112240,26.754059953298412,72.88920115492836,19.091046608420164
277940,2112240,27.2119232051097,72.88939115283405,19.091048785789162
277960,2112240,27.823113933755497,72.88958115076558,19.091050962962488
277980,2112240,28.544257935603554,72.88977114872293,19.091053139940136
278000,2112240,29.31194914636129,72.8899611467061,19.09105531672211
278020,2112240,30.055857965258312,72.89015114471509,19.091057493308416
278040,2112240,30.71626140937945,72.89034114274992,19.091059669699046
278060,2112240,31.24312335887205,72.89053114081054,19.091061845894
278080,2112240,31.574335114707196,72.89072113889699,19.09106402189328
278100,2112240,31.6389676633509,72.89091113700924,19.09106619769689
278120,2112240,31.42171639079356,72.89110113514732,19.091068373304825
278140,2112240,30.9805072518047,72.8912911333112,19.09107054871708
278160,2112240,30.38831407239141,72.89148113150088,19.09107272393367
278180,2112240,29.712964342974715,72.89167112971637,19.091074898954584
278200,2112240,28.98884476908149,72.89186112795765,19.091077073779818
278220,2112240,28.21588587019362,72.89205112622474,19.091079248409383
278240,2112240,27.404654594041673,72.89224112451762,19.091081422843263
278260,2112240,26.589882064369988,72.8924311228363,19.09108359708148
278280,2112240,25.837292288131845,72.89262112118077,19.091085771124018
278300,2112240,25.238549870712454,72.89281111955103,19.091087944970884
278320,2112240,24.85590201825885,72.89300111794705,19.09109011862207
278340,2112240,24.67119484132327,72.8931911163689,19.09109229207758
278360,2112240,24.624507910641473,72.8933811148165,19.09109446533742
278380,2112240,24.660842280854638,72.8935711132899,19.09109663840158
278400,2112240,24.74071381184467,72.89376111178905,19.09109881127007
278420,2112240,24.837091199731866,72.89395111031399,19.091100983942876
278440,2112240,24.9316332686427,72.8941411088647,19.091103156420008
278460,2112240,25.012056511257686,72.89433110744119,19.091105328701467
278480,2112240,25.070355663871887,72.89452110604346,19.09110750078725
276740,2112260,4.0994574238996275,72.87798902172528,19.09109842463158
276760,2112260,4.392426607040582,72.87817901830877,19.091100613567352
276780,2112260,4.696345147266973,72.87836901491822,19.091102802307468
276800,2112260,4.998536560941249,72.87855901155365,19.091104990851907
276820,2112260,5.276672841780784,72.87874900821501,19.09110717920068
276840,2112260,5.494292826979519,72.87893900490235,19.09110936735378
276860,2112260,5.589000058615526,72.87912900161564,19.091111555311215
276880,2112260,5.473961806445138,72.87931899835489,19.09111374307298
276900,2112260,5.230670191200859,72.87950899512009,19.091115930639077
276920,2112260,5.0795876172781895,72.87969899191124,19.091118118009504
276940,2112260,5.1994099414113055,72.87988898872834,19.091120305184262
276960,2112260,5.687337680819388,72.88007898557136,19.09112249216335
276980,2112260,6.501021433818031,72.88026898244036,19.09112467894677
277000,2112260,7.5212374913655475,72.88045897933526,19.091126865534523
277020,2112260,8.632017772657465,72.88064897625614,19.0911290519266
277040,2112260,9.735385259271165,72.88083897320293,19.09113123812301
277060,2112260,10.744078307807817,72.88102897017565,19.091133424123747
277080,2112260,11.574205454053025,72.8812189671743,19.09113560992882
277100,2112260,12.148747529953988,72.8814089641989,19.09113779553822
277120,2112260,12.440583398604874,72.8815989612494,19.091139980951947
277140,2112260,12.50034106893694,72.88178895832586,19.091142166170012
277160,2112260,12.405096139414717,72.8819789554282,19.091144351192398
277180,2112260,12.229384818459092,72.88216895255648,19.091146536019117
277200,2112260,12.040813712057414,72.88235894971066,19.091148720650164
277220,2112260,11.888591900430594,72.8825489468908,19.091150905085538
277240,2112260,11.759841705331123,72.8827389440968,19.091153089325243
277260,2112260,11.615539848375505,72.88292894132874,19.09115527336928
277280,2112260,11.417821329546847,72.88311893858658,19.09115745721764
277300,2112260,11.139698604046552,72.88330893587032,19.091159640870337
277320,2112260,10.781395579460103,72.88349893317996,19.091161824327358
277340,2112260,10.381253508461612,72.88368893051552,19.091164007588702
277360,2112260,10.007291864251936,72.88387892787695,19.091166190654377
277380,2112260,9.707911835020607,72.8840689252643,19.09116837352439
277400,2112260,9.498909583665963,72.88425892267755,19.091170556198723
277420,2112260,9.404152552207536,72.88444892011667,19.09117273867738
277440,2112260,9.457387579398414,72.88463891758168,19.091174920960373
277460,2112260,9.691298551220788,72.88482891507257,19.091177103047688
277480,2112260,10.105158115566319,72.88501891258937,19.09117928493933
277500,2112260,10.592342913355488,72.88520891013204,19.091181466635298
277520,2112260,11.05552110267261,72.88539890770059,19.091183648135605
277540,2112260,11.453064840635658,72.88558890529502,19.09118582944023
277560,2112260,11.798250630461212,72.88577890291532,19.091188010549185
277580,2112260,12.13439596644797,72.8859689005615,19.091190191462466
277600,2112260,12.523981313829456,72.88615889823355,19.09119237218007
277620,2112260,13.052321556077462,72.88634889593145,19.09119455270201
277640,2112260,13.828251167847721,72.88653889365523,19.091196733028266
277660,2112260,14.952183038172201,72.88672889140487,19.091198913158863
277680,2112260,16.414395074394868,72.88691888918038,19.09120109309377
277700,2112260,18.10202007889737,72.88710888698174,19.091203272833013
277720,2112260,19.901023868804803,72.88729888480896,19.09120545237658
277740,2112260,21.710671079620937,72.88748888266204,19.09120763172447
277760,2112260,23.32529946530883,72.88767888054096,19.09120981087669
277780,2112260,24.569304173507966,72.88786887844573,19.091211989833237
277800,2112260,25.39612956677403,72.88805887637636,19.091214168594107
277820,2112260,25.868617501457642,72.88824887433283,19.091216347159307
277840,2112260,26.10664811906767,72.88843887231513,19.091218525528824
277860,2112260,26.23987655191341,72.88862887032329,19.091220703702678
277880,2112260,26.379676215838245,72.88881886835728,19.091222881680842
277900,2112260,26.607923919911453,72.8890088664171,19.091225059463348
277920,2112260,26.97497371049795,72.88919886450276,19.091227237050166
277940,2112260,27.49960209009548,72.88938886261424,19.09122941444132
277960,2112260,28.16887518904423,72.88957886075156,19.091231591636788
277980,2112260,28.940496854659276,72.88976885891472,19.09123376863659
278000,2112260,29.750058530093895,72.88995885710368,19.09123594544071
278020,2112260,30.526599110294796,72.89014885531846,19.09123812204916
278040,2112260,31.21409659691601,72.89033885355907,19.091240298461937
278060,2112260,31.772748285091858,72.89052885182551,19.091242474679028
278080,2112260,32.14515204209316,72.89071885011775,19.091244650700446
278100,2112260,32.215970403933255,72.8909088484358,19.091246826526195
278120,2112260,31.961093709423203,72.89109884677966,19.091249002156257
278140,2112260,31.500491796021777,72.89128884514933,19.09125117759065
278160,2112260,30.911609803461836,72.89147884354482,19.091253352829366
278180,2112260,30.243419658787975,72.8916688419661,19.09125552787241
278200,2112260,29.522106333816556,72.89185884041316,19.091257702719766
278220,2112260,28.756723385400043,72.89204883888605,19.091259877371456
278240,2112260,27.95717604357997,72.89223883738474,19.091262051827464
278260,2112260,27.14826727438887,72.8924288359092,19.091264226087798
278280,2112260,26.382034929413724,72.89261883445947,19.091266400152453
278300,2112260,25.7465601354794,72.89280883303552,19.09126857402143
278320,2112260,25.29734009400499,72.89299883163734,19.091270747694733
278340,2112260,25.016773990091696,72.89318883026498,19.09127292117236
278360,2112260,24.87165711100524,72.89337882891839,19.091275094454303
278380,2112260,24.82303336680228,72.89356882759756,19.09127726754057
278400,2112260,24.836026713002088,72.89375882630253,19.091279440431165
278420,2112260,24.88298730212766,72.89394882503328,19.091281613126082
278440,2112260,24.943133165957214,72.89413882378977,19.091283785625315
278460,2112260,25.001323048612917,72.89432882257206,19.09128595792888
278480,2112260,25.04683300912619,72.89451882138012,19.091288130036755
278500,2112260,25.072332648282988,72.89470882021394,19.09129030194896
276740,2112280,3.901992355504698,72.87798671913214,19.091279051947293
276760,2112280,4.184117064525001,72.87817671592141,19.09128124090534
276780,2112280,4.481716825059536,72.87836671273665,19.091283429667715
276800,2112280,4.78347011432235,72.87855670957785,19.09128561823442
276820,2112280,5.066040778246703,72.87874670644503,19.09128780660546
276840,2112280,5.289035529311814,72.87893670333814,19.091289994780826
276860,2112280,5.386539954483117,72.87912670025723,19.09129218276052
276880,2112280,5.19891773354915,72.87931669720226,19.09129437054454
276900,2112280,4.825609656461067,72.87950669417324,19.091296558132896
276920,2112280,4.548990520387185,72.87969669117018,19.09129874552557
276940,2112280,4.586590259539843,72.87988668819307,19.091300932722582
276960,2112280,5.12147440917029,72.8800766852419,19.091303119723918
276980,2112280,6.0408386746539176,72.88026668231666,19.091305306529588
277000,2112280,7.15565034022134,72.88045667941738,19.09130749313958
277020,2112280,8.339109286779614,72.88064667654402,19.091309679553902
277040,2112280,9.496205883700108,72.8808366736966,19.091311865772557
277060,2112280,10.545120030454601,72.88102667087513,19.091314051795536
277080,2112280,11.412330643342184,72.88121666807957,19.091316237622845
277100,2112280,12.039012665863584,72.88140666530995,19.09131842325448
277120,2112280,12.401419739553834,72.88159666256625,19.091320608690445
277140,2112280,12.532467978004426,72.88178665984849,19.091322793930733
277160,2112280,12.49023121325776,72.88197665715663,19.09132497897535
277180,2112280,12.340793264717917,72.8821666544907,19.0913271638243
277200,2112280,12.152058030203975,72.88235665185069,19.091329348477572
277220,2112280,11.986954587072711,72.88254664923659,19.091331532935172
277240,2112280,11.846853382606149,72.8827366466484,19.0913337171971
277260,2112280,11.698025170256518,72.88292664408611,19.091335901263353
277280,2112280,11.497503264823232,72.88311664154975,19.09133808513393
277300,2112280,11.204748079009047,72.88330663903929,19.09134026880884
277320,2112280,10.814628660429673,72.88349663655472,19.091342452288075
277340,2112280,10.37622861935115,72.88368663409605,19.091344635571634
277360,2112280,9.996577141988578,72.8838766316633,19.09134681865952
277380,2112280,9.734114700933889,72.88406662925644,19.091349001551734
277400,2112280,9.562255729709806,72.88425662687547,19.09135118424827
277420,2112280,9.494845541720593,72.88444662452038,19.091353366749136
277440,2112280,9.557593204682448,72.8846366221912,19.091355549054327
277460,2112280,9.770435201455964,72.88482661988789,19.091357731163846
277480,2112280,10.113134592905192,72.885016617610475,19.091359913077685
277500,2112280,10.523823822524236,72.88520661535894,19.09136209479585
277520,2112280,10.955753674548724,72.88539661313327,19.09136427631835
277540,2112280,11.376752208309275,72.8855866109335,19.091366457645165
277560,2112280,11.786510323712971,72.88577660875958,19.091368638776306
277580,2112280,12.21177453909931,72.88596660661156,19.091370819711777
277600,2112280,12.698199206981723,72.88615660448939,19.091373000451572
277620,2112280,13.306855264399509,72.8863466023931,19.091375180995687
277640,2112280,14.116540460647343,72.88653660032267,19.09137736134413
277660,2112280,15.252825141174913,72.88672659827812,19.091379541496902
277680,2112280,16.684851190809336,72.88691659625941,19.091381721453995
277700,2112280,18.27212488228909,72.88710659426657,19.091383901215412
277720,2112280,19.92457279211474,72.88729659229958,19.09138608078115
277740,2112280,21.59388084906075,72.88748659035845,19.091388260151213
277760,2112280,23.065489375807697,72.88767658844317,19.091390439325604
277780,2112280,24.192186165734,72.88786658655374,19.091392618304315
277800,2112280,24.959891191591996,72.88805658469015,19.091394797087357
277820,2112280,25.43250704295418,72.88824658285242,19.091396975674716
277840,2112280,25.712467778276512,72.88843658104052,19.091399154066398
277860,2112280,25.911602954325435,72.88862657925446,19.091401332262407
277880,2112280,26.12834776034768,72.88881657749425,19.09140351026274
277900,2112280,26.43475974480031,72.88900657575986,19.09140568806739
277920,2112280,26.875774808462957,72.88919657405133,19.09140786567637
277940,2112280,27.470040777310327,72.88938657236861,19.09141004308967
277960,2112280,28.205944058574953,72.88957657071172,19.091412220307294
277980,2112280,29.040797795857543,72.88976656908066,19.09141439732924
278000,2112280,29.904924772693104,72.88995656747544,19.091416574155513
278020,2112280,30.71578881947906,72.89014656589602,19.0914187507861
278040,2112280,31.416165321180216,72.89033656434242,19.091420927221012
278060,2112280,31.989759806561352,72.89052656281464,19.09142310346025
278080,2112280,32.39548812619816,72.89071656131267,19.09142527950381
278100,2112280,32.49853426001453,72.89090655983654,19.09142745535169
278120,2112280,32.263606480224524,72.89109655838618,19.091429631003887
278140,2112280,31.844326239189606,72.89128655696166,19.09143180646041
278160,2112280,31.307381002019,72.89147655556293,19.091433981721263
278180,2112280,30.690277659861618,72.89166655419002,19.091436156786433
278200,2112280,30.014571820233115,72.89185655284288,19.091438331655915
278220,2112280,29.29253300071533,72.89204655152157,19.09144050632973
278240,2112280,28.533936318564688,72.89223655022604,19.091442680807855
278260,2112280,27.751349750141173,72.89242654895632,19.09144485509031
278280,2112280,26.980034380106304,72.89261654771238,19.091447029177083
278300,2112280,26.304399013978674,72.89280654649423,19.09144920306818
278320,2112280,25.785975407088532,72.89299654530186,19.091451376763594
278340,2112280,25.419770961173562,72.89318654413529,19.09145355026333
278360,2112280,25.186590166404223,72.89337654299449,19.09145572356739
278380,2112280,25.05814956614354,72.89356654187947,19.091457896675767
278400,2112280,25.004554023625893,72.89375654079024,19.091460069588464
278420,2112280,24.999076529569464,72.89394653972677,19.091462242305482
278440,2112280,25.019793331857493,72.89413653868907,19.091464414826817
278460,2112280,25.049609485156985,72.89432653767716,19.091466587152482
278480,2112280,25.075683350178583,72.89451653669101,19.091468759282456
278500,2112280,25.088707741932186,72.89470653573062,19.091470931216758
276740,2112300,3.668778799219881,72.87798441651302,19.091459679259206
276760,2112300,3.9290922972996762,72.87817441350809,19.09146186823952
276780,2112300,4.2082124222037685,72.87836441052912,19.09146405702417
276800,2112300,4.497317778018584,72.87855440757612,19.091466245613134
276820,2112300,4.771614817439335,72.87874440464907,19.09146843400643
276840,2112300,4.978197159709859,72.87893440174798,19.09147062220406
276860,2112300,5.029726217002186,72.87912439887286,19.09147281020601
276880,2112300,4.838911642569892,72.87931439602369,19.091474998012295
276900,2112300,4.487471600323547,72.87950439320045,19.0914771856229
276920,2112300,4.178531657402696,72.87969439040319,19.091479373037835
276940,2112300,4.143785090655771,72.87988438763185,19.091481560257098
276960,2112300,4.770305708474265,72.88007438488647,19.091483747280684
276980,2112300,5.775872555473775,72.88026438216704,19.0914859341086
277000,2112300,6.9449792118387,72.88045437947355,19.091488120740838
277020,2112300,8.165144404895289,72.88064437680599,19.091490307177406
277040,2112300,9.349839054782873,72.88083437416435,19.0914924934183
277060,2112300,10.423655082569903,72.88102437154868,19.09149467946352
277080,2112300,11.320258006190885,72.88121436895891,19.09149686531306
277100,2112300,11.988246437059534,72.88140436639507,19.091499050966934
277120,2112300,12.405369380355058,72.88159436385718,19.091501236425128
277140,2112300,12.590953412556614,72.8817843613452,19.09150342168765
277160,2112300,12.590998955009468,72.88197435885914,19.091505606754502
277180,2112300,12.464533085331645,72.882164356399,19.091507791625673
277200,2112300,12.277035742031604,72.88235435396477,19.091509976301175
277220,2112300,12.096247471530862,72.88254435155648,19.091512160780997
277240,2112300,11.947297068492084,72.88273434917409,19.091514345065146
277260,2112300,11.808498524149124,72.8829243468176,19.091516529153623
277280,2112300,11.63230899157081,72.88311434448701,19.091518713046412
277300,2112300,11.351504070146175,72.88330434218234,19.091520896743543
277320,2112300,10.949981487434744,72.88349433990358,19.091523080244986
277340,2112300,10.501221767895922,72.8836843376507,19.09152526355076
277360,2112300,10.117748544900735,72.88387433542376,19.091527446660855
277380,2112300,9.855928450026264,72.88406433322268,19.09152962957528
277400,2112300,9.68991963662988,72.8842543310475,19.091531812294022
277420,2112300,9.624358350558662,72.88444432889821,19.091533994817087
277440,2112300,9.674975550791377,72.88463432677482,19.09153617714448
277460,2112300,9.851596172461628,72.88482432467731,19.0915383592762
277480,2112300,10.135189655718246,72.88501432260568,19.091540541212236
277500,2112300,10.495972707506636,72.88520432055994,19.091542722952603
277520,2112300,10.911642341509248,72.88539431854007,19.091544904497287
277540,2112300,11.357411332484094,72.88558431654609,19.0915470858463
277560,2112300,11.827699048550784,72.88577431457799,19.091549266999635
277580,2112300,12.33841153113807,72.88596431263575,19.09155144795729
277600,2112300,12.921181083818405,72.88615431071938,19.091553628719268
277620,2112300,13.619199700176058,72.88634430882888,19.09155580928557
277640,2112300,14.491894812180426,72.88653430696425,19.0915579896562
277660,2112300,15.624043319198872,72.88672430512548,19.091560169831144
277680,2112300,16.990728738448055,72.88691430331258,19.09156234981041
277700,2112300,18.485956969730907,72.88710430152554,19.091564529594006
277720,2112300,20.033928319319994,72.88729429976435,19.091566709181922
277740,2112300,21.542722999522837,72.88748429802901,19.09156888857416
277760,2112300,22.83220125541549,72.88767429631953,19.091571067770715
277780,2112300,23.78660289560422,72.88786429463589,19.091573246771596
277800,2112300,24.434826465861256,72.8880542929781,19.0915754255768
277820,2112300,24.84575011902461,72.88824429134615,19.091577604186323
277840,2112300,25.111247522054327,72.88843428974008,19.09157978260017
277860,2112300,25.331119499068045,72.8886242881598,19.091581960818335
277880,2112300,25.594158717409705,72.8888142866054,19.091584138840826
277900,2112300,25.958847558827237,72.88900428507681,19.091586316667637
277920,2112300,26.460086051191503,72.88919428357406,19.091588494298772
277940,2112300,27.116464848294296,72.88938428209715,19.091590671734217
277960,2112300,27.914988294297075,72.88957428064606,19.091592848973995
277980,2112300,28.81150333352081,72.8897642792208,19.091595026018087
278000,2112300,29.72867972026502,72.88995427782136,19.091597202866502
278020,2112300,30.570054814341205,72.89014427644774,19.091599379519238
278040,2112300,31.262653625157927,72.89033427509995,19.091601555976293
278060,2112300,31.829301837024033,72.89052427377797,19.09160373223767
278080,2112300,32.2270631654975,72.8907142724818,19.091605908303364
278100,2112300,32.373766899080124,72.89090427121145,19.09160808417338
278120,2112300,32.25435185886048,72.89109426996691,19.09161025984772
278140,2112300,31.945861947220486,72.89128426874818,19.091612435326375
278160,2112300,31.511201005581178,72.89147426755525,19.09161461060935
278180,2112300,30.985331966926644,72.89166426638813,19.091616785696644
278200,2112300,30.388057996005607,72.8918542652468,19.091618960588264
278220,2112300,29.73482337722116,72.89204426413129,19.091621135284193
278240,2112300,29.04067386905938,72.89223426304157,19.091623309784445
278260,2112300,28.307775529927092,72.89242426197764,19.091625484089022
278280,2112300,27.540203743863394,72.89261426093948,19.09162765819791
278300,2112300,26.828692156903603,72.89280425992715,19.091629832111124
278320,2112300,26.24866578314043,72.89299425894058,19.091632005828657
278340,2112300,25.814171372834355,72.89318425797981,19.091634179350503
278360,2112300,25.512193290623358,72.8933742570448,19.091636352676666
278380,2112300,25.319417355907092,72.89356425613559,19.091638525807152
278400,2112300,25.209425087225256,72.89375425525215,19.091640698741962
278420,2112300,25.156965922748164,72.8939442543945,19.091642871481078
278440,2112300,25.140074783579998,72.8941342535626,19.091645044024524
278460,2112300,25.140752464090575,72.89432425275649,19.091647216372284
278480,2112300,25.144882794736446,72.89451425197613,19.091649388524356
278500,2112300,25.141816573936925,72.89470425122155,19.091651560480752
276740,2112320,3.412314121551213,72.87798211386793,19.091640306567307
276760,2112320,3.6401069530831984,72.87817211106879,19.091642495569893
276780,2112320,3.88838814080496,72.87836210829562,19.091644684376803
276800,2112320,4.154377882882912,72.87855210554841,19.09164687298804
276820,2112320,4.419930654981538,72.87874210282715,19.0916490614036
276840,2112320,4.631575676106843,72.87893210013186,19.09165124962349
276860,2112320,4.694412535173319,72.87912209746253,19.091653437647704
276880,2112320,4.577073792885726,72.87931209481914,19.091655625476236
276900,2112320,4.348864595739869,72.87950209220172,19.091657813109105
276920,2112320,4.160546437189948,72.87969208961023,19.09166000054629
276940,2112320,4.245693352659862,72.8798820870447,19.091662187787804
276960,2112320,4.832748061527434,72.88007208450513,19.09166437483364
276980,2112320,5.794296600476075,72.88026208199149,19.0916665616838
277000,2112320,6.9363091736390885,72.88045207950377,19.09166874833829
277020,2112320,8.140300919095168,72.88064207704201,19.0916709347971
277040,2112320,9.31894260123278,72.88083207460618,19.091673121060236
277060,2112320,10.3979066031179,72.88102207219627,19.091675307127694
277080,2112320,11.311836288730873,72.88121206981232,19.091677492999473
277100,2112320,12.008901054127728,72.88140206745429,19.091679678675582
277120,2112320,12.462854146950553,72.88159206512216,19.091681864156012
277140,2112320,12.683187374505838,72.88178206281599,19.09168404944076
277160,2112320,12.709730233279622,72.88197206053573,19.091686234529842
277180,2112320,12.597616329838525,72.88216205828138,19.091688419423246
277200,2112320,12.405940109053756,72.88235205605297,19.091690604120966
277220,2112320,12.197538527804639,72.88254205385046,19.091692788623014
277240,2112320,12.0306291641022,72.88273205167384,19.091694972929385
277260,2112320,11.901826212496527,72.88292204952316,19.09169715704008
277280,2112320,11.767047314448385,72.88311204739838,19.091699340955095
277300,2112320,11.52278494616886,72.8833020452995,19.091701524674434
277320,2112320,11.13743596998047,72.88349204322654,19.091703708198093
277340,2112320,10.709567481643793,72.88368204117947,19.09170589152608
277360,2112320,10.330749842894884,72.88387203915829,19.091708074658385
277380,2112320,10.048392039487737,72.88406203716302,19.091710257595015
277400,2112320,9.86529841625237,72.88425203519364,19.091712440335968
277420,2112320,9.781179555014177,72.88444203325014,19.091714622881234
277440,2112320,9.801060726185556,72.88463203133256,19.09171680523083
277460,2112320,9.928175405385705,72.88482202944084,19.091718987384745
277480,2112320,10.161097492177342,72.885012027575,19.091721169342986
277500,2112320,10.496316541053265,72.88520202573507,19.09172335110554
277520,2112320,10.911514668454988,72.885392023921,19.09172553267242
277540,2112320,11.383176236174178,72.88558202213281,19.09172771404363
277560,2112320,11.906421626006631,72.88577202037051,19.091729895219146
277580,2112320,12.49298357746581,72.88596201863406,19.091732076198994
277600,2112320,13.165794456947097,72.8861520169235,19.09173425698316
277620,2112320,13.954451149115464,72.8863420152388,19.091736437571644
277640,2112320,14.89255093727646,72.88653201357997,19.091738617964456
277660,2112320,16.00586390819583,72.886722011947,19.09174079816158
277680,2112320,17.2778249134658,72.8869120103399,19.091742978163026
277700,2112320,18.655863888114542,72.88710200875865,19.091745157968795
277720,2112320,20.073993999152712,72.88729200720326,19.091747337578884
277740,2112320,21.426293510925085,72.88748200567372,19.091749516993293
277760,2112320,22.535482177315814,72.88767200417003,19.09175169621202
277780,2112320,23.307159070289423,72.8878620026922,19.09175387523507
277800,2112320,23.809239551385964,72.88805200124021,19.09175605406244
277820,2112320,24.122526911505926,72.88824199981407,19.091758232694122
277840,2112320,24.331158696801236,72.88843199841378,19.091760411130135
277860,2112320,24.527957232315035,72.88862199703931,19.09176258937046
277880,2112320,24.80378391240876,72.8888119956907,19.09176476741511
277900,2112320,25.206035623570603,72.88900199436792,19.091766945264077
277920,2112320,25.75061438788952,72.88919199307097,19.09176912291736
277940,2112320,26.457656758675913,72.88938199179985,19.091771300374965
277960,2112320,27.30221214028072,72.88957199055456,19.091773477636888
277980,2112320,28.235210549962822,72.8897619893351,19.091775654703135
278000,2112320,29.173005362430334,72.88995198814146,19.091777831573694
278020,2112320,30.023114470839552,72.89014198697366,19.091780008248573
278040,2112320,30.73950606858216,72.89033198583165,19.091782184727773
278060,2112320,31.321952587726877,72.89052198471548,19.091784361011285
278080,2112320,31.742319968538272,72.89071198362511,19.091786537099125
278100,2112320,31.95900990530597,72.89090198256058,19.091788712991274
278120,2112320,31.96476497874007,72.891091981521825,19.091790888687743
278140,2112320,31.79539291025644,72.89128198050891,19.09179306418853
278160,2112320,31.492932522510806,72.89147197952177,19.09179523949364
278180,2112320,31.08393999341574,72.89166197856045,19.091797414603057
278200,2112320,30.5815031406519,72.89185197762494,19.0917995895168
278220,2112320,30.000192161166424,72.89204197671522,19.09180176423486
278240,2112320,29.365789064610674,72.8922319758313,19.091803938757234
278260,2112320,28.691366267272905,72.89242197497316,19.091806113083926
278280,2112320,27.931427380703745,72.89261197414082,19.091808287214935
278300,2112320,27.211869400985556,72.89280197333427,19.091810461150267
278320,2112320,26.60934395889895,72.89299197255352,19.091812634889905
278340,2112320,26.141475359606282,72.89318197179854,19.091814808433867
278360,2112320,25.80041882020263,72.89337197106936,19.09181698178215
278380,2112320,25.567018046168513,72.89356197036594,19.091819154934743
278400,2112320,25.418102838294374,72.89375196968831,19.091821327891655
278420,2112320,25.33051098740912,72.89394196903645,19.091823500652882
278440,2112320,25.28325416793017,72.89413196841036,19.091825673218423
278460,2112320,25.258487646870073,72.89432196781004,19.091827845588277
278480,2112320,25.24175109269265,72.8945119672355,19.09183001776245
278500,2112320,25.22181014932649,72.89470196668671,19.09183218974094
276740,2112340,3.1527394603063095,72.87797981119688,19.091820933871606
276760,2112340,3.3401086949232535,72.87816980860353,19.091823122896464
276780,2112340,3.5467297913055904,72.87835980603614,19.091825311725643
276800,2112340,3.779204202974814,72.87854980349474,19.091827500359145
276820,2112340,4.035911254194183,72.87873980097929,19.09182968879697
276840,2112340,4.2861092585262535,72.87892979848978,19.09183187703912
276860,2112340,4.433447586941128,72.87911979602625,19.091834065085592
276880,2112340,4.46184339037161,72.87930979358866,19.091836252936393
276900,2112340,4.416867468190441,72.87949979117703,19.09183844059151
276920,2112340,4.412479937462314,72.87968978879134,19.091840628050946
276940,2112340,4.624749728753869,72.87987978643162,19.091842815314713
276960,2112340,5.180275372091664,72.88006978409783,19.091845002382797
276980,2112340,6.046122975356165,72.88025978178997,19.09184718925521
277000,2112340,7.105207816402997,72.88044977950807,19.091849375931936
277020,2112340,8.249477849126993,72.8806397772521,19.091851562412995
277040,2112340,9.391592867635396,72.88082977502206,19.09185374869837
277060,2112340,10.456590671139741,72.88101977281796,19.091855934788068
277080,2112340,11.376536706249306,72.881209770639785,19.09185812068209
277100,2112340,12.091866431738344,72.88139976848757,19.091860306380433
277120,2112340,12.56420904216954,72.88158976636124,19.091862491883095
277140,2112340,12.795980342453868,72.88177976426086,19.091864677190078
277160,2112340,12.829332376487567,72.8819697621864,19.091866862301387
277180,2112340,12.72135815076593,72.88215976013784,19.091869047217013
277200,2112340,12.524419616708988,72.88234975811521,19.091871231936967
277220,2112340,12.285044292792291,72.88253975611852,19.09187341646124
277240,2112340,12.066445454006285,72.8827297541477,19.091875600789827
277260,2112340,11.927187297407256,72.88291975220282,19.091877784922744
277280,2112340,11.833436279536583,72.88310975028384,19.091879968859974
277300,2112340,11.642532499581772,72.88329974839077,19.091882152601528
277320,2112340,11.295774036218289,72.8834897465236,19.091884336147405
277340,2112340,10.901817645406343,72.88367974468231,19.091886519497603
277360,2112340,10.541137496773752,72.88386974286695,19.091888702652117
277380,2112340,10.25556889474839,72.88405974107748,19.091890885610955
277400,2112340,10.05895432904952,72.8842497393139,19.09189306837411
277420,2112340,9.954308293721343,72.88443973757619,19.091895250941583
277440,2112340,9.942972543531766,72.8846297358644,19.09189743331338
277460,2112340,10.026184090220067,72.88481973417848,19.091899615489496
277480,2112340,10.213548846139208,72.88500973251847,19.091901797469934
277500,2112340,10.532561633618124,72.88519973088431,19.09190397925469
277520,2112340,10.948404616584686,72.88538972927606,19.09190616084376
277540,2112340,11.436283612699881,72.88557972769367,19.091908342237158
277560,2112340,11.995877286645156,72.88576972613716,19.09191052343487
277580,2112340,12.637883492484747,72.88595972460651,19.0919127044369
277600,2112340,13.3789212922401,72.88614972310175,19.091914885243252
277620,2112340,14.235092594487533,72.88633972162285,19.09191706585392
277640,2112340,15.210057048656711,72.88652972016982,19.091919246268912
277660,2112340,16.285807123380334,72.88671971874265,19.09192142648822
277680,2112340,17.445468785047083,72.88690971734135,19.091923606511845
277700,2112340,18.67829420460732,72.8870997159659,19.09192578633979
277720,2112340,19.941789539551728,72.8872897146163,19.09192796597205
277740,2112340,21.140555039677338,72.88747971329256,19.091930145408632
277760,2112340,22.095650158088347,72.88766971199469,19.09193232464953
277780,2112340,22.697555642716253,72.88785971072265,19.091934503694752
277800,2112340,23.066525515753675,72.88804970947648,19.091936682544286
277820,2112340,23.281293751189523,72.88823970825614,19.091938861198134
277840,2112340,23.413890247590956,72.88842970706163,19.0919410396563
277860,2112340,23.549501990774417,72.88861970589299,19.091943217918793
277880,2112340,23.787955117289997,72.88880970475016,19.0919453959856
277900,2112340,24.205377403796337,72.88899970363319,19.091947573856714
277920,2112340,24.800349377182748,72.88918970254204,19.091949751532162
277940,2112340,25.552166306257238,72.88937970147673,19.091951929011916
277960,2112340,26.4216974945831,72.88956970043725,19.09195410629599
277980,2112340,27.357825388548108,72.88975969942359,19.091956283384384
278000,2112340,28.292497828892657,72.88994969843574,19.091958460277088
278020,2112340,29.158503880794683,72.89013969747374,19.09196063697411
278040,2112340,29.91492960428409,72.89032969653755,19.09196281347545
278060,2112340,30.541320882391375,72.89051969562718,19.091964989781108
278080,2112340,31.015976081225617,72.89070969474261,19.091967165891077
278100,2112340,31.317502138634172,72.89089969388387,19.091969341805367
278120,2112340,31.442704867785512,72.89108969305093,19.091971517523966
278140,2112340,31.410325812861455,72.89127969224381,19.09197369304689
278160,2112340,31.245600707229986,72.89146969146249,19.091975868374128
278180,2112340,30.962665327303736,72.89165969070697,19.091978043505677
278200,2112340,30.557694775209868,72.89184968997726,19.09198021844154
278220,2112340,30.03160992333388,72.89203968927335,19.09198239318173
278240,2112340,29.421380461739144,72.89222968859522,19.09198456772623
278260,2112340,28.75995621826994,72.8924196879429,19.091986742075044
278280,2112340,28.060902283414645,72.89260968731637,19.091988916228168
278300,2112340,27.39329360458986,72.89279968671562,19.09199109018561
278320,2112340,26.819916180037836,72.89298968614067,19.09199326394737
278340,2112340,26.362282188180394,72.89317968559149,19.091995437513443
278360,2112340,26.01776976265301,72.89336968506811,19.09199761088383
278380,2112340,25.771987211114528,72.8935596845705,19.09199978405853
278400,2112340,25.605673957841926,72.89374968409867,19.092001957037546
278420,2112340,25.498586331390854,72.89393968365262,19.092004129820882
278440,2112340,25.43167769316891,72.89412968323234,19.092006302408528
278460,2112340,25.388232153743633,72.89431968283783,19.092008474800483
278480,2112340,25.354334314878702,72.89450968246909,19.092010646996755
278500,2112340,25.318926955068257,72.89469968212612,19.092012818997343
276760,2112360,3.062134462717723,72.8781675061123,19.092003750219227
276780,2112360,3.2211041227256785,72.87835750375073,19.092005939070674
276800,2112360,3.4102386975610135,72.87854750141511,19.09200812772644
276820,2112360,3.649578297251481,72.87873749910545,19.092010316186535
276840,2112360,3.9419282995298577,72.87892749682175,19.092012504450942
276860,2112360,4.238429727569663,72.879117494564,19.092014692519676
276880,2112360,4.470806028036739,72.87930749233222,19.092016880392727
276900,2112360,4.623656856715474,72.87949749012638,19.0920190680701
276920,2112360,4.778160082835946,72.87968748794651,19.092021255551796
276940,2112360,5.08130684319954,72.87987748579256,19.092023442837814
276960,2112360,5.6257365483037365,72.88006748366458,19.09202562992815
276980,2112360,6.4122560460327,72.88025748156252,19.092027816822807
277000,2112360,7.377789682138444,72.8804474794864,19.09203000352178
277020,2112360,8.441478837718657,72.88063747743625,19.09203219002508
277040,2112360,9.526182504970349,72.88082747541202,19.0920343763327
277060,2112360,10.560972338093052,72.88101747341372,19.092036562444637
277080,2112360,11.477240043910703,72.88120747144136,19.092038748360892
277100,2112360,12.203981684270975,72.8813974694949,19.092040934081478
277120,2112360,12.678050176682161,72.8815874675744,19.09204311960637
277140,2112360,12.894171397918775,72.8817774656798,19.09204530493559
277160,2112360,12.911807541183343,72.88196746381114,19.092047490069124
277180,2112360,12.797429428798218,72.88215746196839,19.09204967500698
277200,2112360,12.598918771944803,72.88234746015158,19.09205185974916
277220,2112360,12.333427322230762,72.88253745836066,19.09205404429565
277240,2112360,12.03517362205113,72.88272745659566,19.092056228646463
277260,2112360,11.862292909097533,72.88291745485657,19.0920584128016
277280,2112360,11.8013159984923,72.88310745314338,19.092060596761048
277300,2112360,11.660429520794318,72.88329745145612,19.092062780524817
277320,2112360,11.365033015615143,72.88348744979474,19.09206496409291
277340,2112360,11.025226128467306,72.88367744815928,19.09206714746531
277360,2112360,10.704005734586675,72.8838674465497,19.09206933064204
277380,2112360,10.437670851246148,72.88405744496603,19.092071513623086
277400,2112360,10.24438020313397,72.88424744340824,19.09207369640845
277420,2112360,10.131863888313207,72.88443744187637,19.092075878998127
277440,2112360,10.10396480656957,72.88462744037037,19.092078061392126
277460,2112360,10.164980653178757,72.88481743889025,19.09208024359044
277480,2112360,10.327245194406753,72.88500743743602,19.092082425593077
277500,2112360,10.619993282440412,72.88519743600769,19.092084607400025
277520,2112360,11.014476015783487,72.88538743460522,19.092086789011294
277540,2112360,11.495654655728796,72.88557743322863,19.09208897042688
277560,2112360,12.065773073324918,72.88576743187792,19.09209115164678
277580,2112360,12.732037070488072,72.88595743055309,19.092093332671006
277600,2112360,13.50444574756763,72.88614742925412,19.092095513499544
277620,2112360,14.389677192012387,72.88633742798102,19.092097694132395
277640,2112360,15.373791069229577,72.8865274267338,19.092099874569566
277660,2112360,16.38939745607987,72.88671742551243,19.09210205481105
277680,2112360,17.410425787337484,72.88690742431695,19.09210423485686
277700,2112360,18.480415106601455,72.8870974231473,19.09210641470698
277720,2112360,19.572827809534076,72.88728742200351,19.092108594361413
277740,2112360,20.600715174658124,72.88747742088557,19.092110773820167
277760,2112360,21.412077389687845,72.88766741979349,19.092112953083237
277780,2112360,21.91942031469803,72.88785741872726,19.092115132150617
277800,2112360,22.213601507521147,72.88804741768689,19.092117311022317
277820,2112360,22.36461368240957,72.88823741667235,19.092119489698334
277840,2112360,22.434226574387655,72.88842741568367,19.092121668178667
277860,2112360,22.498445383072585,72.88861741472081,19.092123846463316
277880,2112360,22.666008869023756,72.8888074137838,19.092126024552282
277900,2112360,23.083513185398157,72.88899741287263,19.09212820244556
277920,2112360,23.72589801255252,72.88918741198728,19.09213038014315
277940,2112360,24.50478843997555,72.88937741112777,19.09213255764506
277960,2112360,25.37529841505218,72.8895674102941,19.092134734951287
277980,2112360,26.29657313119685,72.88975740948624,19.092136912061825
278000,2112360,27.220920326276886,72.88994740870422,19.09213908897668
278020,2112360,28.099453352736937,72.890137407948,19.092141265695844
278040,2112360,28.892350526513695,72.89032740721763,19.092143442219324
278060,2112360,29.570314786585637,72.89051740651306,19.092145618547118
278080,2112360,30.11038285892666,72.8907074058343,19.092147794679235
278100,2112360,30.497018110079228,72.89089740518136,19.092149970615658
278120,2112360,30.727751787383497,72.89108740455423,19.092152146356394
278140,2112360,30.81366476249802,72.89127740395291,19.09215432190145
278160,2112360,30.771173523385293,72.8914674033774,19.09215649725081
278180,2112360,30.607862747659503,72.89165740282769,19.09215867240449
278200,2112360,30.299775757821898,72.89184740230378,19.092160847362486
278220,2112360,29.807854966347698,72.89203740180567,19.092163022124797
278240,2112360,29.206811365400924,72.89222740133336,19.09216519669141
278260,2112360,28.57580518863447,72.89241740088684,19.09216737106235
278280,2112360,27.951763146730528,72.89260740046612,19.092169545237592
278300,2112360,27.371927249174824,72.89279740007119,19.092171719217156
278320,2112360,26.870229440676603,72.89298739970204,19.092173893001025
278340,2112360,26.462559806810194,72.89317739935866,19.092176066589214
278360,2112360,26.148619832842716,72.8933673990411,19.09217823998171
278380,2112360,25.91827522740435,72.8935573987493,19.09218041317852
278400,2112360,25.75648779245121,72.89374739848327,19.092182586179643
278420,2112360,25.646538599486988,72.89393739824303,19.092184758985077
278440,2112360,25.572050431304014,72.89412739802856,19.092186931594828
278460,2112360,25.518195214472854,72.89431739783986,19.092189104008884
278480,2112360,25.472332607383784,72.89450739767693,19.092191276227258
278500,2112360,25.424248366906912,72.89469739753976,19.092193448249937
278520,2112360,25.367178725424633,72.89488739742836,19.09219562007694
276760,2112380,2.846573747102275,72.87816520359512,19.09218437753819
276780,2112380,2.963047006361641,72.87835520143933,19.092186566411904
276800,2112380,3.107576356492738,72.87854519930951,19.09218875508994
276820,2112380,3.3271862971856225,72.87873519720566,19.09219094357229
276840,2112380,3.6811233646233177,72.87892519512776,19.09219313185896
276860,2112380,4.142076045079094,72.87911519307582,19.092195319949955
276880,2112380,4.570364003082918,72.87930519104984,19.092197507845267
276900,2112380,4.889855627532363,72.8794951890498,19.0921996955449
276920,2112380,5.161276016309774,72.87968518707571,19.09220188304884
276940,2112380,5.529699272200129,72.87987518512757,19.09220407035711
276960,2112380,6.069963828519482,72.88006518320537,19.092206257469694
276980,2112380,6.7960561119573315,72.88025518130914,19.092208444386603
277000,2112380,7.675500213969071,72.88044517943882,19.092210631107825
277020,2112380,8.652744837973207,72.88063517759447,19.092212817633367
277040,2112380,9.665948851399904,72.88082517577602,19.092215003963222
277060,2112380,10.653247898922604,72.88101517398353,19.092217190097404
277080,2112380,11.551450860428835,72.88120517221698,19.092219376035903
277100,2112380,12.285911139186236,72.88139517047634,19.092221561778718
277120,2112380,12.748687380271381,72.88158516876162,19.092223747325843
277140,2112380,12.919632849222529,72.88177516707283,19.092225932677298
277160,2112380,12.903886877343027,72.88196516540998,19.09222811783306
277180,2112380,12.772347061018632,72.88215516377302,19.092230302793148
277200,2112380,12.56922048091355,72.88234516216201,19.092232487557546
277220,2112380,12.302550852483112,72.8825351605769,19.092234672126263
277240,2112380,11.972165277541,72.88272515901771,19.0922368564993
277260,2112380,11.757800482158602,72.8829151574844,19.092239040676645
277280,2112380,11.661347801317632,72.88310515597703,19.09224122465832
277300,2112380,11.540018876786348,72.88329515449557,19.092243408444304
277320,2112380,11.326021660969229,72.88348515304,19.092245592034608
277340,2112380,11.064102675112842,72.88367515161032,19.092247775429232
277360,2112380,10.802503452183291,72.88386515020656,19.092249958628166
277380,2112380,10.575214291163745,72.8840551488287,19.09225214163142
277400,2112380,10.403515034892763,72.8842451474767,19.092254324438983
277420,2112380,10.299350490574007,72.88443514615064,19.09225650705087
277440,2112380,10.270880044700043,72.88462514485043,19.092258689467066
277460,2112380,10.328038048649244,72.88481514357613,19.092260871687582
277480,2112380,10.484807252254745,72.88500514232771,19.09226305371241
277500,2112380,10.737075831091621,72.88519514110517,19.09226523554156
277520,2112380,11.085192149955233,72.88538513990851,19.092267417175023
277540,2112380,11.536828780296949,72.88557513873774,19.092269598612802
277560,2112380,12.090623352667514,72.88576513759283,19.092271779854894
277580,2112380,12.74543184080197,72.8859551364738,19.092273960901302
277600,2112380,13.502269513246894,72.88614513538063,19.092276141752027
277620,2112380,14.359206937017971,72.88633513431334,19.092278322407065
277640,2112380,15.296585257581668,72.88652513327193,19.092280502866416
277660,2112380,16.226018821428926,72.88671513225637,19.092282683130083
277680,2112380,17.11490153945735,72.88690513126667,19.092284863198064
277700,2112380,18.038515088111126,72.88709513030282,19.09228704307036
277720,2112380,18.972671249159642,72.88728512936486,19.092289222746974
277740,2112380,19.83997618075803,72.88747512845273,19.0922914022279
277760,2112380,20.539336169748257,72.88766512756645,19.09229358151314
277780,2112380,21.01689559610206,72.88785512670603,19.09229576060269
277800,2112380,21.30031177605256,72.88804512587146,19.092297939496557
277820,2112380,21.44067479987826,72.88823512506274,19.092300118194736
277840,2112380,21.491757128226396,72.88842512427985,19.09230229669723
277860,2112380,21.521346840160174,72.8886151235228,19.092304475004035
277880,2112380,21.638329135931336,72.8888051227916,19.092306653115163
277900,2112380,22.044761945056827,72.88899512208623,19.092308831030593
277920,2112380,22.68288701139187,72.8891851214067,19.09231100875034
277940,2112380,23.44069001367778,72.889375120753,19.092313186274403
277960,2112380,24.27576798282704,72.88956512012511,19.09231536360278
277980,2112380,25.159278131538255,72.88975511952307,19.092317540735458
278000,2112380,26.06040714714193,72.88994511894686,19.09231971767246
278020,2112380,26.941856458067857,72.89013511839646,19.092321894413775
278040,2112380,27.76319025612269,72.89032511787187,19.0923240709594
278060,2112380,28.487974850009856,72.89051511737311,19.092326247309337
278080,2112380,29.0885365481033,72.89070511690018,19.09232842346358
278100,2112380,29.54812881942307,72.89089511645304,19.09233059942214
278120,2112380,29.861916043532652,72.89108511603172,19.092332775185017
278140,2112380,30.03534173052978,72.89127511563622,19.092334950752203
278160,2112380,30.07866106266844,72.89146511526651,19.092337126123695
278180,2112380,29.997437043736934,72.8916551149226,19.092339301299507
278200,2112380,29.76967568821385,72.89184511460451,19.09234147627962
278220,2112380,29.301829977194185,72.89203511431221,19.092343651064063
278240,2112380,28.734226039862392,72.8922251140457,19.0923458256528
278260,2112380,28.170917135854793,72.892415113805,19.092348000045856
278280,2112380,27.64754510296691,72.89260511359008,19.09235017424322
278300,2112380,27.17975705062637,72.89279511340095,19.092352348244894
278320,2112380,26.778707903826756,72.89298511323761,19.092354522050883
278340,2112380,26.450430439267308,72.89317511310006,19.092356695661177
278360,2112380,26.193947177660068,72.89336511298829,19.092358869075785
278380,2112380,26.00217008665952,72.8935551129023,19.09236104229471
278400,2112380,25.86398321489731,72.8937451128421,19.09236321531794
278420,2112380,25.766304659550926,72.89393511280765,19.092365388145474
278440,2112380,25.695741067924033,72.894125112799,19.092367560777323
278460,2112380,25.639774992236077,72.89431511281612,19.092369733213484
278480,2112380,25.587518745021793,72.894505112859,19.092371905453952
278500,2112380,25.530095018601298,72.89469511292764,19.092374077498736
278520,2112380,25.460719282955054,72.89488511302206,19.092376249347822
276760,2112400,2.7327982421211985,72.87816290105197,19.092365004853352
276780,2112400,2.8303448186058517,72.87835289910197,19.09236719374933
276800,2112400,2.9465435637091355,72.87854289717795,19.092369382449633
276820,2112400,3.157875750609593,72.87873289527991,19.092371570954246
276840,2112400,3.5851359273689,72.8789228934078,19.092373759263175
276860,2112400,4.182092411388425,72.87911289156168,19.09237594737643
276880,2112400,4.727267729232881,72.8793028897415,19.092378135293995
276900,2112400,5.142858004919945,72.87949288794725,19.09238032301588
276920,2112400,5.505273882954438,72.87968288617898,19.092382510542087
276940,2112400,5.922280633151503,72.87987288443665,19.09238469787261
276960,2112400,6.459408354036977,72.88006288272025,19.09238688500744
276980,2112400,7.136615370304819,72.88025288102982,19.092389071946595
277000,2112400,7.9386140914101695,72.8804428793653,19.09239125869006
277020,2112400,8.828267596827185,72.88063287772675,19.092393445237853
277040,2112400,9.757871324668564,72.88082287611412,19.092395631589948
277060,2112400,10.674902006198922,72.88101287452741,19.09239781774637
277080,2112400,11.521901100979175,72.88120287296665,19.092400003707098
277100,2112400,12.228277175971767,72.88139287143183,19.092402189472146
277120,2112400,12.66533468462087,72.88158286992292,19.09240437504151
277140,2112400,12.799332539767816,72.88177286843994,19.0924065604152
277160,2112400,12.75988087362058,72.88196286698287,19.092408745593197
277180,2112400,12.608987571602121,72.88215286555175,19.092410930575504
277200,2112400,12.38354559602103,72.88234286414652,19.09241311536213
277220,2112400,12.100562640343671,72.88253286276722,19.09241529995307
277240,2112400,11.799426176080512,72.88272286141382,19.09241748434833
277260,2112400,11.579050790676263,72.88291286008635,19.0924196685479
277280,2112400,11.455940135444852,72.88310285878477,19.09242185255179
277300,2112400,11.352635997985807,72.8832928575091,19.092424036359994
277320,2112400,11.212061695185414,72.88348285625935,19.092426219972506
277340,2112400,11.031925448692293,72.88367285503548,19.09242840338934
277360,2112400,10.838177704457724,72.88386285383753,19.092430586610487
277380,2112400,10.66202792130235,72.88405285266546,19.092432769635945
277400,2112400,10.52595706598817,72.88424285151929,19.092434952465716
277420,2112400,10.44294294015102,72.88443285039902,19.092437135099807
277440,2112400,10.421872144784922,72.88462284930462,19.092439317538208
277460,2112400,10.473054844704134,72.88481284823612,19.09244149978092
277480,2112400,10.60777481993028,72.88500284719352,19.092443681827955
277500,2112400,10.822190803471344,72.88519284617678,19.0924458636793
277520,2112400,11.125108410733876,72.88538284518593,19.092448045334955
277540,2112400,11.54005655331418,72.88557284422096,19.09245022679492
277560,2112400,12.059153911755185,72.88576284328185,19.092452408059206
277580,2112400,12.671643935781656,72.88595284236862,19.0924545891278
277600,2112400,13.368886446175395,72.88614284148127,19.092456770000712
277620,2112400,14.138712416570108,72.8863328406198,19.09245895067793
277640,2112400,14.95391980913341,72.88652283978419,19.092461131159467
277660,2112400,15.767270041782083,72.88671283897443,19.092463311445318
277680,2112400,16.5693235479714,72.88690283819054,19.092465491535478
277700,2112400,17.388464696400394,72.88709283743252,19.092467671429944
277720,2112400,18.20826576050684,72.88728283670034,19.09246985112873
277740,2112400,18.97111690332889,72.88747283599403,19.09247203063183
277760,2112400,19.610318677986577,72.88766283531356,19.092474209939244
277780,2112400,20.08594175294634,72.88785283465894,19.092476389050958
277800,2112400,20.399818410132763,72.88804283403017,19.09247856796699
277820,2112400,20.580216570646492,72.88823283342725,19.092480746687336
277840,2112400,20.67012562200263,72.8884228328502,19.092482925211996
277860,2112400,20.732827644144734,72.88861283229895,19.092485103540962
277880,2112400,20.873143504753536,72.88880283177356,19.09248728167424
277900,2112400,21.229719238397568,72.888992831274,19.092489459611834
277920,2112400,21.786608276898342,72.88918283080028,19.09249163735373
277940,2112400,22.463592209304327,72.88937283035237,19.092493814899946
277960,2112400,23.21998298803788,72.88956282993031,19.092495992250473
277980,2112400,24.035405486984708,72.88975282953409,19.092498169405307
278000,2112400,24.89435728343865,72.88994282916367,19.092500346364446
278020,2112400,25.767093800899822,72.89013282881909,19.09250252312791
278040,2112400,26.606826681005735,72.89032282850032,19.092504699695674
278060,2112400,27.367158578530212,72.89051282820736,19.09250687606775
278080,2112400,28.01399264603068,72.89070282794023,19.09250905224414
278100,2112400,28.526912728568625,72.8908928276989,19.092511228224836
278120,2112400,28.89701308157799,72.89108282748342,19.092513404009843
278140,2112400,29.12349548076699,72.8912728272937,19.092515579599155
278160,2112400,29.208470786670798,72.89146282712981,19.092517754992787
278180,2112400,29.148564411345575,72.89165282699172,19.09251993019072
278200,2112400,28.921991573543437,72.89184282687943,19.092522105192966
278220,2112400,28.518265681607424,72.89203282679294,19.092524279999527
278240,2112400,28.037248017394077,72.89222282673225,19.092526454610386
278260,2112400,27.58608165188936,72.89241282669735,19.092528629025566
278280,2112400,27.196026283144718,72.89260282668825,19.09253080324504
278300,2112400,26.862200194857984,72.89279282670493,19.092532977268835
278320,2112400,26.580043406907627,72.89298282674741,19.09253515109694
278340,2112400,26.348785899495837,72.89317282681567,19.092537324729342
278360,2112400,26.16683885985242,72.89336282690971,19.092539498166065
278380,2112400,26.029490495832576,72.89355282702954,19.092541671407098
278400,2112400,25.928944202534943,72.89374282717513,19.09254384445243
278420,2112400,25.855378911205474,72.89393282734652,19.09254601730207
278440,2112400,25.798228459406637,72.89412282754367,19.092548189956027
278460,2112400,25.747314796718697,72.8943128277666,19.092550362414283
278480,2112400,25.693680772445745,72.89450282801529,19.09255253467685
278500,2112400,25.63007163265158,72.89469282828975,19.09255470674373
278520,2112400,25.551087031271898,72.89488282858997,19.092556878614914
276760,2112420,2.7430361759027297,72.87816059848284,19.0925456321647
276780,2112420,2.8674916727021382,72.87835059673866,19.092547821082945
276800,2112420,3.0016199339316842,72.87854059502044,19.09255000980551
276820,2112420,3.2186737400738643,72.87873059332819,19.092552198332392
276840,2112420,3.723040181817585,72.8789205916619,19.092554386663583
276860,2112420,4.362264653736169,72.87911059002157,19.092556574799097
276880,2112420,4.939401084026912,72.87930058840719,19.092558762738925
276900,2112420,5.382580586748874,72.87949058681876,19.092560950483062
276920,2112420,5.792184944942446,72.87968058525628,19.09256313803152
276940,2112420,6.237941339639107,72.87987058371976,19.092565325384292
276960,2112420,6.767783347021166,72.88006058220918,19.09256751254138
276980,2112420,7.401072912478556,72.88025058072455,19.092569699502775
277000,2112420,8.13128623007162,72.88044057926584,19.09257188626849
277020,2112420,8.933121077422525,72.88063057783309,19.092574072838524
277040,2112420,9.76946214156521,72.88082057642627,19.092576259212862
277060,2112420,10.594855909417205,72.88101057504538,19.09257844539152
277080,2112420,11.353557901519148,72.88120057369042,19.092580631374492
277100,2112420,11.972438769479595,72.8813905723614,19.09258281716178
277120,2112420,12.364964212334275,72.8815805710583,19.09258500275338
277140,2112420,12.51130841299717,72.88177056978112,19.092587188149288
277160,2112420,12.476166695892484,72.88196056852988,19.09258937334952
277180,2112420,12.318997999520125,72.88215056730455,19.092591558354055
277200,2112420,12.080249151010644,72.88234056610513,19.09259374316291
277220,2112420,11.792942247005005,72.88253056493163,19.092595927776074
277240,2112420,11.503646135978855,72.88272056378405,19.092598112193553
277260,2112420,11.307112481255421,72.88291056266237,19.092600296415345
277280,2112420,11.20325326327355,72.88310056156661,19.092602480441453
277300,2112420,11.133732003490623,72.88329056049675,19.09260466427187
277320,2112420,11.056597526018415,72.88348055945279,19.092606847906595
277340,2112420,10.948100116278736,72.88367055843474,19.092609031345642
277360,2112420,10.817956927843472,72.88386055744259,19.092611214589
277380,2112420,10.697843737781564,72.88405055647632,19.09261339763667
277400,2112420,10.607423448631708,72.88424055553597,19.092615580488644
277420,2112420,10.555762348604926,72.8844305546215,19.092617763144936
277440,2112420,10.547000667412345,72.88462055373293,19.092619945605538
277460,2112420,10.586046666090095,72.88481055287023,19.092622127870456
277480,2112420,10.681979935280724,72.88500055203343,19.092624309939684
277500,2112420,10.849707469580771,72.88519055122251,19.092626491813228
277520,2112420,11.122297246366463,72.88538055043746,19.092628673491074
277540,2112420,11.505856830963163,72.88557054967829,19.092630854973233
277560,2112420,11.980934891663884,72.88576054894502,19.092633036259706
277580,2112420,12.53084628812695,72.88595054823759,19.092635217350487
277600,2112420,13.141552431930492,72.88614054755605,19.092637398245586
277620,2112420,13.796079642559352,72.88633054690038,19.09263957894499
277640,2112420,14.473241306007266,72.88652054627057,19.092641759448707
277660,2112420,15.159646919297199,72.88671054566663,19.092643939756734
277680,2112420,15.868428671065711,72.88690054508855,19.092646119869077
277700,2112420,16.610446671182444,72.88709054453633,19.092648299785726
277720,2112420,17.359145302871966,72.88728054400998,19.092650479506688
277740,2112420,18.068067454814308,72.88747054350947,19.092652659031952
277760,2112420,18.690458740219384,72.88766054303483,19.09265483836153
277780,2112420,19.194365988475674,72.88785054258602,19.092657017495423
277800,2112420,19.57060274227255,72.88804054216305,19.092659196433626
277820,2112420,19.83065223352105,72.88823054176596,19.09266137517613
277840,2112420,20.004090547539583,72.88842054139468,19.09266355372295
277860,2112420,20.142581803181155,72.88861054104926,19.092665732074074
277880,2112420,20.324404358116784,72.88880054072969,19.092667910229512
277900,2112420,20.628417675588175,72.88899054043593,19.092670088189262
277920,2112420,21.075503966366526,72.88918054016803,19.092672265953315
277940,2112420,21.63845317626786,72.88937053992593,19.092674443521684
277960,2112420,22.28417493275082,72.88956053970968,19.092676620894352
277980,2112420,23.000099962304606,72.88975053951927,19.092678798071336
278000,2112420,23.795448379178417,72.88994053935467,19.09268097505263
278020,2112420,24.649152213820106,72.8901305392159,19.09268315183823
278040,2112420,25.495735258440114,72.89032053910294,19.09268532842814
278060,2112420,26.275241398078602,72.8905105390158,19.092687504822354
278080,2112420,26.948589318466716,72.89070053895449,19.092689681020882
278100,2112420,27.492442372642756,72.89089053891898,19.092691857023713
278120,2112420,27.894023036561613,72.89108053890926,19.09269403283086
278140,2112420,28.146954407880592,72.89127053892538,19.092696208442305
278160,2112420,28.246940230232738,72.89146053896731,19.092698383858064
278180,2112420,28.18776239359231,72.89165053903503,19.092700559078132
278200,2112420,27.96467588932749,72.89184053912855,19.092702734102506
278220,2112420,27.60511319871062,72.89203053924787,19.09270490893118
278240,2112420,27.21172227624552,72.892220539393,19.092707083564168
278260,2112420,26.90043464021641,72.89241053956393,19.092709258001463
278280,2112420,26.666741416961973,72.89260053976064,19.092711432243064
278300,2112420,26.476322939291236,72.89279053998314,19.09271360628897
278320,2112420,26.317396189778655,72.89298054023142,19.09271578013919
278340,2112420,26.187839605550355,72.8931705405055,19.092717953793713
278360,2112420,26.08682539544353,72.89336054080535,19.09272012725254
278380,2112420,26.01158903765391,72.89355054113099,19.092722300515675
278400,2112420,25.95677400316552,72.89374054148242,19.092724473583118
278420,2112420,25.915003790900162,72.8939305418596,19.092726646454864
278440,2112420,25.877936702850203,72.89412054226257,19.09272881913092
278460,2112420,25.837378274482276,72.8943105426913,19.092730991611283
278480,2112420,25.786186495889584,72.89450054314582,19.09273316389595
278500,2112420,25.718815711101882,72.8946905436261,19.09273533598492
278520,2112420,25.631469985355096,72.89488054413214,19.092737507878198
276760,2112440,2.8615808677806873,72.87815829588774,19.092726259472244
276780,2112440,3.0653149115114573,72.87834829434937,19.092728448412757
276800,2112440,3.295587079128745,72.87853829283696,19.09273063715759
276820,2112440,3.5956024021524273,72.87872829135051,19.092732825706733
276840,2112440,4.0493989552468665,72.87891828989004,19.092735014060192
276860,2112440,4.600221169483063,72.87910828845551,19.09273720221796
276880,2112440,5.1271431484495,72.87929828704694,19.092739390180046
276900,2112440,5.583235613957055,72.87948828566432,19.09274157794644
276920,2112440,6.014601628028681,72.87967828430766,19.092743765517152
276940,2112440,6.470933904640653,72.87986828297693,19.092745952892177
276960,2112440,6.986469695733927,72.88005828167216,19.09274814007151
276980,2112440,7.57683611274109,72.88024828039333,19.092750327055157
277000,2112440,8.239013286894073,72.88043827914045,19.09275251384312
277020,2112440,8.954618720875066,72.8806282779135,19.092754700435396
277040,2112440,9.694257402184988,72.88081827671247,19.092756886831978
277060,2112440,10.419899346192745,72.88100827553741,19.092759073032873
277080,2112440,11.081749889393826,72.88119827438825,19.09276125903808
277100,2112440,11.616738490930842,72.88138827326505,19.092763444847606
277120,2112440,11.96730608704718,72.88157827216774,19.09276563046144
277140,2112440,12.116700065305,72.88176827109639,19.09276781587958
277160,2112440,12.094308284662697,72.88195827005094,19.09277000110204
277180,2112440,11.944819337381098,72.88214826903142,19.092772186128805
277200,2112440,11.710536751067247,72.88233826803781,19.092774370959884
277220,2112440,11.432396478614816,72.88252826707013,19.09277655559527
277240,2112440,11.164778000954346,72.88271826612835,19.092778740034973
277260,2112440,11.003573975661599,72.88290826521249,19.09278092427899
277280,2112440,10.935211375560543,72.88309826432254,19.092783108327307
277300,2112440,10.898668961322533,72.88328826345848,19.09278529217994
277320,2112440,10.867603449437905,72.88347826262034,19.09278747583689
277340,2112440,10.814972993330146,72.88366826180811,19.092789659298145
277360,2112440,10.743308632750608,72.88385826102176,19.09279184256371
277380,2112440,10.682860607043027,72.88404826026131,19.092794025633584
277400,2112440,10.647213668031238,72.88423825952675,19.09279620850777
277420,2112440,10.638606658007456,72.8844282588181,19.092798391186264
277440,2112440,10.65284035428306,72.88461825813533,19.092800573669074
277460,2112440,10.687015319234298,72.88480825747845,19.092802755956185
277480,2112440,10.747734889908363,72.88499825684747,19.092804938047614
277500,2112440,10.865631865479461,72.88518825624234,19.092807119943348
277520,2112440,11.109424156887762,72.88537825566311,19.09280930164339
277540,2112440,11.460836933789258,72.88556825510976,19.092811483147745
277560,2112440,11.882772594366461,72.88575825458229,19.09281366445641
277580,2112440,12.358660325513169,72.88594825408069,19.092815845569383
277600,2112440,12.874788590853147,72.88613825360495,19.092818026486665
277620,2112440,13.41330462353717,72.8863282531551,19.092820207208252
277640,2112440,13.95753537510662,72.88651825273111,19.092822387734156
277660,2112440,14.510171284441153,72.88670825233298,19.092824568064362
277680,2112440,15.117765922955083,72.88689825196072,19.092826748198878
277700,2112440,15.797933497256295,72.8870882516143,19.0928289281377
277720,2112440,16.500619392832952,72.88727825129375,19.092831107880833
277740,2112440,17.186819179620407,72.88746825099906,19.092833287428277
277760,2112440,17.822727335827658,72.88765825073023,19.09283546678003
277780,2112440,18.380826216764223,72.88784825048722,19.092837645936083
277800,2112440,18.844829936669946,72.8880382502701,19.092839824896448
277820,2112440,19.211972355853803,72.8882282500788,19.092842003661122
277840,2112440,19.494483870996394,72.88841824991334,19.092844182230102
277860,2112440,19.72204735486577,72.88860824977374,19.092846360603396
277880,2112440,19.941117108228422,72.88879824965997,19.092848538780988
277900,2112440,20.20366780485254,72.88898824957204,19.09285071676289
277920,2112440,20.553842831862358,72.88917824950994,19.0928528945491
277940,2112440,21.008961999212772,72.88936824947366,19.092855072139617
277960,2112440,21.537683917115096,72.88955824946324,19.092857249534447
277980,2112440,22.127140510972914,72.88974824947863,19.092859426733572
278000,2112440,22.83606251238232,72.88993824951984,19.09286160373701
278020,2112440,23.663029822439924,72.89012824958688,19.092863780544757
278040,2112440,24.49724711030545,72.89031824967974,19.092865957156803
278060,2112440,25.27164588609413,72.89050824979842,19.092868133573162
278080,2112440,25.947489446817897,72.89069824994291,19.09287030979383
278100,2112440,26.50015319503603,72.89088825011322,19.092872485818795
278120,2112440,26.91396714140799,72.89107825030935,19.09287466164807
278140,2112440,27.17910220052774,72.89126825053127,19.092876837281658
278160,2112440,27.289230592547433,72.891458250779,19.092879012719543
278180,2112440,27.241401477707143,72.89164825105254,19.092881187961737
278200,2112440,27.042738416294732,72.891838251351885,19.092883363008234
278220,2112440,26.729030315057635,72.89202825167702,19.09288553785904
278240,2112440,26.4002608739937,72.89221825202797,19.09288771251415
278260,2112440,26.237103038883028,72.89240825240469,19.092889886973566
278280,2112440,26.14772687187636,72.89259825280722,19.092892061237286
278300,2112440,26.083398331948814,72.89278825323554,19.09289423530531
278320,2112440,26.033992645123163,72.89297825368965,19.09289640917764
278340,2112440,25.99774699281383,72.89316825416954,19.092898582854275
278360,2112440,25.97412259464054,72.8933582546752,19.09290075633521
278380,2112440,25.96110433263287,72.89354825520667,19.092902929620458
278400,2112440,25.954451391768334,72.8937382557639,19.09290510271001
278420,2112440,25.948033394527222,72.89392825634691,19.09290727560386
278440,2112440,25.934762672438296,72.8941182569557,19.092909448302013
278460,2112440,25.90774653515976,72.89430825759025,19.092911620804475
278480,2112440,25.8613008601731,72.89449825825058,19.092913793111244
278500,2112440,25.791531251335627,72.89468825893667,19.09291596522231
278520,2112440,25.696390397072282,72.89487825964854,19.092918137137687
276760,2112460,3.028483483686335,72.87815599326669,19.09290688677598
276780,2112460,3.328987536422515,72.87834599193413,19.092909075738763
276800,2112460,3.680171040064899,72.87853599062753,19.09291126450587
276820,2112460,4.050136069862667,72.87872598934689,19.092913453077273
276840,2112460,4.420163606558381,72.87891598809222,19.092915641452986
276860,2112460,4.849803315082401,72.87910598686351,19.092917829633024
276880,2112460,5.301163241879541,72.87929598566073,19.092920017617367
276900,2112460,5.739131387342734,72.87948598448394,19.092922205406015
276920,2112460,6.171365799811683,72.87967598333307,19.092924392998977
276940,2112460,6.623347318164767,72.87986598220817,19.092926580396252
276960,2112460,7.117367936085623,72.8800559811092,19.09292876759784
276980,2112460,7.66461135433139,72.88024598003618,19.092930954603737
277000,2112460,8.262874769801403,72.88043597898911,19.09293314141394
277020,2112460,8.897559060564273,72.88062597796797,19.092935328028457
277040,2112460,9.54477680703698,72.88081597697276,19.092937514447286
277060,2112460,10.175864979283633,72.8810059760035,19.09293970067042
277080,2112460,10.753137751281109,72.88119597506015,19.09294188669787
277100,2112460,11.221386770421258,72.88138597414276,19.092944072529626
277120,2112460,11.53545730169048,72.88157597325127,19.09294625816569
277140,2112460,11.679192356696813,72.88176597238572,19.092948443606073
277160,2112460,11.66675395915095,72.88195597154609,19.092950628850755
277180,2112460,11.531701097170803,72.88214597073238,19.09295281389975
277200,2112460,11.316580601930387,72.88233596994458,19.092954998753058
277220,2112460,11.06972057195913,72.88252596918271,19.09295718341067
277240,2112460,10.851004380615052,72.88271596844675,19.092959367872588
277260,2112460,10.72740194702622,72.88290596773669,19.092961552138828
277280,2112460,10.678843325383017,72.88309596705255,19.092963736209363
277300,2112460,10.656506523174308,72.88328596639433,19.092965920084215
277320,2112460,10.643934174330077,72.88347596576199,19.092968103763372
277340,2112460,10.629480603171231,72.88366596515556,19.092970287246843
277360,2112460,10.615099825227135,72.88385596457502,19.09297247053462
277380,2112460,10.61686194383115,72.8840459640204,19.0929746536267
277400,2112460,10.644367678941524,72.88423596349166,19.092976836523096
277420,2112460,10.69305919919886,72.88442596298881,19.09297901922379
277440,2112460,10.748100243752459,72.88461596251186,19.0929812017288
277460,2112460,10.798470195857657,72.8848059620608,19.092983384038117
277480,2112460,10.850361319090997,72.88499596163561,19.092985566151736
277500,2112460,10.93819265314534,72.8851859612363,19.09298774806967
277520,2112460,11.140262271067803,72.8853759608629,19.09298992979191
277540,2112460,11.440274900859336,72.88556596051535,19.09299211131846
277560,2112460,11.792458091915558,72.8857559601937,19.092994292649312
277580,2112460,12.187578182636395,72.88594595989791,19.09299647378447
277600,2112460,12.615402972183487,72.88613595962799,19.09299865472394
277620,2112460,13.05603616888692,72.88632595938394,19.09300083546771
277640,2112460,13.491271905234633,72.88651595916578,19.093003016015796
277660,2112460,13.927274244839492,72.88670595897345,19.093005196368182
277680,2112460,14.431956691632847,72.886895958807,19.093007376524874
277700,2112460,15.04005280125593,72.88708595866642,19.093009556485878
277720,2112460,15.695075238062879,72.88727595855168,19.093011736251185
277740,2112460,16.368996410719703,72.8874659584628,19.093013915820798
277760,2112460,17.03446026873003,72.88765595839978,19.093016095194713
277780,2112460,17.663887207720293,72.8878459583626,19.093018274372945
277800,2112460,18.23326295528971,72.88803595835128,19.093020453355475
277820,2112460,18.72546261355327,72.88822595836581,19.09302263214231
277840,2112460,19.13309208819988,72.88841595840616,19.09302481073345
277860,2112460,19.461019218994608,72.88860595847237,19.0930269891289
277880,2112460,19.72818355014468,72.88879595856442,19.09302916732866
277900,2112460,19.967953089354747,72.8889859586823,19.09303134533271
277920,2112460,20.23818272575761,72.88917595882602,19.09303352314108
277940,2112460,20.61845958008674,72.88936595899557,19.093035700753752
277960,2112460,21.050784980185302,72.88955595919094,19.093037878170726
277980,2112460,21.521492253204418,72.88974595941217,19.093040055392006
278000,2112460,22.12567428693195,72.88993595965918,19.09304223241759
278020,2112460,22.884689675487806,72.89012595993205,19.093044409247476
278040,2112460,23.663685770806595,72.89031596023072,19.093046585881673
278060,2112460,24.399254764986992,72.89050596055522,19.09304876232017
278080,2112460,25.051699819070688,72.89069596090552,19.09305093856297
278100,2112460,25.59357870501456,72.89088596128165,19.093053114610075
278120,2112460,26.006329920493165,72.8910759616836,19.093055290461486
278140,2112460,26.278439794922413,72.89126596211133,19.0930574661172
278160,2112460,26.404675679185644,72.89145596256489,19.09305964157722
278180,2112460,26.3877306525091,72.89164596304424,19.09306181684154
278200,2112460,26.244639547402155,72.89183596354941,19.093063991910167
278220,2112460,26.020275146272535,72.89202596408037,19.093066166783096
278240,2112460,25.810123480346004,72.89221596463712,19.09306834146033
278260,2112460,25.718619891678323,72.89240596521967,19.093070515941864
278280,2112460,25.708631964759586,72.89259596582802,19.093072690227704
278300,2112460,25.729095652094653,72.89278596646217,19.09307486431785
278320,2112460,25.762039072525916,72.89297596712208,19.093077038212286
278340,2112460,25.801474237744557,72.89316596780779,19.09307921191104
278360,2112460,25.84457848505597,72.89335596851929,19.093081385414088
278380,2112460,25.88823120545749,72.89354596925656,19.093083558721435
278400,2112460,25.927753320869236,72.89373597001962,19.093085731833096
278420,2112460,25.956882969942548,72.89392597080845,19.09308790474905
278440,2112460,25.96858310831563,72.89411597162305,19.093090077469313
278460,2112460,25.956333675859394,72.89430597246343,19.09309224999387
278480,2112460,25.915384758454476,72.89449597332957,19.09309442232274
278500,2112460,25.843388899407696,72.89468597422149,19.093096594455904
278520,2112460,25.74020649827047,72.89487597513917,19.093098766393375
276780,2112480,3.5311366169852887,72.87834368949292,19.093089703060972
276800,2112480,3.9450164996462664,72.87853368839212,19.093091891850335
276820,2112480,4.339882452711249,72.8787236873173,19.093094080444004
276840,2112480,4.670809902410083,72.87891368626843,19.093096268841986
276860,2112480,5.0341214600698505,72.87910368524552,19.09309845704428
276880,2112480,5.433472829840721,72.8792936842486,19.09310064505088
276900,2112480,5.845640345171644,72.8794836832776,19.093102832861785
276920,2112480,6.264782358319156,72.87967368233254,19.093105020477005
276940,2112480,6.700985815685208,72.87986368141345,19.09310720789653
276960,2112480,7.167553553298001,72.88005368052029,19.09310939512037
276980,2112480,7.67205242599205,72.88024367965309,19.09311158214851
277000,2112480,8.212376645119374,72.88043367881183,19.093113768980963
277020,2112480,8.776381625661072,72.88062367799651,19.093115955617723
277040,2112480,9.343980828875068,72.8808136772071,19.093118142058792
277060,2112480,9.893373061742192,72.88100367644365,19.093120328304167
277080,2112480,10.403797927775155,72.88119367570614,19.09312251435385
277100,2112480,10.819843466650418,72.88138367499454,19.09312470020785
277120,2112480,11.10394544068885,72.88157367430887,19.09312688586615
277140,2112480,11.239868033986237,72.88176367364913,19.093129071328757
277160,2112480,11.233891428850734,72.88195367301532,19.09313125659567
277180,2112480,11.113071344350988,72.88214367240742,19.0931334416669
277200,2112480,10.920856153737084,72.88233367182545,19.093135626542427
277220,2112480,10.711297559966884,72.88252367126938,19.093137811222267
277240,2112480,10.541912118829659,72.88271367073924,19.093139995706412
277260,2112480,10.452406382390308,72.882903670235,19.09314217999486
277280,2112480,10.415864718994769,72.88309366975666,19.09314436408762
277300,2112480,10.394164389180329,72.88328366930425,19.093146547984688
277320,2112480,10.392719048762793,72.88347366887774,19.09314873168606
277340,2112480,10.40817444238554,72.88366366847711,19.093150915191735
277360,2112480,10.440254956257897,72.88385366810239,19.093153098501723
277380,2112480,10.49906761361954,72.88404366775359,19.093155281616017
277400,2112480,10.59318729562754,72.88423366743066,19.093157464534613
277420,2112480,10.712673840215745,72.88442366713363,19.09315964725752
277440,2112480,10.826955939845735,72.88461366686249,19.09316182978473
277460,2112480,10.914730923686497,72.88480366661724,19.093164012116247
277480,2112480,10.986527188641869,72.88499366639788,19.093166194252063
277500,2112480,11.077068920882722,72.8851836662044,19.093168376192196
277520,2112480,11.234645614786679,72.8853736660368,19.093170557936624
277540,2112480,11.45518427129865,72.88556366589508,19.093172739485365
277560,2112480,11.71773997288129,72.88575366577922,19.093174920838404
277580,2112480,12.030891851087478,72.88594366568927,19.093177101995757
277600,2112480,12.387994740719199,72.88613366562515,19.093179282957415
277620,2112480,12.761343023258895,72.88632366558693,19.093181463723372
277640,2112480,13.123566150297425,72.88651366557457,19.093183644293635
277660,2112480,13.479599628717727,72.88670366558807,19.0931858246682
277680,2112480,13.885587137235078,72.88689366562744,19.093188004847075
277700,2112480,14.388173360973457,72.88708366569267,19.09319018483025
277720,2112480,14.979958813162792,72.88727366578374,19.09319236461773
277740,2112480,15.639907735577264,72.88746366590068,19.093194544209517
277760,2112480,16.339538645640033,72.88765366604348,19.093196723605608
277780,2112480,17.04756272669672,72.88784366621213,19.093198902806005
277800,2112480,17.730882705026474,72.88803366640661,19.0932010818107
277820,2112480,18.35789219360728,72.88822366662696,19.093203260619703
277840,2112480,18.90210304949467,72.88841366687313,19.093205439233007
277860,2112480,19.34497500670951,72.88860366714516,19.093207617650616
277880,2112480,19.683127123480133,72.88879366744303,19.093209795872525
277900,2112480,19.941230968844202,72.88898366776674,19.09321197389875
277920,2112480,20.185594364950248,72.88917366811627,19.093214151729264
277940,2112480,20.492907120392854,72.88936366849164,19.093216329364086
277960,2112480,20.836111859976906,72.88955366889283,19.093218506803208
277980,2112480,21.216517489941083,72.88974366931987,19.093220684046642
278000,2112480,21.70878783540761,72.88993366977272,19.093222861094368
278020,2112480,22.3292692737174,72.89012367025138,19.093225037946404
278040,2112480,23.006596983011704,72.89031367075589,19.093227214602734
278060,2112480,23.67323193720367,72.8905036712862,19.093229391063378
278080,2112480,24.281612935745187,72.89069367184233,19.093231567328317
278100,2112480,24.798509364183328,72.89088367242428,19.09323374339756
278120,2112480,25.20195188963854,72.89107367303204,19.093235919271105
278140,2112480,25.47961239971397,72.8912636736656,19.09323809494895
278160,2112480,25.62841386980002,72.89145367432498,19.0932402704311
278180,2112480,25.65622298488288,72.89164367501016,19.09324244571755
278200,2112480,25.586520997269094,72.89183367572113,19.093244620808303
278220,2112480,25.465226847706916,72.89202367645792,19.093246795703354
278240,2112480,25.360158645486827,72.89221367722048,19.09324897040271
278260,2112480,25.325127256579897,72.89240367800886,19.093251144906368
278280,2112480,25.357004826262177,72.89259367882303,19.093253319214323
278300,2112480,25.427092707448416,72.892783679663,19.09325549332658
278320,2112480,25.515085418170276,72.89297368052874,19.093257667243137
278340,2112480,25.6103025421587,72.89316368142026,19.093259840964
278360,2112480,25.706464745341822,72.89335368233759,19.093262014489163
278380,2112480,25.7981780327504,72.89354368328068,19.093264187818626
278400,2112480,25.87917575828974,72.89373368424955,19.093266360952388
278420,2112480,25.941854208493417,72.8939236852442,19.09326853389045
278440,2112480,25.97794562197336,72.89411368626463,19.093270706632808
278460,2112480,25.980163647310867,72.89430368731082,19.093272879179473
278480,2112480,25.944064926243904,72.89449368838281,19.093275051530433
278500,2112480,25.86884818772816,72.89468368948054,19.0932772236857
278520,2112480,25.756596231908567,72.89487369060404,19.093279395645258
276780,2112500,3.6055123538977076,72.87834138702573,19.09327033037937
276800,2112500,4.014923737836003,72.87853138613076,19.093272519191
276820,2112500,4.4007780572952475,72.87872138526176,19.093274707806934
276840,2112500,4.743816622599496,72.8789113844187,19.093276896227174
276860,2112500,5.108876814032755,72.87910138360161,19.093279084451723
276880,2112500,5.498043693458502,72.87929138281048,19.09328127248058
276900,2112500,5.89584967802093,72.8794813820453,19.093283460313746
276920,2112500,6.297625239798906,72.87967138130607,19.09328564795122
276940,2112500,6.710590814112361,72.87986138059279,19.093287835393003
276960,2112500,7.145395464337433,72.88005137990544,19.09329002263908
276980,2112500,7.608469065528471,72.88024137924405,19.093292209689476
277000,2112500,8.098279632036704,72.8804313786086,19.093294396544174
277020,2112500,8.605048036733294,72.88062137799909,19.09329658320318
277040,2112500,9.112991753019461,72.88081137741551,19.09329876966649
277060,2112500,9.60457474954071,72.88100137685788,19.093300955934108
277080,2112500,10.056491832651691,72.88119137632619,19.09330314200603
277100,2112500,10.430118590731947,72.8813813758204,19.09330532788226
277120,2112500,10.69189860421538,72.88157137534056,19.09330751356279
277140,2112500,10.822881701795206,72.88176137488662,19.093309699047634
277160,2112500,10.821971960717315,72.88195137445862,19.093311884336778
277180,2112500,10.710559686079025,72.88214137405654,19.09331406943023
277200,2112500,10.532715732406096,72.88233137368039,19.093316254327984
277220,2112500,10.346019936792421,72.88252137333014,19.093318439030046
277240,2112500,10.200083588697707,72.88271137300582,19.093320623536417
277260,2112500,10.121811088673528,72.8829013727074,19.093322807847088
277280,2112500,10.100431452378864,72.88309137243488,19.093324991962064
277300,2112500,10.091617422812112,72.88328137218828,19.093327175881345
277320,2112500,10.113187098004037,72.88347137196757,19.093329359604937
277340,2112500,10.159121187835808,72.88366137177277,19.09333154313283
277360,2112500,10.226588987965934,72.88385137160388,19.09333372646502
277380,2112500,10.32783974193623,72.88404137146088,19.093335909601524
277400,2112500,10.480427959619078,72.88423137134377,19.09333809254233
277420,2112500,10.677434471076962,72.88442137125256,19.09334027528743
277440,2112500,10.860555249957953,72.88461137118725,19.093342457836847
277460,2112500,10.991051166804203,72.8848013711478,19.093344640190562
277480,2112500,11.093300412141918,72.88499137113425,19.093346822348582
277500,2112500,11.208522758915688,72.8851813711466,19.09334900431091
277520,2112500,11.341726970727125,72.88537137118482,19.093351186077534
277540,2112500,11.470166994273065,72.88556137124891,19.093353367648465
277560,2112500,11.636775386393015,72.88575137133888,19.0933555490237
277580,2112500,11.878651762084365,72.88594137145473,19.093357730203234
277600,2112500,12.192246325282213,72.88613137159646,19.093359911187076
277620,2112500,12.533438445440241,72.88632137176404,19.093362091975216
277640,2112500,12.854953394247165,72.8865113719575,19.093364272567662
277660,2112500,13.141072033042233,72.88670137217682,19.093366452964414
277680,2112500,13.444757608250736,72.886891372422,19.093368633165465
277700,2112500,13.84677488612619,72.88708137269305,19.093370813170814
277720,2112500,14.370613135611675,72.88727137298996,19.093372992980473
277740,2112500,15.014150537415839,72.88746137331272,19.09337517259443
277760,2112500,15.743349441475434,72.88765137366133,19.09337735201269
277780,2112500,16.526618492391297,72.8878413740358,19.09337953123525
277800,2112500,17.32068116547296,72.88803137443611,19.09338171026212
277820,2112500,18.08040133514378,72.88822137486227,19.093383889093285
277840,2112500,18.76379954540029,72.88841137531428,19.09338606772875
277860,2112500,19.330271686074468,72.88860137579212,19.09338824616852
277880,2112500,19.755299992522588,72.8887913762958,19.09339042441259
277900,2112500,20.053547260464732,72.88898137682533,19.093392602460966
277920,2112500,20.300356149800223,72.88917137738069,19.093394780313638
277940,2112500,20.55320323025763,72.88936137796188,19.093396957970615
277960,2112500,20.790830405536624,72.8895513785689,19.093399135431888
277980,2112500,21.057806348012935,72.88974137920175,19.09340131269746
278000,2112500,21.428298579371926,72.88993137986041,19.09340348976734
278020,2112500,21.919891354724776,72.89012138054491,19.093405666641523
278040,2112500,22.490496423774456,72.89031138125523,19.093407843319998
278060,2112500,23.08015433756538,72.89050138199137,19.09341001980278
278080,2112500,23.63685102296443,72.89069138275332,19.09341219608985
278100,2112500,24.122484722688245,72.8908813835411,19.093414372181233
278120,2112500,24.512549279593593,72.89107138435467,19.093416548076913
278140,2112500,24.794674993323955,72.89126138519406,19.093418723776892
278160,2112500,24.967746823135403,72.89145138605926,19.09342089928117
278180,2112500,25.042428216064437,72.89164138695025,19.093423074589747
278200,2112500,25.042906371259228,72.89183138786706,19.093425249702626
278220,2112500,25.007442743521707,72.89202138880967,19.09342742461981
278240,2112500,24.98140339280564,72.89221138977807,19.093429599341285
278260,2112500,24.998135950595227,72.89240139077226,19.093431773867056
278280,2112500,25.063821800783312,72.89259139179225,19.093433948197134
278300,2112500,25.16607731215334,72.89278139283803,19.093436122331514
278320,2112500,25.289931244064068,72.8929713939096,19.093438296270183
278340,2112500,25.42399296848594,72.89316139500696,19.093440470013157
278360,2112500,25.5598777575789,72.8933513961301,19.093442643560426
278380,2112500,25.69016509298955,72.89354139727902,19.093444816911997
278400,2112500,25.80673383574384,72.89373139845371,19.093446990067864
278420,2112500,25.899929124494978,72.89392139965419,19.093449163028037
278440,2112500,25.95900910388187,72.89411140088045,19.093451335792494
278460,2112500,25.974456480261118,72.89430140213247,19.093453508361257
278480,2112500,25.941386741944683,72.89449140341026,19.093455680734326
278500,2112500,25.86090782719976,72.89468140471382,19.093457852911683
278520,2112500,25.738001988740496,72.89487140604315,19.09346002489334
276780,2112520,3.566954306837702,72.87833908453258,19.093450957693964
276800,2112520,3.923163634311841,72.87852908384343,19.093453146527857
276820,2112520,4.288801204859874,72.87871908318024,19.093455335166055
276840,2112520,4.681046674199182,72.878909082543,19.09345752360856
276860,2112520,5.09466522544113,72.87909908193173,19.09345971185537
276880,2112520,5.503016703258151,72.87928908134643,19.09346189990649
276900,2112520,5.895162012736844,72.87947908078705,19.093464087761905
276920,2112520,6.2758160441504875,72.87966908025363,19.093466275421633
276940,2112520,6.658829135811164,72.87985907974617,19.093468462885664
276960,2112520,7.058184488925496,72.88004907926465,19.093470650154
276980,2112520,7.481544568474272,72.88023907880908,19.093472837226635
277000,2112520,7.9281385886939155,72.88042907837945,19.093475024103583
277020,2112520,8.389715705239135,72.88061907797575,19.09347721078483
277040,2112520,8.852839776946514,72.880809077598,19.093479397270382
277060,2112520,9.300581132281025,72.88099907724619,19.093481583560237
277080,2112520,9.710700372018898,72.8811890769203,19.093483769654405
277100,2112520,10.054769523980134,72.88137907662033,19.09348595555286
277120,2112520,10.304940886229332,72.8815690763463,19.093488141255637
277140,2112520,10.43936253710456,72.88175907609819,19.09349032676271
277160,2112520,10.446928992589003,72.88194907587602,19.093492512074082
277180,2112520,10.341735532424899,72.88213907567975,19.093494697189765
277200,2112520,10.167721685924986,72.8823290755094,19.093496882109743
277220,2112520,9.989277371332886,72.88251907536498,19.09349906683403
277240,2112520,9.847832157885868,72.88270907524647,19.093501251362625
277260,2112520,9.748082605137894,72.88289907515387,19.093503435695517
277280,2112520,9.718390508049565,72.88308907508718,19.093505619832712
277300,2112520,9.75405093273308,72.88327907504639,19.09350780377421
277320,2112520,9.819637316735182,72.88346907503151,19.09350998752001
277340,2112520,9.898459269236383,72.88365907504254,19.093512171070113
277360,2112520,9.989541003935884,72.88384907507945,19.093514354424517
277380,2112520,10.110484714938327,72.88403907514227,19.09351653758323
277400,2112520,10.293190926189544,72.88422907523099,19.093518720546236
277420,2112520,10.550393752541613,72.8844190753456,19.093520903313554
277440,2112520,10.787178797198179,72.8846090754861,19.093523085885163
277460,2112520,10.948679584164175,72.88479907565248,19.09352526826108
277480,2112520,11.075724621743014,72.88498907584476,19.093527450441297
277500,2112520,11.21232693847838,72.88517907606291,19.093529632425813
277520,2112520,11.345135683596194,72.88536907630696,19.09353181421464
277540,2112520,11.416524863695065,72.88555907657687,19.09353399580776
277560,2112520,11.518579086035231,72.88574907687267,19.093536177205188
277580,2112520,11.716262032066625,72.88593907719435,19.093538358406914
277600,2112520,12.013599742932085,72.88612907754188,19.093540539412942
277620,2112520,12.348113852209085,72.88631907791529,19.09354272022327
277640,2112520,12.655948711078794,72.88650907831457,19.093544900837895
277660,2112520,12.89811997295653,72.88669907873971,19.093547081256823
277680,2112520,13.119105696723171,72.88688907919072,19.093549261480053
277700,2112520,13.430611129744364,72.88707907966759,19.093551441507582
277720,2112520,13.889867999158888,72.88726908017031,19.093553621339414
277740,2112520,14.510240961114253,72.8874590806989,19.093555800975544
277760,2112520,15.252306561441253,72.88764908125334,19.093557980415973
277780,2112520,16.094355823824145,72.88783908183362,19.093560159660704
277800,2112520,16.97829420808077,72.88802908243976,19.093562338709734
277820,2112520,17.84831016808174,72.88821908307173,19.093564517563067
277840,2112520,18.654846134942204,72.88840908372957,19.093566696220694
277860,2112520,19.331444518425933,72.88859908441323,19.093568874682624
277880,2112520,19.84116277721779,72.88878908512274,19.093571052948857
277900,2112520,20.169148293752517,72.88897908585808,19.093573231019384
277920,2112520,20.39878556015925,72.88916908661926,19.09357540889421
277940,2112520,20.594619172255513,72.88935908740628,19.09357758657334
277960,2112520,20.747306231502485,72.88954908821913,19.093579764056766
277980,2112520,20.90503594491267,72.8897390890578,19.093581941344492
278000,2112520,21.174614064276295,72.8899290899223,19.09358411843651
278020,2112520,21.573131493938547,72.89011909081262,19.093586295332834
278040,2112520,22.064266990473076,72.89030909172875,19.09358847203346
278060,2112520,22.5919683101552,72.89049909267072,19.093590648538378
278080,2112520,23.10347881930602,72.8906890936385,19.093592824847594
278100,2112520,23.55931453391258,72.8908790946321,19.09359500096111
278120,2112520,23.93499911034813,72.8910690956515,19.093597176878923
278140,2112520,24.21951764751036,72.89125909669671,19.093599352601032
278160,2112520,24.413508801667405,72.89144909776773,19.093601528127444
278180,2112520,24.528347731054907,72.89163909886456,19.09360370345815
278200,2112520,24.585607868752607,72.89182909998719,19.093605878593156
278220,2112520,24.614918944881424,72.89201910113562,19.093608053532463
278240,2112520,24.647670054196983,72.89220910230985,19.09361022827606
278260,2112520,24.70707081825422,72.89239910350987,19.093612402823958
278280,2112520,24.801508937800925,72.89258910473568,19.093614577176155
278300,2112520,24.92703408102675,72.89277910598729,19.09361675133264
278320,2112520,25.074508652066882,72.89296910726468,19.09361892529343
278340,2112520,25.23446274550343,72.89315910856786,19.09362109905852
278360,2112520,25.398341434300953,72.89334910989682,19.093623272627898
278380,2112520,25.557822143494867,72.89353911125157,19.093625446001578
278400,2112520,25.703543009824006,72.8937291126321,19.093627619179554
278420,2112520,25.823878985190277,72.8939191140384,19.09362979216182
278440,2112520,25.904598240907273,72.894109115470485,19.09363196494839
278460,2112520,25.93172747770459,72.89429911692834,19.093634137539254
278480,2112520,25.898822385903607,72.89448911841195,19.093636309934414
278500,2112520,25.810230145253904,72.89467911992134,19.093638482133873
278520,2112520,25.675108399479676,72.89486912145651,19.093640654137626
276780,2112540,3.490559484890201,72.87833678201348,19.09363158500475
276800,2112540,3.7909540613825357,72.87852678153014,19.09363377386091
276820,2112540,4.129808972400062,72.87871678107278,19.093635962521375
276840,2112540,4.5886617149736235,72.87890678064136,19.09363815098614
276860,2112540,5.056376232636907,72.8790967802359,19.09364033925521
276880,2112540,5.4818876340431775,72.87928677985641,19.093642527328583
276900,2112540,5.859642783317129,72.87947677950285,19.093644715206256
276920,2112540,6.207271930547996,72.87966677917527,19.09364690288824
276940,2112540,6.5508164662592945,72.87985677887362,19.093649090374523
276960,2112540,6.910837190639049,72.88004677859792,19.093651277665106
276980,2112540,7.296497766472253,72.88023677834816,19.093653464759992
277000,2112540,7.706518866495866,72.88042677812435,19.093655651659187
277020,2112540,8.132392851950693,72.88061677792648,19.093657838362677
277040,2112540,8.561112573702506,72.88080677775454,19.093660024870477
277060,2112540,8.97644846854157,72.88099677760853,19.093662211182572
277080,2112540,9.358851586130726,72.88118677748847,19.093664397298973
277100,2112540,9.686086706703938,72.88137677739434,19.09366658321967
277120,2112540,9.935828214709485,72.88156677732611,19.093668768944674
277140,2112540,10.086423803286795,72.88175677728384,19.093670954473982
277160,2112540,10.112718798415612,72.88194677726749,19.093673139807585
277180,2112540,10.020407136849983,72.88213677727704,19.093675324945494
277200,2112540,9.85890584710209,72.88232677731251,19.093677509887705
277220,2112540,9.691270689481682,72.88251677737391,19.093679694634215
277240,2112540,9.5527140510541,72.88270677746122,19.093681879185024
277260,2112540,9.43794419322434,72.88289677757443,19.093684063540145
277280,2112540,9.388157228966493,72.88308677771357,19.093686247699555
277300,2112540,9.446358086471916,72.8832767778786,19.093688431663267
277320,2112540,9.547237929668942,72.88346677806955,19.093690615431278
277340,2112540,9.650552538657479,72.88365677828638,19.093692799003595
277360,2112540,9.75557421933797,72.88384677852913,19.09369498238021
277380,2112540,9.883028219693157,72.88403677879778,19.093697165561128
277400,2112540,10.072170921989953,72.88422677909232,19.093699348546345
277420,2112540,10.324380327053458,72.88441677941275,19.09370153133586
277440,2112540,10.562012444459283,72.88460677975908,19.09370371392968
277460,2112540,10.751089544829966,72.88479678013128,19.093705896327794
277480,2112540,10.903569936681235,72.88498678052939,19.093708078530213
277500,2112540,11.03835431548787,72.88517678095336,19.09371026053693
277520,2112540,11.168224825196507,72.88536678140322,19.093712442347943
277540,2112540,11.259082717062922,72.88555678187896,19.09371462396326
277560,2112540,11.364978107668815,72.88574678238058,19.093716805382872
277580,2112540,11.554107552004123,72.88593678290808,19.093718986606785
277600,2112540,11.834730803185503,72.88612678346144,19.093721167634996
277620,2112540,12.155036731111908,72.88631678404067,19.09372334846751
277640,2112540,12.448054860078406,72.88650678464577,19.093725529104322
277660,2112540,12.679304019387427,72.88669678527674,19.09372770954543
277680,2112540,12.874485639195775,72.88688678593357,19.093729889790843
277700,2112540,13.142076199171528,72.88707678661628,19.09373206984055
277720,2112540,13.555255184157893,72.88726678732482,19.093734249694553
277740,2112540,14.132641281768908,72.88745678805923,19.09373642935285
277760,2112540,14.874358287758575,72.88764678881948,19.093738608815453
277780,2112540,15.743466531384508,72.8878367896056,19.09374078808235
277800,2112540,16.67763262432402,72.88802679041756,19.09374296715355
277820,2112540,17.613978904128864,72.88821679125537,19.093745146029047
277840,2112540,18.493208502652777,72.88840679211901,19.09374732470884
277860,2112540,19.25100981263298,72.88859679300852,19.09374950319293
277880,2112540,19.834137740760433,72.88878679392384,19.093751681481315
277900,2112540,20.18038301372215,72.88897679486502,19.093753859574
277920,2112540,20.370604399385925,72.88916679583203,19.093756037470982
277940,2112540,20.485174547015834,72.88935679682487,19.093758215172265
277960,2112540,20.561201411765857,72.88954679784354,19.09376039267784
277980,2112540,20.66002238501692,72.88973679888802,19.09376256998771
278000,2112540,20.87952808197835,72.88992679995835,19.093764747101883
278020,2112540,21.235665646420806,72.8901168010545,19.093766924020347
278040,2112540,21.688853182096974,72.89030680217647,19.093769100743113
278060,2112540,22.182207291299015,72.89049680332425,19.093771277270168
278080,2112540,22.66351057504813,72.89068680449788,19.09377345360153
278100,2112540,23.09546371243404,72.89087680569729,19.09377562973718
278120,2112540,23.45706129678934,72.89106680692251,19.09377780567713
278140,2112540,23.74071056518286,72.89125680817355,19.093779981421378
278160,2112540,23.94915642629847,72.8914468094504,19.09378215696991
278180,2112540,24.09359379079705,72.89163681075306,19.09378433232275
278200,2112540,24.19219538007443,72.89182681208152,19.093786507479884
278220,2112540,24.26760352703385,72.89201681343577,19.09378868244131
278240,2112540,24.342474200797994,72.89220681481582,19.09379085720703
278260,2112540,24.434043939344555,72.89239681622166,19.093793031777054
278280,2112540,24.55068979614365,72.89258681765331,19.093795206151366
278300,2112540,24.69252950182321,72.89277681911075,19.093797380329967
278320,2112540,24.854655008764205,72.89296682059398,19.093799554312874
278340,2112540,25.0301461026705,72.89315682210298,19.09380172810008
278360,2112540,25.211495803191685,72.89334682363778,19.09380390169156
278380,2112540,25.390630929263324,72.89353682519835,19.09380607508735
278400,2112540,25.558056993950103,72.89372682678471,19.09380824828744
278420,2112540,25.701330274074433,72.89391682839684,19.09381042129181
278440,2112540,25.80286674165189,72.89410683003474,19.093812594100488
278460,2112540,25.840517216180338,72.89429683169843,19.093814766713447
278480,2112540,25.803712439834634,72.89448683338787,19.093816939130704
278500,2112540,25.70412444886091,72.8946768351031,19.093819111352257
278520,2112540,25.556617689186094,72.89486683684407,19.09382128337811
276800,2112560,3.7560494344434288,72.87852447919089,19.093814401190166
276820,2112560,4.119013445653769,72.87871447893933,19.093816589872894
276840,2112560,4.578868423854838,72.87890447871375,19.093818778359918
276860,2112560,5.053493084114916,72.8790944785141,19.09382096665125
276880,2112560,5.465500893355563,72.87928447834044,19.09382315474688
276900,2112560,5.802205673007385,72.8794744781927,19.093825342646817
276920,2112560,6.095270037080662,72.87966447807095,19.093827530351046
276940,2112560,6.3873500471240305,72.87985447797512,19.09382971785958
276960,2112560,6.705437766767349,72.88004447790524,19.09383190517242
276980,2112560,7.057052088138075,72.88023447786131,19.093834092289555
277000,2112560,7.437398878180165,72.8804244778433,19.09383627921099
277020,2112560,7.835780225857498,72.88061447785127,19.093838465936727
277040,2112560,8.238682492034632,72.88080447788515,19.093840652466763
277060,2112560,8.630747333853831,72.88099447794498,19.0938428388011
277080,2112560,8.994968018145075,72.88118447803072,19.09384502493974
277100,2112560,9.313223860397741,72.88137447814242,19.093847210882675
277120,2112560,9.567300291783463,72.88156447828001,19.093849396629917
277140,2112560,9.73832486327817,72.88175447844357,19.09385158218145
277160,2112560,9.795470955755707,72.88194447863302,19.093853767537283
277180,2112560,9.73907490438041,72.88213447884841,19.093855952697425
277200,2112560,9.621687675933458,72.88232447908972,19.093858137661858
277220,2112560,9.484958458757198,72.88251447935693,19.093860322430597
277240,2112560,9.352546345661581,72.88270447965006,19.093862507003628
277260,2112560,9.235765732630473,72.8828944799691,19.093864691380958
277280,2112560,9.170538038711241,72.88308448031405,19.093866875562593
277300,2112560,9.209592460654791,72.88327448068492,19.09386905954852
277320,2112560,9.312218429838126,72.88346448108169,19.093871243338754
277340,2112560,9.423176570655361,72.88365448150435,19.09387342693328
277360,2112560,9.539431300093135,72.88384448195292,19.093875610332105
277380,2112560,9.681875129108652,72.8840344824274,19.093877793535228
277400,2112560,9.871296987106327,72.88422448292775,19.093879976542652
277420,2112560,10.097104321242451,72.884414483454,19.093882159354376
277440,2112560,10.319337573264068,72.88460448400616,19.093884341970398
277460,2112560,10.510958873517183,72.88479448458419,19.09388652439071
277480,2112560,10.668200217090366,72.8849844851881,19.093888706615328
277500,2112560,10.801036533591121,72.88517448581791,19.09389088864424
277520,2112560,10.921239726395715,72.8853644864736,19.09389307047745
277540,2112560,11.034737010010634,72.88555448715516,19.093895252114955
277560,2112560,11.174010777172688,72.88574448786261,19.093897433556755
277580,2112560,11.376567078444584,72.88593448859594,19.09389961480286
277600,2112560,11.64274902535503,72.88612448935511,19.09390179585326
277620,2112560,11.935429656766235,72.88631449014018,19.093903976707956
277640,2112560,12.206471247351125,72.88650449095111,19.09390615736695
277660,2112560,12.433122235110352,72.8866944917879,19.09390833783024
277680,2112560,12.640552940209348,72.88688449265057,19.09391051809783
277700,2112560,12.89996881098775,72.88707449353909,19.09391269816971
277720,2112560,13.278219824403493,72.88726449445346,19.09391487804589
277740,2112560,13.826559667176321,72.8874544953937,19.09391705772636
277760,2112560,14.567126475129525,72.88764449635978,19.093919237211132
277780,2112560,15.445646102563604,72.88783449735172,19.0939214165002
277800,2112560,16.396682079909983,72.88802449836952,19.093923595593562
277820,2112560,17.35695004450637,72.88821449941315,19.09392577449123
277840,2112560,18.264690960212562,72.88840450048262,19.09392795319318
277860,2112560,19.057497183414323,72.88859450157794,19.09393013169943
277880,2112560,19.671644874467976,72.88878450269911,19.09393231000998
277900,2112560,20.046170509941906,72.8889745038461,19.093934488124823
277920,2112560,20.195680704698404,72.88916450501894,19.093936666043955
277940,2112560,20.231235062401023,72.88935450621761,19.093938843767386
277960,2112560,20.237397196272596,72.88954450744211,19.09394102129512
277980,2112560,20.306629965888142,72.88973450869243,19.09394319862714
278000,2112560,20.525461436687465,72.88992450996858,19.093945375763454
278020,2112560,20.890119792633694,72.89011451127057,19.09394755270407
278040,2112560,21.346887164526606,72.89030451259836,19.093949729448973
278060,2112560,21.83443985535424,72.89049451395198,19.093951905998175
278080,2112560,22.301062018337163,72.89068451533142,19.093954082351665
278100,2112560,22.7147404398288,72.89087451673666,19.09395625850946
278120,2112560,23.061771446987873,72.89106451816771,19.093958434471542
278140,2112560,23.340283870892797,72.8912545196246,19.093960610237918
278160,2112560,23.55567320983524,72.89144452110727,19.093962785808586
278180,2112560,23.718741636606268,72.89163452261575,19.093964961183552
278200,2112560,23.844526701251663,72.89182452415004,19.09396713636281
278220,2112560,23.950434594306493,72.89201452571012,19.09396931134636
278240,2112560,24.053369077764312,72.89220452729602,19.09397148613421
278260,2112560,24.166603121356644,72.89239452890769,19.093973660726345
278280,2112560,24.297775211016717,72.89258453054516,19.09397583512278
278300,2112560,24.44886169168847,72.89277453220843,19.0939780093235
278320,2112560,24.61763749958203,72.89296453389748,19.093980183328522
278340,2112560,24.799395752001956,72.89315453561233,19.093982357137836
278360,2112560,24.988044465207523,72.89334453735295,19.09398453075143
278380,2112560,25.176367401554373,72.89353453911934,19.093986704169332
278400,2112560,25.35555208193416,72.89372454091153,19.093988877391524
278420,2112560,25.513929423536084,72.8939145427295,19.093991050418
278440,2112560,25.63387988799072,72.89410454457324,19.093993223248773
278460,2112560,25.68224054440733,72.89429454644275,19.093995395883837
278480,2112560,25.636233639204196,72.89448454833804,19.093997568323196
278500,2112560,25.526166227164154,72.89467455025908,19.09399974056685
278520,2112560,25.370118726860635,72.8948645522059,19.094001912614786
276800,2112580,3.783603075558745,72.87852217682568,19.093995028515607
276820,2112580,4.177097162678253,72.87871217677996,19.0939972172206
276840,2112580,4.6298541932282316,72.87890217676018,19.09399940572989
276860,2112580,5.085298838381341,72.87909217676636,19.09400159404348
276880,2112580,5.456097350704539,72.87928217679851,19.094003782161373
276900,2112580,5.717981798344134,72.87947217685662,19.09400597008356
276920,2112580,5.931141338659163,72.87966217694067,19.09400815781005
276940,2112580,6.1632926417782246,72.87985217705067,19.094010345340838
276960,2112580,6.442690318221758,72.88004217718661,19.094012532675922
276980,2112580,6.767765724723797,72.8802321773485,19.094014719815306
277000,2112580,7.126433651298749,72.88042217753633,19.094016906758984
277020,2112580,7.504791703086386,72.88061217775011,19.09401909350697
277040,2112580,7.888833668722179,72.88080217798982,19.09402128005925
277060,2112580,8.26427578445988,72.88099217825547,19.094023466415823
277080,2112580,8.616268433187846,72.88118217854705,19.0940256525767
277100,2112580,8.929400166293304,72.88137217886457,19.094027838541873
277120,2112580,9.187663557088536,72.881562179208,19.09403002431134
277140,2112580,9.373340539922207,72.88175217957735,19.094032209885114
277160,2112580,9.468174440333405,72.88194217997264,19.09403439526318
277180,2112580,9.475114588111484,72.88213218039385,19.09403658044554
277200,2112580,9.422568679843753,72.88232218084097,19.094038765432206
277220,2112580,9.336558580030633,72.88251218131403,19.09404095022316
277240,2112580,9.231990540748011,72.88270218181297,19.09404313481842
277260,2112580,9.122244736972778,72.88289218233786,19.094045319217976
277280,2112580,9.038351323184953,72.88308218288863,19.09404750342182
277300,2112580,9.027728554354773,72.88327218346532,19.09404968742997
277320,2112580,9.096107409433202,72.88346218406792,19.094051871242414
277340,2112580,9.205974909929397,72.88365218469642,19.094054054859157
277360,2112580,9.337519811738334,72.8838421853508,19.094056238280192
277380,2112580,9.495718561180327,72.88403218603109,19.094058421505526
277400,2112580,9.684741546614216,72.88422218673729,19.094060604535155
277420,2112580,9.8938020698364,72.88441218746937,19.09406278736908
277440,2112580,10.099146984081631,72.88460218822735,19.094064970007302
277460,2112580,10.280657827955718,72.88479218901121,19.094067152449817
277480,2112580,10.431079630254832,72.88498218982096,19.09406933469663
277500,2112580,10.555587065371657,72.88517219065659,19.094071516747743
277520,2112580,10.668611278284217,72.88536219151811,19.094073698603147
277540,2112580,10.79416875523058,72.88555219240551,19.094075880262842
277560,2112580,10.962819417959452,72.88574219331878,19.09407806172684
277580,2112580,11.187461326328833,72.88593219425792,19.094080242995126
277600,2112580,11.45359222642241,72.88612219522294,19.094082424067714
277620,2112580,11.73104940490312,72.88631219621384,19.094084604944594
277640,2112580,11.989860866813908,72.88650219723058,19.094086785625777
277660,2112580,12.219004164196642,72.88669219827321,19.094088966111237
277680,2112580,12.438398079500764,72.8868821993417,19.094091146401002
277700,2112580,12.694648369332285,72.88707220043605,19.094093326495063
277720,2112580,13.046916728775594,72.88726220155625,19.09409550639342
277740,2112580,13.578803975478369,72.88745220270232,19.094097686096067
277760,2112580,14.313505816263527,72.88764220387422,19.09409986560301
277780,2112580,15.183762826127031,72.887832205072,19.094102044914248
277800,2112580,16.12436609747169,72.88802220629562,19.094104224029774
277820,2112580,17.076151368630324,72.88821220754508,19.094106402949595
277840,2112580,17.97957259346194,72.88840220882038,19.09410858167372
277860,2112580,18.772408148788728,72.88859221012154,19.094110760202128
277880,2112580,19.391087048426137,72.88878221144853,19.09411293853484
277900,2112580,19.770339199705695,72.88897221280136,19.09411511667183
277920,2112580,19.896890521486696,72.88916221418003,19.094117294613124
277940,2112580,19.88735378067451,72.88935221558452,19.09411947235871
277960,2112580,19.849834642288634,72.88954221701486,19.094121649908583
277980,2112580,19.89429624082512,72.88973221847101,19.094123827262752
278000,2112580,20.14530147657174,72.889922219953,19.09412600442122
278020,2112580,20.551354288682674,72.89011222146081,19.094128181383976
278040,2112580,21.039585502930148,72.89030222299444,19.094130358151027
278060,2112580,21.541339263596264,72.89049222455388,19.094132534722362
278080,2112580,22.00265953028557,72.89068222613915,19.094134711098
278100,2112580,22.399294025712816,72.89087222775022,19.094136887277926
278120,2112580,22.729337567501865,72.89106222938712,19.09413906326214
278140,2112580,22.998227597205542,72.89125223104983,19.094141239050654
278160,2112580,23.213763211721893,72.89144223273833,19.094143414643455
278180,2112580,23.3860223496225,72.89163223445264,19.094145590040547
278200,2112580,23.5272993291494,72.89182223619277,19.094147765241935
278220,2112580,23.65108446440848,72.89201223795868,19.094149940247608
278240,2112580,23.77029435897921,72.8922022397504,19.094152115057575
278260,2112580,23.895377638554926,72.89239224156792,19.094154289671838
278280,2112580,24.03303807285783,72.89258224341123,19.094156464090386
278300,2112580,24.18599336125081,72.89277224528033,19.094158638313232
278320,2112580,24.353593426020367,72.8929622471752,19.094160812340363
278340,2112580,24.532735316354344,72.89315224909588,19.09416298617179
278360,2112580,24.71855593912154,72.89334225104233,19.094165159807503
278380,2112580,24.904645727292078,72.89353225301458,19.09416733324751
278400,2112580,25.082702635181384,72.89372225501259,19.094169506491802
278420,2112580,25.24145001581391,72.89391225703639,19.094171679540388
278440,2112580,25.363783682486023,72.89410225908597,19.094173852393265
278460,2112580,25.415290224212047,72.89429226116131,19.094176025050427
278480,2112580,25.36912776267251,72.89448226326242,19.094178197511887
278500,2112580,25.260225143539103,72.8946722653893,19.09418036977763
278520,2112580,25.105192200127547,72.89486226754195,19.094182541847672
276820,2112600,4.210752470610878,72.87870987459459,19.094177844564502
276840,2112600,4.656962692044176,72.87889987478066,19.094180033096055
276860,2112600,5.094693229886199,72.87908987499267,19.0941822214319
276880,2112600,5.4207070297174775,72.87927987523064,19.094184409572055
276900,2112600,5.575414825423221,72.87946987549456,19.094186597516494
276920,2112600,5.693206750508114,72.87965987578444,19.09418878526524
276940,2112600,5.872282766465031,72.87984987610027,19.094190972818275
276960,2112600,6.127474191425264,72.88003987644204,19.094193160175614
276980,2112600,6.437724724699318,72.88022987680976,19.094195347337244
277000,2112600,6.782772974016526,72.88041987720342,19.094197534303174
277020,2112600,7.147016240128007,72.88060987762302,19.094199721073398
277040,2112600,7.517089232551142,72.88079987806856,19.09420190764792
277060,2112600,7.880279847530755,72.88098987854003,19.09420409402674
277080,2112600,8.22382320229855,72.88117987903745,19.094206280209853
277100,2112600,8.534689485002836,72.88136987956076,19.09420846619726
277120,2112600,8.79959647932787,72.88155988011005,19.094210651988963
277140,2112600,9.005582062274648,72.88174988068522,19.094212837584966
277160,2112600,9.143723360319493,72.88193988128636,19.09421502298527
277180,2112600,9.21679623018407,72.88212988191339,19.094217208189857
277200,2112600,9.23817444939098,72.88231988256634,19.094219393198745
277220,2112600,9.219219613482032,72.8825098832452,19.094221578011933
277240,2112600,9.162268065671798,72.88269988395,19.094223762629408
277260,2112600,9.070216798027863,72.8828898846807,19.09422594705118
277280,2112600,8.967220997270665,72.88307988543731,19.094228131277248
277300,2112600,8.902053903888337,72.88326988621982,19.09423031530761
277320,2112600,8.924965799989723,72.88345988702824,19.094232499142276
277340,2112600,9.022346869027729,72.88364988786257,19.094234682781224
277360,2112600,9.159985749341427,72.88383988872279,19.094236866224467
277380,2112600,9.327433212359221,72.88402988960891,19.09423904947201
277400,2112600,9.518083544568064,72.88421989052094,19.09424123252385
277420,2112600,9.7192968486317,72.88440989145884,19.094243415379978
277440,2112600,9.91342023372846,72.88459989242266,19.094245598040402
277460,2112600,10.085032994703782,72.88478989341235,19.094247780505118
277480,2112600,10.226937776232651,72.88497989442791,19.09424996277413
277500,2112600,10.342387390867708,72.88516989546939,19.094252144847438
277520,2112600,10.4467683984968,72.88535989653673,19.094254326725036
277540,2112600,10.57416874864958,72.88554989762996,19.094256508406925
277560,2112600,10.76861588799203,72.88573989874907,19.09425868989311
277580,2112600,11.021701316103712,72.88592989989404,19.09426087118359
277600,2112600,11.299282310694059,72.88611990106489,19.09426305227836
277620,2112600,11.575371140202735,72.8863099022616,19.09426523317743
277640,2112600,11.832703389800864,72.8864999034842,19.094267413880786
277660,2112600,12.068935083125904,72.88668990473265,19.094269594388436
277680,2112600,12.301737998808369,72.88687990600697,19.09427177470038
277700,2112600,12.56705820617416,72.88706990730715,19.094273954816618
277720,2112600,12.916390486278306,72.88725990863318,19.094276134737147
277740,2112600,13.422007662131064,72.88744990998508,19.09427831446197
277760,2112600,14.123103453068445,72.88763991136283,19.09428049399108
277780,2112600,14.95621946518542,72.88782991276642,19.094282673324482
277800,2112600,15.857045924555237,72.88801991419588,19.094284852462177
277820,2112600,16.7736459829549,72.88820991565117,19.094287031404168
277840,2112600,17.649068447194484,72.88839991713232,19.09428921015045
277860,2112600,18.420329479376555,72.8885899186393,19.094291388701023
277880,2112600,19.021774765836433,72.88877992017213,19.094293567055885
277900,2112600,19.392976704189373,72.88896992173078,19.09429574521504
277920,2112600,19.517517664841524,72.88915992331528,19.094297923178484
277940,2112600,19.50562792590411,72.88934992492561,19.09430010094622
277960,2112600,19.472161852049823,72.88953992656178,19.09430227851825
277980,2112600,19.529872137498483,72.88972992822377,19.094304455894566
278000,2112600,19.796876579989863,72.88991992991157,19.09430663307518
278020,2112600,20.243372034766814,72.89010993162522,19.094308810060078
278040,2112600,20.770302860467265,72.89029993336469,19.094310986849273
278060,2112600,21.295347865107217,72.89048993512996,19.094313163442756
278080,2112600,21.751539512466916,72.89067993692106,19.094315339840527
278100,2112600,22.126879899148,72.89086993873798,19.094317516042587
278120,2112600,22.437270253004097,72.8910599405807,19.094319692048945
278140,2112600,22.693902974083457,72.89124994244924,19.094321867859584
278160,2112600,22.905133693491962,72.89143994434359,19.094324043474515
278180,2112600,23.079720370255057,72.89162994626373,19.09432621889374
278200,2112600,23.227605345116274,72.89181994820969,19.094328394117248
278220,2112600,23.359383466098087,72.89200995018143,19.09433056914505
278240,2112600,23.485161576957566,72.89219995217898,19.094332743977144
278260,2112600,23.613333858729682,72.89238995420233,19.094334918613523
278280,2112600,23.749705652439026,72.89257995625148,19.094337093054197
278300,2112600,23.897189872035366,72.89276995832643,19.09433926729915
278320,2112600,24.056007055971925,72.89295996042713,19.094341441348398
278340,2112600,24.224110196717028,72.89314996255365,19.094343615201936
278360,2112600,24.397524860325706,72.89333996470594,19.094345788859762
278380,2112600,24.570379561768352,72.89352996688402,19.094347962321873
278400,2112600,24.734460264163705,72.89371996908787,19.094350135588275
278420,2112600,24.87802725320905,72.8939099713175,19.09435230865897
278440,2112600,24.983452362549095,72.8940999735729,19.094354481533948
278460,2112600,25.026538224334494,72.8942899758541,19.09435665421321
278480,2112600,24.994816846758624,72.89447997816104,19.09435882669677
278500,2112600,24.90082989210038,72.89466998049376,19.094360998984612
278520,2112600,24.757488509529992,72.89485998285225,19.09436317107674
276840,2112620,4.587215400677149,72.87889757277516,19.094360660458417
276860,2112620,4.982765579311274,72.87908757319302,19.094362848816527
276880,2112620,5.2560379775537145,72.87927757363681,19.09436503697893
276900,2112620,5.3221370723320804,72.87946757410657,19.094367224945632
276920,2112620,5.367142847166645,72.87965757460226,19.094369412716627
276940,2112620,5.525415377805384,72.87984757512393,19.094371600291918
276960,2112620,5.778677665871223,72.88003757567154,19.094373787671508
276980,2112620,6.083671183715229,72.88022757624508,19.09437597485538
277000,2112620,6.41941144898928,72.88041757684456,19.094378161843558
277020,2112620,6.77217172262553,72.88060757747,19.09438034863603
277040,2112620,7.130525323113698,72.88079757812136,19.094382535232793
277060,2112620,7.483696187545713,72.88098757879867,19.094384721633855
277080,2112620,7.820995604477826,72.88117757950191,19.0943869078392
277100,2112620,8.131801498964755,72.88136758023107,19.094389093848847
277120,2112620,8.406014219287698,72.88155758098617,19.094391279662787
277140,2112620,8.635336023007724,72.88174758176719,19.09439346528102
277160,2112620,8.815847953277142,72.88193758257412,19.09439565070355
277180,2112620,8.95029476409833,72.882127583407,19.09439783593037
277200,2112620,9.045448338463983,72.88231758426578,19.094400020961487
277220,2112620,9.103264195223794,72.88250758515048,19.09440220579689
277240,2112620,9.111222440451689,72.8826975860611,19.094404390436598
277260,2112620,9.049015741386224,72.88288758699763,19.094406574880587
277280,2112620,8.934492338122297,72.88307758796007,19.09440875912887
277300,2112620,8.833410267030402,72.88326758894841,19.094410943181455
277320,2112620,8.811615924674895,72.88345758996266,19.09441312703833
277340,2112620,8.882332804671156,72.88364759100283,19.094415310699496
277360,2112620,9.013372984466175,72.88383759206889,19.094417494164947
277380,2112620,9.184402817067404,72.88402759316084,19.094419677434697
277400,2112620,9.378736920273166,72.88421759427868,19.094421860508742
277420,2112620,9.57964916263752,72.88440759542243,19.094424043387075
277440,2112620,9.770743806199508,72.88459759659207,19.0944262260697
277460,2112620,9.939127239866314,72.8847875977876,19.094428408556617
277480,2112620,10.078907059877192,72.88497759900899,19.09443059084783
277500,2112620,10.193354270462251,72.8851676002563,19.094432772943332
277520,2112620,10.296697857269274,72.88535760152948,19.094434954843127
277540,2112620,10.421141033034004,72.88554760282854,19.09443713654721
277560,2112620,10.641881339671443,72.88573760415348,19.094439318055585
277580,2112620,10.919861527032525,72.88592760550428,19.09444149936826
277600,2112620,11.208307267512916,72.88611760688096,19.094443680485213
277620,2112620,11.487058064523456,72.88630760828352,19.09444586140646
277640,2112620,11.74690399088567,72.88649760971194,19.094448042132004
277660,2112620,11.991273857070967,72.88668761116622,19.09445022266183
277680,2112620,12.23826761374645,72.88687761264639,19.09445240299596
277700,2112620,12.519805678252421,72.88706761415239,19.094454583134368
277720,2112620,12.878251189530824,72.88725761568426,19.09445676307707
277740,2112620,13.361656620907613,72.88744761724199,19.094458942824062
277760,2112620,13.999317522087082,72.88763761882556,19.094461122375346
277780,2112620,14.755225826984374,72.887827620435,19.094463301730926
277800,2112620,15.587414914211017,72.8880176220703,19.094465480890786
277820,2112620,16.448863247354495,72.88820762373142,19.09446765985494
277840,2112620,17.28214146339473,72.8883976254184,19.094469838623382
277860,2112620,18.022026964624764,72.88858762713122,19.09447201719611
277880,2112620,18.599521431786158,72.88877762886987,19.094474195573135
277900,2112620,18.955858449961525,72.88896763063437,19.09447637375445
277920,2112620,19.095010481622406,72.88915763242471,19.094478551740046
277940,2112620,19.116634496075925,72.88934763424086,19.09448072952994
277960,2112620,19.124480807084584,72.88953763608286,19.094482907124117
277980,2112620,19.217233747738796,72.8897276379507,19.094485084522585
278000,2112620,19.50286235199515,72.88991763984434,19.094487261725344
278020,2112620,19.972228600086456,72.89010764176382,19.094489438732385
278040,2112620,20.52289114313068,72.89029764370912,19.09449161554372
278060,2112620,21.071935298046377,72.89048764568024,19.094493792159344
278080,2112620,21.51508154560706,72.89067764767718,19.094495968579256
278100,2112620,21.867608807407073,72.89086764969993,19.094498144803456
278120,2112620,22.1618557655288,72.89105765174848,19.094500320831944
278140,2112620,22.408224351992853,72.89124765382284,19.094502496664717
278160,2112620,22.614048689700407,72.89143765592303,19.09450467230178
278180,2112620,22.78690118904335,72.89162765804902,19.094506847743133
278200,2112620,22.935114951647897,72.8918176602008,19.09450902298877
278220,2112620,23.067361941411335,72.8920076623784,19.094511198038695
278240,2112620,23.191863814893395,72.89219766458179,19.09451337289291
278260,2112620,23.315570262454887,72.89238766681098,19.09451554755141
278280,2112620,23.44354415025358,72.89257766906596,19.0945177220142
278300,2112620,23.578670576943885,72.89276767134672,19.094519896281277
278320,2112620,23.72165615725457,72.89295767365329,19.09452207035264
278340,2112620,23.871169053635832,72.89314767598563,19.094524244228285
278360,2112620,24.02393369450645,72.89333767834377,19.09452641790822
278380,2112620,24.174622684334313,72.89352768072767,19.094528591392447
278400,2112620,24.315444304108823,72.89371768313737,19.09453076468095
278420,2112620,24.43545305768223,72.89390768557284,19.094532937773753
278440,2112620,24.520246800739102,72.8940976880341,19.094535110670837
278460,2112620,24.554797173303363,72.89428769052111,19.094537283372205
278480,2112620,24.531664228850477,72.89447769303389,19.094539455877854
278500,2112620,24.45434950497905,72.89466769557245,19.09454162818779
278520,2112620,24.328586191212082,72.89485769813678,19.09454380030202
276860,2112640,4.7180055558169185,72.8790852713674,19.094543476197344
276880,2112640,4.918649838931481,72.87927527201703,19.094545664382007
276900,2112640,4.98411263078371,72.87946527269261,19.094547852370965
276920,2112640,5.020678647280349,72.87965527339415,19.094550040164215
276940,2112640,5.180453055330862,72.87984527412164,19.09455222776176
276960,2112640,5.430848734165429,72.88003527487507,19.094554415163596
276980,2112640,5.726631336156571,72.88022527565444,19.09455660236972
277000,2112640,6.050263385170936,72.88041527645976,19.094558789380145
277020,2112640,6.390093655923532,72.88060527729104,19.09456097619486
277040,2112640,6.736347310586819,72.88079527814823,19.094563162813866
277060,2112640,7.079839953667892,72.88098527903136,19.094565349237165
277080,2112640,7.411591347673174,72.88117527994042,19.09456753546475
277100,2112640,7.722977074160391,72.88136528087543,19.094569721496637
277120,2112640,8.006409820101144,72.88155528183636,19.09457190733281
277140,2112640,8.256622043229704,72.8817452828232,19.094574092973275
277160,2112640,8.472263647993238,72.88193528383599,19.094576278418035
277180,2112640,8.656475104078059,72.88212528487469,19.094578463667084
277200,2112640,8.814327712467932,72.88231528593931,19.094580648720427
277220,2112640,8.945779299982293,72.88250528702983,19.09458283357806
277240,2112640,9.031562284323854,72.88269528814628,19.09458501823998
277260,2112640,9.010185477903109,72.88288528928865,19.09458720270619
277280,2112640,8.886998646313963,72.88307529045692,19.0945893869767
277300,2112640,8.769619555442384,72.8832652916511,19.094591571051495
277320,2112640,8.72219552475754,72.88345529287119,19.09459375493058
277340,2112640,8.766433849118986,72.88364529411719,19.09459593861396
277360,2112640,8.890686996982168,72.88383529538908,19.094598122101623
277380,2112640,9.067010926322114,72.88402529668686,19.094600305393584
277400,2112640,9.269601027440377,72.88421529801055,19.094602488489834
277420,2112640,9.47752514825524,72.88440529936013,19.09460467139037
277440,2112640,9.674104164588563,72.88459530073558,19.094606854095197
277460,2112640,9.847957340580377,72.88478530213696,19.094609036604318
277480,2112640,9.995371778845929,72.8849753035642,19.09461121891773
277500,2112640,10.122372933125611,72.88516530501732,19.094613401035428
277520,2112640,10.246474625894571,72.88535530649634,19.094615582957413
277540,2112640,10.40152441226363,72.88554530800124,19.094617764683694
277560,2112640,10.627700972082584,72.88573530953201,19.09461994621426
277580,2112640,10.905045404205666,72.88592531108864,19.094622127549115
277600,2112640,11.192906802031107,72.88611531267118,19.09462430868826
277620,2112640,11.469845837511594,72.88630531427955,19.094626489631693
277640,2112640,11.729125215622474,72.88649531591382,19.094628670379414
277660,2112640,11.976778376449131,72.88668531757394,19.09463085093143
277680,2112640,12.23096565130902,72.88687531925993,19.09463303128773
277700,2112640,12.520645819084088,72.88706532097177,19.09463521144832
277720,2112640,12.881856786605656,72.88725532270948,19.094637391413197
277740,2112640,13.343071948137503,72.88744532447305,19.094639571182363
277760,2112640,13.893595240206551,72.88763532626247,19.09464175075582
277780,2112640,14.548926262411328,72.88782532807774,19.094643930133564
277800,2112640,15.29885771392309,72.88801532991886,19.094646109315587
277820,2112640,16.09707747943505,72.88820533178581,19.094648288301908
277840,2112640,16.882898307152022,72.88839533367863,19.09465046709251
277860,2112640,17.58940159685156,72.8885853355973,19.094652645687404
277880,2112640,18.142487675022316,72.88877533754179,19.094654824086586
277900,2112640,18.481807882256874,72.88896533951213,19.094657002290052
277920,2112640,18.64616992787397,72.8891553415083,19.09465918029781
277940,2112640,18.718910028972736,72.88934534353028,19.094661358109857
277960,2112640,18.79079103868191,72.88953534557814,19.094663535726184
277980,2112640,18.947988538766154,72.88972534765179,19.0946657131468
278000,2112640,19.258859025036013,72.88991534975128,19.094667890371706
278020,2112640,19.71945354402236,72.8901053518766,19.094670067400894
278040,2112640,20.260281046397292,72.89029535402774,19.09467224423437
278060,2112640,20.79696164753623,72.89048535620469,19.094674420872135
278080,2112640,21.240856553503527,72.89067535840746,19.09467659731418
278100,2112640,21.59395653741923,72.89086536063606,19.09467877356052
278120,2112640,21.885298962048942,72.89105536289044,19.094680949611142
278140,2112640,22.127573699242863,72.89124536517066,19.094683125466048
278160,2112640,22.329289962108643,72.89143536747667,19.094685301125246
278180,2112640,22.498292414719867,72.89162536980851,19.094687476588724
278200,2112640,22.642436904562352,72.89181537216614,19.094689651856488
278220,2112640,22.769425780820885,72.89200537454956,19.09469182692854
278240,2112640,22.886358148118134,72.8921953769588,19.09469400180488
278260,2112640,22.999239054833197,72.89238537939382,19.0946961764855
278280,2112640,23.112590498937436,72.89257538185463,19.094698350970404
278300,2112640,23.229229329174306,72.89276538434125,19.0947005252596
278320,2112640,23.350195652911445,72.89295538685364,19.09470269935308
278340,2112640,23.47475205068454,72.89314538939182,19.09470487325084
278360,2112640,23.600352053525913,72.8933353919558,19.094707046952884
278380,2112640,23.722503320278584,72.89352539454556,19.094709220459222
278400,2112640,23.834536966492852,72.89371539716109,19.094711393769835
278420,2112640,23.927500859964226,72.8939053998024,19.09471356688473
278440,2112640,23.990828759427917,72.89409540246949,19.09471573980392
278460,2112640,24.014760066137082,72.89428540516235,19.09471791252739
278480,2112640,23.993940593973633,72.89447540788098,19.094720085055144
278500,2112640,23.928404338781814,72.89466541062538,19.09472225738718
278520,2112640,23.819775729570402,72.89485541339555,19.094724429523502
276880,2112660,4.562219570561824,72.8792729703713,19.094726291781278
276900,2112660,4.650859722913273,72.8794629712527,19.09472847979249
276920,2112660,4.730158518708993,72.87965297216009,19.09473066760799
276940,2112660,4.8796066344295514,72.8798429730934,19.09473285522779
276960,2112660,5.105383113811715,72.88003297405267,19.094735042651873
276980,2112660,5.37999161895336,72.88022297503788,19.094737229880252
277000,2112660,5.6848783576650455,72.88041297604904,19.09473941691292
277020,2112660,6.008105769113561,72.88060297708613,19.094741603749878
277040,2112660,6.340376467134193,72.88079297814916,19.09474379039113
277060,2112660,6.6733718852245865,72.88098297923813,19.094745976836666
277080,2112660,6.999176007435398,72.88117298035303,19.094748163086496
277100,2112660,7.310336792974113,72.88136298149385,19.094750349140615
277120,2112660,7.600485716305716,72.88155298266062,19.09475253499902
277140,2112660,7.865444268558551,72.88174298385331,19.094754720661722
277160,2112660,8.104394458457435,72.88193298507191,19.09475690612871
277180,2112660,8.320073476948352,72.88212298631646,19.09475909139999
277200,2112660,8.516578168666427,72.88231298758691,19.094761276475552
277220,2112660,8.69344880095871,72.88250298888329,19.09476346135541
277240,2112660,8.832776670379433,72.88269299020557,19.09476564603956
277260,2112660,8.853743459102487,72.88288299155377,19.094767830527992
277280,2112660,8.749046750373793,72.88307299292788,19.094770014820714
277300,2112660,8.64697235556013,72.88326299432788,19.094772198917727
277320,2112660,8.60149509646443,72.88345299575381,19.09477438281903
277340,2112660,8.644394825760482,72.88364299720564,19.09477656652462
277360,2112660,8.779335488410972,72.88383299868336,19.094778750034493
277380,2112660,8.970745157868373,72.88402300018699,19.094780933348662
277400,2112660,9.188319917326012,72.8842130017165,19.094783116467124
277420,2112660,9.409917468345744,72.88440300327193,19.094785299389862
277440,2112660,9.619142234657978,72.88459300485323,19.094787482116892
277460,2112660,9.805535559885076,72.88478300646042,19.094789664648214
277480,2112660,9.967517565950256,72.88497300809351,19.09479184698382
277500,2112660,10.114935075624203,72.88516300975247,19.094794029123715
277520,2112660,10.268374063607368,72.88535301143733,19.094796211067898
277540,2112660,10.454402305269046,72.88554301314805,19.09479839281637
277560,2112660,10.689879206078846,72.88573301488466,19.094800574369124
277580,2112660,10.962261561479115,72.88592301664714,19.09480275572617
277600,2112660,11.243222441339675,72.88611301843551,19.0948049368875
277620,2112660,11.512567463605135,72.88630302024974,19.094807117853122
277640,2112660,11.764636985391942,72.88649302208982,19.094809298623026
277660,2112660,12.00635408710844,72.88668302395578,19.09481147919722
277680,2112660,12.254013173886037,72.88687302584762,19.0948136595757
277700,2112660,12.530582779281051,72.8870630277653,19.094815839758464
277720,2112660,12.862047322522107,72.88725302970884,19.094818019745514
277740,2112660,13.264889987183308,72.88744303167825,19.094820199536855
277760,2112660,13.730393417054724,72.8876330336735,19.094822379132477
277780,2112660,14.298288787137977,72.88782303569461,19.094824558532387
277800,2112660,14.975993235194407,72.88801303774157,19.09482673773659
277820,2112660,15.71640083076273,72.88820303981437,19.09482891674507
277840,2112660,16.455179686728236,72.88839304191303,19.094831095557836
277860,2112660,17.125070420732648,72.88858304403752,19.094833274174892
277880,2112660,17.65298642465995,72.88877304618785,19.094835452596232
277900,2112660,17.9883085639967,72.88896304836403,19.094837630821853
277920,2112660,18.18001423274009,72.88915305056604,19.094839808851766
277940,2112660,18.306210648172122,72.88934305279388,19.094841986685964
277960,2112660,18.44451828758907,72.88953305504756,19.094844164324446
277980,2112660,18.66286231745513,72.88972305732706,19.094846341767212
278000,2112660,19.00296355765408,72.88991305963239,19.09484851901426
278020,2112660,19.45876600342524,72.89010306196354,19.0948506960656
278040,2112660,19.978926916659006,72.89029306432053,19.094852872921216
278060,2112660,20.492567054586708,72.89048306670333,19.09485504958112
278080,2112660,20.94029038738703,72.89067306911194,19.094857226045306
278100,2112660,21.30673846158041,72.89086307154636,19.09485940231378
278120,2112660,21.60440971998766,72.8910530740066,19.09486157838654
278140,2112660,21.84699592781738,72.89124307649266,19.094863754263578
278160,2112660,22.045353191421842,72.89143307900451,19.094865929944906
278180,2112660,22.208685264539813,72.89162308154218,19.094868105430514
278200,2112660,22.345222637341326,72.89181308410566,19.094870280720404
278220,2112660,22.462374738768457,72.89200308669493,19.094872455814585
278240,2112660,22.56663816864405,72.89219308930998,19.094874630713043
278260,2112660,22.663422051288357,72.89238309195086,19.094876805415783
278280,2112660,22.756882268017627,72.89257309461752,19.094878979922807
278300,2112660,22.84980816546992,72.89276309730998,19.094881154234123
278320,2112660,22.943560421536546,72.89295310002822,19.094883328349717
278340,2112660,23.038025060067902,72.89314310277226,19.094885502269587
278360,2112660,23.131541016523375,72.89333310554206,19.094887675993746
278380,2112660,23.22078943590018,72.89352310833765,19.094889849522186
278400,2112660,23.30071403865285,72.89371311115903,19.09489202285491
278420,2112660,23.364681343186376,72.89390311400619,19.094894195991916
278440,2112660,23.405224854322817,72.89409311687912,19.094896368933206
278460,2112660,23.41555250971451,72.89428311977781,19.094898541678774
278480,2112660,23.391151918722503,72.8944731227023,19.09490071422863
278500,2112660,23.329952388189533,72.89466312565254,19.094902886582762
278520,2112660,23.230016658592408,72.89485312862855,19.094905058741176
276900,2112680,4.330996057364758,72.87946066978685,19.09490910721021
276920,2112680,4.439541057244045,72.87965067090006,19.094911295047968
276940,2112680,4.589143184007358,72.87984067203922,19.094913482690014
276960,2112680,4.793607712680258,72.88003067320432,19.094915670136356
276980,2112680,5.043600235516488,72.88022067439536,19.094917857386978
277000,2112680,5.3259153245821445,72.88041067561235,19.09492004444189
277020,2112680,5.629726375797031,72.88060067685528,19.094922231301094
277040,2112680,5.946281940028454,72.88079067812416,19.094924417964585
277060,2112680,6.267866287788249,72.88098067941897,19.094926604432363
277080,2112680,6.587151447691953,72.8811706807397,19.09492879070443
277100,2112680,6.89703004033519,72.88136068208637,19.094930976780788
277120,2112680,7.190981101006582,72.88155068345897,19.094933162661427
277140,2112680,7.463989944570979,72.88174068485749,19.094935348346358
277160,2112680,7.713719009386788,72.88193068628195,19.094937533835576
277180,2112680,7.940963533132468,72.88212068773231,19.094939719129083
277200,2112680,8.147761972468917,72.8823106892086,19.09494190422688
277220,2112680,8.331151853093328,72.88250069071081,19.094944089128955
277240,2112680,8.47058948008426,72.88269069223894,19.094946273835326
277260,2112680,8.523589752144293,72.88288069379297,19.094948458345986
277280,2112680,8.493871193282583,72.88307069537291,19.094950642660923
277300,2112680,8.448718160016588,72.88326069697878,19.09495282678015
277320,2112680,8.440092918805576,72.88345069861053,19.094955010703664
277340,2112680,8.511421418563724,72.88364070026819,19.094957194431473
277360,2112680,8.675847170729474,72.88383070195175,19.094959377963562
277380,2112680,8.891386070354404,72.88402070366122,19.094961561299932
277400,2112680,9.128436728868673,72.88421070539657,19.094963744440598
277420,2112680,9.36764753462593,72.88440070715784,19.094965927385545
277440,2112680,9.594017671479161,72.88459070894498,19.09496811013478
277460,2112680,9.796480516192357,72.88478071075801,19.0949702926883
277480,2112680,9.97378100773743,72.88497071259694,19.094972475046106
277500,2112680,10.139552168609598,72.88516071446175,19.094974657208198
277520,2112680,10.31727987231784,72.88535071635243,19.094976839174574
277540,2112680,10.528752716154909,72.885540718269,19.09497902094524
277560,2112680,10.780693775935664,72.88573072021146,19.094981202520184
277580,2112680,11.057879422584945,72.88592072217976,19.094983383899418
277600,2112680,11.334574299424233,72.88611072417396,19.09498556508294
277620,2112680,11.593172771641296,72.88630072619404,19.09498774607074
277640,2112680,11.831437476257141,72.88649072823996,19.094989926862826
277660,2112680,12.058241605291467,72.88668073031177,19.0949921074592
277680,2112680,12.287099202288307,72.88687073240943,19.09499428785986
277700,2112680,12.532140219838286,72.88706073453295,19.094996468064807
277720,2112680,12.805893623906274,72.88725073668235,19.094998648074032
277740,2112680,13.118990331849611,72.88744073885759,19.09500082788754
277760,2112680,13.496955326200435,72.8876307410587,19.095003007505337
277780,2112680,13.997518984063035,72.88782074328564,19.09500518692742
277800,2112680,14.624562992075251,72.88801074553844,19.09500736615378
277820,2112680,15.319356145761938,72.88820074781708,19.095009545184425
277840,2112680,16.013885987783322,72.88839075012159,19.095011724019358
277860,2112680,16.644517134305808,72.88858075245192,19.09501390265857
277880,2112680,17.150043241271273,72.88877075480809,19.095016081102074
277900,2112680,17.484624363899645,72.88896075719012,19.095018259349853
277920,2112680,17.702894214850136,72.88915075959797,19.09502043740192
277940,2112680,17.877185887022335,72.88934076203165,19.095022615258266
277960,2112680,18.074376115111534,72.88953076449117,19.0950247929189
277980,2112680,18.347117052148377,72.88972076697651,19.095026970383806
278000,2112680,18.721954162357676,72.88991076948768,19.095029147653012
278020,2112680,19.189056525292575,72.89010077202468,19.09503132472649
278040,2112680,19.703842761101736,72.8902907745875,19.09503350160425
278060,2112680,20.207697152126457,72.89048077717614,19.095035678286305
278080,2112680,20.654749305343024,72.8906707797906,19.095037854772627
278100,2112680,21.02692477173979,72.89086078243086,19.095040031063235
278120,2112680,21.3278388090757,72.89105078509697,19.095042207158123
278140,2112680,21.568818730809834,72.89124078778886,19.095044383057303
278160,2112680,21.76156882611625,72.89143079050655,19.095046558760757
278180,2112680,21.916325851950788,72.89162079325006,19.095048734268495
278200,2112680,22.04175065788717,72.89181079601939,19.095050909580515
278220,2112680,22.14512641219012,72.8920007988145,19.09505308469682
278240,2112680,22.232526924720197,72.89219080163541,19.0950552596174
278260,2112680,22.308909630188396,72.89238080448212,19.095057434342262
278280,2112680,22.378153640087945,72.89257080735463,19.095059608871406
278300,2112680,22.44306775815557,72.89276081025291,19.095061783204834
278320,2112680,22.5053778558036,72.892950813177,19.095063957342543
278340,2112680,22.565686829697064,72.89314081612687,19.095066131284526
278360,2112680,22.62339894715934,72.89333081910253,19.095068305030797
278380,2112680,22.6766253991216,72.89352082210398,19.09507047858135
278400,2112680,22.722143162635042,72.8937108251312,19.09507265193618
278420,2112680,22.75554659608235,72.8939008281842,19.095074825095292
278440,2112680,22.771739450246834,72.89409083126297,19.095076998058683
278460,2112680,22.76573776781534,72.89428083436752,19.095079170826352
278480,2112680,22.733372511287456,72.89447083749785,19.095081343398306
278500,2112680,22.671252284416965,72.89466084065393,19.09508351577454
278520,2112680,22.57585297356824,72.89485084383578,19.095085687955045
276900,2112700,4.017105854800718,72.87945836829505,19.09508973462413
276920,2112700,4.1417013681098425,72.87964836961409,19.09509192248414
276940,2112700,4.2927679695929735,72.87983837095908,19.095094110148437
276960,2112700,4.48298713490967,72.88002837233002,19.095096297617026
276980,2112700,4.711603797775576,72.8802183737269,19.0950984848899
277000,2112700,4.971733310310665,72.88040837514974,19.095100671967064
277020,2112700,5.255548587265425,72.88059837659851,19.095102858848506
277040,2112700,5.555820703817133,72.88078837807322,19.095105045534236
277060,2112700,5.865819593324584,72.88097837957385,19.095107232024258
277080,2112700,6.17880817272026,72.88116838110044,19.095109418318565
277100,2112700,6.487600744524679,72.88135838265293,19.09511160441716
277120,2112700,6.784494510445156,72.88154838423138,19.095113790320035
277140,2112700,7.061938692183164,72.88173838583575,19.0951159760272
277160,2112700,7.3141082046193615,72.88192838746603,19.095118161538647
277180,2112700,7.538604589993183,72.88211838912224,19.095120346854387
277200,2112700,7.736208479947928,72.88230839080437,19.095122531974404
277220,2112700,7.906910240007718,72.88249839251242,19.095124716898706
277240,2112700,8.043148330014278,72.88268839424639,19.095126901627303
277260,2112700,8.131037111943304,72.88287839600626,19.095129086160178
277280,2112700,8.174218501021072,72.88306839779206,19.095131270497337
277300,2112700,8.20378143394305,72.88325839960375,19.095133454638784
277320,2112700,8.258987872398476,72.88344840144134,19.095135638584512
277340,2112700,8.382638827513473,72.88363840330484,19.095137822334525
277360,2112700,8.585312552058728,72.88382840519425,19.095140005888826
277380,2112700,8.82497393283316,72.88401840710955,19.095142189247408
277400,2112700,9.078965860637599,72.88420840905074,19.095144372410278
277420,2112700,9.334738683325128,72.88439841101784,19.095146555377436
277440,2112700,9.579711058989641,72.88458841301083,19.09514873814887
277460,2112700,9.79888226659752,72.88477841502971,19.09515092072459
277480,2112700,9.986555226700078,72.88496841707448,19.095153103104593
277500,2112700,10.162041981210182,72.88515841914511,19.095155285288882
277520,2112700,10.355321665062379,72.88534842124166,19.095157467277456
277540,2112700,10.588955612446041,72.88553842336407,19.095159649070307
277560,2112700,10.865228797280654,72.88572842551235,19.095161830667447
277580,2112700,11.159380187370783,72.88591842768652,19.095164012068867
277600,2112700,11.437560254472867,72.88610842988656,19.095166193274576
277620,2112700,11.683329307576184,72.88629843211247,19.09516837428456
277640,2112700,11.902612705692722,72.88648843436424,19.095170555098836
277660,2112700,12.109934407204845,72.88667843664189,19.095172735717387
277680,2112700,12.31709551154443,72.8868684389454,19.095174916140227
277700,2112700,12.529611967911825,72.88705844127476,19.095177096367344
277720,2112700,12.74805285773311,72.88724844362999,19.09517927639875
277740,2112700,12.97677882129257,72.88743844601109,19.09518145623443
277760,2112700,13.253997803827588,72.88762844841803,19.0951836358744
277780,2112700,13.689430124569194,72.88781845085082,19.095185815318644
277800,2112700,14.28048457309405,72.88800845330947,19.095187994567176
277820,2112700,14.936222157318209,72.88819845579395,19.095190173619986
277840,2112700,15.587965131523518,72.88838845830429,19.095192352477085
277860,2112700,16.175877461002948,72.88857846084048,19.095194531138457
277880,2112700,16.650313502776207,72.88876846340249,19.095196709604117
277900,2112700,16.98747650378641,72.88895846599036,19.09519888787406
277920,2112700,17.228861925191254,72.88914846860405,19.09520106594827
277940,2112700,17.442784072715952,72.88933847124358,19.095203243826774
277960,2112700,17.691421716140333,72.88952847390894,19.095205421509558
277980,2112700,18.016396757982314,72.88971847660012,19.095207598996623
278000,2112700,18.43379664339876,72.88990847931714,19.095209776287966
278020,2112700,18.930752305811584,72.89009848206,19.095211953383593
278040,2112700,19.459514187027953,72.89028848482866,19.095214130283495
278060,2112700,19.963453162350223,72.89047848762314,19.09521630698768
278080,2112700,20.405344343779884,72.89066849044345,19.09521848349615
278100,2112700,20.771709553389588,72.89085849328956,19.095220659808895
278120,2112700,21.065667865242375,72.89104849616149,19.09522283592592
278140,2112700,21.297697033140366,72.89123849905924,19.09522501184723
278160,2112700,21.479494271789275,72.89142850198277,19.095227187572814
278180,2112700,21.621441967494086,72.89161850493213,19.095229363102685
278200,2112700,21.732060012861997,72.8918085079073,19.09523153843683
278220,2112700,21.818188100809152,72.89199851090825,19.09523371357525
278240,2112700,21.885322354856587,72.89218851393501,19.095235888517962
278260,2112700,21.937904748427638,72.89237851698756,19.095238063264944
278280,2112700,21.979519966991084,72.89256852006592,19.095240237816213
278300,2112700,22.013007689382064,72.89275852317007,19.095242412171757
278320,2112700,22.04050613262889,72.8929485263,19.095244586331578
278340,2112700,22.063435018057735,72.89313852945571,19.09524676029568
278360,2112700,22.08242216952443,72.89332853263723,19.09524893406406
278380,2112700,22.09719049817932,72.8935185358445,19.095251107636717
278400,2112700,22.106454601165904,72.89370853907758,19.095253281013655
278420,2112700,22.107912882781307,72.89389854233643,19.095255454194866
278440,2112700,22.098417565363967,72.89408854562106,19.09525762718037
278460,2112700,22.07431111375219,72.89427854893145,19.095259799970137
278480,2112700,22.031764150439862,72.89446855226763,19.095261972564185
278500,2112700,21.966925684373887,72.89465855562956,19.09526414496252
278520,2112700,21.8760547987982,72.89484855901726,19.095266317165127
276920,2112720,3.8389838470224023,72.87964606830216,19.09527254991651
276940,2112720,3.989514176244292,72.879836069853,19.095274737603056
276960,2112720,4.169000684951341,72.88002607142978,19.09527692509389
276980,2112720,4.380059477606466,72.8802160730325,19.095279112389015
277000,2112720,4.620254604430048,72.88040607466118,19.095281299488423
277020,2112720,4.885090511304813,72.8805960763158,19.095283486392116
277040,2112720,5.169614994175839,72.88078607799633,19.09528567310009
277060,2112720,5.468756282912914,72.88097607970282,19.095287859612352
277080,2112720,5.776905019567636,72.88116608143524,19.095290045928895
277100,2112720,6.087092549356246,72.8813560831936,19.095292232049722
277120,2112720,6.39015985962586,72.88154608497787,19.095294417974834
277140,2112720,6.674745099091254,72.88173608678808,19.095296603704238
277160,2112720,6.929374694218552,72.8819260886242,19.095298789237916
277180,2112720,7.146903886545607,72.88211609048626,19.095300974575874
277200,2112720,7.327841272369176,72.88230609237422,19.09530315971812
277220,2112720,7.479799811649707,72.88249609428811,19.095305344664652
277240,2112720,7.615218208165703,72.88268609622793,19.095307529415468
277260,2112720,7.737896498289057,72.88287609819363,19.09530971397056
277280,2112720,7.846469267693073,72.88306610018527,19.095311898329943
277300,2112720,7.955304628372039,72.88325610220281,19.09531408249361
277320,2112720,8.090521189845335,72.88344610424625,19.095316266461545
277340,2112720,8.277746522716752,72.88363610631559,19.095318450233773
277360,2112720,8.510964389261229,72.88382610841084,19.09532063381028
277380,2112720,8.762344484100003,72.884016110532,19.095322817191082
277400,2112720,9.022594948432223,72.88420611267904,19.095325000376157
277420,2112720,9.287482962581675,72.88439611485198,19.095327183365512
277440,2112720,9.548529443004536,72.88458611705082,19.09532936615915
277460,2112720,9.784922604047903,72.88477611927551,19.095331548757073
277480,2112720,9.974209292314576,72.88496612152613,19.095333731159275
277500,2112720,10.150007972184266,72.88515612380262,19.095335913365762
277520,2112720,10.350551319213967,72.885346126105,19.095338095376523
277540,2112720,10.602611634605875,72.88553612843326,19.095340277191575
277560,2112720,10.91221516278677,72.88572613078739,19.095342458810904
277580,2112720,11.236812681145393,72.8859161331674,19.095344640234515
277600,2112720,11.520774504965468,72.88610613557327,19.095346821462407
277620,2112720,11.749000781626636,72.88629613800504,19.095349002494576
277640,2112720,11.945652346192757,72.88648614046265,19.095351183331037
277660,2112720,12.135314721068296,72.88667614294614,19.095353363971768
277680,2112720,12.328978733432644,72.8868661454555,19.095355544416783
277700,2112720,12.525324988864082,72.8870561479907,19.09535772466608
277720,2112720,12.713815528783309,72.88724615055179,19.095359904719658
277740,2112720,12.888003388966322,72.88743615313872,19.095362084577516
277760,2112720,13.090019290503182,72.8876261557515,19.095364264239652
277780,2112720,13.45683967905636,72.88781615839015,19.09536644370607
277800,2112720,13.991359953399067,72.88800616105463,19.095368622976768
277820,2112720,14.60042031093265,72.88819616374498,19.095370802051743
277840,2112720,15.211117579609727,72.88838616646116,19.095372980930996
277860,2112720,15.759933377035285,72.88857616920318,19.095375159614537
277880,2112720,16.203702439228188,72.88876617197106,19.09537733810235
277900,2112720,16.532595171021065,72.88895617476476,19.09537951639445
277920,2112720,16.783643885686438,72.88914617758431,19.095381694490822
277940,2112720,17.025229642097283,72.88933618042968,19.095383872391476
277960,2112720,17.32235588174906,72.88952618330087,19.095386050096412
277980,2112720,17.705480629999673,72.88971618619792,19.09538822760562
278000,2112720,18.174115294496477,72.88990618912078,19.095390404919115
278020,2112720,18.71897240295339,72.89009619206948,19.095392582036887
278040,2112720,19.274173252943257,72.89028619504398,19.095394758958932
278060,2112720,19.777123164573894,72.89047619804431,19.09539693568526
278080,2112720,20.20309946040969,72.89066620107046,19.095399112215866
278100,2112720,20.549128542190715,72.89085620412243,19.095401288550747
278120,2112720,20.8229672123473,72.8910462072002,19.095403464689912
278140,2112720,21.03618139042069,72.8912362103038,19.095405640633352
278160,2112720,21.200194358098422,72.8914262134332,19.095407816381073
278180,2112720,21.324617873837266,72.8916162165884,19.095409991933064
278200,2112720,21.416977505841402,72.89180621976942,19.095412167289343
278220,2112720,21.48305827650093,72.89199622297622,19.09541434244989
278240,2112720,21.5273976746407,72.89218622620884,19.09541651741472
278260,2112720,21.55371062026744,72.89237622946723,19.095418692183824
278280,2112720,21.56518605564692,72.89256623275143,19.095420866757205
278300,2112720,21.564664609129743,72.89275623606143,19.09542304113487
278320,2112720,21.554722487846718,72.8929462393972,19.095425215316805
278340,2112720,21.537676517040115,72.89313624275877,19.09542738930302
278360,2112720,21.51551008403036,72.89332624614613,19.09542956309351
278380,2112720,21.489715083368253,72.89351624955928,19.095431736688283
278400,2112720,21.461062310200944,72.8937062529982,19.095433910087326
278420,2112720,21.42935364715537,72.89389625646288,19.095436083290643
278440,2112720,21.393251094522725,72.89408625995337,19.095438256298245
278460,2112720,21.35027526887423,72.8942762634696,19.095440429110123
278480,2112720,21.29700378715822,72.89446626701164,19.09544260172627
278500,2112720,21.229453352612012,72.89465627057942,19.095444774146692
278520,2112720,21.14369954865344,72.89484627417298,19.095446946371396
276940,2112740,3.6825451902334776,72.87983376872099,19.095455365053873
276960,2112740,3.8524104472683,72.8800237705036,19.09545755256696
276980,2112740,4.0484409571745,72.88021377231217,19.09545973988433
277000,2112740,4.270923448119174,72.88040377414667,19.09546192700598
277020,2112740,4.5182099439952115,72.88059377600713,19.095464113931918
277040,2112740,4.787897024315305,72.88078377789353,19.095466300662135
277060,2112740,5.0772374998380645,72.88097377980586,19.095468487196634
277080,2112740,5.3827404554889435,72.8811637817441,19.09547067353542
277100,2112740,5.698917567689682,72.8813537837083,19.095472859678484
277120,2112740,6.016250099574665,72.88154378569843,19.09547504562583
277140,2112740,6.319312494483722,72.88173378771448,19.095477231377462
277160,2112740,6.588093746447775,72.88192378975646,19.09547941693337
277180,2112740,6.806875541527927,72.88211379182435,19.095481602293564
277200,2112740,6.975450661019887,72.88230379391817,19.095483787458036
277220,2112740,7.105419430953643,72.8824937960379,19.095485972426786
277240,2112740,7.233966559258983,72.88268379818355,19.095488157199824
277260,2112740,7.384153518870836,72.88287380035511,19.09549034177714
277280,2112740,7.541744911415926,72.88306380255258,19.095492526158743
277300,2112740,7.718446607065504,72.88325380477598,19.09549471034462
277320,2112740,7.93123391251578,72.88344380702526,19.095496894334776
277340,2112740,8.182454851949775,72.88363380930046,19.095499078129222
277360,2112740,8.435405064049094,72.88382381160154,19.095501261727943
277380,2112740,8.683981603118426,72.88401381392853,19.09550344513094
277400,2112740,8.937175222741317,72.88420381628141,19.09550562833822
277420,2112740,9.198157891017278,72.88439381866021,19.095507811349787
277440,2112740,9.461874516660334,72.88458382106488,19.095509994165628
277460,2112740,9.7076858773164,72.88477382349545,19.09551217678575
277480,2112740,9.898393231368935,72.8849638259519,19.095514359210153
277500,2112740,10.07812315267747,72.88515382843424,19.095516541438833
277520,2112740,10.283712392980966,72.88534383094246,19.095518723471795
277540,2112740,10.544672309776256,72.88553383347656,19.095520905309037
277560,2112740,10.892621913365183,72.88572383603655,19.09552308695056
277580,2112740,11.255776382371575,72.8859138386224,19.095525268396354
277600,2112740,11.544279520764944,72.88610384123412,19.095527449646433
277620,2112740,11.74574841693548,72.88629384387173,19.095529630700792
277640,2112740,11.921720993630343,72.8864838465352,19.09553181155943
277660,2112740,12.103314841988647,72.88667384922454,19.095533992222343
277680,2112740,12.298465207656566,72.88686385193974,19.09553617268954
277700,2112740,12.502315898166787,72.8870538546808,19.09553835296101
277720,2112740,12.697125077961292,72.88724385744771,19.09554053303677
277740,2112740,12.855557869105494,72.8874338602405,19.095542712916796
277760,2112740,13.01368355561029,72.88762386305913,19.0955448926011
277780,2112740,13.304894971089459,72.88781386590362,19.095547072089687
277800,2112740,13.762631177821053,72.88800386877396,19.095549251382554
277820,2112740,14.322990018678723,72.88819387167014,19.095551430479695
277840,2112740,14.903123319196613,72.88838387459218,19.095553609381117
277860,2112740,15.426793172164402,72.88857387754005,19.09555578808681
277880,2112740,15.844988146978643,72.88876388051376,19.09555796659679
277900,2112740,16.15386058342237,72.88895388351332,19.095560144911037
277920,2112740,16.396659903378783,72.88914388653872,19.09556232302957
277940,2112740,16.651022866258863,72.88933388958993,19.09556450095238
277960,2112740,17.00132903446994,72.889523892667,19.095566678679457
277980,2112740,17.46840299698365,72.88971389576989,19.095568856210825
278000,2112740,18.008068123971228,72.8899038988986,19.09557103354646
278020,2112740,18.60836037536366,72.89009390205314,19.095573210686382
278040,2112740,19.177181153460317,72.8902839052335,19.095575387630568
278060,2112740,19.659185430256773,72.89047390843967,19.095577564379038
278080,2112740,20.049164573559526,72.89066391167168,19.09557974093178
278100,2112740,20.35740685219508,72.8908539149295,19.095581917288797
278120,2112740,20.597586734916966,72.89104391821313,19.095584093450103
278140,2112740,20.782498202599058,72.89123392152257,19.09558626941567
278160,2112740,20.922594127392507,72.89142392485782,19.095588445185523
278180,2112740,21.0257048699315,72.89161392821886,19.095590620759644
278200,2112740,21.097421594885873,72.89180393160572,19.095592796138043
278220,2112740,21.141769188845615,72.89199393501839,19.095594971320722
278240,2112740,21.161871627653362,72.89218393845684,19.095597146307675
278260,2112740,21.160459674111,72.89237394192111,19.0955993210989
278280,2112740,21.140199735451446,72.89256394541115,19.095601495694403
278300,2112740,21.103884472197244,72.89275394892701,19.095603670094185
278320,2112740,21.054530222633538,72.89294395246863,19.095605844298237
278340,2112740,20.995400918286258,72.89313395603605,19.095608018306564
278360,2112740,20.92994305839936,72.89332395962927,19.095610192119164
278380,2112740,20.86158606817951,72.89351396324825,19.09561236573604
278400,2112740,20.793360165366842,72.89370396689301,19.095614539157193
278420,2112740,20.727344102520426,72.89389397056357,19.095616712382622
278440,2112740,20.664085132676167,72.8940839742599,19.095618885412325
278460,2112740,20.602251552982445,72.894273977982,19.095621058246294
278480,2112740,20.53874618058915,72.89446398172986,19.095623230884545
278500,2112740,20.46931228120658,72.89465398550351,19.095625403327066
278520,2112740,20.389471024907852,72.89484398930291,19.095627575573868
276960,2112760,3.53638206793261,72.88002146955148,19.095638180036214
276980,2112760,3.7187368189589223,72.88021147156589,19.095640367375836
277000,2112760,3.92503351743213,72.88040147360624,19.09564255451974
277020,2112760,4.155809761550447,72.88059147567255,19.095644741467915
277040,2112760,4.411114480301062,72.88078147776477,19.095646928220376
277060,2112760,4.690978174828018,72.88097147988294,19.095649114777117
277080,2112760,4.995202740580641,72.88116148202707,19.09565130113814
277100,2112760,5.322009385095873,72.8813514841971,19.09565348730344
277120,2112760,5.664806341541436,72.88154148639306,19.095655673273022
277140,2112760,6.0068233935331,72.88173148861496,19.095657859046884
277160,2112760,6.317111218523743,72.88192149086278,19.095660044625024
277180,2112760,6.560823334896871,72.88211149313653,19.09566223000745
277200,2112760,6.737317852237313,72.88230149543618,19.095664415194147
277220,2112760,6.85812333043268,72.88249149776176,19.095666600185126
277240,2112760,6.962631801342813,72.88268150011326,19.095668784980383
277260,2112760,7.102156828036358,72.88287150249069,19.09567096957992
277280,2112760,7.269521148517013,72.883061504894,19.09567315398374
277300,2112760,7.483875246857801,72.88325150732322,19.095675338191832
277320,2112760,7.7512204049440685,72.88344150977836,19.095677522204205
277340,2112760,8.049899198102189,72.8836315122594,19.09567970602086
277360,2112760,8.324754402207219,72.88382151476634,19.095681889641792
277380,2112760,8.566440150179734,72.88401151729919,19.095684073067
277400,2112760,8.804409506011329,72.88420151985791,19.09568625629649
277420,2112760,9.050174318907656,72.88439152244254,19.095688439330257
277440,2112760,9.299799933150807,72.88458152505306,19.095690622168306
277460,2112760,9.535550638832722,72.88477152768948,19.095692804810625
277480,2112760,9.742631243783858,72.88496153035179,19.095694987257225
277500,2112760,9.939630319979749,72.88515153303997,19.095697169508103
277520,2112760,10.157092016879862,72.88534153575405,19.09569935156326
277540,2112760,10.427269811677881,72.88553153849399,19.095701533422694
277560,2112760,10.778798194632255,72.88572154125983,19.095703715086405
277580,2112760,11.146808408329498,72.88591154405154,19.095705896554392
277600,2112760,11.430664266730709,72.88610154686911,19.095708077826657
277620,2112760,11.617334859310201,72.88629154971255,19.095710258903203
277640,2112760,11.794062199989256,72.88648155258187,19.095712439784023
277660,2112760,11.985591749443662,72.886671555477065,19.09571462046912
277680,2112760,12.19601860817321,72.88686155839811,19.095716800958492
277700,2112760,12.420565932083983,72.88705156134503,19.09571898125214
277720,2112760,12.645165282789248,72.8872415643178,19.09572116135007
277740,2112760,12.817616637674048,72.88743156731643,19.09572334125227
277760,2112760,12.927975268885417,72.88762157034091,19.09572552095875
277780,2112760,13.149141174769369,72.88781157339126,19.095727700469507
277800,2112760,13.55257811535707,72.88800157646743,19.095729879784535
277820,2112760,14.087207473294082,72.88819157956948,19.09573205890384
277840,2112760,14.659260190653294,72.88838158269735,19.095734237827422
277860,2112760,15.17724160786795,72.88857158585108,19.095736416555283
277880,2112760,15.578085017155377,72.88876158903065,19.095738595087422
277900,2112760,15.865608343875541,72.88895159223605,19.09574077342383
277920,2112760,16.09548980180316,72.8891415954673,19.095742951564514
277940,2112760,16.35076928475095,72.88933159872438,19.095745129509474
277960,2112760,16.761403792181305,72.88952160200728,19.095747307258705
277980,2112760,17.35039412492392,72.88971160531602,19.09574948481222
278000,2112760,17.999869660006404,72.8899016086506,19.095751662170002
278020,2112760,18.631409509358917,72.89009161201098,19.095753839332062
278040,2112760,19.172709861871137,72.89028161539719,19.095756016298402
278060,2112760,19.59977218022494,72.89047161880923,19.095758193069006
278080,2112760,19.92944528725433,72.89066162224708,19.095760369643894
278100,2112760,20.183740676446025,72.89085162571075,19.09576254602305
278120,2112760,20.379914671416127,72.89104162920023,19.095764722206482
278140,2112760,20.530329762652336,72.89123163271552,19.095766898194192
278160,2112760,20.643230701289443,72.89142163625662,19.09576907398617
278180,2112760,20.72360005584337,72.89161163982354,19.095771249582423
278200,2112760,20.77421299918931,72.89180164341624,19.09577342498295
278220,2112760,20.796706676373105,72.89199164703476,19.09577560018775
278240,2112760,20.79241764413368,72.89218165067906,19.095777775196826
278260,2112760,20.76290733601322,72.89237165434919,19.095779950010172
278280,2112760,20.710242258752427,72.89256165804508,19.095782124627796
278300,2112760,20.637135863884495,72.89275166176678,19.095784299049697
278320,2112760,20.54703002106872,72.89294166551427,19.09578647327586
278340,2112760,20.4441424858053,72.89313166928754,19.095788647306303
278360,2112760,20.333447731666936,72.89332167308662,19.095790821141016
278380,2112760,20.220490287699242,72.89351167691144,19.095792994780002
278400,2112760,20.11087703005944,72.89370168076208,19.095795168223262
278420,2112760,20.009351554591625,72.89389168463848,19.095797341470792
278440,2112760,19.918626488209,72.89408168854067,19.095799514522596
278460,2112760,19.83852048189832,72.8942716924686,19.095801687378675
278480,2112760,19.765975206003258,72.89446169642234,19.095803860039027
278500,2112760,19.696006463169923,72.89465170040184,19.095806032503642
278520,2112760,19.623084817955686,72.89484170440709,19.095808204772535
276980,2112780,3.3945100750829367,72.88020917079366,19.095820994863534
277000,2112780,3.5855215631813833,72.88039917303985,19.095823182029683
277020,2112780,3.8002128683795378,72.88058917531201,19.095825369000107
277040,2112780,4.040665670393817,72.8807791776101,19.095827555774807
277060,2112780,4.309650065497386,72.88096917993411,19.09582974235379
277080,2112780,4.61096673982718,72.88115918228407,19.095831928737052
277100,2112780,4.948890277456126,72.88134918465995,19.09583411492459
277120,2112780,5.325163284342914,72.88153918706178,19.095836300916403
277140,2112780,5.730381712202998,72.88172918948952,19.095838486712505
277160,2112780,6.128360531654156,72.8819191919432,19.09584067231287
277180,2112780,6.452003388514939,72.88210919442278,19.095842857717518
277200,2112780,6.668609406192807,72.8822991969283,19.09584504292645
277220,2112780,6.7845644320234415,72.88248919945973,19.09584722793965
277240,2112780,6.830022589987628,72.88267920201707,19.095849412757136
277260,2112780,6.889743999130783,72.88286920460033,19.095851597378893
277280,2112780,7.018194580909049,72.88305920720948,19.095853781804927
277300,2112780,7.239432553817799,72.88324920984458,19.09585596603524
277320,2112780,7.538856306367665,72.88343921250556,19.095858150069827
277340,2112780,7.870547316095602,72.88362921519246,19.095860333908696
277360,2112780,8.163637118505324,72.88381921790524,19.09586251755184
277380,2112780,8.397975371931594,72.88400922064393,19.095864700999257
277400,2112780,8.619566078303613,72.88419922340852,19.095866884250952
277420,2112780,8.847332726780516,72.88438922619899,19.095869067306925
277440,2112780,9.082340691946964,72.88457922901537,19.095871250167175
277460,2112780,9.313694789300083,72.88476923185763,19.095873432831695
277480,2112780,9.53249150894996,72.88495923472578,19.095875615300496
277500,2112780,9.745070030472853,72.88514923761983,19.09587779757357
277520,2112780,9.970399065666397,72.88533924053975,19.09587997965092
277540,2112780,10.232001570315472,72.88552924348555,19.09588216153255
277560,2112780,10.539964495320724,72.88571924645723,19.09588434321845
277580,2112780,10.856504598353284,72.88590924945478,19.09588652470863
277600,2112780,11.121456556447956,72.88609925247822,19.095888706003084
277620,2112780,11.341297746307047,72.88628925552752,19.095890887101806
277640,2112780,11.552408482010357,72.88647925860269,19.095893068004813
277660,2112780,11.773317211908012,72.88666926170373,19.09589524871209
277680,2112780,12.005934781615812,72.88685926483063,19.095897429223644
277700,2112780,12.243669759101552,72.88704926798339,19.095899609539465
277720,2112780,12.468766686719366,72.88723927116203,19.095901789659568
277740,2112780,12.634519855686943,72.8874292743665,19.095903969583944
277760,2112780,12.744629432458375,72.88761927759684,19.095906149312594
277780,2112780,12.941756086256945,72.88780928085302,19.095908328845518
277800,2112780,13.328292293466884,72.88799928413506,19.09591050818272
277820,2112780,13.87114844483529,72.88818928744296,19.095912687324187
277840,2112780,14.453532736377909,72.8883792907767,19.095914866269933
277860,2112780,14.980901514163882,72.88856929413627,19.095917045019956
277880,2112780,15.371052269646722,72.88875929752169,19.09591922357425
277900,2112780,15.652600133743135,72.88894930093295,19.095921401932817
277920,2112780,15.898523511365546,72.88913930437005,19.095923580095658
277940,2112780,16.192950246985763,72.88932930783298,19.09592575806277
277960,2112780,16.66942629228096,72.88951931132173,19.095927935834155
277980,2112780,17.34688660837076,72.88970931483634,19.09593011340981
278000,2112780,18.075504586818845,72.88989931837676,19.095932290789747
278020,2112780,18.729597665049937,72.890089321943,19.09593446797395
278040,2112780,19.214155702576576,72.89027932553506,19.09593664496243
278060,2112780,19.558033500025303,72.89046932915296,19.095938821755183
278080,2112780,19.81225855695041,72.89065933279667,19.095940998352205
278100,2112780,20.005531090495722,72.89084933646619,19.095943174753497
278120,2112780,20.154839560323197,72.89103934016153,19.095945350959063
278140,2112780,20.270413722584955,72.89122934388267,19.095947526968907
278160,2112780,20.35733162323936,72.89141934762962,19.09594970278302
278180,2112780,20.416903990201295,72.89160935140238,19.095951878401397
278200,2112780,20.44841741274951,72.89179935520096,19.095954053824055
278220,2112780,20.45071656688647,72.89198935902532,19.09595622905098
278240,2112780,20.42320018498725,72.8921793628755,19.09595840408218
278260,2112780,20.366260304717922,72.89236936675147,19.09596057891765
278280,2112780,20.281408565493937,72.89255937065322,19.095962753557387
278300,2112780,20.17130257332015,72.89274937458077,19.095964928001404
278320,2112780,20.03978504204464,72.89293937853412,19.095967102249684
278340,2112780,19.89196709837895,72.89312938251325,19.095969276302235
278360,2112780,19.734319193149354,72.89331938651817,19.095971450159066
278380,2112780,19.574626145782226,72.89350939054887,19.095973623820157
278400,2112780,19.42149230608119,72.89369939460535,19.09597579728553
278420,2112780,19.283008874447763,72.8938893986876,19.095977970555165
278440,2112780,19.164635368318763,72.89407940279565,19.09598014362907
278460,2112780,19.067364852406442,72.89426940692945,19.09598231650725
278480,2112780,18.98760645509168,72.89445941108904,19.095984489189696
278500,2112780,18.91888353295836,72.8946494152744,19.095986661676413
277000,2112800,3.2567117229514135,72.88039687244753,19.096003809535826
277020,2112800,3.455453704632617,72.88058687492553,19.096005996528493
277040,2112800,3.679914569937984,72.88077687742947,19.096008183325445
277060,2112800,3.934841467076029,72.88096687995935,19.096010369926663
277080,2112800,4.227395029399045,72.88115688251514,19.09601255633216
277100,2112800,4.568258650326175,72.88134688509687,19.09601474254194
277120,2112800,4.971688647499377,72.88153688770456,19.09601692855599
277140,2112800,5.44922758596439,72.88172689033814,19.096019114374318
277160,2112800,5.981369018732463,72.88191689299768,19.096021299996917
277180,2112800,6.464570614139381,72.88210689568312,19.096023485423796
277200,2112800,6.752942316418953,72.88229689839447,19.09602567065495
277220,2112800,6.8164126554049345,72.88248690113176,19.09602785569038
277240,2112800,6.750539845828054,72.88267690389496,19.096030040530078
277260,2112800,6.693316249144807,72.88286690668406,19.096032225174064
277280,2112800,6.758887238641673,72.883056909499075,19.096034409622316
277300,2112800,6.982672579771686,72.88324691234001,19.096036593874846
277320,2112800,7.31333708896573,72.88343691520686,19.096038777931646
277340,2112800,7.6654957958080026,72.8836269180996,19.09604096179273
277360,2112800,7.963525761000609,72.88381692101824,19.096043145458083
277380,2112800,8.19206258222452,72.88400692396279,19.09604532892771
277400,2112800,8.394516161585651,72.88419692693321,19.09604751220161
277420,2112800,8.604518197599445,72.88438692992956,19.096049695279785
277440,2112800,8.830529425223943,72.88457693295179,19.09605187816224
277460,2112800,9.063690535221692,72.8847669359999,19.096054060848964
277480,2112800,9.292418958594599,72.8849569390739,19.096056243339966
277500,2112800,9.51298125951056,72.88514694217379,19.096058425635235
277520,2112800,9.731487730545808,72.88533694529957,19.09606060773478
277540,2112800,9.95917105827353,72.88552694845123,19.0960627896386
277560,2112800,10.20213496792508,72.88571695162875,19.09606497134669
277580,2112800,10.453929091261447,72.88590695483218,19.096067152859053
277600,2112800,10.708973532144547,72.88609695806146,19.0960693341757
277620,2112800,10.967446237980248,72.88628696131661,19.09607151529661
277640,2112800,11.227524978393227,72.88647696459763,19.096073696221794
277660,2112800,11.48804032239722,72.88666696790452,19.096075876951257
277680,2112800,11.74515994477633,72.8868569712373,19.096078057484988
277700,2112800,11.989916062329144,72.8870469745959,19.096080237822992
277720,2112800,12.205457308522984,72.88723697798038,19.096082417965267
277740,2112800,12.373003018935416,72.88742698139072,19.096084597911815
277760,2112800,12.514352557370195,72.8876169848269,19.096086777662638
277780,2112800,12.720812039579716,72.88780698828896,19.096088957217727
277800,2112800,13.11157782039056,72.88799699177686,19.096091136577094
277820,2112800,13.672244383293151,72.8881869952906,19.096093315740728
277840,2112800,14.250889237178946,72.88837699883018,19.09609549470864
277860,2112800,14.754415265461624,72.88856700239562,19.09609767348082
277880,2112800,15.146049199066159,72.8887570059869,19.09609985205727
277900,2112800,15.459986372198959,72.88894700960401,19.096102030438
277920,2112800,15.769392190990786,72.88913701324697,19.096104208622993
277940,2112800,16.15394341122432,72.88932701691574,19.096106386612256
277960,2112800,16.691608948267216,72.88951702061037,19.096108564405796
277980,2112800,17.383664344321303,72.88970702433082,19.096110742003603
278000,2112800,18.13636468731128,72.88989702807709,19.09611291940569
278020,2112800,18.804173146401865,72.89008703184919,19.096115096612035
278040,2112800,19.20660003935871,72.89027703564712,19.09611727362266
278060,2112800,19.469269583581198,72.89046703947088,19.09611945043755
278080,2112800,19.656975739713427,72.89065704332043,19.09612162705671
278100,2112800,19.797267803596693,72.89084704719582,19.09612380348014
278120,2112800,19.906560344620637,72.89103705109702,19.096125979707843
278140,2112800,19.99375449641277,72.89122705502402,19.096128155739816
278160,2112800,20.060921245176235,72.89141705897683,19.09613033157606
278180,2112800,20.10523761876034,72.89160706295544,19.096132507216574
278200,2112800,20.122063488468257,72.89179706695987,19.096134682661358
278220,2112800,20.10737603430215,72.8919870709901,19.09613685791041
278240,2112800,20.05883914843792,72.89217707504612,19.09613903296373
278260,2112800,19.975953838810053,72.89236707912794,19.09614120782132
278280,2112800,19.85989446394149,72.89255708323556,19.096143382483177
278300,2112800,19.71336473860287,72.89274708736897,19.09614555694931
278320,2112800,19.54058160385441,72.89293709152818,19.09614773121971
278340,2112800,19.347400479941964,72.89312709571317,19.096149905294375
278360,2112800,19.14157263136738,72.89331709992393,19.096152079173315
278380,2112800,18.933038910315677,72.8935071041605,19.09615425285652
278400,2112800,18.73381417613411,72.89369710842284,19.096156426343992
278420,2112800,18.55644605762275,72.89388711271097,19.096158599635736
278440,2112800,18.41031140462132,72.89407711702485,19.096160772731743
278460,2112800,18.29763916995133,72.89426712136454,19.09616294563202
278480,2112800,18.21319086724189,72.89445712572997,19.09616511833657
278500,2112800,18.147798481537823,72.89464713012119,19.096167290845383
277020,2112820,3.1273233192813894,72.88058457451312,19.096186624053082
277040,2112820,3.335052715574276,72.88077457722291,19.096188810872267
277060,2112820,3.5725998113470685,72.88096457995864,19.09619099749573
277080,2112820,3.8483477986787316,72.8811545827203,19.096193183923464
277100,2112820,4.175972068189841,72.88134458550789,19.09619537015548
277120,2112820,4.578565560562558,72.8815345883214,19.096197556191765
277140,2112820,5.093771846619264,72.88172459116085,19.096199742032326
277160,2112820,5.757588988564981,72.88191459402623,19.09620192767716
277180,2112820,6.456611141758277,72.88210459691753,19.09620411312627
277200,2112820,6.839311291077365,72.88229459983475,19.096206298379645
277220,2112820,6.839513315491313,72.88248460277788,19.096208483437298
277240,2112820,6.644683239954178,72.88267460574693,19.09621066829923
277260,2112820,6.452513475316419,72.8828646087419,19.096212852965422
277280,2112820,6.465586718189653,72.88305461176277,19.096215037435897
277300,2112820,6.735833595598219,72.88324461480956,19.096217221710642
277320,2112820,7.137020011639497,72.88343461788224,19.096219405789665
277340,2112820,7.513638398825618,72.88362462098085,19.096221589672954
277360,2112820,7.799601335239377,72.88381462410534,19.09622377336052
277380,2112820,7.989402892693581,72.88400462725573,19.096225956852358
277400,2112820,8.1515658534009,72.88419463043203,19.096228140148465
277420,2112820,8.339297320580032,72.88438463363421,19.09623032324885
277440,2112820,8.561929865051493,72.8845746368623,19.0962325061535
277460,2112820,8.80362443052834,72.88476464011627,19.096234688862424
277480,2112820,9.044338878359023,72.88495464339614,19.096236871375623
277500,2112820,9.26965280531486,72.88514464670189,19.09623905369309
277520,2112820,9.47406297330246,72.88533465003351,19.096241235814837
277540,2112820,9.660769373352291,72.88552465339103,19.096243417740844
277560,2112820,9.838855080836591,72.88571465677441,19.09624559947113
277580,2112820,10.027470704981292,72.88590466018368,19.096247781005687
277600,2112820,10.272003223497565,72.88609466361882,19.096249962344512
277620,2112820,10.567904788654113,72.88628466707983,19.09625214348761
277640,2112820,10.874563810191065,72.88647467056671,19.09625432443498
277660,2112820,11.173285347218613,72.88666467407946,19.09625650518662
277680,2112820,11.454859088058303,72.88685467761808,19.096258685742526
277700,2112820,11.71139225161331,72.88704468118254,19.09626086610271
277720,2112820,11.935089788809933,72.88723468477289,19.09626304626716
277740,2112820,12.126906736192858,72.88742468838907,19.096265226235886
277760,2112820,12.315846103174573,72.88761469203114,19.096267406008874
277780,2112820,12.56830764655783,72.88780469569903,19.096269585586136
277800,2112820,12.959979145266264,72.88799469939278,19.09627176496767
277820,2112820,13.48240870298339,72.88818470311239,19.09627394415347
277840,2112820,14.023078649869898,72.88837470685783,19.096276123143543
277860,2112820,14.484461653596155,72.88856471062913,19.096278301937886
277880,2112820,14.883937499439329,72.88875471442626,19.096280480536496
277900,2112820,15.249576281882643,72.88894471824923,19.096282658939376
277920,2112820,15.6339607494579,72.88913472209805,19.096284837146527
277940,2112820,16.094352597468685,72.8893247259727,19.096287015157948
277960,2112820,16.669641614420097,72.88951472987317,19.096289192973636
277980,2112820,17.347812727190437,72.88970473379948,19.096291370593594
278000,2112820,18.054790954682723,72.88989473775162,19.096293548017822
278020,2112820,18.65939182997301,72.89008474172957,19.096295725246318
278040,2112820,19.047398435176927,72.89027474573335,19.09629790227908
278060,2112820,19.282547951263066,72.89046474976296,19.096300079116112
278080,2112820,19.435230654358264,72.89065475381838,19.096302255757415
278100,2112820,19.541988585503876,72.89084475789961,19.096304432202984
278120,2112820,19.625033463441646,72.89103476200668,19.096306608452824
278140,2112820,19.695551354774903,72.89122476613954,19.096308784506935
278160,2112820,19.753381149571894,72.89141477029821,19.096310960365305
278180,2112820,19.79082463842459,72.89160477448269,19.09631313602795
278200,2112820,19.798930198789563,72.89179477869298,19.096315311494852
278220,2112820,19.771193243182786,72.89198478292906,19.096317486766033
278240,2112820,19.70423159715477,72.89217478719095,19.096319661841477
278260,2112820,19.597257536136457,72.89236479147863,19.096321836721184
278280,2112820,19.451492786347302,72.89255479579211,19.096324011405166
278300,2112820,19.26986107811871,72.89274480013138,19.096326185893417
278320,2112820,19.056945458705968,72.89293480449645,19.096328360185932
278340,2112820,18.81913861657838,72.8931248088873,19.09633053428271
278360,2112820,18.56502205186058,72.89331481330393,19.096332708183755
278380,2112820,18.306129821042507,72.89350481774635,19.09633488188907
278400,2112820,18.057891031500596,72.89369482221457,19.096337055398653
278420,2112820,17.83891123193797,72.89388482670853,19.096339228712498
278440,2112820,17.664981421618023,72.8940748312283,19.096341401830617
278460,2112820,17.53969181487236,72.89426483577382,19.096343574752996
278480,2112820,17.45378414098601,72.89445484034513,19.096345747479642
277040,2112840,3.014812134253039,72.88077227699041,19.096369438415287
277060,2112840,3.2343120115919692,72.88096227993199,19.096371625060993
277080,2112840,3.488762826952639,72.8811522828995,19.09637381151097
277100,2112840,3.7900254818622745,72.88134228589296,19.096375997765215
277120,2112840,4.158627972967393,72.88153228891234,19.096378183823738
277140,2112840,4.6360925350146776,72.88172229195764,19.096380369686525
277160,2112840,5.320104682806112,72.88191229502887,19.096382555353593
277180,2112840,6.170083064033991,72.88210229812603,19.09638474082493
277200,2112840,6.684911505399011,72.88229230124908,19.09638692610054
277220,2112840,6.72702086223024,72.88248230439808,19.09638911118041
277240,2112840,6.462281919846672,72.88267230757299,19.096391296064564
277260,2112840,6.137948513619816,72.8828623107738,19.096393480752983
277280,2112840,6.144465649011996,72.88305231400054,19.09639566524568
277300,2112840,6.5619668300091245,72.88324231725318,19.09639784954264
277320,2112840,7.122424673463571,72.88343232053174,19.09640003364387
277340,2112840,7.533592102002956,72.88362232383618,19.096402217549382
277360,2112840,7.747275745859861,72.88381232716654,19.096404401259154
277380,2112840,7.825204075431683,72.88400233052279,19.096406584773202
277400,2112840,7.907629201141878,72.88419233390495,19.096408768091518
277420,2112840,8.067785591143156,72.884382337313,19.0964109512141
277440,2112840,8.293993594971118,72.88457234074693,19.09641313414096
277460,2112840,8.551504620809446,72.88476234420676,19.096415316872083
277480,2112840,8.809381761515072,72.88495234769249,19.09641749940748
277500,2112840,9.043104798444753,72.88514235120408,19.096419681747147
277520,2112840,9.237226397551932,72.88533235474158,19.096421863891084
277540,2112840,9.391858915763843,72.88552235830494,19.096424045839292
277560,2112840,9.523077416941693,72.88571236189418,19.096426227591763
277580,2112840,9.665386548358871,72.88590236550932,19.09642840914851
277600,2112840,9.895014792178603,72.88609236915032,19.096430590509524
277620,2112840,10.213344567491287,72.88628237281718,19.096432771674806
277640,2112840,10.550237045658408,72.88647237650991,19.09643495264436
277660,2112840,10.875341565134681,72.88666238022853,19.096437133418178
277680,2112840,11.176464097517023,72.88685238397301,19.09643931399627
277700,2112840,11.447914207865246,72.88704238774334,19.096441494378627
277720,2112840,11.689448577163322,72.88723239153953,19.096443674565258
277740,2112840,11.911686801397117,72.8874223953616,19.096445854556148
277760,2112840,12.143193633310295,72.88761239920949,19.096448034351308
277780,2112840,12.427200577973764,72.88780240308326,19.09645021395074
277800,2112840,12.802612022272063,72.88799240698287,19.09645239335444
277820,2112840,13.260191366933821,72.88818241090833,19.096454572562408
277840,2112840,13.737434709966863,72.88837241485965,19.096456751574642
277860,2112840,14.18075294227183,72.8885624188368,19.096458930391147
277880,2112840,14.593867132821835,72.88875242283979,19.096461109011916
277900,2112840,15.00417025929676,72.88894242686861,19.096463287436958
277920,2112840,15.448727082991525,72.88913243092328,19.09646546566626
277940,2112840,15.961462183696403,72.8893224350038,19.09646764369983
277960,2112840,16.555294732555666,72.88951243911013,19.096469821537674
277980,2112840,17.205874524802404,72.8897024432423,19.096471999179776
278000,2112840,17.84735273138061,72.8898924474003,19.096474176626156
278020,2112840,18.3887427749818,72.89008245158412,19.096476353876795
278040,2112840,18.769418301011846,72.89027245579376,19.0964785309317
278060,2112840,19.00642601265478,72.89046246002924,19.096480707790874
278080,2112840,19.14922158830074,72.89065246429053,19.096482884454318
278100,2112840,19.240232431667607,72.89084246857762,19.096485060922024
278120,2112840,19.31091384624558,72.89103247289053,19.096487237193998
278140,2112840,19.37846786769698,72.89122247722926,19.096489413270238
278160,2112840,19.43982222304475,72.89141248159379,19.09649158915074
278180,2112840,19.4798415167278,72.89160248598414,19.096493764835515
278200,2112840,19.48495794567598,72.89179249040028,19.096495940324555
278220,2112840,19.447402779543495,72.89198249484222,19.096498115617855
278240,2112840,19.364025306384896,72.89217249930998,19.09650029071542
278260,2112840,19.23459871738668,72.89236250380353,19.096502465617256
278280,2112840,19.060833369701285,72.89255250832288,19.096504640323356
278300,2112840,18.8460528110831,72.892742512868,19.096506814833717
278320,2112840,18.595247693831517,72.89293251743894,19.096508989148347
278340,2112840,18.31523757985133,72.89312252203565,19.09651116326724
278360,2112840,18.014927149235408,72.89331252665815,19.0965133371904
278380,2112840,17.706227431580587,72.89350253130642,19.09651551091783
278400,2112840,17.406617737051107,72.89369253598049,19.096517684449516
278420,2112840,17.142087679844895,72.89388254068034,19.096519857785463
278440,2112840,16.940510764031657,72.89407254540596,19.096522030925687
278460,2112840,16.807055522876617,72.89426255015736,19.096524203870164
278480,2112840,16.722962650056427,72.89445255493453,19.09652637661891
277040,2112860,2.728359422644539,72.880769976732,19.096550065954506
277060,2112860,2.933519363808718,72.88095997987942,19.09655225262245
277080,2112860,3.170425684206781,72.8811499830528,19.096554439094664
277100,2112860,3.448579348625625,72.88133998625209,19.096556625371147
277120,2112860,3.7834347637205017,72.88152998947733,19.096558811451906
277140,2112860,4.205421976027058,72.88171999272849,19.096560997336933
277160,2112860,4.815842202925785,72.88190999600559,19.09656318302622
277180,2112860,5.6275040285938145,72.8820999993086,19.09656536851979
277200,2112860,6.21544206980912,72.88229000263752,19.09656755381762
277220,2112860,6.423643413703331,72.88248000599238,19.096569738919726
277240,2112860,6.199305689926713,72.88267000937314,19.0965719238261
277260,2112860,5.831077243154329,72.88286001277982,19.096574108536746
277280,2112860,5.919156575597002,72.88305001621241,19.096576293051655
277300,2112860,6.572508827335491,72.88324001967091,19.096578477370834
277320,2112860,7.3868180031873285,72.88343002315531,19.09658066149428
277340,2112860,7.813293939214323,72.88362002666562,19.096582845422
277360,2112860,7.828065734682683,72.88381003020184,19.096585029153985
277380,2112860,7.694332033291956,72.88400003376395,19.096587212690242
277400,2112860,7.665497298695861,72.88419003735196,19.096589396030765
277420,2112860,7.808404841546947,72.88438004096588,19.096591579175556
277440,2112860,8.046156461515341,72.88457004460568,19.096593762124613
277460,2112860,8.32292722277484,72.88476004827136,19.09659594487794
277480,2112860,8.602136021659724,72.88495005196293,19.096598127435538
277500,2112860,8.852024675119548,72.88514005568041,19.0966003097974
277520,2112860,9.045463511097541,72.88533005942375,19.09660249196353
277540,2112860,9.183517719620605,72.88552006319298,19.09660467393393
277560,2112860,9.29606521229136,72.88571006698808,19.096606855708593
277580,2112860,9.425166951893155,72.88590007080907,19.096609037287525
277600,2112860,9.639163585838842,72.88609007465593,19.096611218670727
277620,2112860,9.953556309951235,72.88628007852867,19.096613399858203
277640,2112860,10.294026151630083,72.88647008242727,19.09661558084993
277660,2112860,10.627062423488347,72.88666008635174,19.096617761645934
277680,2112860,10.93758127629523,72.88685009030206,19.096619942246203
277700,2112860,11.219987087231491,72.88704009427826,19.09662212265074
277720,2112860,11.476730878558886,72.88723009828031,19.096624302859535
277740,2112860,11.720363574497215,72.88742010230824,19.096626482872608
277760,2112860,11.97470878302072,72.887610106362,19.09662866268994
277780,2112860,12.267438220991272,72.88780011044163,19.09663084231154
277800,2112860,12.613620057132003,72.88799011454711,19.096633021737407
277820,2112860,13.013456589961773,72.88818011867843,19.09663520096754
277840,2112860,13.437218540145166,72.88837012283561,19.096637380001937
277860,2112860,13.858235279729701,72.88856012701862,19.0966395588406
277880,2112860,14.277875254674171,72.88875013122747,19.096641737483534
277900,2112860,14.717492797341015,72.88894013546216,19.09664391593073
277920,2112860,15.20312706775234,72.8891301397227,19.09664609418219
277940,2112860,15.751436237095529,72.88932014400908,19.096648272237914
277960,2112860,16.357361546213223,72.88951014832126,19.096650450097908
277980,2112860,16.98763149675144,72.8897001526593,19.09665262776216
278000,2112860,17.584737522137225,72.88989015702316,19.096654805230685
278020,2112860,18.085378216407886,72.89008016141285,19.096656982503468
278040,2112860,18.45122268534167,72.89027016582835,19.096659159580526
278060,2112860,18.68718332984226,72.89046017026969,19.09666133646184
278080,2112860,18.82686016582929,72.89065017473683,19.096663513147416
278100,2112860,18.910506570941873,72.8908401792298,19.096665689637263
278120,2112860,18.97705087885666,72.89103018374858,19.09666786593137
278140,2112860,19.054856633936335,72.89122018829318,19.096670042029743
278160,2112860,19.132985569906943,72.89141019286356,19.09667221793238
278180,2112860,19.1828285981901,72.89160019745978,19.096674393639283
278200,2112860,19.187630679241245,72.89179020208178,19.096676569150446
278220,2112860,19.140971331602366,72.8919802067296,19.096678744465873
278240,2112860,19.041579177600816,72.89217021140321,19.096680919585562
278260,2112860,18.890571460866497,72.89236021610262,19.096683094509515
278280,2112860,18.690405155330268,72.89255022082783,19.09668526923774
278300,2112860,18.444834020524432,72.89274022557883,19.09668744377022
278320,2112860,18.15932856102816,72.89293023035563,19.096689618106964
278340,2112860,17.841370933598743,72.89312023515821,19.09669179224797
278360,2112860,17.500273238849513,72.89331023998658,19.09669396619324
278380,2112860,17.147159852096507,72.89350024484072,19.096696139942775
278400,2112860,16.798193127609544,72.89369024972066,19.09669831349657
278420,2112860,16.48380559093443,72.89388025462635,19.096700486854633
278440,2112860,16.25521336684984,72.89407025955785,19.096702660016955
278460,2112860,16.119471612010972,72.89426026451511,19.096704832983537
278480,2112860,16.041889295923184,72.89445026949815,19.096707005754382
277060,2112880,2.6797906996211713,72.8809576798009,19.0967328801801
277080,2112880,2.9087517092064967,72.88114768318015,19.096735066674555
277100,2112880,3.1790185544152934,72.88133768658531,19.096737252973277
277120,2112880,3.5075819989174493,72.88152769001641,19.096739439076266
277140,2112880,3.927618017394116,72.88171769347343,19.096741624983526
277160,2112880,4.4920868549540645,72.88190769695638,19.096743810695052
277180,2112880,5.153430106349455,72.88209770046524,19.096745996210846
277200,2112880,5.694141136351597,72.88228770400003,19.096748181530906
277220,2112880,5.956750177976854,72.88247770756074,19.096750366655233
277240,2112880,5.91032288462222,72.88266771114736,19.09675255158383
277260,2112880,5.800002028514863,72.88285771475992,19.09675473631669
277280,2112880,6.0707919839762345,72.88304771839836,19.096756920853824
277300,2112880,6.868739241260082,72.88323772206273,19.096759105195222
277320,2112880,7.843453709555613,72.883427725753,19.096761289340886
277340,2112880,8.173159466642078,72.88361772946917,19.096763473290814
277360,2112880,7.910252205140143,72.88380773321124,19.096765657045008
277380,2112880,7.569285448565003,72.88399773697921,19.096767840603476
277400,2112880,7.455372709367662,72.88418774077309,19.096770023966208
277420,2112880,7.5964246219845535,72.88437774459287,19.096772207133203
277440,2112880,7.838734064033865,72.88456774843853,19.096774390104468
277460,2112880,8.12587512152749,72.88475775231008,19.09677657287999
277480,2112880,8.422040626339435,72.88494775620751,19.09677875545979
277500,2112880,8.694181690131696,72.88513776013085,19.09678093784385
277520,2112880,8.89528465986945,72.88532776408005,19.09678312003217
277540,2112880,9.029517485797696,72.88551776805514,19.09678530202477
277560,2112880,9.148121612146905,72.88570777205611,19.096787483821622
277580,2112880,9.292862044093372,72.88589777608296,19.09678966542274
277600,2112880,9.50592558436801,72.88608778013568,19.096791846828133
277620,2112880,9.793123696190463,72.88627778421427,19.096794028037788
277640,2112880,10.115617198981784,72.88646778831874,19.096796209051707
277660,2112880,10.440411243054543,72.88665779244907,19.096798389869885
277680,2112880,10.749316275017508,72.88684779660527,19.096800570492334
277700,2112880,11.034680608392598,72.88703780078733,19.09680275091905
277720,2112880,11.297658293873504,72.88722780499526,19.096804931150018
277740,2112880,11.548137457503142,72.88741780922904,19.096807111185264
277760,2112880,11.803284146827515,72.88760781348866,19.096809291024776
277780,2112880,12.082340024899276,72.88779781777416,19.096811470668538
277800,2112880,12.40062065574006,72.88798782208549,19.09681365011657
277820,2112880,12.758008577282926,72.88817782642268,19.096815829368875
277840,2112880,13.138287656835494,72.88836783078571,19.096818008425434
277860,2112880,13.530794607126733,72.8885578351746,19.09682018728626
277880,2112880,13.942241242406485,72.88874783958931,19.09682236595135
277900,2112880,14.39300691789517,72.88893784402988,19.096824544420702
277920,2112880,14.90371981852083,72.88912784849629,19.09682672269432
277940,2112880,15.479966998503196,72.88931785298851,19.096828900772195
277960,2112880,16.103105479240924,72.88950785750657,19.096831078654333
277980,2112880,16.731362584362632,72.88969786205047,19.096833256340748
278000,2112880,17.309936327214906,72.8898878666202,19.096835433831416
278020,2112880,17.788244168517444,72.89007787121575,19.096837611126343
278040,2112880,18.13909552009838,72.89026787583713,19.096839788225537
278060,2112880,18.36773746898972,72.89045788048432,19.096841965129
278080,2112880,18.50378341518991,72.89064788515734,19.096844141836712
278100,2112880,18.585140934288425,72.89083788985617,19.096846318348696
278120,2112880,18.65057814338109,72.89102789458082,19.096848494664943
278140,2112880,18.751060748211803,72.89121789933128,19.096850670785447
278160,2112880,18.853668191154934,72.89140790410754,19.096852846710217
278180,2112880,18.91245011392448,72.8915979089096,19.096855022439247
278200,2112880,18.913464010921295,72.89178791373749,19.09685719797254
278220,2112880,18.854577350727862,72.89197791859117,19.096859373310092
278240,2112880,18.737433878774162,72.89216792347065,19.0968615484519
278260,2112880,18.564750942396298,72.89235792837593,19.096863723397984
278280,2112880,18.33955083695876,72.892547933307,19.09686589814832
278300,2112880,18.065665796715496,72.89273793826388,19.09686807270292
278320,2112880,17.748954619574533,72.89292794324653,19.09687024706178
278340,2112880,17.398155751226394,72.89311794825498,19.096872421224905
278360,2112880,17.024369298480188,72.89330795328921,19.09687459519228
278380,2112880,16.639007613190035,72.89349795834923,19.096876768963927
278400,2112880,16.254511388602616,72.89368796343503,19.096878942539828
278420,2112880,15.902230639962772,72.89387796854662,19.096881115919995
278440,2112880,15.64894176436637,72.89406797368396,19.09688328910442
278460,2112880,15.50267669884208,72.8942579788471,19.096885462093102
277080,2112900,2.704228846179398,72.88114538328156,19.09691569425064
277100,2112900,2.9772515766798398,72.88133538689259,19.096917880571603
277120,2112900,3.3100103648649077,72.88152539052955,19.09692006669683
277140,2112900,3.7242815013635813,72.88171539419244,19.096922252626317
277160,2112900,4.230143956124652,72.88190539788124,19.09692443836007
277180,2112900,4.777039642590291,72.88209540159596,19.096926623898092
277200,2112900,5.249459169584917,72.88228540533663,19.096928809240378
277220,2112900,5.554096943886452,72.8824754091032,19.096930994386934
277240,2112900,5.703903111921155,72.88266541289569,19.096933179337753
277260,2112900,5.870338157709678,72.8828554167141,19.09693536409284
277280,2112900,6.293915236394429,72.88304542055842,19.096937548652186
277300,2112900,7.045578991174939,72.88323542442863,19.096939733015805
277320,2112900,7.849155343126286,72.88342542832477,19.09694191718368
277340,2112900,8.039621701300607,72.8836154322468,19.09694410115582
277360,2112900,7.7599518568145225,72.88380543619475,19.09694628493223
277380,2112900,7.464100318706774,72.88399544016858,19.09694846851291
277400,2112900,7.352919710236475,72.88418544416832,19.096950651897842
277420,2112900,7.455977962726431,72.88437544819395,19.096952835087045
277440,2112900,7.678333581605292,72.88456545224548,19.096955018080507
277460,2112900,7.9569022838835695,72.88475545632289,19.096957200878244
277480,2112900,8.252450218828706,72.8849454604262,19.096959383480232
277500,2112900,8.530669374263319,72.88513546455539,19.096961565886495
277520,2112900,8.744095256374655,72.88532546871046,19.096963748097014
277540,2112900,8.89725151096074,72.88551547289141,19.096965930111793
277560,2112900,9.040700889487482,72.88570547709826,19.09696811193085
277580,2112900,9.209206456560452,72.88589548133098,19.096970293554158
277600,2112900,9.427257508004171,72.88608548558956,19.09697247498173
277620,2112900,9.697244690767038,72.88627548987402,19.096974656213575
277640,2112900,9.999182303670432,72.88646549418435,19.096976837249674
277660,2112900,10.309005530326445,72.88665549852055,19.096979018090035
277680,2112900,10.609297269197109,72.88684550288261,19.096981198734664
277700,2112900,10.890584413086602,72.88703550727054,19.096983379183552
277720,2112900,11.151182246407195,72.88722551168432,19.0969855594367
277740,2112900,11.39728421773003,72.88741551612397,19.096987739494118
277760,2112900,11.641310410567378,72.88760552058946,19.096989919355796
277780,2112900,11.898811353438987,72.88779552508083,19.096992099021737
277800,2112900,12.188630451828843,72.88798552959803,19.096994278491938
277820,2112900,12.511413979597975,72.88817553414108,19.096996457766398
277840,2112900,12.85211210656217,72.88836553870999,19.096998636845125
277860,2112900,13.208966566193206,72.88855554330473,19.097000815728112
277880,2112900,13.596142079721165,72.88874554792532,19.097002994415366
277900,2112900,14.039696039862815,72.88893555257175,19.09700517290687
277920,2112900,14.56340793554201,72.88912555724401,19.097007351202638
277940,2112900,15.167645651681964,72.88931556194211,19.09700952930267
277960,2112900,15.820656214764625,72.88950556666606,19.097011707206963
277980,2112900,16.468880223061632,72.88969557141581,19.097013884915523
278000,2112900,17.05272322998508,72.8898855761914,19.097016062428338
278020,2112900,17.523717103610057,72.89007558099284,19.097018239745413
278040,2112900,17.860609611813345,72.89026558582009,19.09702041686675
278060,2112900,18.075691051943323,72.89045559067314,19.097022593792353
278080,2112900,18.206425993387818,72.89064559555202,19.09702477052221
278100,2112900,18.29736867178406,72.89083560045671,19.097026947056328
278120,2112900,18.387389988668456,72.89102560538724,19.09702912339471
278140,2112900,18.50765407936413,72.89121561034356,19.09703129953735
278160,2112900,18.62071919282909,72.8914056153257,19.09703347548425
278180,2112900,18.675798846054654,72.89159562033363,19.09703565123541
278200,2112900,18.663524383590648,72.89178562536739,19.097037826790825
278220,2112900,18.586028724572586,72.89197563042694,19.097040002150507
278240,2112900,18.447687674340656,72.89216563551228,19.097042177314442
278260,2112900,18.252592137401194,72.89235564062344,19.097044352282644
278280,2112900,18.003707657419618,72.89254564576038,19.0970465270551
278300,2112900,17.703981850022892,72.89273565092311,19.097048701631817
278320,2112900,17.359007291480747,72.89292565611164,19.09705087601279
278340,2112900,16.979219098392786,72.89311566132596,19.097053050198028
278360,2112900,16.579180799945327,72.89330566656606,19.09705522418752
278380,2112900,16.174147898778,72.89349567183196,19.097057397981274
278400,2112900,15.774289957677604,72.89368567712363,19.097059571579283
278420,2112900,15.415663664776432,72.89387568244108,19.09706174498156
278440,2112900,15.14354439470932,72.89406568778432,19.097063918188077
278460,2112900,14.964245408546386,72.89425569315331,19.09706609119887
277100,2112920,2.8240336992450064,72.88133308717394,19.097098508166116
277120,2112920,3.1560480640514035,72.88152309101676,19.09710069431358
277140,2112920,3.5520039522110185,72.8817130948855,19.097102880265304
277160,2112920,4.005471650941794,72.88190309878019,19.097105066021292
277180,2112920,4.478225715454433,72.8820931027008,19.09710725158154
277200,2112920,4.90814873953676,72.8822831066473,19.097109436946052
277220,2112920,5.251884038579308,72.88247311061973,19.097111622114834
277240,2112920,5.530939980890153,72.8826631146181,19.097113807087876
277260,2112920,5.841119584323733,72.88285311864236,19.097115991865184
277280,2112920,6.285182705919351,72.88304312269256,19.09711817644675
277300,2112920,6.847056256074607,72.88323312676863,19.09712036083258
277320,2112920,7.30866647602175,72.88342313087064,19.097122545022675
277340,2112920,7.424416228470186,72.88361313499854,19.097124729017033
277360,2112920,7.375880772640908,72.88380313915233,19.09712691281565
277380,2112920,7.27465219710175,72.88399314333205,19.097129096418534
277400,2112920,7.246547936216358,72.88418314753764,19.097131279825675
277420,2112920,7.346520512438138,72.88437315176914,19.097133463037082
277440,2112920,7.547838568071795,72.88456315602654,19.097135646052752
277460,2112920,7.806813883368819,72.88475316030983,19.09713782887268
277480,2112920,8.086181413291193,72.884943164619,19.097140011496876
277500,2112920,8.352663118346925,72.88513316895406,19.097142193925333
277520,2112920,8.578757037186413,72.885323173315,19.097144376158052
277540,2112920,8.766451974695538,72.88551317770182,19.09714655819502
277560,2112920,8.944303426618692,72.88570318211453,19.09714874003627
277580,2112920,9.139571175589985,72.8858931865531,19.097150921681767
277600,2112920,9.368634728561867,72.88608319101756,19.09715310313153
277620,2112920,9.632873261760182,72.88627319550788,19.09715528438555
277640,2112920,9.920778306909781,72.88646320002408,19.097157465443836
277660,2112920,10.216573272158382,72.88665320456616,19.09715964630638
277680,2112920,10.506477699731807,72.88684320913408,19.09716182697319
277700,2112920,10.78040475968419,72.88703321372789,19.097164007444256
277720,2112920,11.0336015297708,72.88722321834754,19.09716618771958
277740,2112920,11.269577508258875,72.88741322299305,19.097168367799167
277760,2112920,11.499492572810693,72.88760322766441,19.097170547683014
277780,2112920,11.737746314318091,72.88779323236164,19.097172727371124
277800,2112920,12.001670217914892,72.88798323708473,19.09717490686349
277820,2112920,12.291645557168621,72.88817324183366,19.097177086160126
277840,2112920,12.591993578195872,72.88836324660842,19.09717926526101
277860,2112920,12.905720978827041,72.88855325140904,19.09718144416616
277880,2112920,13.253089269591868,72.8887432562355,19.09718362287557
277900,2112920,13.670397586800409,72.88893326108779,19.097185801389237
277920,2112920,14.197068556601932,72.88912326596592,19.09718797970716
277940,2112920,14.83472330221035,72.88931327086989,19.09719015782935
277960,2112920,15.53366328419488,72.8895032757997,19.097192335755793
277980,2112920,16.224196698738027,72.88969328075534,19.0971945134865
278000,2112920,16.835151916784643,72.8898832857368,19.097196691021455
278020,2112920,17.31098301733721,72.89007329074408,19.09719886836068
278040,2112920,17.6321609501092,72.8902632957772,19.097201045504168
278060,2112920,17.822846089519224,72.89045330083614,19.097203222451903
278080,2112920,17.939368799924058,72.89064330592089,19.097205399203904
278100,2112920,18.043878009147303,72.89083331103146,19.09720757576016
278120,2112920,18.170864968210214,72.89102331616785,19.09720975212068
278140,2112920,18.312669634210824,72.89121332133004,19.097211928285446
278160,2112920,18.425136185961435,72.89140332651806,19.09721410425448
278180,2112920,18.465475936954284,72.89159333173187,19.09721628002777
278200,2112920,18.43012400008884,72.89178333697149,19.097218455605315
278220,2112920,18.326657867367597,72.89197334223691,19.097220630987117
278240,2112920,18.163010075134064,72.89216334752813,19.09722280617318
278260,2112920,17.944715321527557,72.89235335284515,19.0972249811635
278280,2112920,17.674011803825948,72.89254335818796,19.097227155958073
278300,2112920,17.351251849666358,72.89273336355657,19.09722933055691
278320,2112920,16.980046639645884,72.89292336895099,19.097231504960003
278340,2112920,16.572750146119315,72.89311337437117,19.097233679167353
278360,2112920,16.148651977601073,72.89330337981714,19.097235853178958
278380,2112920,15.726795984747342,72.8934933852889,19.097238026994816
278400,2112920,15.324588172516592,72.89368339078645,19.097240200614934
278420,2112920,14.968617192537799,72.89387339630977,19.09724237403931
278440,2112920,14.68523834156414,72.89406340185887,19.097244547267945
277120,2112940,3.028680441939078,72.88152079147804,19.097281321926527
277140,2112940,3.4026122585967493,72.88171079555266,19.097283507900485
277160,2112940,3.815174280841638,72.88190079965321,19.09728569367871
277180,2112940,4.240578469606648,72.88209080377966,19.09728787926118
277200,2112940,4.645444483648789,72.88228080793206,19.097290064647925
277220,2112940,5.010260156625965,72.88247081211036,19.09729224983893
277240,2112940,5.348781556645871,72.88266081631458,19.097294434834197
277260,2112940,5.703185697722219,72.88285082054472,19.097296619633724
277280,2112940,6.102644462276821,72.88304082480077,19.097298804237514
277300,2112940,6.506907573143818,72.88323082908273,19.097300988645557
277320,2112940,6.802870364852065,72.8834208333906,19.09730317285787
277340,2112940,6.941177089399989,72.88361083772438,19.097305356874436
277360,2112940,7.008923815908744,72.88380084208403,19.09730754069527
277380,2112940,7.045309317878171,72.88399084646962,19.097309724320358
277400,2112940,7.1051688368356585,72.88418085088108,19.09731190774971
277420,2112940,7.2318229690086016,72.88437085531845,19.09731409098332
277440,2112940,7.426976691785395,72.88456085978171,19.09731627402119
277460,2112940,7.669014432812784,72.88475086427087,19.097318456863327
277480,2112940,7.931016732512397,72.88494086878592,19.097320639509718
277500,2112940,8.188112775635172,72.88513087332684,19.09732282196037
277520,2112940,8.42387572893012,72.88532087789365,19.097325004215282
277540,2112940,8.638733362402151,72.88551088248634,19.097327186274452
277560,2112940,8.847874518796033,72.88570088710492,19.097329368137885
277580,2112940,9.068938432640426,72.88589089174937,19.097331549805574
277600,2112940,9.312564250901122,72.8860808964197,19.097333731277523
277620,2112940,9.578573784322014,72.88627090111589,19.09733591255373
277640,2112940,9.85875757260036,72.88646090583796,19.0973380936342
277660,2112940,10.143730270578347,72.8866509105859,19.097340274518928
277680,2112940,10.424843471223745,72.8868409153597,19.097342455207915
277700,2112940,10.69214532986133,72.88703092015936,19.09734463570116
277720,2112940,10.936409408390597,72.88722092498489,19.097346815998655
277740,2112940,11.159357338200754,72.88741092983628,19.09734899610042
277760,2112940,11.375543977851368,72.88760093471352,19.097351176006438
277780,2112940,11.601495974818969,72.88779093961661,19.097353355716717
277800,2112940,11.848471968465073,72.88798094454556,19.097355535231255
277820,2112940,12.107119457460756,72.88817094950035,19.097357714550046
277840,2112940,12.367908645595731,72.888360954481,19.097359893673094
277860,2112940,12.636485205167276,72.88855095948749,19.097362072600408
277880,2112940,12.934684151947966,72.88874096451983,19.097364251331975
277900,2112940,13.306703911668784,72.88893096957798,19.097366429867797
277920,2112940,13.825077328326266,72.889120974662,19.097368608207884
277940,2112940,14.502837672814927,72.88931097977185,19.097370786352222
277960,2112940,15.258808759534837,72.88950098490751,19.097372964300817
277980,2112940,16.01045173278638,72.88969099006903,19.097375142053675
278000,2112940,16.669616838549096,72.88988099525636,19.097377319610782
278020,2112940,17.161076102383376,72.89007100046952,19.097379496972152
278040,2112940,17.46139079568481,72.89026100570851,19.09738167413778
278060,2112940,17.611059278834794,72.89045101097332,19.097383851107658
278080,2112940,17.692648119775093,72.89064101626394,19.097386027881793
278100,2112940,17.800799960686113,72.8908310215804,19.097388204460188
278120,2112940,17.96585635262504,72.89102102692264,19.097390380842835
278140,2112940,18.137211479058713,72.89121103229073,19.097392557029746
278160,2112940,18.24839901708767,72.8914010376846,19.09739473302091
278180,2112940,18.266096718805045,72.89159104310428,19.097396908816325
278200,2112940,18.198437990177155,72.89178104854979,19.097399084416004
278220,2112940,18.062010842568053,72.89197105402107,19.097401259819932
278240,2112940,17.868978117659253,72.89216105951817,19.097403435028117
278260,2112940,17.626728477184297,72.89235106504107,19.097405610040557
278280,2112940,17.336942652127703,72.89254107058976,19.097407784857257
278300,2112940,16.995158669167694,72.89273107616424,19.097409959478206
278320,2112940,16.599061361110678,72.89292108176453,19.097412133903415
278340,2112940,16.1639793872295,72.89311108739058,19.097414308132876
278360,2112940,15.718117254092249,72.89330109304244,19.097416482166594
278380,2112940,15.285740393938363,72.89349109872008,19.097418656004564
278400,2112940,14.885112888700935,72.8936811044235,19.097420829646794
278420,2112940,14.533835855510667,72.89387111015269,19.097423003093276
277140,2112960,3.2744192920981927,72.8817084961939,19.097464135531858
277160,2112960,3.6557651223270597,72.8818985005003,19.09746632133231
277180,2112960,4.048649382235533,72.88208850483264,19.097468506937016
277200,2112960,4.4341973794114,72.8822785091909,19.097470692345983
277220,2112960,4.801741323437312,72.88246851357506,19.097472877559216
277240,2112960,5.155563395989045,72.88265851798516,19.097475062576706
277260,2112960,5.508594870158383,72.88284852242117,19.09747724739845
277280,2112960,5.861809867457053,72.8830385268831,19.097479432024457
277300,2112960,6.185945899623176,72.88322853137092,19.097481616454722
277320,2112960,6.436503766405901,72.88341853588464,19.09748380068925
277340,2112960,6.605496533354687,72.88360854042429,19.097485984728028
277360,2112960,6.72792919694918,72.88379854498984,19.097488168571072
277380,2112960,6.834542885598523,72.88398854958129,19.097490352218372
277400,2112960,6.953758825846559,72.88417855419863,19.097492535669932
277420,2112960,7.109514787416396,72.88436855884187,19.09749471892575
277440,2112960,7.308244810719697,72.884558563511,19.097496901985824
277460,2112960,7.5406838816724235,72.88474856820602,19.097499084850156
277480,2112960,7.790469806438183,72.88493857292693,19.09750126751875
277500,2112960,8.041432456420289,72.88512857767374,19.0975034499916
277520,2112960,8.283403844502901,72.88531858244642,19.097505632268707
277540,2112960,8.516120795793256,72.88550858724498,19.09750781435007
277560,2112960,8.747938714445544,72.88569859206943,19.097509996235694
277580,2112960,8.989679735607337,72.88588859691976,19.097512177925573
277600,2112960,9.247794128988918,72.88607860179596,19.09751435941971
277620,2112960,9.519403757117104,72.88626860669802,19.097516540718104
277640,2112960,9.794839438017096,72.88645861162597,19.09751872182075
277660,2112960,10.070542893124191,72.88664861657978,19.09752090272766
277680,2112960,10.3449968461889,72.88683862155945,19.097523083438826
277700,2112960,10.609275612372144,72.88702862656498,19.097525263954246
277720,2112960,10.84549655699158,72.8872186315964,19.097527444273926
277740,2112960,11.05237356288277,72.88740863665365,19.097529624397858
277760,2112960,11.253795704112218,72.88759864173677,19.097531804326053
277780,2112960,11.46881977106333,72.88778864684573,19.097533984058497
277800,2112960,11.70544309777095,72.88797865198055,19.0975361635952
277820,2112960,11.94576670416927,72.88816865714122,19.097538342936165
277840,2112960,12.180272391184436,72.88835866232773,19.097540522081378
277860,2112960,12.413301923506957,72.8885486675401,19.097542701030843
277880,2112960,12.669226674049005,72.88873867277832,19.09754487978457
277900,2112960,12.99952730423632,72.88892867804235,19.09754705834256
277920,2112960,13.49900623688725,72.88911868333223,19.097549236704793
277940,2112960,14.19608913165937,72.88930868864794,19.097551414871287
277960,2112960,14.997994148251333,72.8894986939895,19.097553592842036
277980,2112960,15.820460525731887,72.88968869935688,19.097555770617035
278000,2112960,16.55048672300119,72.88987870475009,19.0975579481963
278020,2112960,17.069530637124352,72.89006871016913,19.09756012557981
278040,2112960,17.343072306771305,72.89025871561398,19.097562302767578
278060,2112960,17.44167964582153,72.89044872108468,19.0975644797596
278080,2112960,17.468590970182635,72.89063872658117,19.097566656555873
278100,2112960,17.565907205734277,72.8908287321035,19.09756883315641
278120,2112960,17.769038775841178,72.89101873765163,19.097571009561197
278140,2112960,17.972734800094187,72.89120874322558,19.097573185770237
278160,2112960,18.077738648074344,72.89139874882532,19.09757536178353
278180,2112960,18.05746266403475,72.89158875445091,19.097577537601083
278200,2112960,17.948996348829798,72.89177876010227,19.09757971322288
278220,2112960,17.774734772160745,72.89196876577944,19.09758188864894
278240,2112960,17.548427491861254,72.89215877148241,19.09758406387925
278260,2112960,17.27991008160228,72.89234877721118,19.097586238913806
278280,2112960,16.973060103951095,72.89253878296576,19.09758841375263
278300,2112960,16.618539680288404,72.89272878874611,19.097590588395693
278320,2112960,16.19809431394352,72.89291879455227,19.097592762843018
278340,2112960,15.733633280200644,72.89310880038421,19.097594937094595
278360,2112960,15.271333924606548,72.89329880624194,19.097597111150424
278380,2112960,14.83708638231136,72.89348881212547,19.097599285010507
278400,2112960,14.443682138888887,72.89367881803476,19.09760145867484
278420,2112960,14.100670487594154,72.89386882396983,19.097603632143425
277160,2112980,3.5228731377590137,72.88189620132148,19.097646948982106
277180,2112980,3.8907758967627286,72.88208620585968,19.097649134609046
277200,2112980,4.257927650860293,72.88227621042381,19.097651320040246
277220,2112980,4.616486616381343,72.88246621501385,19.097653505275698
277240,2112980,4.964660575623274,72.88265621962982,19.097655690315413
277260,2112980,5.302690516071165,72.8828462242717,19.097657875159385
277280,2112980,5.624439856347739,72.8830362289395,19.097660059807602
277300,2112980,5.91346365852375,72.8832262336332,19.09766224426009
277320,2112980,6.153126019102168,72.88341623835281,19.097664428516833
277340,2112980,6.3438540032228365,72.88360624309833,19.097666612577825
277360,2112980,6.50337765005211,72.88379624786974,19.097668796443074
277380,2112980,6.652345584299983,72.88398625266706,19.097670980112586
277400,2112980,6.809071312137718,72.88417625749027,19.097673163586354
277420,2112980,6.987480811145457,72.88436626233938,19.097675346864378
277440,2112980,7.192844095588054,72.88455626721439,19.097677529946655
277460,2112980,7.4213648151291265,72.8847462721153,19.097679712833187
277480,2112980,7.66388663982583,72.88493627704207,19.097681895523976
277500,2112980,7.910657020562359,72.88512628199476,19.097684078019025
277520,2112980,8.15542387497571,72.8853162869733,19.09768626031833
277540,2112980,8.397746508973054,72.88550629197776,19.097688442421887
277560,2112980,8.642430693665593,72.88569629700807,19.0976906243297
277580,2112980,8.896360865534868,72.88588630206426,19.097692806041767
277600,2112980,9.164148707753599,72.88607630714634,19.097694987558093
277620,2112980,9.442166030181355,72.88626631225429,19.097697168878675
277640,2112980,9.711895581150026,72.8864563173881,19.097699350003506
277660,2112980,9.978233362375265,72.88664632254779,19.0977015309326
277680,2112980,10.246815012974036,72.88683632773333,19.09770371166594
277700,2112980,10.507764387843398,72.88702633294476,19.09770589220354
277720,2112980,10.737415197562687,72.88721633818203,19.09770807254539
277740,2112980,10.93109197596117,72.88740634344515,19.097710252691495
277760,2112980,11.118124339813688,72.88759634873415,19.097712432641867
277780,2112980,11.319221698044526,72.887786354049,19.09771461239648
277800,2112980,11.549151551102511,72.88797635938968,19.09771679195535
277820,2112980,11.789865944077983,72.88816636475623,19.09771897131847
277840,2112980,12.019509949205812,72.88835637014864,19.097721150485853
277860,2112980,12.232675894323283,72.88854637556686,19.09772332945749
277880,2112980,12.460455719007273,72.88873638101094,19.097725508233374
277900,2112980,12.771896543674245,72.88892638648088,19.097727686813514
277920,2112980,13.24631373237571,72.88911639197663,19.097729865197905
277940,2112980,13.909964337043679,72.88930639749823,19.097732043386554
277960,2112980,14.725310169235515,72.88949640304565,19.097734221379454
277980,2112980,15.61261961992139,72.88968640861891,19.097736399176604
278000,2112980,16.434941939975857,72.889876414218,19.09773857677801
278020,2112980,16.995453134532166,72.89006641984291,19.09774075418367
278040,2112980,17.237511624017813,72.89025642549365,19.097742931393583
278060,2112980,17.30607980722833,72.89044643117022,19.097745108407747
278080,2112980,17.313154040615984,72.8906364368726,19.09774728522616
278100,2112980,17.38255616540094,72.8908264426008,19.09774946184884
278120,2112980,17.58216582955939,72.8910164483548,19.097751638275753
278140,2112980,17.785254852542412,72.89120645413463,19.097753814506927
278160,2112980,17.86589168001985,72.89139645994027,19.09775599054236
278180,2112980,17.80749520542866,72.89158646577171,19.097758166382032
278200,2112980,17.661988657431905,72.89177647162896,19.097760342025957
278220,2112980,17.450460944237566,72.89196647751201,19.097762517474145
278240,2112980,17.18717834620889,72.89215648342086,19.097764692726575
278260,2112980,16.885170648230464,72.8923464893555,19.09776686778326
278280,2112980,16.554685035098892,72.89253649531595,19.097769042644195
278300,2112980,16.191934946638522,72.89272650130219,19.097771217309386
278320,2112980,15.746276261659412,72.89291650731424,19.097773391778823
278340,2112980,15.256546979193327,72.89310651335205,19.097775566052512
278360,2112980,14.793491792785606,72.89329651941566,19.097777740130454
278380,2112980,14.371754318996931,72.89348652550507,19.097779914012644
278400,2112980,13.994582507780652,72.89367653162023,19.097782087699084
277180,2113000,3.7597577082115103,72.88208390686081,19.097829762277275
277200,2113000,4.108804418263578,72.88227391163082,19.0978319477307
277220,2113000,4.453121215126601,72.88246391642673,19.097834132988382
277240,2113000,4.788229262846442,72.88265392124858,19.097836318050312
277260,2113000,5.110097619263118,72.88284392609631,19.097838502916503
277280,2113000,5.412332322821722,72.88303393096999,19.097840687586956
277300,2113000,5.686156614872816,72.88322393586957,19.097842872061655
277320,2113000,5.925420136549988,72.88341394079505,19.097845056340603
277340,2113000,6.132504857312602,72.88360394574644,19.097847240423814
277360,2113000,6.318035265836459,72.88379395072374,19.09784942431128
277380,2113000,6.495488666330282,72.88398395572693,19.097851608003
277400,2113000,6.6771799119853465,72.88417396075603,19.09785379149897
277420,2113000,6.872085153696773,72.884363965811,19.0978559747992
277440,2113000,7.084090253319783,72.8845539708919,19.097858157903683
277460,2113000,7.311771313906043,72.88474397599867,19.097860340812414
277480,2113000,7.550172134991014,72.88493398113134,19.09786252352541
277500,2113000,7.793579577326453,72.88512398628988,19.09786470604265
277520,2113000,8.038107799519862,72.88531399147432,19.097866888364152
277540,2113000,8.283179377381556,72.88550399668463,19.0978690704899
277560,2113000,8.531381459329312,72.88569400192083,19.09787125241991
277580,2113000,8.78683279792766,72.88588400718291,19.097873434154163
277600,2113000,9.052530799673285,72.88607401247086,19.09787561569268
277620,2113000,9.325624018866804,72.88626401778468,19.09787779703544
277640,2113000,9.591275410996026,72.88645402312437,19.09787997818246
277660,2113000,9.855802158121502,72.88664402848993,19.09788215913373
277680,2113000,10.122100331832701,72.88683403388136,19.097884339889255
277700,2113000,10.37660139585717,72.88702403929865,19.097886520449034
277720,2113000,10.600625906999278,72.8872140447418,19.097888700813062
277740,2113000,10.790375794069039,72.88740405021082,19.09789088098134
277760,2113000,10.964606222972883,72.88759405570568,19.097893060953876
277780,2113000,11.15022900596789,72.8877840612264,19.097895240730658
277800,2113000,11.37313688394776,72.88797406677298,19.0978974203117
277820,2113000,11.620047119630646,72.8881640723454,19.097899599696987
277840,2113000,11.863143938646015,72.88835407794367,19.09790177888653
277860,2113000,12.0676244301693,72.8885440835678,19.097903957880327
277880,2113000,12.272071629969817,72.88873408921775,19.097906136678372
277900,2113000,12.558845413885368,72.88892409489355,19.097908315280673
277920,2113000,12.999846453124883,72.8891141005952,19.09791049368722
277940,2113000,13.610981684572867,72.88930410632267,19.09791267189802
277960,2113000,14.404346888855777,72.88949411207597,19.09791484991307
277980,2113000,15.320178966505402,72.88968411785511,19.09791702773237
278000,2113000,16.19454728215667,72.88987412366009,19.09791920535593
278020,2113000,16.79546348278126,72.89006412949088,19.09792138278373
278040,2113000,17.051133964770994,72.89025413534749,19.097923560015783
278060,2113000,17.150777438430914,72.89044414122995,19.09792573705209
278080,2113000,17.191586428161,72.89063414713819,19.09792791389265
278100,2113000,17.257895383962545,72.89082415307227,19.097930090537456
278120,2113000,17.39904271495036,72.89101415903217,19.097932266986508
278140,2113000,17.535047358586837,72.89120416501787,19.09793444323982
278160,2113000,17.576366703799994,72.89139417102939,19.09793661929738
278180,2113000,17.500386037838613,72.8915841770667,19.097938795159187
278200,2113000,17.330079173600343,72.89177418312984,19.097940970825242
278220,2113000,17.085998554856957,72.89196418921877,19.09794314629555
278240,2113000,16.7830898611982,72.89215419533352,19.097945321570105
278260,2113000,16.436198744113373,72.89234420147405,19.097947496648914
278280,2113000,16.060667859811737,72.89253420764037,19.09794967153197
278300,2113000,15.657585045432967,72.89272421383248,19.097951846219274
278320,2113000,15.196236103291428,72.8929142200504,19.097954020710823
278340,2113000,14.719215075670537,72.8931042262941,19.09795619500663
278360,2113000,14.28529766166534,72.8932942325636,19.09795836910668
278380,2113000,13.893001497184292,72.89348423885887,19.097960543010988
278400,2113000,13.54053032999066,72.89367424517994,19.097962716719532
277180,2113020,3.6516255777039026,72.882081607836,19.098010389941702
277200,2113020,3.983501251114633,72.88227161281189,19.098012575417354
277220,2113020,4.312407713160603,72.88246161781369,19.09801476069726
277240,2113020,4.633232502407762,72.88265162284141,19.09801694578142
277260,2113020,4.941165688253234,72.88284162789503,19.098019130669826
277280,2113020,5.231055443300265,72.88303163297458,19.09802131536249
277300,2113020,5.498081153413206,72.88322163808004,19.09802349985941
277320,2113020,5.740066082987343,72.88341164321139,19.09802568416058
277340,2113020,5.959577839232125,72.88360164836867,19.098027868266
277360,2113020,6.163574921912911,72.88379165355184,19.098030052175673
277380,2113020,6.360955490557409,72.88398165876092,19.098032235889605
277400,2113020,6.560074032668201,72.88417166399587,19.09803441940779
277420,2113020,6.767059334156052,72.88436166925675,19.098036602730215
277440,2113020,6.984834565145332,72.8845516745435,19.098038785856904
277460,2113020,7.213049816348912,72.88474167985616,19.098040968787842
277480,2113020,7.44903923566563,72.8849316851947,19.09804315152303
277500,2113020,7.689397462619829,72.88512169055912,19.098045334062476
277520,2113020,7.931518972182333,72.88531169594944,19.098047516406165
277540,2113020,8.17452505716377,72.88550170136564,19.09804969855411
277560,2113020,8.41928056509639,72.88569170680772,19.098051880506304
277580,2113020,8.66755627292511,72.88588171227568,19.098054062262754
277600,2113020,8.920567956807954,72.8860717177695,19.098056243823454
277620,2113020,9.177492935686233,72.8862617232892,19.098058425188405
277640,2113020,9.439808996576753,72.88645172883477,19.098060606357603
277660,2113020,9.71122355048153,72.88664173440621,19.098062787331056
277680,2113020,9.982792065812259,72.88683174000352,19.09806496810876
277700,2113020,10.238554999141114,72.8870217456267,19.098067148690713
277720,2113020,10.46135756304489,72.88721175127573,19.09806932907692
277740,2113020,10.644100080414074,72.88740175695061,19.098071509267374
277760,2113020,10.798207509859502,72.88759176265137,19.09807368926208
277780,2113020,10.955768068227096,72.88778176837796,19.098075869061038
277800,2113020,11.153379457113573,72.88797177413042,19.09807804866424
277820,2113020,11.395408402849297,72.88816177990873,19.098080228071698
277840,2113020,11.653943712344924,72.88835178571289,19.0980824072834
277860,2113020,11.86248550267632,72.88854179154288,19.098084586299354
277880,2113020,12.06657884635343,72.88873179739872,19.098086765119564
277900,2113020,12.34355212704243,72.8889218032804,19.098088943744017
277920,2113020,12.760988459688154,72.88911180918792,19.098091122172722
277940,2113020,13.323454255250084,72.88930181512127,19.09809330040568
277960,2113020,14.065397494603992,72.88949182108047,19.09809547844288
277980,2113020,14.939690130997779,72.88968182706549,19.09809765628433
278000,2113020,15.762415860420173,72.88987183307633,19.098099833930032
278020,2113020,16.373769103319006,72.89006183911302,19.098102011379982
278040,2113020,16.72870733252181,72.89025184517553,19.09810418863418
278060,2113020,16.917559867707446,72.89044185126384,19.09810636569263
278080,2113020,17.02511472660699,72.89063185737798,19.09810854255533
278100,2113020,17.107164199710578,72.89082186351794,19.09811071922227
278120,2113020,17.19397427032321,72.89101186968372,19.098112895693465
278140,2113020,17.259028858313027,72.89120187587531,19.09811507196891
278160,2113020,17.253561605781055,72.8913918820927,19.09811724804859
278180,2113020,17.154018392266398,72.8915818883359,19.098119423932534
278200,2113020,16.96326528327458,72.89177189460491,19.09812159962072
278220,2113020,16.69208767540497,72.89196190089973,19.09812377511315
278240,2113020,16.35166236168802,72.89215190722035,19.098125950409834
278260,2113020,15.955291211192275,72.89234191356677,19.098128125510762
278280,2113020,15.52273879549038,72.89253191993899,19.09813030041593
278300,2113020,15.077945456127708,72.89272192633699,19.098132475125354
278320,2113020,14.612973194663141,72.8929119327608,19.09813464963903
278340,2113020,14.16716361545493,72.89310193921037,19.098136823956946
278360,2113020,13.776679157720338,72.89329194568576,19.098138998079108
278380,2113020,13.417723537847415,72.8934819521869,19.09814117200552
277200,2113040,3.8804621250679396,72.88226931396704,19.098193203100195
277220,2113040,4.194814934676046,72.88245931917473,19.098195388402324
277240,2113040,4.5024657815680635,72.88264932440832,19.098197573508706
277260,2113040,4.799022671559708,72.88283932966783,19.098199758419337
277280,2113040,5.080568990060179,72.88302933495326,19.09820194313422
277300,2113040,5.34426625963024,72.8832193402646,19.098204127653357
277320,2113040,5.589419392779102,72.88340934560183,19.098206311976742
277340,2113040,5.8182207533475605,72.88359935096497,19.098208496104377
277360,2113040,6.035406133122743,72.88378935635403,19.098210680036267
277380,2113040,6.246949549494076,72.88397936176898,19.098212863772403
277400,2113040,6.458562704929683,72.88416936720984,19.09821504731279
277420,2113040,6.674539887590241,72.88435937267657,19.09821723065743
277440,2113040,6.897116175473436,72.88454937816921,19.09821941380632
277460,2113040,7.126418616849856,72.88473938368776,19.098221596759455
277480,2113040,7.360994416636064,72.88492938923218,19.098223779516843
277500,2113040,7.598694701395384,72.88511939480249,19.098225962078484
277520,2113040,7.8375556705833995,72.88530940039868,19.098228144444374
277540,2113040,8.076351097720224,72.88549940602077,19.098230326614512
277560,2113040,8.314676771223052,72.88568941166872,19.098232508588897
277580,2113040,8.55272641625304,72.88587941734255,19.098234690367534
277600,2113040,8.791349064670678,72.88606942304227,19.098236871950423
277620,2113040,9.033775139715006,72.88625942876786,19.098239053337554
277640,2113040,9.290223123372382,72.8864494345193,19.098241234528945
277660,2113040,9.566948020343316,72.88663944029663,19.09824341552458
277680,2113040,9.848725037534608,72.88682944609982,19.09824559632446
277700,2113040,10.112664696285211,72.88701945192886,19.098247776928588
277720,2113040,10.338294347357088,72.88720945778378,19.098249957336975
277740,2113040,10.51166675084549,72.88739946366456,19.098252137549597
277760,2113040,10.632162575068607,72.8875894695712,19.098254317566475
277780,2113040,10.735293274210129,72.88777947550368,19.098256497387602
277800,2113040,10.884962537091553,72.88796948146202,19.09825867701298
277820,2113040,11.106479083815858,72.8881594874462,19.098260856442597
277840,2113040,11.357334344544862,72.88834949345625,19.098263035676474
277860,2113040,11.593850405178388,72.88853949949213,19.09826521471458
277880,2113040,11.835066485786715,72.88872950555384,19.098267393556952
277900,2113040,12.13543330535239,72.88891951164142,19.09826957220356
277920,2113040,12.543171097044004,72.8891095177548,19.098271750654423
277940,2113040,13.08150423453332,72.88929952389405,19.098273928909528
277960,2113040,13.763075011458152,72.88948953005912,19.098276106968886
277980,2113040,14.538545257325485,72.88967953625003,19.098278284832485
278000,2113040,15.285807312828155,72.88986954246677,19.098280462500334
278020,2113040,15.893633593367705,72.89005954870933,19.09828263997243
278040,2113040,16.320614027844613,72.89024955497771,19.09828481724878
278060,2113040,16.59743914470551,72.89043956127193,19.098286994329364
278080,2113040,16.77327760342704,72.89062956759194,19.098289171214198
278100,2113040,16.8750211888094,72.89081957393779,19.098291347903288
278120,2113040,16.934036923915027,72.89100958030946,19.098293524396613
278140,2113040,16.951980873908383,72.89119958670693,19.098295700694187
278160,2113040,16.907375718824333,72.89138959313021,19.098297876796003
278180,2113040,16.783520777614864,72.8915795995793,19.09830005270208
278200,2113040,16.575515939931265,72.8917696060542,19.098302228412386
278220,2113040,16.28524371499229,72.8919596125549,19.098304403926946
278240,2113040,15.91807861453912,72.8921496190814,19.09830657924575
278260,2113040,15.485878202320965,72.8923396256337,19.0983087543688
278280,2113040,15.012764987485175,72.8925296322118,19.098310929296094
278300,2113040,14.550406832345177,72.8927196388157,19.098313104027635
278320,2113040,14.100644788887603,72.89290964544537,19.098315278563422
278340,2113040,13.678827782603019,72.89309965210086,19.09831745290345
278360,2113040,13.303557290184678,72.89328965878212,19.098319627047733
277220,2113060,4.100045278320723,72.88245702050985,19.098376016103586
277240,2113060,4.396261089165794,72.88264702594932,19.09837820123219
277260,2113060,4.683572746259664,72.88283703141471,19.098380386165044
277280,2113060,4.959003633535615,72.88302703690601,19.09838257090215
277300,2113060,5.220716978314068,72.88321704242324,19.098384755443497
277320,2113060,5.468515323878828,72.88340704796636,19.098386939789105
277340,2113060,5.704078955263967,72.8835970535354,19.09838912393895
277360,2113060,5.930665857354603,72.88378705913033,19.09839130789305
277380,2113060,6.152335277932049,72.88397706475116,19.098393491651393
277400,2113060,6.373022756071867,72.8841670703979,19.098395675213993
277420,2113060,6.595775013201372,72.88435707607051,19.09839785858084
277440,2113060,6.822307502984404,72.88454708176904,19.09840004175193
277460,2113060,7.052940345369247,72.88473708749348,19.098402224727266
277480,2113060,7.286877899145862,72.88492709324377,19.09840440750686
277500,2113060,7.522694799059134,72.88511709901996,19.098406590090693
277520,2113060,7.758826498782439,72.88530710482203,19.098408772478777
277540,2113060,7.9938888043177965,72.88549711065001,19.098410954671113
277560,2113060,8.226788475819271,72.88568711650385,19.09841313666769
277580,2113060,8.456853488429221,72.88587712238356,19.098415318468522
277600,2113060,8.684675750254879,72.88606712828917,19.09841750007359
277620,2113060,8.915037662992455,72.88625713422063,19.098419681482913
277640,2113060,9.162564162433972,72.88644714017796,19.09842186269648
277660,2113060,9.443980779465093,72.88663714616118,19.0984240437143
277680,2113060,9.738725680429342,72.88682715217024,19.098426224536357
277700,2113060,10.012447131218757,72.88701715820518,19.098428405162664
277720,2113060,10.242227533870238,72.88720716426599,19.098430585593224
277740,2113060,10.410071012615946,72.88739717035264,19.098432765828026
277760,2113060,10.492136962433777,72.88758717646516,19.098434945867073
277780,2113060,10.52137625923438,72.88777718260353,19.09843712571037
277800,2113060,10.612420777138373,72.88796718876776,19.098439305357914
277820,2113060,10.81648695689652,72.88815719495784,19.0984414848097
277840,2113060,11.067107145315207,72.88834720117374,19.09844366406573
277860,2113060,11.327547380234119,72.88853720741552,19.098445843126008
277880,2113060,11.606574356679824,72.88872721368313,19.098448021990535
277900,2113060,11.931469151038714,72.88891721997658,19.098450200659304
277920,2113060,12.334735643565445,72.88910722629586,19.098452379132326
277940,2113060,12.841527177107274,72.889297232641,19.098454557409582
277960,2113060,13.457531996508745,72.88948723901196,19.098456735491084
277980,2113060,14.1452485654932,72.88967724540875,19.09845891337684
278000,2113060,14.824977128913005,72.88986725183138,19.098461091066838
278020,2113060,15.417057958449236,72.89005725827981,19.098463268561076
278040,2113060,15.879806094843023,72.89024726475408,19.098465445859564
278060,2113060,16.213106443549794,72.89043727125419,19.098467622962296
278080,2113060,16.43336692335896,72.8906272777801,19.09846979986927
278100,2113060,16.557350791482577,72.89081728433183,19.098471976580495
278120,2113060,16.609687033200743,72.89100729090937,19.09847415309596
278140,2113060,16.602912555644448,72.89119729751273,19.098476329415664
278160,2113060,16.532710383763295,72.89138730414192,19.098478505539617
278180,2113060,16.39111809257073,72.89157731079689,19.09848068146782
278200,2113060,16.17287250419852,72.89176731747767,19.098482857200263
278220,2113060,15.875090939948342,72.89195732418426,19.098485032736946
278240,2113060,15.497354502499473,72.89214733091666,19.09848720807787
278260,2113060,15.05145289409791,72.89233733767485,19.098489383223043
278280,2113060,14.571648680368181,72.89252734445883,19.09849155817246
278300,2113060,14.098071225724901,72.89271735126862,19.098493732926116
278320,2113060,13.65019942846644,72.89290735810418,19.098495907484015
278340,2113060,13.237767310788923,72.89309736496554,19.098498081846163
278360,2113060,12.867799874284303,72.8932873718527,19.098500256012546
277240,2113080,4.313698867700254,72.88264472746441,19.09855882895188
277260,2113080,4.593402867312186,72.88283473313568,19.098561013906956
277280,2113080,4.863995861147168,72.88302473883289,19.098563198666277
277300,2113080,5.124158681523262,72.88321474455597,19.098565383229847
277320,2113080,5.373803198966151,72.88340475030499,19.098567567597662
277340,2113080,5.614121605727679,72.8835947560799,19.09856975176973
277360,2113080,5.847343378615262,72.88378476188073,19.098571935746037
277380,2113080,6.076240619377982,72.88397476770744,19.09857411952659
277400,2113080,6.303541682306684,72.88416477356006,19.098576303111397
277420,2113080,6.531426692507623,72.88435477943857,19.098578486500443
277440,2113080,6.761219058427383,72.88454478534298,19.09858066969374
277460,2113080,6.993314842204715,72.88473479127329,19.09858285269128
277480,2113080,7.2273246257765535,72.88492479722947,19.09858503549307
277500,2113080,7.462343362404762,72.88511480321155,19.09858721809911
277520,2113080,7.6972323003608185,72.88530480921952,19.09858940050938
277540,2113080,7.930818197310317,72.88549481525337,19.098591582723913
277560,2113080,8.162004213115427,72.8856848213131,19.09859376474268
277580,2113080,8.389957173449051,72.8858748273987,19.098595946565695
277600,2113080,8.614814093512988,72.88606483351019,19.098598128192958
277620,2113080,8.8398115942959,72.88625483964753,19.098600309624466
277640,2113080,9.07748715565997,72.88644484581076,19.09860249086022
277660,2113080,9.366088958481164,72.88663485199986,19.098604671900215
277680,2113080,9.669989274743017,72.88682485821481,19.09860685274446
277700,2113080,9.945730758301535,72.88701486445564,19.098609033392943
277720,2113080,10.171580868493297,72.88720487072231,19.098611213845675
277740,2113080,10.330308164190358,72.88739487701487,19.098613394102653
277760,2113080,10.38578287429435,72.88758488333328,19.098615574163873
277780,2113080,10.365911029894662,72.88777488967754,19.098617754029338
277800,2113080,10.417697374600241,72.88796489604765,19.098619933699045
277820,2113080,10.597933557842467,72.88815490244362,19.098622113172997
277840,2113080,10.84020407474361,72.88834490886542,19.098624292451195
277860,2113080,11.112876248709703,72.88853491531307,19.09862647153364
277880,2113080,11.415503447838763,72.88872492178658,19.09862865042032
277900,2113080,11.750927571013897,72.88891492828591,19.09863082911125
277920,2113080,12.137792618396904,72.88910493481109,19.09863300760642
277940,2113080,12.600139953647142,72.88929494136211,19.098635185905838
277960,2113080,13.151133332066765,72.88948494793895,19.098637364009495
277980,2113080,13.769669581049786,72.88967495454163,19.098639541917397
278000,2113080,14.395922276065384,72.88986496117015,19.098641719629537
278020,2113080,14.965001086419761,72.89005496782447,19.098643897145926
278040,2113080,15.436077309222398,72.89024497450464,19.098646074466558
278060,2113080,15.79560101222775,72.89043498121063,19.098648251591428
278080,2113080,16.041766858047076,72.89062498794243,19.09865042852055
278100,2113080,16.177735003380093,72.89081499470005,19.098652605253907
278120,2113080,16.229110747252225,72.89100500148349,19.098654781791506
278140,2113080,16.20985118944578,72.89119500829274,19.098656958133347
278160,2113080,16.124051074660716,72.8913850151278,19.098659134279433
278180,2113080,15.9714630237874,72.89157502198866,19.09866131022976
278200,2113080,15.75009210411047,72.89176502887534,19.09866348598433
278220,2113080,15.456151885405777,72.89195503578782,19.09866566154314
278240,2113080,15.083685430362426,72.8921450427261,19.098667836906188
278260,2113080,14.634141598482106,72.89233504969017,19.098670012073484
278280,2113080,14.150899970492718,72.89252505668006,19.09867218704502
278300,2113080,13.674216841560701,72.89271506369575,19.098674361820795
278320,2113080,13.227092402260002,72.8929050707372,19.098676536400816
278340,2113080,12.819641434375193,72.89309507780445,19.09867871078507
277260,2113100,4.526642513618731,72.88283243483075,19.098741641645056
277280,2113100,4.793170323303372,72.88302244073382,19.098743826426595
277300,2113100,5.051845170660503,72.88321244666281,19.098746011012388
277320,2113100,5.302544255498609,72.8834024526177,19.098748195402415
277340,2113100,5.546048809695334,72.8835924585985,19.098750379596694
277360,2113100,5.783857054240213,72.88378246460522,19.098752563595212
277380,2113100,6.017856967075462,72.88397247063783,19.098754747397976
277400,2113100,6.249945845952601,72.88416247669632,19.098756931004996
277420,2113100,6.481696770053234,72.88435248278073,19.09875911441625
277440,2113100,6.714145852742583,72.88454248889103,19.09876129763174
277460,2113100,6.9477312742395405,72.88473249502722,19.09876348065149
277480,2113100,7.182371363689736,72.8849225011893,19.098765663475476
277500,2113100,7.417633785755374,72.88511250737727,19.098767846103705
277520,2113100,7.652931886813274,72.88530251359111,19.098770028536183
277540,2113100,7.887697779227839,72.88549251983085,19.098772210772903
277560,2113100,8.12152926980774,72.88568252609646,19.098774392813862
277580,2113100,8.35439098207181,72.88587253238795,19.098776574659073
277600,2113100,8.587105712546865,72.88606253870533,19.09877875630852
277620,2113100,8.822900282230735,72.88625254504858,19.098780937762214
277640,2113100,9.072787387923698,72.88644255141769,19.098783119020148
277660,2113100,9.35707023601416,72.88663255781266,19.09878530008233
277680,2113100,9.651953970576924,72.88682256423351,19.098787480948747
277700,2113100,9.914442459769347,72.88701257068024,19.09878966161941
277720,2113100,10.124375134031553,72.88720257715282,19.09879184209432
277740,2113100,10.264065576187189,72.88739258365125,19.098794022373465
277760,2113100,10.314936536406295,72.88758259017554,19.09879620245686
277780,2113100,10.305110112233365,72.88777259672568,19.098798382344498
277800,2113100,10.339994331397753,72.88796260330169,19.098800562036374
277820,2113100,10.499015788862692,72.88815260990354,19.09880274153249
277840,2113100,10.718565844051856,72.88834261653125,19.098804920832855
277860,2113100,10.983516184687234,72.88853262318479,19.098807099937456
277880,2113100,11.289928441119828,72.88872262986418,19.0988092788463
277900,2113100,11.617577370219182,72.8889126365694,19.098811457559385
277920,2113100,11.972371604509643,72.88910264330048,19.098813636076716
277940,2113100,12.377708470585711,72.889292650057385,19.098815814398282
277960,2113100,12.863014329185498,72.88948265684012,19.098817992524094
277980,2113100,13.428411294286276,72.88967266364868,19.098820170454147
278000,2113100,14.011848524208117,72.88986267048308,19.098822348188435
278020,2113100,14.551243386488537,72.89005267734332,19.098824525726968
278040,2113100,15.008678241233241,72.89024268422936,19.098826703069744
278060,2113100,15.366049513402984,72.89043269114124,19.098828880216757
278080,2113100,15.615459119215718,72.89062269807894,19.098831057168017
278100,2113100,15.757358251113871,72.89081270504245,19.09883323392351
278120,2113100,15.807237904641429,72.89100271203178,19.098835410483243
278140,2113100,15.777971167604107,72.89119271904693,19.09883758684722
278160,2113100,15.678734393100818,72.89138272608787,19.098839763015437
278180,2113100,15.516123333631242,72.89157273315463,19.098841938987896
278200,2113100,15.292929127823061,72.89176274024722,19.098844114764596
278220,2113100,15.005414789975752,72.89195274736558,19.098846290345534
278240,2113100,14.64389267157122,72.89214275450976,19.098848465730708
278260,2113100,14.195705518193328,72.89233276167973,19.098850640920123
278280,2113100,13.713069190217613,72.8925227688755,19.09885281591378
278300,2113100,13.242653349832377,72.89271277609707,19.098854990711672
278320,2113100,12.804695097281343,72.89290278334441,19.098857165313806
278340,2113100,12.407602650205723,72.89309279061757,19.098859339720182
277280,2113120,4.744307026039381,72.88302014260886,19.098924454183113
277300,2113120,5.001427809636324,72.88321014874373,19.098926638791113
277320,2113120,5.252501383843864,72.88340015490452,19.09892882320336
277340,2113120,5.497982795525422,72.8835901610912,19.098931007419857
277360,2113120,5.738844270341874,72.88378016730381,19.098933191440587
277380,2113120,5.976354960235077,72.88397017354231,19.09893537526556
277400,2113120,6.2118306701550114,72.8841601798067,19.098937558894782
277420,2113120,6.446413678355285,72.88435018609698,19.09893974232824
277440,2113120,6.680930433913447,72.88454019241317,19.098941925565942
277460,2113120,6.915850726932425,72.88473019875526,19.098944108607885
277480,2113120,7.1513458613739305,72.88492020512324,19.098946291454073
277500,2113120,7.387423323644203,72.88511021151709,19.098948474104507
277520,2113120,7.624107805448906,72.88530021793682,19.098950656559182
277540,2113120,7.861646608187749,72.88549022438245,19.09895283881809
277560,2113120,8.10073815030731,72.88568023085396,19.098955020881245
277580,2113120,8.342801543792053,72.88587023735134,19.098957202748636
277600,2113120,8.590289175288785,72.88606024387461,19.098959384420276
277620,2113120,8.8468551708469,72.88625025042373,19.098961565896154
277640,2113120,9.11621851584972,72.88644025699874,19.098963747176278
277660,2113120,9.399565113020792,72.88663026359961,19.098965928260636
277680,2113120,9.67250647355754,72.88682027022635,19.098968109149236
277700,2113120,9.908329257582121,72.88701027687897,19.09897028984208
277720,2113120,10.100571363892616,72.88720028355743,19.098972470339167
277740,2113120,10.239288241946213,72.88739029026176,19.098974650640482
277760,2113120,10.315540251336941,72.88758029699194,19.098976830746047
277780,2113120,10.346929732786823,72.88777030374798,19.098979010655853
277800,2113120,10.39787004667994,72.88796031052988,19.098981190369898
277820,2113120,10.518655711484648,72.88815031733762,19.09898336988818
277840,2113120,10.701320268052228,72.88834032417121,19.098985549210703
277860,2113120,10.943575562613237,72.88853033103065,19.09898772833747
277880,2113120,11.23533994701955,72.88872033791593,19.098989907268475
277900,2113120,11.54397162948734,72.88891034482705,19.09899208600372
277920,2113120,11.861210295145634,72.88910035176401,19.0989942645432
277940,2113120,12.209609792404951,72.88929035872683,19.098996442886925
277960,2113120,12.627450810520333,72.88948036571546,19.098998621034887
277980,2113120,13.152208515112832,72.88967037272991,19.099000798987085
278000,2113120,13.691071153006614,72.88986037977021,19.09900297674353
278020,2113120,14.189332715696139,72.89005038683632,19.09900515430421
278040,2113120,14.614701936109999,72.89024039392828,19.099007331669128
278060,2113120,14.948452077500736,72.89043040104605,19.099009508838286
278080,2113120,15.183414900170604,72.89062040818963,19.099011685811675
278100,2113120,15.32086091754946,72.89081041535904,19.099013862589313
278120,2113120,15.362504469436601,72.89100042255427,19.099016039171183
278140,2113120,15.317204060793278,72.8911904297753,19.099018215557297
278160,2113120,15.197977993456188,72.89138043702215,19.099020391747644
278180,2113120,15.017847568378153,72.89157044429481,19.099022567742235
278200,2113120,14.786008544582852,72.89176045159329,19.099024743541058
278220,2113120,14.499248936310869,72.89195045891753,19.099026919144116
278240,2113120,14.134510023512373,72.8921404662676,19.099029094551412
278260,2113120,13.695131753881302,72.89233047364348,19.099031269762953
278280,2113120,13.231689873946433,72.89252048104514,19.099033444778733
278300,2113120,12.783735465138584,72.8927104884726,19.099035619598745
278320,2113120,12.368217423338752,72.89290049592584,19.099037794222998
277300,2113140,4.970864796138199,72.88320785079875,19.09910726656604
277320,2113140,5.221770144982989,72.88339785716542,19.099109451000505
277340,2113140,5.468306100787943,72.883587863558,19.099111635239204
277360,2113140,5.711062291402149,72.8837778699765,19.099113819282152
277380,2113140,5.950865428064114,72.88396787642088,19.099116003129335
277400,2113140,6.188613698316719,72.88415788289117,19.09911818678076
277420,2113140,6.425132384740125,72.88434788938736,19.099120370236427
277440,2113140,6.661082501361171,72.88453789590945,19.099122553496336
277460,2113140,6.896941031035312,72.8847279024574,19.099124736560483
277480,2113140,7.13305670369179,72.88491790903126,19.09912691942887
277500,2113140,7.369774461106382,72.88510791563102,19.0991291021015
277520,2113140,7.607618335291244,72.88529792225665,19.099131284578366
277540,2113140,7.8475262452426655,72.88548792890818,19.09913346685947
277560,2113140,8.091132956784511,72.88567793558556,19.099135648944813
277580,2113140,8.341072131301749,72.88586794228885,19.0991378308344
277600,2113140,8.601134611495723,72.88605794901801,19.099140012528224
277620,2113140,8.875630087836992,72.88624795577303,19.09914219402629
277640,2113140,9.16567397995723,72.88643796255393,19.099144375328592
277660,2113140,9.453389587107152,72.88662796936069,19.099146556435137
277680,2113140,9.693055015531556,72.88681797619333,19.099148737345917
277700,2113140,9.895580236945788,72.88700798305184,19.099150918060936
277720,2113140,10.07526792006287,72.8871979899362,19.099153098580196
277740,2113140,10.229495790906398,72.88738799684641,19.099155278903694
277760,2113140,10.348929274105432,72.8875780037825,19.099157459031428
277780,2113140,10.428352939646153,72.88776801074444,19.099159638963403
277800,2113140,10.493864797633607,72.88795801773222,19.099161818699617
277820,2113140,10.581572209657201,72.88814802474586,19.099163998240066
277840,2113140,10.727966820785085,72.88833803178534,19.099166177584756
277860,2113140,10.944845681373215,72.88852803885068,19.099168356733678
277880,2113140,11.218479011871601,72.88871804594186,19.099170535686845
277900,2113140,11.51226677822831,72.88890805305887,19.099172714444247
277920,2113140,11.80926993070099,72.88909806020173,19.099174893005884
277940,2113140,12.132878525737087,72.88928806737043,19.099177071371763
277960,2113140,12.514820758168266,72.88947807456495,19.099179249541873
277980,2113140,12.97078672925898,72.88966808178532,19.09918142751623
278000,2113140,13.444365379261372,72.8898580890315,19.099183605294815
278020,2113140,13.886112312902554,72.89004809630353,19.09918578287764
278040,2113140,14.265925168877816,72.89023810360136,19.099187960264704
278060,2113140,14.56467461357114,72.89042811092503,19.099190137456002
278080,2113140,14.773689638341772,72.89061811827452,19.099192314451535
278100,2113140,14.894273971709506,72.89080812564983,19.099194491251307
278120,2113140,14.914453521411598,72.89099813305093,19.099196667855313
278140,2113140,14.840807317163954,72.89118814047787,19.09919884426356
278160,2113140,14.688579408573379,72.89137814793061,19.09920102047604
278180,2113140,14.475412734586287,72.89156815540916,19.099203196492763
278200,2113140,14.218041709826759,72.89175816291353,19.099205372313715
278220,2113140,13.923893770873963,72.8919481704437,19.099207547938903
278240,2113140,13.557958015889998,72.89213817799966,19.099209723368325
278260,2113140,13.13150743167511,72.89232818558142,19.099211898601986
278280,2113140,12.702981507534387,72.89251819318899,19.099214073639878
278300,2113140,12.294435017925966,72.89270820082236,19.099216248482016
277300,2113160,4.95835672137676,72.88320555282786,19.09928789433717
277320,2113160,5.208682742972887,72.88339555940043,19.099290078793842
277340,2113160,5.455577570816432,72.8835855659989,19.099292263054764
277360,2113160,5.699347937043011,72.88377557262328,19.09929444711992
277380,2113160,5.940495010573725,72.88396557927358,19.099296630989308
277400,2113160,6.179604327047658,72.88415558594974,19.099298814662948
277420,2113160,6.417251261617659,72.88434559265183,19.09930099814082
277440,2113160,6.6539436358097275,72.8845355993798,19.099303181422936
277460,2113160,6.890115764505372,72.88472560613366,19.099305364509277
277480,2113160,7.126179887484916,72.88491561291342,19.099307547399864
277500,2113160,7.362634464888466,72.88510561971907,19.099309730094692
277520,2113160,7.600225558431789,72.8852956265506,19.099311912593752
277540,2113160,7.8401548849224945,72.88548563340801,19.099314094897053
277560,2113160,8.084314976321453,72.88567564029131,19.099316277004586
277580,2113160,8.335477259854295,72.88586564720048,19.099318458916365
277600,2113160,8.597183355948438,72.88605565413553,19.099320640632378
277620,2113160,8.872589046201995,72.88624566109645,19.099322822152626
277640,2113160,9.160088457237702,72.88643566808325,19.099325003477112
277660,2113160,9.438950406043737,72.88662567509591,19.099327184605837
277680,2113160,9.652022719360815,72.88681568213445,19.099329365538804
277700,2113160,9.831503832320827,72.88700568919884,19.099331546275998
277720,2113160,10.005294078183994,72.8871956962891,19.09933372681743
277740,2113160,10.177194908870412,72.88738570340522,19.09933590716311
277760,2113160,10.340768791823141,72.88757571054718,19.09933808731301
277780,2113160,10.458113901701886,72.88776571771503,19.099340267267156
277800,2113160,10.526181266942373,72.88795572490872,19.099342447025535
277820,2113160,10.59619375256932,72.88814573212825,19.099344626588152
277840,2113160,10.726732323883944,72.88833573937363,19.099346805955
277860,2113160,10.933411626323789,72.88852574664486,19.099348985126092
277880,2113160,11.198317817206727,72.88871575394192,19.099351164101414
277900,2113160,11.491082091796063,72.88890576126485,19.099353342880978
277920,2113160,11.794467207204313,72.8890957686136,19.099355521464776
277940,2113160,12.11496811546615,72.8892857759882,19.099357699852803
277960,2113160,12.468385978710977,72.88947578338862,19.099359878045068
277980,2113160,12.857745495667073,72.88966579081487,19.09936205604157
278000,2113160,13.256998504594101,72.88985579826696,19.099364233842305
278020,2113160,13.632923494660375,72.89004580574489,19.099366411447278
278040,2113160,13.96007088837198,72.89023581324864,19.099368588856482
278060,2113160,14.22042756899965,72.89042582077819,19.099370766069924
278080,2113160,14.401897863879176,72.89061582833357,19.099372943087598
278100,2113160,14.492136783039843,72.89080583591478,19.09937511990951
278120,2113160,14.477574473035553,72.8909958435218,19.099377296535653
278140,2113160,14.363443890516985,72.89118585115462,19.099379472966028
278160,2113160,14.165477205076039,72.89137585881328,19.099381649200645
278180,2113160,13.901904875352486,72.89156586649773,19.099383825239492
278200,2113160,13.593507037922523,72.89175587420799,19.09938600108257
278220,2113160,13.258005250973573,72.89194588194405,19.09938817672989
278240,2113160,12.894231283788384,72.89213588970591,19.099390352181434
278260,2113160,12.513541474505184,72.89232589749358,19.099392527437214
278280,2113160,12.141451635418566,72.89251590530705,19.09939470249723
278300,2113160,11.787409951347616,72.8927059131463,19.09939687736148
277320,2113180,5.211750875231245,72.88339326160951,19.099470706583375
277340,2113180,5.4584888112035514,72.8835832684139,19.099472890866508
277360,2113180,5.702605963584872,72.88377327524418,19.099475074953876
277380,2113180,5.944354978424187,72.88396328210034,19.099477258845482
277400,2113180,6.184074372093,72.88415328898243,19.099479442541323
277420,2113180,6.422125169044832,72.8843432958904,19.0994816260414
277440,2113180,6.658852760837771,72.88453330282427,19.099483809345713
277460,2113180,6.894583830573385,72.88472330978404,19.099485992454262
277480,2113180,7.129662465230428,72.8849133167697,19.09948817536705
277500,2113180,7.364523927802258,72.88510332378124,19.099490358084072
277520,2113180,7.599798687806758,72.88529333081866,19.099492540605333
277540,2113180,7.8364294420729355,72.88548333788198,19.099494722930828
277560,2113180,8.075759079164248,72.88567334497117,19.09949690506056
277580,2113180,8.31948207839849,72.88586335208623,19.099499086994523
277600,2113180,8.569189134819407,72.88605335922719,19.099501268732723
277620,2113180,8.82486205846947,72.88624336639401,19.099503450275158
277640,2113180,9.080983455486422,72.8864333735867,19.09950563162183
277660,2113180,9.319644309203294,72.88662338080526,19.099507812772732
277680,2113180,9.519726032864156,72.88681338804969,19.09950999372788
277700,2113180,9.693837176019606,72.88700339531998,19.09951217448725
277720,2113180,9.862163546236943,72.88719340261613,19.09951435505086
277740,2113180,10.0322114750508,72.88738340993815,19.099516535418704
277760,2113180,10.200431460661038,72.88757341728603,19.09951871559079
277780,2113180,10.333657121295692,72.88776342465977,19.0995208955671
277800,2113180,10.419592489473668,72.88795343205935,19.099523075347648
277820,2113180,10.503321620951821,72.88814343948478,19.099525254932434
277840,2113180,10.656341758598103,72.88833344693607,19.09952743432145
277860,2113180,10.883706514997863,72.88852345441319,19.099529613514697
277880,2113180,11.164420196040023,72.88871346191617,19.09953179251218
277900,2113180,11.473083848135847,72.88890346944498,19.0995339713139
277920,2113180,11.79108559073592,72.88909347699963,19.099536149919853
277940,2113180,12.110203848856814,72.88928348458013,19.099538328330034
277960,2113180,12.434134038026649,72.88947349218645,19.099540506544454
277980,2113180,12.766965977682814,72.88966349981862,19.099542684563104
278000,2113180,13.097333435323863,72.8898535074766,19.09954486238599
278020,2113180,13.407393740675557,72.89004351516041,19.099547040013107
278040,2113180,13.680098688736429,72.89023352287006,19.099549217444455
278060,2113180,13.899462581280481,72.89042353060553,19.099551394680034
278080,2113180,14.050095753971947,72.89061353836682,19.099553571719856
278100,2113180,14.11100255416144,72.89080354615392,19.099555748563905
278120,2113180,14.05664792306931,72.89099355396684,19.09955792521218
278140,2113180,13.899013408724546,72.89118356180558,19.0995601016647
278160,2113180,13.652580149321697,72.89137356967012,19.099562277921443
278180,2113180,13.331888881858424,72.89156357756048,19.099564453982413
278200,2113180,12.958929134241234,72.89175358547664,19.099566629847626
278220,2113180,12.569361867062547,72.8919435934186,19.099568805517066
278240,2113180,12.209215408116826,72.89213360138638,19.099570980990737
278260,2113180,11.88686335209198,72.89232360937993,19.099573156268644
278280,2113180,11.582259628729226,72.8925136173993,19.09957533135078
277340,2113200,5.475839920928769,72.88358097080297,19.09965351867445
277360,2113200,5.719807579535028,72.88377097783915,19.09965570278403
277380,2113200,5.961587482723524,72.88396098490124,19.099657886697848
277400,2113200,6.201312763880482,72.88415099198922,19.099660070415897
277420,2113200,6.43914887274081,72.88434099910309,19.09966225393818
277440,2113200,6.675263452920537,72.88453100624285,19.0996644372647
277460,2113200,6.909816822351848,72.88472101340852,19.099666620395446
277480,2113200,7.142973347685074,72.88491102060007,19.099668803330438
277500,2113200,7.374927711024991,72.88510102781751,19.099670986069658
277520,2113200,7.60593162916919,72.88529103506085,19.099673168613112
277540,2113200,7.836293104628936,72.88548104233006,19.0996753509608
277560,2113200,8.06629615301293,72.88567104962515,19.09967753311272
277580,2113200,8.295946962572593,72.88586105694611,19.099679715068874
277600,2113200,8.524395014901087,72.88605106429296,19.099681896829264
277620,2113200,8.748876539225606,72.8862410716657,19.09968407839389
277640,2113200,8.96349982087749,72.88643107906428,19.099686259762738
277660,2113200,9.160610469438526,72.88662108648874,19.09968844093583
277680,2113200,9.339349335559051,72.88681109393907,19.099690621913155
277700,2113200,9.505140328346922,72.88700110141527,19.0996928026947
277720,2113200,9.659806569029803,72.88719110891732,19.099694983280486
277740,2113200,9.80377838499495,72.88738111644524,19.09969716367051
277760,2113200,9.934897841505968,72.88757112399902,19.09969934386476
277780,2113200,10.049682006321738,72.88776113157866,19.099701523863246
277800,2113200,10.158121471878111,72.88795113918414,19.099703703665956
277820,2113200,10.302612476507438,72.88814114681547,19.099705883272904
277840,2113200,10.520176070101709,72.88833115447265,19.099708062684083
277860,2113200,10.797783642737176,72.8885211621557,19.0997102418995
277880,2113200,11.112221687057353,72.88871116986456,19.099712420919147
277900,2113200,11.443886087980538,72.88890117759928,19.09971459974302
277920,2113200,11.776669110846383,72.88909118535985,19.099716778371125
277940,2113200,12.089522239337267,72.88928119314623,19.099718956803464
277960,2113200,12.379816419739168,72.88947120095847,19.099721135040035
277980,2113200,12.66355494040824,72.88966120879653,19.099723313080837
278000,2113200,12.933181559046158,72.88985121666042,19.09972549092587
278020,2113200,13.1829954479065,72.89004122455013,19.099727668575134
278040,2113200,13.404248915616918,72.89023123246568,19.099729846028627
278060,2113200,13.582010674963286,72.89042124040705,19.099732023286354
278080,2113200,13.698364327744814,72.89061124837424,19.099734200348312
278100,2113200,13.728947995629705,72.89080125636724,19.09973637721449
278120,2113200,13.646808854554607,72.89099126438607,19.099738553884908
278140,2113200,13.459725387370138,72.8911812724307,19.099740730359557
278160,2113200,13.177932350350549,72.89137128050116,19.099742906638436
278180,2113200,12.812645092474156,72.89156128859742,19.09974508272154
278200,2113200,12.386104491966908,72.89175129671948,19.09974725860888
278220,2113200,11.942857407366725,72.89194130486734,19.09974943430044
278240,2113200,11.588599200198612,72.89213131304102,19.09975160979624
278260,2113200,11.32181114953639,72.89232132124049,19.099753785096272
278280,2113200,11.073141355940242,72.89251132946576,19.099755960200525
277360,2113220,5.7499882069232715,72.88376868040824,19.09983633061038
277380,2113220,5.991379511724734,72.88395868767621,19.099838514546402
277400,2113220,6.230653490154628,72.88414869497011,19.099840698286663
277420,2113220,6.4677942570484035,72.88433870228987,19.09984288183115
277440,2113220,6.702784276977387,72.88452870963553,19.09984506517987
277460,2113220,6.935584321385441,72.8847187170071,19.099847248332825
277480,2113220,7.1661188139479535,72.88490872440455,19.099849431290014
277500,2113220,7.39425676806574,72.88509873182791,19.09985161405143
277520,2113220,7.619769820811447,72.88528873927714,19.09985379661708
277540,2113220,7.8422374856549,72.88547874675224,19.09985597898696
277560,2113220,8.060857484996811,72.88566875425325,19.099858161161077
277580,2113220,8.274118221211815,72.88585876178011,19.09986034313942
277600,2113220,8.479348874664307,72.88604876933286,19.099862524922
277620,2113220,8.672425113510814,72.88623877691148,19.0998647065088
277640,2113220,8.848677164594353,72.886428784516,19.099866887899843
277660,2113220,9.00723498933229,72.88661879214635,19.099869069095114
277680,2113220,9.160816178172112,72.8868087998026,19.099871250094612
277700,2113220,9.314079669994761,72.88699880748469,19.099873430898345
277720,2113220,9.449280606060018,72.88718881519264,19.099875611506302
277740,2113220,9.558666360847052,72.88737882292648,19.099877791918498
277760,2113220,9.644498926652695,72.88756883068615,19.09987997213492
277780,2113220,9.725660693523148,72.88775883847168,19.09988215215558
277800,2113220,9.847531182703317,72.88794884628307,19.09988433198046
277820,2113220,10.06530362407614,72.88813885412031,19.099886511609576
277840,2113220,10.367029551074506,72.88832886198341,19.09988869104292
277860,2113220,10.703290608209286,72.88851886987234,19.099890870280497
277880,2113220,11.049377611278972,72.88870887778711,19.099893049322297
277900,2113220,11.392780943845482,72.88889888572774,19.099895228168332
277920,2113220,11.72376979149432,72.88908889369421,19.0998974068186
277940,2113220,12.018852098821444,72.88927890168651,19.099899585273093
277960,2113220,12.274065693598326,72.88946890970463,19.09990176353181
277980,2113220,12.515674535811286,72.8896589177486,19.09990394159476
278000,2113220,12.735910801369094,72.8898489258184,19.099906119461945
278020,2113220,12.937517758546534,72.89003893391403,19.099908297133354
278040,2113220,13.116018667872446,72.89022894203546,19.09991047460899
278060,2113220,13.257052152061728,72.89041895018273,19.099912651888854
278080,2113220,13.341394865525096,72.89060895835584,19.099914828972953
278100,2113220,13.34618339364751,72.89079896655475,19.09991700586128
278120,2113220,13.252639247651981,72.89098897477949,19.099919182553833
278140,2113220,13.057002404038549,72.89117898303003,19.09992135905061
278160,2113220,12.76304731539446,72.8913689913064,19.099923535351625
278180,2113220,12.380458150361854,72.89155899960855,19.09992571145686
278200,2113220,11.938006157399222,72.89174900793651,19.099927887366327
278220,2113220,11.49207420807163,72.8919390162903,19.099930063080016
278240,2113220,11.138104334603224,72.89212902466987,19.099932238597937
278260,2113220,10.87887413184118,72.89231903307525,19.099934413920085
277380,2113240,6.032961418268439,72.8839563904253,19.10001914239116
277400,2113240,6.271475196904932,72.88414639792508,19.100021326153627
277420,2113240,6.507601061322239,72.88433640545077,19.10002350972032
277440,2113240,6.741144331200163,72.88452641300233,19.10002569309125
277460,2113240,6.971866762780765,72.8847164205798,19.100027876266406
277480,2113240,7.1994534260085805,72.88490642818316,19.10003005924579
277500,2113240,7.423464826277041,72.8850964358124,19.100032242029407
277520,2113240,7.6432575591781475,72.88528644346755,19.10003442461725
277540,2113240,7.85785122983077,72.88547645114856,19.100036607009326
277560,2113240,8.065720743105334,72.88566645885547,19.100038789205634
277580,2113240,8.264519636388213,72.88585646658825,19.100040971206163
277600,2113240,8.450838363730131,72.8860464743469,19.10004315301093
277620,2113240,8.620371642134426,72.88623648213142,19.100045334619924
277640,2113240,8.769493426401244,72.88642648994183,19.10004751603315
277660,2113240,8.900592781136128,72.8866164977781,19.100049697250604
277680,2113240,9.032535931247326,72.88680650564024,19.10005187827228
277700,2113240,9.172825760310717,72.88699651352823,19.10005405909819
277720,2113240,9.29014958918074,72.8871865214421,19.100056239728328
277740,2113240,9.371659527278677,72.88737652938184,19.100058420162696
277760,2113240,9.42403945914984,72.88756653734742,19.100060600401292
277780,2113240,9.477626379091069,72.88775654533886,19.100062780444116
277800,2113240,9.616272342700627,72.88794655335616,19.100064960291167
277820,2113240,9.904666596119675,72.8881365613993,19.100067139942453
277840,2113240,10.271121061142017,72.8883265694683,19.10006931939796
277860,2113240,10.642254668255061,72.88851657756314,19.10007149865769
277880,2113240,10.995892255345442,72.88870658568383,19.100073677721657
277900,2113240,11.324471564222605,72.88889659383035,19.10007585658985
277920,2113240,11.622523671316461,72.88908660200272,19.10007803526227
277940,2113240,11.881608152606727,72.88927661020094,19.10008021373891
277960,2113240,12.104941029024804,72.88946661842498,19.100082392019786
277980,2113240,12.306931753497487,72.88965662667485,19.10008457010489
278000,2113240,12.491732552651596,72.88984663495056,19.10008674799422
278020,2113240,12.660275319859826,72.89003664325207,19.10008892568778
278040,2113240,12.808212556090737,72.89022665157945,19.10009110318556
278060,2113240,12.92291091843612,72.89041665993263,19.100093280487563
278080,2113240,12.986463521954374,72.89060666831162,19.100095457593802
278100,2113240,12.979083782016433,72.89079667671645,19.100097634504262
278120,2113240,12.884485965868567,72.89098668514708,19.100099811218954
278140,2113240,12.69509529715701,72.89117669360354,19.100101987737872
278160,2113240,12.41079133470766,72.89136670208579,19.100104164061012
278180,2113240,12.035414556528636,72.89155671059387,19.100106340188375
278200,2113240,11.608277040150318,72.89174671912775,19.10010851611997
278220,2113240,11.190410157261017,72.89193672768744,19.10011069185579
278240,2113240,10.837301727801979,72.89212673627293,19.100112867395836
277400,2113260,6.323179479892668,72.88414410085417,19.100201954016782
277420,2113260,6.558135497807701,72.88433410858576,19.100204137605683
277440,2113260,6.790112044173955,72.88452411634323,19.10020632099881
277460,2113260,7.018701074584846,72.88471412412662,19.100208504196175
277480,2113260,7.243396038904429,72.88490413193588,19.100210687197762
277500,2113260,7.463537921570371,72.88509413977104,19.10021287000357
277520,2113260,7.678236420822203,72.88528414763208,19.100215052613617
277540,2113260,7.8862571206425,72.88547415551899,19.100217235027884
277560,2113260,8.08587606083525,72.88566416343181,19.100219417246382
277580,2113260,8.27473668136858,72.88585417137048,19.100221599269105
277600,2113260,8.449823965538172,72.88604417933506,19.100223781096062
277620,2113260,8.607825424749835,72.88623418732548,19.100225962727237
277640,2113260,8.746391367358987,72.8864241953418,19.100228144162646
277660,2113260,8.867223534787543,72.88661420338397,19.100230325402276
277680,2113260,8.987796650418181,72.88680421145202,19.10023250644614
277700,2113260,9.120779057476827,72.88699421954594,19.100234687294225
277720,2113260,9.222929278325552,72.88718422766571,19.100236867946542
277740,2113260,9.29169617108068,72.88737423581134,19.100239048403083
277760,2113260,9.34368580363179,72.88756424398284,19.10024122866385
277780,2113260,9.41432008952682,72.88775425218019,19.100243408728847
277800,2113260,9.58932168117914,72.88794426040339,19.100245588598064
277820,2113260,9.914290418143462,72.88813426865244,19.100247768271508
277840,2113260,10.286388268622078,72.88832427692735,19.100249947749184
277860,2113260,10.646590688592532,72.88851428522811,19.100252127031084
277880,2113260,10.972858548843323,72.8887042935547,19.100254306117208
277900,2113260,11.258350763824222,72.88889430190714,19.100256485007556
277920,2113260,11.503131918309677,72.88908431028541,19.100258663702135
277940,2113260,11.71094987607136,72.88927431868953,19.10026084220093
277960,2113260,11.890970114413022,72.88946432711948,19.10026302050396
277980,2113260,12.054781663678376,72.88965433557526,19.100265198611215
278000,2113260,12.20883471210195,72.88984434405687,19.10026737652269
278020,2113260,12.353174070907524,72.89003435256433,19.100269554238388
278040,2113260,12.48149431025687,72.89022436109758,19.10027173175832
278060,2113260,12.581322591744467,72.89041436965668,19.100273909082468
278080,2113260,12.636151343591072,72.89060437824159,19.100276086210847
278100,2113260,12.628167724317185,72.89079438685232,19.100278263143448
278120,2113260,12.541110123876027,72.89098439548887,19.100280439880276
278140,2113260,12.364148884789111,72.89117440415123,19.10028261642132
278160,2113260,12.096273193346683,72.89136441283941,19.100284792766598
278180,2113260,11.742518622952415,72.8915544215534,19.100286968916095
278200,2113260,11.34459248281967,72.89174443029319,19.100289144869812
278220,2113260,10.954747059621862,72.89193443905877,19.10029132062776
278240,2113260,10.609366953868598,72.8921244478502,19.100293496189927
277420,2113280,6.618938037461585,72.88433181169485,19.100384765487245
277440,2113280,6.8494054126763615,72.88452181965825,19.100386948902575
277460,2113280,7.076027895337296,72.88471182764754,19.10038913212214
277480,2113280,7.29817507527326,72.8849018356627,19.100391315145924
277500,2113280,7.515079208082932,72.88509184370376,19.100393497973936
277520,2113280,7.72578546818634,72.88528185177073,19.100395680606173
277540,2113280,7.929097304523308,72.88547185986356,19.100397863042637
277560,2113280,8.123535233795705,72.88566186798226,19.100400045283326
277580,2113280,8.307356736271881,72.88585187612686,19.100402227328246
277600,2113280,8.478735821340443,72.88604188429733,19.100404409177383
277620,2113280,8.636274907219061,72.88623189249368,19.100406590830747
277640,2113280,8.780120826558713,72.8864219007159,19.100408772288336
277660,2113280,8.91409120436581,72.88661190896399,19.100410953550156
277680,2113280,9.04621465349743,72.88680191723795,19.100413134616197
277700,2113280,9.163957931489897,72.88699192553777,19.10041531548646
277720,2113280,9.248369587424161,72.88718193386346,19.100417496160954
277740,2113280,9.316568422969402,72.887371942215,19.100419676639667
277760,2113280,9.39734357889524,72.8875619505924,19.100421856922612
277780,2113280,9.533426035485334,72.88775195899566,19.100424037009777
277800,2113280,9.767686060021775,72.88794196742477,19.100426216901162
277820,2113280,10.074208378839547,72.88813197587974,19.100428396596776
277840,2113280,10.403941577434678,72.88832198436056,19.10043057609661
277860,2113280,10.717413048595446,72.88851199286722,19.100432755400675
277880,2113280,10.987900913547252,72.88870200139972,19.100434934508954
277900,2113280,11.207263999009937,72.88889200995808,19.10043711342146
277920,2113280,11.381282487200526,72.88908201854227,19.100439292138198
277940,2113280,11.523260699899065,72.8892720271523,19.10044147065915
277960,2113280,11.648994455842281,72.88946203578816,19.100443648984328
277980,2113280,11.771680142832956,72.88965204444985,19.10044582711373
278000,2113280,11.897345227995274,72.88984205313739,19.100448005047355
278020,2113280,12.023592044422971,72.89003206185073,19.10045018278521
278040,2113280,12.140960945698062,72.89022207058991,19.100452360327274
278060,2113280,12.235299946733349,72.89041207935492,19.10045453767357
278080,2113280,12.290372748625275,72.89060208814574,19.100456714824084
278100,2113280,12.289698853886023,72.89079209696239,19.10045889177882
278120,2113280,12.216500770712692,72.89098210580485,19.100461068537783
278140,2113280,12.053419662245068,72.89117211467311,19.100463245100972
278160,2113280,11.79835221929785,72.8913621235672,19.100465421468378
278180,2113280,11.47269579015375,72.8915521324871,19.100467597640005
278200,2113280,11.111030801850308,72.89174214143281,19.100469773615853
278220,2113280,10.751048226810827,72.89193215040433,19.100471949395928
277440,2113300,6.918625136781838,72.88451952294736,19.100567576802536
277460,2113300,7.143591772570689,72.88470953114256,19.1005697600443
277480,2113300,7.363685849835118,72.88489953936364,19.100571943090287
277500,2113300,7.57811845228435,72.88508954761062,19.1005741259405
277520,2113300,7.785994889567623,72.88527955588347,19.10057630859493
277540,2113300,7.986324771813156,72.88546956418223,19.10057849105359
277560,2113300,8.178077724862787,72.88565957250684,19.100580673316472
277580,2113300,8.360327292107987,72.88584958085735,19.100582855383575
277600,2113300,8.532539972293481,72.88603958923375,19.100585037254906
277620,2113300,8.6950466843505545,72.88622959763599,19.100587218930457
277640,2113300,8.849567429058487,72.88641960606412,19.100589400410236
277660,2113300,8.998852624452377,72.88660961451812,19.10059158169423
277680,2113300,9.141406455563247,72.886799622998,19.100593762782452
277700,2113300,9.253647538140386,72.88698963150374,19.100595943674893
277720,2113300,9.327919812751333,72.88717964003533,19.10059812437156
277740,2113300,9.399827603329692,72.8873696485928,19.10060030487245
277760,2113300,9.506274965341014,72.88755965717611,19.100602485177564
277780,2113300,9.687009126611201,72.88774966578528,19.100604665286898
277800,2113300,9.960533553085703,72.88793967442031,19.100606845200453
277820,2113300,10.267107920609917,72.88812968308119,19.10060902491823
277840,2113300,10.564817743508314,72.8883196917679,19.100611204440234
277860,2113300,10.82938571644791,72.8885097004805,19.100613383766458
277880,2113300,11.032859735956617,72.88869970921891,19.1006155628969
277900,2113300,11.171164385346737,72.88888971798318,19.100617741831567
277920,2113300,11.259855991111024,72.88907972677328,19.100619920570452
277940,2113300,11.323587210612452,72.88926973558921,19.100622099113565
277960,2113300,11.386692884066125,72.889459744431,19.100624277460895
277980,2113300,11.46596231444968,72.88964975329861,19.100626455612446
278000,2113300,11.566261194618898,72.88983976219205,19.100628633568224
278020,2113300,11.680728234892605,72.89002977111132,19.10063081132822
278040,2113300,11.794637519260206,72.89021978005641,19.100632988892436
278060,2113300,11.890133563352691,72.89040978902733,19.100635166260872
278080,2113300,11.94982888193339,72.89059979802407,19.100637343433526
278100,2113300,11.958341896072728,72.89078980704663,19.100639520410404
278120,2113300,11.900782199375822,72.890979816095,19.100641697191502
278140,2113300,11.754302566268835,72.8911698251692,19.100643873776818
278160,2113300,11.514877254321537,72.8913598342692,19.10064605016636
278180,2113300,11.21889156385084,72.89154984339501,19.100648226360118
278200,2113300,10.893513402951974,72.89173985254662,19.100650402358095
278220,2113300,10.564752686661699,72.89192986172405,19.100652578160297
277440,2113320,6.997225091148257,72.88451722621059,19.100748204698693
277460,2113320,7.22091211154479,72.8847072346117,19.100750387962655
277480,2113320,7.439477514005319,72.8848972430387,19.10075257103084
277500,2113320,7.652152169710657,72.88508725149158,19.100754753903253
277520,2113320,7.85813879056518,72.88527725997035,19.100756936579874
277540,2113320,8.056666443998882,72.88546726847501,19.100759119060733
277560,2113320,8.247099142776811,72.88565727700555,19.100761301345802
277580,2113320,8.429121048459919,72.88584728556197,19.1007634834351
277600,2113320,8.602998526896014,72.88603729414427,19.100765665328616
277620,2113320,8.769819454719663,72.88622730275245,19.100767847026358
277640,2113320,8.931288307836445,72.88641731138648,19.100770028528316
277660,2113320,9.087813209170315,72.88660732004641,19.10077220983449
277680,2113320,9.232494063842262,72.88679732873219,19.100774390944895
277700,2113320,9.344987583182558,72.88698733744384,19.100776571859516
277720,2113320,9.419295004307973,72.88717734618135,19.10077875257836
277740,2113320,9.492157314168058,72.88736735494473,19.100780933101422
277760,2113320,9.605623615245122,72.88755736373395,19.100783113428708
277780,2113320,9.79227116085624,72.88774737254904,19.10078529356021
277800,2113320,10.06783793214321,72.88793738138999,19.10078747349594
277820,2113320,10.403121289326073,72.88812739025678,19.100789653235886
277840,2113320,10.717433567399201,72.88831739914943,19.10079183278005
277860,2113320,10.95389022193084,72.88850740806792,19.100794012128436
277880,2113320,11.092473945863064,72.88869741701225,19.100796191281038
277900,2113320,11.141752930307543,72.88888742598243,19.100798370237865
277920,2113320,11.134785598801068,72.88907743497846,19.100800548998905
277940,2113320,11.111478851585083,72.88926744400031,19.100802727564176
277960,2113320,11.10726544746731,72.88945745304801,19.100804905933657
277980,2113320,11.144252714527664,72.88964746212153,19.10080708410736
278000,2113320,11.22529586290991,72.88983747122089,19.100809262085278
278020,2113320,11.336266001606628,72.89002748034606,19.100811439867424
278040,2113320,11.454272570046658,72.89021748949709,19.10081361745378
278060,2113320,11.555616515298103,72.89040749867391,19.100815794844358
278080,2113320,11.620259113832688,72.89059750787658,19.10081797203916
278100,2113320,11.632990867557094,72.89078751710505,19.10082014903817
278120,2113320,11.580052869763373,72.89097752635935,19.100822325841406
278140,2113320,11.445956875564258,72.89116753563945,19.10082450244886
278160,2113320,11.236589307666675,72.89135754494538,19.100826678860532
278180,2113320,10.976727216034467,72.89154755427711,19.10082885507642
278200,2113320,10.688308104964978,72.89173756363465,19.100831031096526
277460,2113340,7.307310890047917,72.88470493805494,19.100931015877205
277480,2113340,7.524831915516678,72.88489494668785,19.100933198967592
277500,2113340,7.736326683241326,72.88508495534666,19.100935381862197
277520,2113340,7.94105903422145,72.88527496403135,19.10093756456102
277540,2113340,8.138376709165147,72.88546497274193,19.10093974706407
277560,2113340,8.327819957205035,72.88565498147837,19.100941929371334
277580,2113340,8.5092720973134,72.88584499024071,19.10094411148282
277600,2113340,8.683115549527916,72.88603499902894,19.10094629339853
277620,2113340,8.850260145263125,72.88622500784301,19.10094847511845
277640,2113340,9.011709904356964,72.88641501668297,19.100950656642596
277660,2113340,9.167072109726771,72.8866050255488,19.100952837970954
277680,2113340,9.311493657586809,72.88679503444051,19.100955019103537
277700,2113340,9.428634223643941,72.88698504335808,19.100957200040334
277720,2113340,9.496711916171241,72.8871750523015,19.100959380781358
277740,2113340,9.567406676977349,72.8873650612708,19.100961561326592
277760,2113340,9.6782098755567,72.88755507026595,19.10096374167605
277780,2113340,9.854409741664107,72.88774507928694,19.10096592182973
277800,2113340,10.11831661239802,72.8879350883338,19.100968101787622
277820,2113340,10.491003650513452,72.88812509740653,19.10097028154973
277840,2113340,10.841863197337043,72.88831510650509,19.10097246111606
277860,2113340,11.070881448702416,72.8885051156295,19.10097464048661
277880,2113340,11.149823833795278,72.88869512477974,19.100976819661376
277900,2113340,11.105916087438354,72.88888513395585,19.100978998640358
277920,2113340,10.999547553218788,72.88907514315778,19.10098117742356
277940,2113340,10.88645333984299,72.88926515238556,19.100983356010975
277960,2113340,10.815034818170174,72.88945516163918,19.10098553440261
277980,2113340,10.815628708334287,72.88964517091863,19.100987712598464
278000,2113340,10.887890335294443,72.8898351802239,19.100989890598537
278020,2113340,11.00628261839066,72.890025189555,19.100992068402824
278040,2113340,11.136430251949694,72.89021519891193,19.100994246011325
278060,2113340,11.247468379056734,72.89040520829468,19.10099642342405
278080,2113340,11.316253053670492,72.89059521770326,19.10099860064099
278100,2113340,11.327517570430505,72.89078522713767,19.101000777662144
278120,2113340,11.272685994558094,72.89097523659788,19.10100295448751
278140,2113340,11.150537935565858,72.8911652460839,19.101005131117102
278160,2113340,10.973412928201482,72.89135525559574,19.101007307550905
278180,2113340,10.751002505498827,72.8915452651334,19.10100948378892
277480,2113360,7.618871868175824,72.88489265031112,19.10111382690054
277500,2113360,7.829644280628544,72.88508265917584,19.101116009817343
277520,2113360,8.033538023217481,72.88527266806645,19.101118192538365
277540,2113360,8.229880706986389,72.88546267698295,19.101120375063605
277560,2113360,8.418143407143091,72.88565268592532,19.101122557393065
277580,2113360,8.59801610692034,72.88584269489357,19.101124739526743
277600,2113360,8.769442770319808,72.88603270388771,19.101126921464637
277620,2113360,8.93251782380494,72.88622271290771,19.10112910320674
277640,2113360,9.087084247113468,72.88641272195359,19.10113128475307
277660,2113360,9.231854082983507,72.88660273102535,19.10113346610361
277680,2113360,9.362711662224187,72.88679274012297,19.101135647258374
277700,2113360,9.468397207503436,72.88698274924646,19.101137828217354
277720,2113360,9.543355712577025,72.8871727583958,19.10114000898055
277740,2113360,9.62207583217054,72.88736276757102,19.10114218954796
277760,2113360,9.735439470963811,72.88755277677208,19.10114436991959
277780,2113360,9.90711217814515,72.88774278599901,19.10114655009544
277800,2113360,10.170096772060912,72.8879327952518,19.101148730075504
277820,2113360,10.544255721089652,72.88812280453043,19.101150909859776
277840,2113360,10.917234562410254,72.888312813834915,19.10115308944827
277860,2113360,11.159026385659391,72.88850282316524,19.10115526884098
277880,2113360,11.177513862933326,72.88869283252141,19.10115744803791
277900,2113360,11.044202736659095,72.88888284190344,19.10115962703905
277920,2113360,10.850671583883342,72.88907285131128,19.101161805844406
277940,2113360,10.656738059259736,72.88926286074499,19.101163984453986
277960,2113360,10.524074068113945,72.88945287020452,19.101166162867766
277980,2113360,10.498089943923068,72.88964287968989,19.10116834108577
278000,2113360,10.575357346215103,72.88983288920109,19.101170519107992
278020,2113360,10.712684187177112,72.89002289873811,19.101172696934423
278040,2113360,10.861642747969151,72.89021290830097,19.101174874565075
278060,2113360,10.98498403834084,72.89040291788965,19.101177051999933
278080,2113360,11.05790832467605,72.89059292750414,19.101179229239012
278100,2113360,11.067886267439693,72.89078293714445,19.101181406282304
278120,2113360,11.012515844157527,72.89097294681059,19.101183583129814
278140,2113360,10.89923888996015,72.89116295650254,19.10118575978154
278160,2113360,10.74611637871923,72.89135296622031,19.101187936237473
278180,2113360,10.552444877454995,72.89154297596387,19.101190112497623
277500,2113380,7.93109924130881,72.88508036297914,19.10129663776868
277520,2113380,8.134508231845743,72.88527037207567,19.101298820511904
277540,2113380,8.330071473266816,72.88546038119809,19.101301003059337
277560,2113380,8.51702569190836,72.88565039034638,19.101303185410988
277580,2113380,8.694642553282424,72.88584039952056,19.10130536756686
277600,2113380,8.862168948928845,72.88603040872061,19.101307549526936
277620,2113380,9.018656160881186,72.88622041794653,19.10130973129123
277640,2113380,9.16263725361483,72.88641042719834,19.101311912859742
277660,2113380,9.291714226411049,72.88660043647602,19.10131409423247
277680,2113380,9.402528240546838,72.88679044577955,19.101316275409417
277700,2113380,9.493689767041339,72.88698045510897,19.101318456390576
277720,2113380,9.576153887203596,72.88717046446423,19.101320637175945
277740,2113380,9.671142365166727,72.88736047384538,19.101322817765535
277760,2113380,9.794963088275196,72.88755048325235,19.101324998159328
277780,2113380,9.965842089365847,72.88774049268521,19.101327178357348
277800,2113380,10.215177973691453,72.88793050214392,19.10132935835958
277820,2113380,10.57455556172453,72.88812051162847,19.10133153816602
277840,2113380,10.918181069693905,72.88831052113888,19.10133371777668
277860,2113380,11.1388970941263,72.88850053067513,19.101335897191554
277880,2113380,11.114254021523317,72.88869054023723,19.10133807641064
277900,2113380,10.934661287306517,72.88888054982516,19.101340255433936
277920,2113380,10.695351822440795,72.88907055943895,19.101342434261454
277940,2113380,10.45445833369162,72.88926056907857,19.10134461289318
277960,2113380,10.2781032342219,72.88945057874403,19.10134679132912
277980,2113380,10.227791150424865,72.88964058843533,19.101348969569276
278000,2113380,10.321423591373604,72.88983059815244,19.101351147613634
278020,2113380,10.481418271187621,72.8900206078954,19.10135332546222
278040,2113380,10.649921590289802,72.89021061766417,19.101355503115013
278060,2113380,10.784583176877172,72.89040062745877,19.10135768057202
278080,2113380,10.859412590885592,72.89059063727919,19.10135985783324
278100,2113380,10.867760998049722,72.89078064712542,19.101362034898674
278120,2113380,10.813914275792198,72.89097065699748,19.10136421176832
278140,2113380,10.709014710296872,72.89116066689537,19.101366388442173
278160,2113380,10.565129154255521,72.89135067681904,19.10136856492024
277520,2113400,8.243059320766596,72.885268076059,19.101479448481633
277540,2113400,8.43823970469949,72.88545808538734,19.101481631051264
277560,2113400,8.624212221733973,72.88564809474155,19.101483813425105
277580,2113400,8.799817558000887,72.88583810412166,19.10148599560316
277600,2113400,8.963675268751711,72.88602811352764,19.10148817758543
277620,2113400,9.114030376674414,72.88621812295949,19.101490359371912
277640,2113400,9.248600742413156,72.88640813241722,19.10149254096261
277660,2113400,9.364683975612449,72.88659814190082,19.101494722357522
277680,2113400,9.460402155751371,72.88678815141029,19.101496903556644
277700,2113400,9.539633208132596,72.88697816094562,19.101499084559972
277720,2113400,9.625383016331055,72.88716817050681,19.101501265367528
277740,2113400,9.737519054738668,72.88735818009387,19.10150344597929
277760,2113400,9.872469052209343,72.88754818970679,19.101505626395262
277780,2113400,10.043189217876057,72.88773819934556,19.101507806615444
277800,2113400,10.273937046570673,72.88792820901018,19.101509986639847
277820,2113400,10.56909716596974,72.88811821870067,19.101512166468453
277840,2113400,10.832555722610572,72.888308228417,19.101514346101276
277860,2113400,10.978221326255857,72.88849823815919,19.10151652553832
277880,2113400,10.950087513550825,72.8886882479272,19.10151870477956
277900,2113400,10.78288422764092,72.88887825772107,19.101520883825017
277920,2113400,10.54940789082401,72.88906826754078,19.10152306267469
277940,2113400,10.31272339365202,72.88925827738632,19.101525241328574
277960,2113400,10.134364348808749,72.8894482872577,19.101527419786667
277980,2113400,10.075558666615267,72.88963829715492,19.10152959804897
278000,2113400,10.16346310246206,72.88982830707796,19.101531776115483
278020,2113400,10.33102574576693,72.89001831702684,19.101533953986213
278040,2113400,10.512236280847489,72.89020832700155,19.10153613166115
278060,2113400,10.65258079473669,72.89039833700207,19.1015383091403
278080,2113400,10.722196880072826,72.89058834702841,19.10154048642366
278100,2113400,10.723034779001509,72.89077835708059,19.101542663511225
278120,2113400,10.666040046899692,72.89096836715858,19.101544840403008
278140,2113400,10.562815916813499,72.89115837726237,19.101547017099
277540,2113420,8.553770310432533,72.88545578955073,19.10166225903938
277560,2113420,8.739626758265942,72.88564579911086,19.101664441435418
277580,2113420,8.914426445301839,72.8858358086969,19.101666623635662
277600,2113420,9.07644882869393,72.8860258183088,19.101668805640124
277620,2113420,9.223636081105184,72.88621582794657,19.10167098744879
277640,2113420,9.353673977951086,72.88640583761023,19.101673169061673
277660,2113420,9.464528944366768,72.88659584729974,19.101675350478764
277680,2113420,9.556156224362839,72.88678585701514,19.101677531700066
277700,2113420,9.634913501806171,72.8869758667564,19.101679712725584
277720,2113420,9.72420772935834,72.88716587652353,19.101681893555305
277740,2113420,9.840316642815116,72.8873558863165,19.101684074189244
277760,2113420,9.974205664014082,72.88754589613535,19.101686254627392
277780,2113420,10.132137890531766,72.88773590598005,19.101688434869743
277800,2113420,10.323817602891294,72.8879259158506,19.10169061491631
277820,2113420,10.538635900362381,72.88811592574702,19.10169279476709
277840,2113420,10.717780695985578,72.88830593566928,19.101694974422074
277860,2113420,10.80388871958087,72.88849594561738,19.101697153881272
277880,2113420,10.768232613983253,72.88868595559133,19.10169933314468
277900,2113420,10.626834932350771,72.88887596559113,19.101701512212294
277920,2113420,10.426576694479731,72.88906597561676,19.101703691084126
277940,2113420,10.22209261574274,72.88925598566823,19.10170586976016
277960,2113420,10.06874854564795,72.88944599574555,19.101708048240408
277980,2113420,10.017359216097322,72.88963600584869,19.101710226524865
278000,2113420,10.091213650209934,72.88982601597766,19.10171240461353
278020,2113420,10.256396538380407,72.89001602613246,19.1017145825064
278040,2113420,10.444445695442873,72.8902060363131,19.101716760203484
278060,2113420,10.58238203862641,72.89039604651956,19.101718937704774
278080,2113420,10.634610873736898,72.89058605675183,19.10172111501027
278100,2113420,10.62033195814179,72.89077606700994,19.101723292119985
278120,2113420,10.554977773301134,72.89096607729385,19.101725469033898
277560,2113440,8.862756711500001,72.88564350345429,19.101845069441925
277580,2113440,9.038533571148111,72.88583351324624,19.101847251664367
277600,2113440,9.201387831582302,72.88602352306408,19.10184943369101
277620,2113440,9.349413779081727,72.88621353290779,19.101851615521866
277640,2113440,9.480804507511923,72.88640354277736,19.10185379715693
277660,2113440,9.594600659553794,72.88659355267282,19.101855978596205
277680,2113440,9.692370722765213,72.88678356259415,19.101858159839693
277700,2113440,9.781139326967011,72.88697357254132,19.101860340887384
277720,2113440,9.874282742881014,72.88716358251438,19.101862521739285
277740,2113440,9.98001104750864,72.88735359251329,19.101864702395392
277760,2113440,10.097094379931509,72.88754360253806,19.101866882855713
277780,2113440,10.226902458558014,72.88773361258869,19.10186906312024
277800,2113440,10.370157365935082,72.88792362266517,19.101871243188977
277820,2113440,10.510324891774037,72.88811363276751,19.10187342306192
277840,2113440,10.615828168785734,72.88830364289569,19.101875602739074
277860,2113440,10.656183346196288,72.88849365304974,19.101877782220427
277880,2113440,10.61443921225854,72.88868366322961,19.101879961506
277900,2113440,10.498362537217716,72.88887367343534,19.101882140595773
277920,2113440,10.337611485986624,72.8890636836669,19.101884319489756
277940,2113440,10.173221388792314,72.8892536939243,19.10188649818795
277960,2113440,10.048929549694444,72.88944370420755,19.101888676690347
277980,2113440,10.003464549490696,72.88963371451663,19.101890854996956
278000,2113440,10.069490019923462,72.88982372485152,19.101893033107768
278020,2113440,10.23798003528634,72.89001373521226,19.10189521102279
278040,2113440,10.422831680729736,72.89020374559882,19.101897388742014
278060,2113440,10.542766528537253,72.89039375601122,19.10189956626545
278080,2113440,10.571896499234096,72.89058376644942,19.101901743593086
278100,2113440,10.541807681236659,72.89077377691345,19.101903920724933
277580,2113460,9.17085108521719,72.88583121776972,19.102027879689263
277600,2113460,9.337126147025684,72.88602122779348,19.1020300617381
277620,2113460,9.489572530486921,72.88621123784311,19.10203224359114
277640,2113460,9.626959097104182,72.88640124791863,19.10203442524839
277660,2113460,9.748970042800869,72.88659125802,19.102036606709845
277680,2113460,9.857155215440532,72.88678126814726,19.10203878797551
277700,2113460,9.955684194365787,72.88697127830038,19.10204096904538
277720,2113460,10.05001148305011,72.88716128847936,19.10204314991946
277740,2113460,10.142920462053148,72.88735129868421,19.102045330597747
277760,2113460,10.234282553469784,72.88754130891492,19.102047511080233
277780,2113460,10.32466656252543,72.88773131917146,19.102049691366933
277800,2113460,10.413283434436195,72.88792132945389,19.10205187145784
277820,2113460,10.490074642429356,72.88811133976216,19.102054051352948
277840,2113460,10.53885925160443,72.88830135009628,19.102056231052263
277860,2113460,10.54714712824702,72.88849136045624,19.10205841055579
277880,2113460,10.504085139264404,72.88868137084206,19.102060589863516
277900,2113460,10.412088864813487,72.88887138125371,19.10206276897545
277920,2113460,10.28944284680355,72.88906139169121,19.102064947891588
277940,2113460,10.165155485753733,72.88925140215454,19.102067126611935
277960,2113460,10.072883146936016,72.88944141264372,19.10206930513648
277980,2113460,10.042726981370325,72.88963142315873,19.10207148346524
278000,2113460,10.103517947597833,72.88982143369957,19.102073661598205
278020,2113460,10.257647773017775,72.89001144426624,19.10207583953537
278040,2113460,10.41658990907709,72.89020145485874,19.102078017276742
278060,2113460,10.499663338090231,72.89039146547705,19.102080194822317
278080,2113460,10.513141336645564,72.89058147612118,19.102082372172102
277580,2113480,9.308772327575639,72.88582892226731,19.102208507710348
277600,2113480,9.48031784158578,72.88601893249701,19.102210689781373
277620,2113480,9.6395013162090315,72.88620894275257,19.102212871656604
277640,2113480,9.785452752870906,72.88639895303403,19.102215053336042
277660,2113480,9.917893489955148,72.88658896334134,19.102217234819676
277680,2113480,10.037324184456427,72.88677897367452,19.102219416107523
277700,2113480,10.144609127029849,72.88696898403357,19.10222159719957
277720,2113480,10.239472894607497,72.88715899441848,19.102223778095826
277740,2113480,10.319321621578181,72.88734900482926,19.10222595879629
277760,2113480,10.381864235634481,72.88753901526592,19.10222813930095
277780,2113480,10.42850171384737,72.88772902572839,19.10223031960982
277800,2113480,10.461776619401087,72.88791903621674,19.102232499722888
277820,2113480,10.48210665722542,72.88810904673095,19.102234679640173
277840,2113480,10.489551287045874,72.888299057271,19.10223685936165
277860,2113480,10.47944158611034,72.8884890678369,19.102239038887337
277880,2113480,10.440744163394722,72.88867907842865,19.102241218217227
277900,2113480,10.37162181137116,72.88886908904624,19.102243397351316
277920,2113480,10.28346329978655,72.88905909968967,19.10224557628961
277940,2113480,10.197114791300542,72.88924911035895,19.102247755032113
277960,2113480,10.138974490676405,72.88943912105407,19.102249933578815
277980,2113480,10.1354061994963,72.889629131775,19.102252111929726
278000,2113480,10.190996210504084,72.88981914252177,19.102254290084836
278020,2113480,10.295443550393548,72.89000915329439,19.102256468044146
278040,2113480,10.400168020404095,72.8901991640928,19.102258645807666
278060,2113480,10.45584496027834,72.89038917491706,19.10226082337539
277600,2113500,9.626416091600545,72.88601663717466,19.102391317820846
277620,2113500,9.793180851361384,72.88620664763617,19.10239349971826
277640,2113500,9.94832426983502,72.88639665812354,19.102395681419882
277660,2113500,10.091273984936144,72.8865866686368,19.102397862925706
277680,2113500,10.22137916987163,72.88677667917591,19.10240004423573
277700,2113500,10.337041140741476,72.8869666897409,19.102402225349955
277720,2113500,10.433935837657607,72.88715670033176,19.102404406268388
277740,2113500,10.503366183022699,72.88734671094846,19.102406586991023
277760,2113500,10.53837349079903,72.88753672159103,19.102408767517858
277780,2113500,10.543733667368727,72.88772673225947,19.1024109478489
277800,2113500,10.52749933919404,72.88791674295376,19.10241312798414
277820,2113500,10.498085206932714,72.8881067536739,19.102415307923586
277840,2113500,10.474381251753371,72.88829676441988,19.102417487667232
277860,2113500,10.456036354525661,72.88848677519172,19.102419667215074
277880,2113500,10.424358841026029,72.88867678598942,19.102421846567125
277900,2113500,10.374356843691698,72.88886679681295,19.10242402572338
277920,2113500,10.314088623834046,72.88905680766231,19.10242620468383
277940,2113500,10.259710668355547,72.88924681853752,19.10242838344849
277960,2113500,10.231074270731154,72.88943682943857,19.102430562017343
277980,2113500,10.241896096166034,72.88962684036544,19.102432740390398
278000,2113500,10.279732093727315,72.88981685131814,19.102434918567663
278020,2113500,10.336071521345472,72.8900068622967,19.10243709654912
278040,2113500,10.39145948383637,72.89019687330106,19.102439274334785
277620,2113520,9.944386965723655,72.88620435249388,19.102574127776116
277640,2113520,10.107806600310763,72.8863943631872,19.102576309499923
277660,2113520,10.259793501832243,72.88658437390637,19.102578491027927
277680,2113520,10.398763057427555,72.88677438465143,19.102580672360133
277700,2113520,10.521621197606008,72.88696439542235,19.10258285349654
277720,2113520,10.622151226775848,72.88715440621915,19.102585034437148
277740,2113520,10.686938963229704,72.88734441704182,19.10258721518196
277760,2113520,10.698589779293684,72.88753442789032,19.102589395730966
277780,2113520,10.671930331913932,72.88772443876468,19.102591576084176
277800,2113520,10.62051636855978,72.88791444966492,19.102593756241586
277820,2113520,10.557800793244592,72.88810446059098,19.102595936203194
277840,2113520,10.507782870192369,72.88829447154292,19.10259811596901
277860,2113520,10.482084694456667,72.8884844825207,19.102600295539016
277880,2113520,10.453034810626619,72.88867449352432,19.10260247491323
277900,2113520,10.413716275952261,72.8888645045538,19.10260465409164
277920,2113520,10.370497898014413,72.8890545156091,19.102606833074248
277940,2113520,10.334935161110721,72.88924452669025,19.10260901186106
277960,2113520,10.318882296223064,72.88943453779723,19.102611190452066
277980,2113520,10.32645448434389,72.88962454893004,19.10261336884728
278000,2113520,10.345940270743625,72.88981456008871,19.102615547046685
278020,2113520,10.369753206876847,72.8900045712732,19.102617725050287
277640,2113540,10.257224718122638,72.88639206822498,19.102756937576164
277660,2113540,10.41566076094437,72.8865820791501,19.102759119126347
277680,2113540,10.560460549364292,72.8867720901011,19.102761300480736
277700,2113540,10.687300674142183,72.88696210107797,19.102763481639318
277720,2113540,10.788183251866247,72.8871521120807,19.102765662602106
277740,2113540,10.847706401393461,72.88734212310929,19.10276784336909
277760,2113540,10.849586514593703,72.88753213416375,19.102770023940273
277780,2113540,10.80694599240201,72.88772214524404,19.102772204315652
277800,2113540,10.737778965609822,72.88791215635021,19.102774384495234
277820,2113540,10.659861530998915,72.88810216748223,19.10277656447901
277840,2113540,10.59514662611344,72.88829217864011,19.102778744266985
277860,2113540,10.556084394010512,72.88848218982382,19.102780923859157
277880,2113540,10.519419328822124,72.8886722010334,19.10278310325553
277900,2113540,10.479934484513151,72.88886221226879,19.102785282456097
277920,2113540,10.441933369587899,72.88905222353004,19.102787461460867
277940,2113540,10.41177177295269,72.88924223481713,19.10278964026983
277960,2113540,10.394725837852429,72.88943224613006,19.10279181888299
277980,2113540,10.390597379648929,72.88962225746883,19.102793997300353
278000,2113540,10.392807983288924,72.88981226883342,19.10279617552191
277660,2113560,10.553335434707895,72.88657978436795,19.10293974722096
277680,2113560,10.70054611272465,72.8867697955249,19.10294192859753
277700,2113560,10.828099546993741,72.88695980670771,19.102944109778292
277720,2113560,10.927197072639721,72.88714981791637,19.10294629076326
277740,2113560,10.98395587558629,72.8873398291509,19.102948471552413
277760,2113560,10.98582787113967,72.8875298404113,19.10295065214577
277780,2113560,10.938922624230798,72.88771985169755,19.10295283254332
277800,2113560,10.864143629943472,72.88790986300967,19.102955012745067
277820,2113560,10.782122505005557,72.88809987434763,19.102957192751017
277840,2113560,10.710717437778529,72.88828988571144,19.102959372561152
277860,2113560,10.656248618107613,72.8884798971011,19.102961552175486
277880,2113560,10.60689678508082,72.88866990851662,19.102963731594023
277900,2113560,10.560794197735015,72.88885991995797,19.102965910816746
277920,2113560,10.519844144325269,72.88904993142516,19.102968089843674
277940,2113560,10.48640459262111,72.8892399429182,19.102970268674788
277960,2113560,10.461901692027725,72.88942995443708,19.102972447310112
277680,2113580,10.816160737857665,72.88676750092282,19.10312255671052
277700,2113580,10.942133375794102,72.88695751231157,19.103124737913465
277720,2113580,11.040137785137002,72.88714752372618,19.103126918920598
277740,2113580,11.09967591540066,72.88733753516667,19.103129099731934
277760,2113580,11.104479560449146,72.88752754663301,19.103131280347462
277780,2113580,11.056313871698155,72.88771755812522,19.103133460767182
277800,2113580,10.982050361230502,72.88790756964326,19.103135640991102
277820,2113580,10.900293843878012,72.88809758118717,19.10313782101921
277840,2113580,10.823974422527641,72.88828759275692,19.103140000851514
277860,2113580,10.757696959948422,72.88847760435254,19.10314218048801
277880,2113580,10.69860378081674,72.888667615974,19.103144359928706
277900,2113580,10.64508643405463,72.88885762762129,19.10314653917359
277920,2113580,10.597665536362813,72.88904763929443,19.103148718222677
277700,2113600,11.028290940895781,72.88695521788958,19.103305366044832
277720,2113600,11.122501305060979,72.88714522951014,19.10330754707415
277740,2113600,11.180479614294256,72.88733524115656,19.10330972790765
277760,2113600,11.188098273976752,72.88752525282885,19.103311908545354
277780,2113600,11.14657294003326,72.887715264527,19.103314088987247
277800,2113600,11.078941941082668,72.887905276251,19.103316269233332
277820,2113600,11.001223901677747,72.88809528800086,19.10331844928361
277840,2113600,10.923848699931678,72.88828529977657,19.103320629138075
277860,2113600,10.851766001354783,72.88847531157812,19.103322808796744
277880,2113600,10.785709848134736,72.88866532340553,19.103324988259594
277720,2113620,11.175476374034519,72.88714293526823,19.10348817522388
277740,2113620,11.227605439572702,72.8873329471206,19.103490356079565
277760,2113620,11.23751044070887,72.88752295899884,19.103492536739438
277780,2113620,11.207598058682215,72.88771297090294,19.1034947172035
277800,2113620,11.1509276882599,72.8879029828329,19.103496897471757
277820,2113620,11.080638272346146,72.88809299478869,19.103499077544203
277840,2113620,11.006075748618393,72.88828300677035,19.103501257420834
