ID,Northing,Easting,Elevation,Code,Source_file,Source_row,row_number,Code_group,longitude,latitude
138,2110715.383,277527.473,4.631,FT,Kurla combine 08-09-26.csv,160,1,FT,72.88564702758335,19.07723438298948
16,2110723.347,277530.579,4.773,LV,Kurla combine 08-09-26.csv,1024,2,LV,72.88567561888775,19.077306647745846
110,2110840.511,276763.794,3.764,LV,Kurla combine 08-09-26.csv,1556,3,LV,72.87837840225772,19.0782810928023
113,2110842.154,276763.426,3.767,NALA,Kurla combine 08-09-26.csv,1559,4,Other / rare,72.87837471760302,19.078295891115857
118,2110844.541,276766.557,-0.096,BED,Kurla combine 08-09-26.csv,1564,5,BED,72.8784041847274,19.07831779142972
108,2110845.865,276777.821,3.812,LV,Kurla combine 08-09-26.csv,1554,6,LV,72.8785110303367,19.07833098077763
117,2110848.589,276774.633,3.911,NALA,Kurla combine 08-09-26.csv,1563,7,Other / rare,72.87848043388117,19.078355233635612
116,2110849.643,276776.485,3.938,NALA,Kurla combine 08-09-26.csv,1562,8,Other / rare,72.87849790499394,19.07836495523833
115,2110850.838,276778.026,3.938,NALA,Kurla combine 08-09-26.csv,1561,9,Other / rare,72.87851240566928,19.078375916255087
114,2110852.352,276779.583,3.936,NALA,Kurla combine 08-09-26.csv,1560,10,Other / rare,72.87852702164179,19.078389760031232
112,2110864.642,276791.365,4.06,NALA,Kurla combine 08-09-26.csv,1558,11,Other / rare,72.87863752663425,19.078502044091323
103,2110878.335,276809.068,4.002,LV,Kurla combine 08-09-26.csv,1549,12,LV,72.87880411472318,19.078627646544568
111,2110886.439,276811.162,-1.196,BED,Kurla combine 08-09-26.csv,1557,13,BED,72.8788230739014,19.078701065830906
109,2110886.567,276811.995,4.139,NALA,Kurla combine 08-09-26.csv,1555,14,Other / rare,72.87883097195365,19.07870231292833
107,2110901.219,276825.403,4.17,NALA,Kurla combine 08-09-26.csv,1553,15,Other / rare,72.87895665132501,19.078836106748327
100,2110916.831,276844.375,4.12,LV,Kurla combine 08-09-26.csv,1546,16,LV,72.87913507374395,19.07897917892582
566,2110917.095,276924.907,3.111,FT,Kurla combine 08-09-26.csv,239,17,FT,72.87990002871663,19.078990365859237
56,2110920.182,276912.76,3.274,LV,Kurla combine 08-09-26.csv,2109,18,LV,72.87978428768726,19.079016918215228
106,2110921.137,276843.645,4.148,NALA,Kurla combine 08-09-26.csv,1552,19,Other / rare,72.8791276442272,19.079017988259032
105,2110923.264,276844.974,4.15,NALA,Kurla combine 08-09-26.csv,1551,20,Other / rare,72.87914002401331,19.079037343308197
55,2110925.65,276903.754,3.226,FT,Kurla combine 08-09-26.csv,2108,21,FT,72.87969810974813,19.07906531753389
104,2110925.738,276846.05,4.091,NALA,Kurla combine 08-09-26.csv,1550,22,Other / rare,72.87914996061664,19.079059804587846
565,2110932.26,276936.484,3.186,FT,Kurla combine 08-09-26.csv,238,23,FT,72.8800082572942,19.07912859205857
54,2110942.773,276916.725,3.211,FT,Kurla combine 08-09-26.csv,2107,24,FT,72.87981935494139,19.079221379650868
102,2110943.477,276850.49,4.114,NALA,Kurla combine 08-09-26.csv,1548,25,Other / rare,72.87919009710006,19.07922049772052
C3,2110950.382,276959.96,4.192,ST,Kurla combine 08-09-26.csv,237,26,Other / rare,72.88022917678825,19.07929482428289
562,2110954.77,276940.285,3.444,DIV,Kurla combine 08-09-26.csv,234,27,DIV,72.88004177628319,19.07933230401347
564,2110955.411,276939.498,3.445,DIV,Kurla combine 08-09-26.csv,236,28,DIV,72.88003422675854,19.079338007129685
561,2110955.524,276940.224,3.876,TBM NO 2,Kurla combine 08-09-26.csv,233,29,Other / rare,72.880041110168,19.079339107014945
563,2110955.574,276940.283,3.47,DIV,Kurla combine 08-09-26.csv,235,30,DIV,72.880041664872,19.079339565032008
567,2110956.832,276941.359,3.471,LV,Kurla combine 08-09-26.csv,240,31,LV,72.88005174138408,19.079351044106208
99,2110960.329,276858.942,4.048,LV,Kurla combine 08-09-26.csv,1545,32,LV,72.87926844629845,19.07937361861167
560,2110962.282,276959.371,3.428,LV,Kurla combine 08-09-26.csv,232,33,LV,72.88022221409136,19.07940223346879
101,2110964.46,276854.224,-2.251,BED,Kurla combine 08-09-26.csv,1547,34,BED,72.87922315421785,19.079410411478587
97,2110966.086,276855.236,4.163,NALA,Kurla combine 08-09-26.csv,1543,35,Other / rare,72.8792325804108,19.07942520714531
53,2110972.3,276939.075,3.299,FT,Kurla combine 08-09-26.csv,2106,36,FT,72.88002826734497,19.079490492037156
568,2110974.869,276954.792,3.504,LV,Kurla combine 08-09-26.csv,241,37,LV,72.88017727068423,19.079515411213638
559,2110977.802,276971.203,3.449,FT,Kurla combine 08-09-26.csv,231,38,FT,72.88033282468083,19.07954369353168
95,2110985.821,276857.604,4.102,NALA,Kurla combine 08-09-26.csv,1541,39,Other / rare,72.87925280521392,19.07960370039734
558,2110995.854,276984.012,3.445,FT,Kurla combine 08-09-26.csv,230,40,FT,72.880452425183,19.0797081277766
98,2110997.63,276864.405,3.975,LV,Kurla combine 08-09-26.csv,1544,41,LV,72.87931605131347,19.079711095517347
52,2111000.006,276960.024,3.437,FT,Kurla combine 08-09-26.csv,2105,42,FT,72.88022408132477,19.079743004990515
93,2111001.293,276858.815,4.081,NALA,Kurla combine 08-09-26.csv,1539,43,Other / rare,72.87926252966292,19.07974356636899
569,2111007.294,276979.7,3.637,LV,Kurla combine 08-09-26.csv,242,44,LV,72.88041014992646,19.079810975749393
91,2111008.766,276857.545,4.146,NALA,Kurla combine 08-09-26.csv,1537,45,Other / rare,72.87924960639434,19.079810919063014
51,2111013.716,276969.445,3.451,FT,Kurla combine 08-09-26.csv,2104,46,FT,72.88031199755558,19.079867854803553
122,2111016.886,276854.687,-0.126,BED,Additional data 01 Oct 2026.csv,266,47,BED,72.87922152399054,19.079883941450518
120,2111019.867,276866.285,-0.397,BRI,Additional data 01 Oct 2026.csv,264,48,Other / rare,72.87933135291186,19.079912131943153
119,2111021.331,276866.164,0.695,BED,Additional data 01 Oct 2026.csv,263,49,BED,72.87933003517266,19.079925340662502
570,2111022.931,276991.147,3.603,LV,Kurla combine 08-09-26.csv,243,50,LV,72.88051709028136,19.07995345034296
90,2111023.643,276853.732,4.18,NALA,Kurla combine 08-09-26.csv,1536,51,Other / rare,72.8792116752699,19.079944862105258
121,2111024.581,276864.881,-0.418,TBM NO 3,Additional data 01 Oct 2026.csv,265,52,Other / rare,72.87931747399986,19.07995455240313
571,2111024.922,276993.376,3.631,DIV,Kurla combine 08-09-26.csv,244,53,DIV,72.88053803521474,19.079971675383295
572,2111025.575,276992.621,3.605,DIV,Kurla combine 08-09-26.csv,245,54,DIV,72.88053078826928,19.079977490391336
57,2111025.905,276970.141,3.629,FT,Kurla combine 08-09-26.csv,2110,55,FT,72.88031720811641,19.079978014473994
96,2111026.573,276859.35,4.087,LV,Kurla combine 08-09-26.csv,1542,56,LV,72.87926470486352,19.079971938253937
123,2111026.579,276749.107,9.208,ANGL,Kurla combine 08-09-26.csv,1569,57,Other / rare,72.87821748404892,19.07995993719222
58,2111027.135,276975.814,3.584,LV,Kurla combine 08-09-26.csv,2111,58,LV,72.88037095576775,19.07998974296809
122,2111027.562,276776.036,8.073,ANGL,Kurla combine 08-09-26.csv,1568,59,Other / rare,72.87847317481379,19.0799717603164
59,2111031.831,276982.248,3.542,BT,Kurla combine 08-09-26.csv,2112,60,Other / rare,72.88043153399887,19.080032857399182
557,2111033.661,277012.169,3.423,FT,Kurla combine 08-09-26.csv,229,61,FT,72.880715549684,19.080052653943408
85,2111035.885,276849.804,0.036,BED,Kurla combine 08-09-26.csv,1531,62,BED,72.87917295467189,19.08005499486319
89,2111036.115,276854.482,4.171,LV,Kurla combine 08-09-26.csv,1535,63,LV,72.87921736551087,19.080057583521185
86,2111036.724,276850.14,4.261,NALA,Kurla combine 08-09-26.csv,1532,64,Other / rare,72.87917604992606,19.080062608928873
119,2111040.959,276744.385,9.069,ANGL,Kurla combine 08-09-26.csv,1565,65,Other / rare,72.87817097447372,19.08008929191376
13,2111041.653,276972.506,3.589,BRI,Additional data 01 Oct 2026.csv,157,66,Other / rare,72.88033786382958,19.080120499234532
573,2111044.164,277006.112,3.54,DIV,Kurla combine 08-09-26.csv,246,67,DIV,72.88065680600643,19.08014684891836
118,2111046.387,276971.555,1.311,BED+NALA,Additional data 01 Oct 2026.csv,262,68,Other / rare,72.88032828599073,19.080163149920175
84,2111047.912,276850.73,4.253,LV,Kurla combine 08-09-26.csv,1530,69,LV,72.8791803679158,19.080163716553304
50,2111049.854,276997.587,3.42,FT,Kurla combine 08-09-26.csv,2103,70,FT,72.88057517127156,19.080197306130156
23,2111051.254,276993.246,3.427,CH,Additional data 01 Oct 2026.csv,167,71,Other / rare,72.88053377425729,19.080209475782976
24,2111051.429,276993.962,3.436,CH,Additional data 01 Oct 2026.csv,168,72,Other / rare,72.8805405555902,19.080211134506943
62,2111051.747,276976.679,3.531,LV,Kurla combine 08-09-26.csv,2115,73,LV,72.88037634397378,19.08021211807136
26,2111051.844,276993.09,1.455,BED,Additional data 01 Oct 2026.csv,170,74,BED,72.88053222457539,19.080214787259276
25,2111052.177,276992.955,3.487,CH,Additional data 01 Oct 2026.csv,169,75,Other / rare,72.88053090391166,19.080217779962428
60,2111053.057,276982.873,3.482,BT,Kurla combine 08-09-26.csv,2113,76,Other / rare,72.88043503160634,19.080224625994404
61,2111053.245,276973.679,3.559,BT,Kurla combine 08-09-26.csv,2114,77,Other / rare,72.88034767414075,19.0802253192858
15,2111053.548,276972.995,4.132,BRI,Additional data 01 Oct 2026.csv,159,78,Other / rare,72.88034114184813,19.080227981056094
14,2111053.799,276973.281,3.741,BRI,Additional data 01 Oct 2026.csv,158,79,Other / rare,72.88034382977834,19.08023027918644
94,2111055.45,276849.801,4.226,LV,Kurla combine 08-09-26.csv,1540,80,LV,72.87917067632183,19.08023169355415
28,2111055.514,276993.242,1.223,CH,Additional data 01 Oct 2026.csv,172,81,Other / rare,72.8805332466991,19.08024794907348
27,2111055.667,276993.481,1.229,BED,Additional data 01 Oct 2026.csv,171,82,BED,72.88053549943116,19.080249356989697
29,2111055.73,276994.009,1.224,CH,Additional data 01 Oct 2026.csv,173,83,Other / rare,72.88054050778231,19.080249983656948
30,2111056.762,276993.668,1.222,CH,Additional data 01 Oct 2026.csv,174,84,Other / rare,72.88053714994845,19.08025926679507
21,2111060.243,276983.661,3.587,CH,Additional data 01 Oct 2026.csv,165,85,Other / rare,72.88044169113897,19.080289611670537
20,2111060.482,276983.729,2.855,BED,Additional data 01 Oct 2026.csv,164,86,BED,72.88044230961916,19.080291777603026
22,2111061.149,276983.36,3.575,CH TOP,Additional data 01 Oct 2026.csv,166,87,Other / rare,72.88043872774855,19.08029776122162
49,2111066.041,277009.224,3.329,FT,Kurla combine 08-09-26.csv,2102,88,FT,72.88068385364267,19.080344768683844
17,2111066.579,276974.12,3.604,CH,Additional data 01 Oct 2026.csv,161,89,Other / rare,72.88035033081158,19.08034579203245
18,2111066.691,276973.354,3.672,CH,Additional data 01 Oct 2026.csv,162,90,Other / rare,72.88034304152913,19.08034671984659
117,2111066.875,277007.242,1.906,BED,Additional data 01 Oct 2026.csv,261,91,BED,72.8806649303267,19.08035208432327
16,2111067.503,276973.462,2.61,BED,Additional data 01 Oct 2026.csv,160,92,BED,72.88034397412156,19.080354065136724
19,2111067.618,276973.377,3.693,CH,Additional data 01 Oct 2026.csv,163,93,Other / rare,72.88034315346984,19.08035509445855
82,2111068.273,276841.682,4.494,NALA,Kurla combine 08-09-26.csv,1528,94,Other / rare,72.87909207755632,19.080346615303476
81,2111068.626,276844.95,4.286,LV,Kurla combine 08-09-26.csv,1527,95,LV,72.87912308042071,19.08035016068791
63,2111075.353,276977.273,3.647,LV,Kurla combine 08-09-26.csv,2116,96,LV,72.8803792734895,19.08042537798008
31,2111077.38,276973.95,2.751,BED,Additional data 01 Oct 2026.csv,175,97,BED,72.88034747456614,19.080443321501907
680,2111078.569,277915.726,4.719,CC,Kurla combine 08-09-26.csv,354,98,CC,72.88929351919637,19.080556752327297
175,2111079.09,276971.651,3.908,LV,Kurla combine 08-09-26.csv,742,99,LV,72.88032543928814,19.080458513962423
92,2111080.095,276842.7,4.289,LV,Kurla combine 08-09-26.csv,1538,100,LV,72.8791003882436,19.080453495615224
72,2111080.831,277923.186,4.818,LV,Kurla combine 08-09-26.csv,527,101,LV,72.88936412508147,19.080577993168195
173,2111081.941,276972.991,3.793,LV,Kurla combine 08-09-26.csv,740,102,LV,72.88033784059172,19.08048440888045
556,2111082.29,277047.412,3.344,FT,Kurla combine 08-09-26.csv,228,103,FT,72.88104474344692,19.080495691628904
177,2111083.134,276951.461,4.228,LV,Kurla combine 08-09-26.csv,744,104,LV,72.88013318488959,19.080492830583765
73,2111085.315,277910.175,4.686,LV,Kurla combine 08-09-26.csv,528,105,LV,72.88924001651372,19.080617074417383
174,2111086.168,276972.319,3.851,LV,Kurla combine 08-09-26.csv,741,106,LV,72.88033097128117,19.080522511134916
83,2111086.344,276848.71,4.863,LV,Kurla combine 08-09-26.csv,1529,107,LV,72.8791567599927,19.08051058982758
574,2111086.724,277036.96,3.377,DIV,Kurla combine 08-09-26.csv,247,108,DIV,72.88094494789829,19.080534595068467
176,2111087.602,276954.935,4.154,LV,Kurla combine 08-09-26.csv,743,109,LV,72.88016567167726,19.0805335624753
139,2111089.097,277233.191,3.771,FT,Kurla combine 08-09-26.csv,161,110,FT,72.88280872294948,19.080577453685272
77,2111090.928,276853.382,8.299,STR,Kurla combine 08-09-26.csv,1523,111,Other / rare,72.87920061326956,19.080552500488118
120,2111091.129,276726.42,8.886,ANGL,Kurla combine 08-09-26.csv,1566,112,Other / rare,72.87799454883817,19.080540430951107
71,2111091.381,277933.109,4.971,LV,Kurla combine 08-09-26.csv,526,113,LV,72.88945717928979,19.08067435456852
75,2111091.697,276838.636,4.332,LV,Kurla combine 08-09-26.csv,1521,114,LV,72.87906044912586,19.080557833370733
116,2111094.451,277923.061,4.702,FT,Kurla combine 08-09-26.csv,2170,115,FT,72.88936137893293,19.080700987817025
74,2111096.467,277885.122,4.489,LV,Kurla combine 08-09-26.csv,529,116,LV,72.88900075406103,19.08071506676719
79,2111097.115,276870.468,8.22,STR,Kurla combine 08-09-26.csv,1525,117,Other / rare,72.879362205782,19.08061024562328
117,2111097.775,277892.677,4.4,CC,Kurla combine 08-09-26.csv,2171,118,CC,72.88907237159165,19.080727702066465
78,2111098.046,276853.586,8.27,STR,Kurla combine 08-09-26.csv,1524,119,Other / rare,72.87920173257932,19.08061680817789
48,2111099.447,277033.422,3.252,FT,Kurla combine 08-09-26.csv,2101,120,FT,72.88090987766878,19.08064911498707
681,2111100.084,277874.335,4.348,CC,Kurla combine 08-09-26.csv,355,121,CC,72.88889787103042,19.080746559539353
623,2111100.843,277503.661,4.598,FT,Kurla combine 08-09-26.csv,296,122,FT,72.88537664290592,19.080713039406696
64,2111101.29,276976.978,3.677,FT,Kurla combine 08-09-26.csv,2117,123,FT,72.8803734902469,19.080659592913324
65,2111102.648,276983.52,3.77,FT,Kurla combine 08-09-26.csv,2118,124,FT,72.88043547825544,19.080672572384046
76,2111104.865,276841.782,4.284,LV,Kurla combine 08-09-26.csv,1522,125,LV,72.87908881937982,19.08067710259296
624,2111105.416,277494.417,4.635,FT,Kurla combine 08-09-26.csv,297,126,FT,72.88528830717947,19.08075333234043
625,2111105.508,277496.913,4.716,LV,Kurla combine 08-09-26.csv,298,127,LV,72.88531200684237,19.080754435339813
H7,2111106.652,276834.339,4.31,ST,Kurla combine 08-09-26.csv,1610,128,Other / rare,72.87901791101555,19.080692427859397
72,2111106.701,276834.273,5.879,CW,Kurla combine 08-09-26.csv,1518,129,Other / rare,72.87901727843034,19.080692863180587
80,2111106.716,276843.799,3.662,LV,Kurla combine 08-09-26.csv,1526,130,LV,72.8791077664828,19.08069404021518
115,2111107.103,277930.45,4.996,FT,Kurla combine 08-09-26.csv,2169,131,FT,72.88943012138782,19.080816057605816
178,2111107.253,276945.066,4.372,LV,Kurla combine 08-09-26.csv,745,132,LV,72.88006966484033,19.080709959766423
179,2111108.174,276952.727,4.348,LV,Kurla combine 08-09-26.csv,746,133,LV,72.88014233272439,19.080719114910675
70,2111109.187,277937.498,5.093,LV,Kurla combine 08-09-26.csv,525,134,LV,72.88949683405501,19.080835645982674
555,2111116.338,277071.782,3.268,FT,Kurla combine 08-09-26.csv,227,135,FT,72.88127232847312,19.08080585451056
64,2111116.689,276831.412,4.292,LV,Kurla combine 08-09-26.csv,1510,136,LV,72.87898895240603,19.080782755795184
74,2111116.712,276837.069,4.427,LV,Kurla combine 08-09-26.csv,1520,137,LV,72.87904268699913,19.080783582064424
682,2111116.944,277845.823,4.272,CC,Kurla combine 08-09-26.csv,356,138,CC,72.88862509663154,19.080895726355962
87,2111117.043,276841.015,3.274,LV,Kurla combine 08-09-26.csv,1533,139,LV,72.87908013296168,19.080787002906092
172,2111119.476,277006.648,3.432,LV,Kurla combine 08-09-26.csv,739,140,LV,72.88065324307692,19.08082707966665
75,2111124.936,277836.193,4.277,LV,Kurla combine 08-09-26.csv,530,141,LV,72.88853270324182,19.0809668573819
118,2111126.836,277843.248,4.247,CC,Kurla combine 08-09-26.csv,2172,142,CC,72.8885995033884,19.080984785056646
622,2111130.453,277503.055,4.622,FT,Kurla combine 08-09-26.csv,295,143,FT,72.8853674911872,19.08098039366584
66,2111132.101,276982.901,3.854,LV,Kurla combine 08-09-26.csv,2119,144,LV,72.88042621318829,19.0809385062843
63,2111132.988,276826.172,4.394,LV,Kurla combine 08-09-26.csv,1509,145,LV,72.8789373017909,19.08092938531599
15,2111133.577,277352.9693,8.51,LV,Kurla combine 08-09-26.csv,3636,146,LV,72.88394142482119,19.080992240582454
683,2111134.224,277816.331,4.187,CC,Kurla combine 08-09-26.csv,357,147,CC,72.88834296434877,19.081048579237162
180,2111135.108,276942.27,4.326,LV,Kurla combine 08-09-26.csv,747,148,LV,72.880039902977785,19.080961223509142
181,2111135.121,276931.659,3.977,LV,Kurla combine 08-09-26.csv,748,149,LV,72.87993910480613,19.080960181211694
575,2111136.671,277073.075,3.43,DIV,Kurla combine 08-09-26.csv,248,150,DIV,72.88128227507863,19.080989631097477
32,2111137.178,276985.389,2.937,BED,Additional data 01 Oct 2026.csv,176,151,BED,72.88044926385923,19.080984630515115
171,2111139.371,276997.736,3.418,LV,Kurla combine 08-09-26.csv,738,152,LV,72.88056629928583,19.08100578546489
119,2111139.676,277820.937,4.206,CC,Kurla combine 08-09-26.csv,2173,153,CC,72.8883860939579,19.08109832004628
88,2111140.723,276834.857,4.264,LV,Kurla combine 08-09-26.csv,1534,154,LV,72.87901891323688,19.08100019271312
170,2111140.736,276986.302,3.927,LV,Kurla combine 08-09-26.csv,737,155,LV,72.88045752777047,19.081016863964184
168,2111143.763,277006.78,4.079,LV,Kurla combine 08-09-26.csv,735,156,LV,72.88065170595107,19.081046439492916
182,2111143.897,276947.713,4.28,LV,Kurla combine 08-09-26.csv,749,157,LV,72.88009059717687,19.08104119523824
554,2111144.731,277092.622,3.393,FT,Kurla combine 08-09-26.csv,226,158,FT,72.88146703147554,19.081064559103524
169,2111145.302,277018.816,4.118,LV,Kurla combine 08-09-26.csv,736,159,LV,72.88076586233896,19.081061653812437
73,2111145.506,276827.77,4.213,LV,Kurla combine 08-09-26.csv,1519,160,LV,72.8789510418903,19.081042614884225
47,2111145.853,277067.213,3.229,FT,Kurla combine 08-09-26.csv,2100,161,FT,72.88122553544193,19.08107191707082
121,2111147.145,276661.057,9.64,ANGL,Kurla combine 08-09-26.csv,1567,162,Other / rare,72.8773672038435,19.08103918098875
167,2111147.487,276990.7,4.014,LV,Kurla combine 08-09-26.csv,734,163,LV,72.88049852967877,19.081078315441182
68,2111151.116,276980.199,3.959,FT,Kurla combine 08-09-26.csv,2121,164,FT,72.88039836072727,19.0811099429132
67,2111151.251,276986.351,4.003,FT,Kurla combine 08-09-26.csv,2120,165,FT,72.8804567847453,19.08111183438612
33,2111151.697,276979.659,3.151,BED,Additional data 01 Oct 2026.csv,177,166,BED,72.88039316434288,19.081115131143424
68,2111151.729,276818.452,4.463,NALA,Kurla combine 08-09-26.csv,1514,167,Other / rare,72.87886181203096,19.08109779825305
67,2111151.955,276817.658,-0.027,BED,Kurla combine 08-09-26.csv,1513,168,BED,72.87885424362179,19.081099752519755
621,2111152.373,277502.485,4.603,FT,Kurla combine 08-09-26.csv,294,169,FT,72.88535956314493,19.081178300228927
626,2111152.454,277495.992,4.713,LV,Kurla combine 08-09-26.csv,299,170,LV,72.88529787484957,19.08117832391459
578,2111153.445,277086.609,3.411,DIV,Kurla combine 08-09-26.csv,251,171,DIV,72.88140891126638,19.08114260195403
576,2111153.998,277085.648,3.448,DIV,Kurla combine 08-09-26.csv,249,172,DIV,72.88139971892815,19.08114749135458
577,2111154.119,277086.453,3.404,DIV,Kurla combine 08-09-26.csv,250,173,DIV,72.8814073519499,19.0811486720763
579,2111154.467,277086.667,3.453,LV,Kurla combine 08-09-26.csv,252,174,LV,72.88140934481842,19.081151838375224
684,2111154.947,277781.085,4.132,CC,Kurla combine 08-09-26.csv,358,175,CC,72.88800577815807,19.081231900368806
183,2111154.986,276930.983,4.072,LV,Kurla combine 08-09-26.csv,750,176,LV,72.87993039965527,19.08113951583288
17,2111157.969,277235.569,4.199,LV,Kurla combine 08-09-26.csv,1025,177,LV,72.88282340564953,19.08119972410481
61,2111158.418,276817.931,4.415,LV,Kurla combine 08-09-26.csv,1507,178,LV,72.87885609356445,19.081158152186465
19,2111158.823,277151.541,3.371,LV,Kurla combine 08-09-26.csv,1027,179,LV,72.88202510113445,19.08119826370192
184,2111159.862,276927.477,3.94,LV,Kurla combine 08-09-26.csv,751,180,LV,72.87989653465587,19.081183169677356
120,2111161.003,277784.6,4.13,CC,Kurla combine 08-09-26.csv,2174,181,CC,72.88803847475953,19.08128697744969
18,2111162.119,277197.14,3.439,LV,Kurla combine 08-09-26.csv,1026,182,LV,72.88245788081954,19.081233009610937
189,2111163.125,276902.958,3.383,LV,Kurla combine 08-09-26.csv,756,183,LV,72.87966324679472,19.08120995904426
20,2111165.203,277107.471,3.472,LV,Kurla combine 08-09-26.csv,1028,184,LV,72.88160573467404,19.08125107157165
76,2111165.362,277766.789,4.19,LV,Kurla combine 08-09-26.csv,531,185,LV,72.88786878295062,19.081324406132186
140,2111165.64,277229.166,4.483,FT,Kurla combine 08-09-26.csv,162,186,FT,72.88276170099373,19.08126830511631
116,2111165.867,277076.14,2.594,BED,Additional data 01 Oct 2026.csv,260,187,BED,72.88130803618932,19.081253646485816
156,2111166.515,277075.865,3.491,LV,Kurla combine 08-09-26.csv,723,188,LV,72.88130534943954,19.081259468792464
185,2111168.95,276927.394,3.991,LV,Kurla combine 08-09-26.csv,752,189,LV,72.87989470144555,19.081265237848132
159,2111170.415,277056.236,3.516,LV,Kurla combine 08-09-26.csv,726,190,LV,72.88111843983678,19.081292547125404
186,2111170.427,276936.014,4.07,LV,Kurla combine 08-09-26.csv,753,191,LV,72.87997641544548,19.08127951934896
157,2111172.13,277076.575,3.562,LV,Kurla combine 08-09-26.csv,724,192,LV,72.88131144885381,19.08131025762601
685,2111172.537,277750.861,4.14,CC,Kurla combine 08-09-26.csv,359,193,CC,72.88771665578489,19.081387472217866
620,2111172.694,277502.018,4.59,FT,Kurla combine 08-09-26.csv,293,194,FT,72.88535279684069,19.08136177677654
190,2111172.913,276908.277,3.729,LV,Kurla combine 08-09-26.csv,757,195,LV,72.8797126480971,19.081298939664805
155,2111173.039,277071.635,3.58,LV,Kurla combine 08-09-26.csv,722,196,LV,72.88126441792467,19.081317927578578
11,2111173.577,277272.9693,7.58,LV,Kurla combine 08-09-26.csv,3632,197,LV,72.88317689058744,19.081344768116086
580,2111173.817,277098.51,3.471,LV,Kurla combine 08-09-26.csv,253,198,LV,72.88151962202159,19.081327889358395
553,2111174.127,277109.554,3.348,FT,Kurla combine 08-09-26.csv,225,199,FT,72.88162449660975,19.08133189524234
46,2111174.188,277086.372,3.346,FT,Kurla combine 08-09-26.csv,2099,200,FT,72.88140427698558,19.0813299143071
160,2111174.398,277031.357,3.554,LV,Kurla combine 08-09-26.csv,727,201,LV,72.88088164937349,19.081325801317455
158,2111175.034,277057.928,3.433,LV,Kurla combine 08-09-26.csv,725,202,LV,72.88113398193342,19.081334447961165
121,2111175.749,277759.253,4.175,CC,Kurla combine 08-09-26.csv,2175,203,CC,72.88779600631919,19.08141739502583
581,2111176.091,277100.734,3.454,DLV,Kurla combine 08-09-26.csv,254,204,Other / rare,72.88154048722825,19.081348669648527
582,2111176.719,277099.741,3.492,DLV,Kurla combine 08-09-26.csv,255,205,Other / rare,72.8815309822882,19.081354232914634
69,2111176.964,276807.491,4.571,NALA,Kurla combine 08-09-26.csv,1515,206,Other / rare,72.87875478799612,19.08132450649625
34,2111177.052,276979.9,3.483,BED,Additional data 01 Oct 2026.csv,178,207,BED,72.88039253950252,19.081344148362675
60,2111177.129,276809.3,4.436,LV,Kurla combine 08-09-26.csv,1506,208,LV,72.8787719532075,19.081326194502477
162,2111177.583,277005.482,3.65,LV,Kurla combine 08-09-26.csv,729,209,LV,72.88063548926303,19.081351739321367
188,2111178.06,276981.445,4.139,LV,Kurla combine 08-09-26.csv,755,210,LV,72.88040710004712,19.0813534208313
164,2111178.073,276989.839,4.005,LV,Kurla combine 08-09-26.csv,731,211,LV,72.88048683557655,19.081354455463096
187,2111178.633,276956.413,4.251,LV,Kurla combine 08-09-26.csv,754,212,LV,72.88016924803193,19.081355860331747
161,2111179.986,277031.24,3.54,LV,Kurla combine 08-09-26.csv,728,213,LV,72.8808798958453,19.08137625595597
69,2111180.875,277957.834,6.365,LV,Kurla combine 08-09-26.csv,524,214,LV,72.88968180882905,19.081485304646684
191,2111184.468,276889.644,3.944,LV,Kurla combine 08-09-26.csv,758,215,LV,72.8795343194021,19.081401260475204
166,2111184.468,276989.867,4.033,LV,Kurla combine 08-09-26.csv,733,216,LV,72.88048636657597,19.081412214261945
165,2111184.491,276989.86,4.063,LV,Kurla combine 08-09-26.csv,732,217,LV,72.88048629743751,19.081412421219035
77,2111185.394,277735.976,4.248,C LV,Kurla combine 08-09-26.csv,532,218,Other / rare,72.88757378546767,19.08150196834761
163,2111186.828,277007.08,3.812,LV,Kurla combine 08-09-26.csv,730,219,LV,72.88064960667566,19.081435409130524
122,2111188.254,277737.742,4.177,CC,Kurla combine 08-09-26.csv,2176,220,CC,72.88759023370027,19.08152799056703
69,2111189.159,276984.704,4.287,LV,Kurla combine 08-09-26.csv,2122,221,LV,72.88043678258124,19.081454016345365
35,2111189.881,276988.375,3.386,BED,Additional data 01 Oct 2026.csv,179,222,BED,72.88047157150791,19.081460938144637
154,2111190.084,277074.916,3.576,LV,Kurla combine 08-09-26.csv,721,223,LV,72.88129362685318,19.081472226080198
686,2111191.524,277718.152,4.189,CC,Kurla combine 08-09-26.csv,360,224,CC,72.88740376700422,19.08155538981719
50,2111193.577,277892.9693,7.83,LV,Kurla combine 08-09-26.csv,3671,225,LV,72.8890641823706,19.08159296393806
679,2111193.709,277963.152,6.432,FT,Kurla combine 08-09-26.csv,353,226,FT,72.88973085778504,19.08160179277006
59,2111193.976,276805.847,4.243,LV,Kurla combine 08-09-26.csv,1505,227,LV,72.87873721437448,19.08147796854295
192,2111198.301,276906.675,3.991,LV,Kurla combine 08-09-26.csv,759,228,LV,72.87969451130104,19.081528053363186
141,2111198.365,277237.543,4.13,FT,Kurla combine 08-09-26.csv,163,229,FT,72.882837519675,19.081564772151452
58,2111199.99,276799.207,4.47,LV,Kurla combine 08-09-26.csv,1504,230,LV,72.87867344733884,19.081531557095868
552,2111201.544,277125.068,3.392,FT,Kurla combine 08-09-26.csv,224,231,FT,72.88176871950915,19.081581203301116
66,2111202.757,276687.018,7.892,CW,Kurla combine 08-09-26.csv,1512,232,Other / rare,72.8776074137695,19.081544274421763
583,2111208.224,277115.926,3.569,DLV,Kurla combine 08-09-26.csv,256,233,Other / rare,72.8816811095148,19.081640534664025
36,2111209.213,276989.227,3.775,BED,Additional data 01 Oct 2026.csv,180,234,BED,72.88047744304063,19.08163562607131
619,2111209.483,277501.384,4.634,FT,Kurla combine 08-09-26.csv,292,235,FT,72.88534255574615,19.081693964508684
70,2111209.493,276793.377,4.53,NALA,Kurla combine 08-09-26.csv,1516,236,Other / rare,72.8786169733364,19.081616744690635
78,2111210.418,277692.816,4.31,C LV,Kurla combine 08-09-26.csv,533,237,Other / rare,72.88716092699507,19.081723270033333
92,2111210.572,277494.559,4.716,LV,Kurla combine 08-09-26.csv,2145,238,LV,72.88527759789004,19.081703055643345
68,2111212.584,277964.799,6.963,LV,Kurla combine 08-09-26.csv,523,239,LV,72.88974434335134,19.081772440457765
39,2111213.577,277732.9693,5.5,LV,Kurla combine 08-09-26.csv,3660,240,LV,72.88754199544952,19.0817561737243
46,2111213.577,277852.9693,10.09,LV,Kurla combine 08-09-26.csv,3667,241,LV,72.88868191847115,19.08176923915725
687,2111214.115,277679.261,4.213,CC,Kurla combine 08-09-26.csv,361,242,CC,72.887031739711,19.081755182666903
123,2111215.62,277690.627,4.232,CC,Kurla combine 08-09-26.csv,2177,243,CC,72.88713953691226,19.0817700130819
37,2111215.797,276982.605,3.829,BED,Additional data 01 Oct 2026.csv,181,244,BED,72.88041378190884,19.081694365133256
153,2111218.364,277064.551,3.7,LV,Kurla combine 08-09-26.csv,720,245,LV,72.88119191742129,19.08172650172348
56,2111219.061,276791.528,4.462,LV,Kurla combine 08-09-26.csv,1502,246,LV,72.87859830849477,19.081702954701377
57,2111221.508,276797.282,4.286,LV,Kurla combine 08-09-26.csv,1503,247,LV,72.87865268596444,19.081725683784143
62,2111223.871,276799.309,3.921,LV,Kurla combine 08-09-26.csv,1508,248,LV,72.8786716692232,19.08174724661642
193,2111226.566,276904.013,4.213,LV,Kurla combine 08-09-26.csv,760,249,LV,72.87966597436669,19.081783034471535
38,2111228.373,276983.588,3.967,BED,Additional data 01 Oct 2026.csv,182,250,BED,72.88042167428782,19.081808051302172
54,2111228.504,276787.945,4.461,LV,Kurla combine 08-09-26.csv,1500,251,LV,72.87856318622056,19.08178784613704
55,2111229.748,276795.177,4.278,LV,Kurla combine 08-09-26.csv,1501,252,LV,72.878631742066,19.08179987212915
71,2111230.261,276989.755,5.077,BT,Kurla combine 08-09-26.csv,2124,253,Other / rare,72.88048003956209,19.081825776456267
70,2111232.291,276984.162,5.099,BT,Kurla combine 08-09-26.csv,2123,254,Other / rare,72.8804266765722,19.081843499009143
551,2111232.339,277140.735,3.485,FT,Kurla combine 08-09-26.csv,223,255,FT,72.88191400822542,19.081861036052008
142,2111233.396,277244.806,4.196,FT,Kurla combine 08-09-26.csv,164,256,FT,72.88290249158229,19.08188194399943
20,2111233.577,277392.9693,9.36,LV,Kurla combine 08-09-26.csv,3641,257,LV,72.8843099240896,19.0818997450045
40,2111233.577,277732.9693,5.57,LV,Kurla combine 08-09-26.csv,3661,258,LV,72.88753970442606,19.08193680234216
152,2111234.576,277064.091,3.677,LV,Kurla combine 08-09-26.csv,719,259,LV,72.8811856850546,19.081872868430604
688,2111235.202,277643.278,4.293,CC,Kurla combine 08-09-26.csv,362,260,CC,72.88668750807533,19.08194170824807
H6,2111239.8,276783.941,4.463,ST,Kurla combine 08-09-26.csv,1609,261,Other / rare,72.87852385152954,19.081889426659203
71,2111239.801,276783.94,4.45,0,Kurla combine 08-09-26.csv,1517,262,Other / rare,72.87852384191518,19.081889435581207
45,2111241.044,277120.851,3.523,FT,Kurla combine 08-09-26.csv,2098,263,FT,72.88172412372556,19.081937482960665
79,2111241.796,277639.17,4.363,C LV,Kurla combine 08-09-26.csv,534,264,Other / rare,72.88664772903034,19.08200081388513
93,2111242.868,277494.246,4.781,LV,Kurla combine 08-09-26.csv,2146,265,LV,72.88527092108187,19.081994700182317
618,2111242.917,277500.559,4.646,FT,Kurla combine 08-09-26.csv,291,266,FT,72.88533088488771,19.081995830994988
194,2111243.853,276900.978,4.303,LV,Kurla combine 08-09-26.csv,761,267,LV,72.87963515631388,19.08193882824673
41,2111244.078,276777.703,-0.301,BED,Kurla combine 08-09-26.csv,1487,268,BED,72.87846410269952,19.08192738061206
42,2111244.806,276777.997,4.525,NALA,Kurla combine 08-09-26.csv,1488,269,Other / rare,72.87846681174452,19.081933987611713
115,2111246.378,277120.436,2.347,BED,Additional data 01 Oct 2026.csv,259,270,BED,72.88171956880112,19.081985611109022
584,2111247.453,277135.914,3.739,DLV,Kurla combine 08-09-26.csv,257,271,Other / rare,72.88186647599339,19.08199701014352
124,2111248.091,277635.406,4.3,CC,Kurla combine 08-09-26.csv,2178,272,CC,72.88661125200403,19.0820572565958
52,2111248.977,276778.801,4.499,LV,Kurla combine 08-09-26.csv,1498,273,LV,72.87847396934328,19.08197174542661
53,2111251.451,276784.592,3.88,LV,Kurla combine 08-09-26.csv,1499,274,LV,72.8785286952444,19.081994722446375
151,2111252.38,277061.271,3.642,LV,Kurla combine 08-09-26.csv,718,275,LV,72.88115685132536,19.082033355311204
67,2111253.475,277975.1,7.871,LV,Kurla combine 08-09-26.csv,522,276,LV,72.8898375173098,19.08214286590979
21,2111253.577,277432.9693,8.8,LV,Kurla combine 08-09-26.csv,3642,277,LV,72.88468760372434,19.082084735906136
689,2111253.676,277611.501,4.29,CC,Kurla combine 08-09-26.csv,363,278,CC,72.8863835295494,19.08210509232815
678,2111255.668,277978.29,7.929,FT,Kurla combine 08-09-26.csv,352,279,FT,72.88986756942828,19.082163018910148
65,2111256.824,276786.119,4.424,LV,Kurla combine 08-09-26.csv,1511,280,LV,72.87854258258503,19.082043415053555
91,2111257.011,277490.947,4.673,FT,Kurla combine 08-09-26.csv,2144,281,FT,72.88523796083115,19.082122071835702
94,2111259.527,277493.247,4.753,LV,Kurla combine 08-09-26.csv,2147,282,LV,72.88525952083583,19.082145045646225
550,2111260.707,277155.376,3.729,FT,Kurla combine 08-09-26.csv,222,283,FT,72.88204982980909,19.08211883749153
40,2111261.565,276770.568,4.664,NALA,Kurla combine 08-09-26.csv,1486,284,Other / rare,72.87839431329245,19.08208453188935
39,2111261.614,276985.604,5.022,BED,Additional data 01 Oct 2026.csv,183,285,BED,72.88043700428896,19.08210848400824
40,2111262.608,276993.317,4.94,BED,Additional data 01 Oct 2026.csv,184,286,BED,72.88051015838626,19.082118304040737
143,2111263.219,277251.177,4.183,FT,Kurla combine 08-09-26.csv,165,287,FT,72.8829595881404,19.08215198292892
80,2111266.168,277597.36,4.419,C LV,Kurla combine 08-09-26.csv,535,288,Other / rare,72.88624776712776,19.082216371877255
125,2111266.412,277603.906,4.335,CC,Kurla combine 08-09-26.csv,2179,289,CC,72.88630992205688,19.082219288898585
50,2111266.85,276770.708,4.621,LV,Kurla combine 08-09-26.csv,1496,290,LV,72.87839503516507,19.082132278030464
39,2111266.936,276768.115,4.672,NALA,Kurla combine 08-09-26.csv,1485,291,Other / rare,72.87837039353495,19.082132771101335
150,2111268.183,277062.64,3.737,LV,Kurla combine 08-09-26.csv,717,292,LV,72.88116804017316,19.08217622796716
51,2111270.367,276776.545,4.152,LV,Kurla combine 08-09-26.csv,1497,293,LV,72.87845007807907,19.08216467983534
38,2111272.19,276765.622,4.696,NALA,Kurla combine 08-09-26.csv,1484,294,Other / rare,72.87834610725061,19.08217994926219
617,2111273.129,277499.806,4.714,FT,Kurla combine 08-09-26.csv,290,295,FT,72.88532026736422,19.082268606090004
54,2111273.577,277912.9693,12.69,LV,Kurla combine 08-09-26.csv,3675,296,LV,72.88924501273605,19.08231765567401
149,2111275.242,277044.17,3.457,LV,Kurla combine 08-09-26.csv,716,297,LV,72.88099177624788,19.08223796284222
37,2111275.419,276763.703,4.7,NALA,Kurla combine 08-09-26.csv,1483,298,Other / rare,72.87832750654604,19.082208901668068
44,2111275.651,277138.497,3.828,FT,Kurla combine 08-09-26.csv,2097,299,FT,72.88188777396935,19.082251959557823
66,2111279.366,277982.067,8.624,LV,Kurla combine 08-09-26.csv,521,300,LV,72.88990073696716,19.082377456974122
195,2111279.55,276906.986,4.425,LV,Kurla combine 08-09-26.csv,762,301,LV,72.87968812382562,19.082261878349325
200,2111282.01,276833.869,2.928,LV,Kurla combine 08-09-26.csv,767,302,LV,72.87899327817303,19.08227610142032
48,2111282.528,276762.305,4.627,LV,Kurla combine 08-09-26.csv,1494,303,LV,72.87831340857373,19.082272952802164
90,2111283.026,277490.36,4.778,FT,Kurla combine 08-09-26.csv,2143,304,FT,72.8852294013339,19.08235696014898
616,2111283.283,277499.744,4.782,FT,Kurla combine 08-09-26.csv,289,305,FT,72.88531851399712,19.082360304343123
615,2111283.783,277499.735,4.849,FT,Kurla combine 08-09-26.csv,288,306,FT,72.88531837116525,19.082364819070587
614,2111284.369,277500.154,4.919,FT,Kurla combine 08-09-26.csv,287,307,FT,72.88532228420422,19.082370157162988
585,2111284.697,277154.812,3.968,DLV,Kurla combine 08-09-26.csv,258,308,Other / rare,72.88204171688986,19.082335439152832
148,2111285.594,277054.258,3.626,LV,Kurla combine 08-09-26.csv,715,309,LV,72.88108641612644,19.082332557889586
49,2111286.199,276768.179,4.301,LV,Kurla combine 08-09-26.csv,1495,310,LV,72.87836878527011,19.082306749513158
690,2111286.317,277555.583,4.672,CC,Kurla combine 08-09-26.csv,364,311,CC,72.88584860188399,19.08239379280447
72,2111287.122,276990.902,6.501,LV,Kurla combine 08-09-26.csv,2125,312,LV,72.88048439995735,19.082339435621776
95,2111289.249,277493.381,4.844,LV,Kurla combine 08-09-26.csv,2148,313,LV,72.88525738530129,19.0824134920357
126,2111290.821,277562.174,4.62,CC,Kurla combine 08-09-26.csv,2180,314,CC,72.88591069594979,19.082435188723636
89,2111290.984,277491.154,4.841,CC,Kurla combine 08-09-26.csv,2142,315,CC,72.88523603121705,19.082428918734514
196,2111292.344,276900.052,4.284,LV,Kurla combine 08-09-26.csv,763,316,LV,72.87962078433898,19.08237666787177
201,2111293.156,276817.125,2.992,LV,Kurla combine 08-09-26.csv,768,317,LV,72.87883293929126,19.082374934128012
613,2111296.561,277500.19,4.85,FT,Kurla combine 08-09-26.csv,286,318,FT,72.88532122806184,19.082480272128237
549,2111297.249,277174.066,3.925,FT,Kurla combine 08-09-26.csv,221,319,FT,72.88222317595167,19.082450903617637
197,2111299.137,276882.2,4.041,LV,Kurla combine 08-09-26.csv,764,320,LV,72.87945042096041,19.082436066405663
147,2111299.146,277045.654,3.906,LV,Kurla combine 08-09-26.csv,714,321,LV,72.88100312649361,19.082454011363552
677,2111300.059,277991.533,8.969,FT,Kurla combine 08-09-26.csv,351,322,FT,72.88998829058892,19.082565374439238
146,2111300.335,277031.272,4.179,LV,Kurla combine 08-09-26.csv,713,323,LV,72.88086637015265,19.08246317842173
65,2111302.159,277987.211,9.189,LV,Kurla combine 08-09-26.csv,520,324,LV,72.88994699382097,19.08258387029313
73,2111302.417,276988.668,6.508,BT,Kurla combine 08-09-26.csv,2126,325,Other / rare,72.88046142043785,19.082477326593715
46,2111302.573,276749.748,4.596,LV,Kurla combine 08-09-26.csv,1492,326,LV,72.87819181912506,19.082452613123518
198,2111303.466,276867.139,3.935,LV,Kurla combine 08-09-26.csv,765,327,LV,72.87930685351344,19.082473516604257
D7,2111304.661,277515.973,5.501,ST,Kurla combine 08-09-26.csv,159,328,Other / rare,72.88547022801146,19.08255514731719
114,2111305.739,277981.826,9.158,FT,Kurla combine 08-09-26.csv,2168,329,FT,72.88989542980981,19.082615617028953
47,2111305.776,276754.434,4.192,LV,Kurla combine 08-09-26.csv,1493,330,LV,72.87823596448197,19.082482053233218
81,2111307.59,277526.358,4.96,C LV,Kurla combine 08-09-26.csv,536,331,Other / rare,72.88556854330636,19.08258273247932
74,2111308.226,276994.874,6.557,BT,Kurla combine 08-09-26.csv,2127,332,Other / rare,72.88051970575538,19.082530468095563
36,2111308.338,276743.17,4.793,NALA,Kurla combine 08-09-26.csv,1482,333,Other / rare,72.87812866913737,19.082503959399425
199,2111308.383,276856.926,3.12,LV,Kurla combine 08-09-26.csv,766,334,LV,72.87920927121917,19.08251680723013
627,2111310.061,277494.396,4.92,LV,Kurla combine 08-09-26.csv,300,335,LV,72.88526464047563,19.082601564549527
144,2111310.54,277260.104,4.287,FT,Kurla combine 08-09-26.csv,166,336,FT,72.88303895645595,19.082580332329414
691,2111312.346,277510.136,4.898,CC,Kurla combine 08-09-26.csv,365,337,CC,72.88541389883954,19.082623917409677
88,2111313.501,277488.425,4.884,CC,Kurla combine 08-09-26.csv,2141,338,CC,72.88520752511789,19.082631981595778
586,2111314.523,277169.999,4.128,DLV,Kurla combine 08-09-26.csv,259,339,Other / rare,72.88218255819966,19.082606467938817
43,2111316.574,277159.349,3.97,FT,Kurla combine 08-09-26.csv,2096,340,FT,72.88208115434996,19.082623828448046
44,2111318.222,276741.273,4.628,LV,Kurla combine 08-09-26.csv,1490,341,LV,72.87810951156966,19.0825930179822
145,2111318.228,277017.922,4.721,LV,Kurla combine 08-09-26.csv,712,342,LV,72.88073749744261,19.082623318480834
548,2111323.18,277187.282,4.103,FT,Kurla combine 08-09-26.csv,220,343,FT,72.88234574167122,19.082686539803078
127,2111324.051,277504.875,4.988,CC,Kurla combine 08-09-26.csv,2181,344,CC,72.8853625802784,19.08272905657624
34,2111325.19,276732.087,-0.955,BED,Kurla combine 08-09-26.csv,1480,345,BED,72.87802144877348,19.082654943642357
45,2111325.792,276744.559,4.605,LV,Kurla combine 08-09-26.csv,1491,346,LV,72.8781398553672,19.082661744972615
171,2111325.826,276732.039,4.797,NALA,Kurla combine 08-09-26.csv,3887,347,Other / rare,72.87802091961875,19.082660682345058
35,2111326.251,276732.039,4.736,NALA,Kurla combine 08-09-26.csv,1481,348,Other / rare,72.87802087071296,19.082664520679145
H5,2111326.833,276733.457,4.566,ST,Kurla combine 08-09-26.csv,1608,349,Other / rare,72.87803427381635,19.082669932072836
43,2111326.844,276733.451,4.542,0,Kurla combine 08-09-26.csv,1489,350,Other / rare,72.87803421555446,19.082670030761538
612,2111327.035,277504.395,4.898,FT,Kurla combine 08-09-26.csv,285,351,FT,72.8853576783769,19.082755953992976
206,2111327.599,276734.315,4.575,LV,Kurla combine 08-09-26.csv,1234,352,LV,72.8780423361124,19.082676943973187
921,2111327.599,276734.315,4.575,LV,Kurla combine 08-09-26.csv,3620,353,LV,72.8780423361124,19.082676943973187
611,2111327.616,277502.161,4.998,FT,Kurla combine 08-09-26.csv,284,354,FT,72.88533639009441,19.082760957681025
16,2111328.462,276991.923,6.889,CH TOP,Kurla combine 08-09-26.csv,1045,355,Other / rare,72.88048934726511,19.08271290481045
732,2111328.462,276991.923,6.889,LV,Kurla combine 08-09-26.csv,3431,356,LV,72.88048934726511,19.08271290481045
14,2111328.509,276992.114,6.877,CH,Kurla combine 08-09-26.csv,1043,357,Other / rare,72.88049115624185,19.082713350157558
730,2111328.509,276992.114,6.877,LV,Kurla combine 08-09-26.csv,3429,358,LV,72.88049115624185,19.082713350157558
15,2111328.576,276992.272,6.875,CH,Kurla combine 08-09-26.csv,1044,359,Other / rare,72.88049264944075,19.082713972526292
731,2111328.576,276992.272,6.875,LV,Kurla combine 08-09-26.csv,3430,360,LV,72.88049264944075,19.082713972526292
522,2111329.36,276992.312,6.909,LV,Kurla combine 08-09-26.csv,1639,361,LV,72.88049293930334,19.08272105750615
87,2111329.445,277484.995,5.064,CC,Kurla combine 08-09-26.csv,2140,362,CC,72.88517311367208,19.08277560450961
610,2111330.519,277498.557,5.012,FT,Kurla combine 08-09-26.csv,283,363,FT,72.88530182135139,19.082786782947355
18,2111331.454,276992.346,6.914,CH,Kurla combine 08-09-26.csv,1047,364,Other / rare,72.8804930215997,19.08273997294962
734,2111331.454,276992.346,6.914,LV,Kurla combine 08-09-26.csv,3433,365,LV,72.8804930215997,19.08273997294962
17,2111331.47,276992.381,6.925,CH TOP,Kurla combine 08-09-26.csv,1046,366,Other / rare,72.88049335223855,19.082740121276526
733,2111331.47,276992.381,6.925,LV,Kurla combine 08-09-26.csv,3432,367,LV,72.88049335223855,19.082740121276526
41,2111333.324,276990.741,5.756,BED,Additional data 01 Oct 2026.csv,185,368,BED,72.88047756017771,19.082756686256822
23,2111333.577,277472.9693,7.01,LV,Kurla combine 08-09-26.csv,3644,369,LV,72.88505840285733,19.082811611053323
609,2111333.678,277494.934,5.028,FT,Kurla combine 08-09-26.csv,282,370,FT,72.88526704275105,19.082814918177164
96,2111334.498,277485.338,5.109,LV,Kurla combine 08-09-26.csv,2149,371,LV,72.88517579245976,19.082821277654507
676,2111334.74,277999.565,9.479,FT,Kurla combine 08-09-26.csv,350,372,FT,72.89006062169356,19.082879467731125
67,2111334.89,276726.46,4.454,NALA,Kurla combine 08-09-26.csv,32,373,Other / rare,72.8779668797144,19.082741932348608
521,2111334.931,276992.05,6.925,BT,Kurla combine 08-09-26.csv,1638,374,Other / rare,72.88048981014323,19.0827713427423
64,2111335.649,277996.323,9.602,LV,Kurla combine 08-09-26.csv,519,375,LV,72.89002972051789,19.082887324632818
608,2111336.368,277493.125,5.176,FT,Kurla combine 08-09-26.csv,281,376,FT,72.88524954984096,19.082839015449775
607,2111337.153,277492.992,5.181,FT,Kurla combine 08-09-26.csv,280,377,FT,72.88524819639518,19.082846090610474
587,2111338.542,277182.04,4.301,DLV,Kurla combine 08-09-26.csv,260,378,Other / rare,72.88229418175116,19.082824707826507
19,2111338.567,276994.465,7.024,CH TOP,Kurla combine 08-09-26.csv,1048,379,Other / rare,72.88051233320435,19.082804444774425
735,2111338.567,276994.465,7.024,LV,Kurla combine 08-09-26.csv,3434,380,LV,72.88051233320435,19.082804444774425
547,2111339.362,277194.965,4.227,FT,Kurla combine 08-09-26.csv,219,381,FT,72.88241686712017,19.082833524740018
114,2111339.587,277168.938,2.938,BED,Additional data 01 Oct 2026.csv,258,382,BED,72.88216960082052,19.082832715063965
33,2111339.658,276723.089,4.605,NALA,Kurla combine 08-09-26.csv,1479,383,Other / rare,72.87793430870876,19.08278462512538
144,2111339.869,276998.654,6.97,LV,Kurla combine 08-09-26.csv,711,384,LV,72.8805519764235,19.08281666139566
205,2111340.533,276727.097,4.122,LV,Kurla combine 08-09-26.csv,1233,385,LV,72.87797228142892,19.08279296608374
920,2111340.533,276727.097,4.122,LV,Kurla combine 08-09-26.csv,3619,386,LV,72.87797228142892,19.08279296608374
604,2111343.852,277490.111,5.126,FT,Kurla combine 08-09-26.csv,277,387,FT,72.88522006035086,19.08290627794477
605,2111343.867,277490.715,5.161,FT,Kurla combine 08-09-26.csv,278,388,FT,72.88522579627181,19.08290647927241
606,2111344.034,277492.188,5.288,FT,Kurla combine 08-09-26.csv,279,389,FT,72.88523976974484,19.082908148124933
603,2111344.189,277489.773,5.098,FT,Kurla combine 08-09-26.csv,276,390,FT,72.88521681090315,19.082909284678557
170,2111345.471,276719.25,3.495,NALA,Kurla combine 08-09-26.csv,3886,391,Other / rare,72.87789717172822,19.082836704475607
13,2111345.881,276999.688,7.037,CC,Kurla combine 08-09-26.csv,1042,392,CC,72.88056110777936,19.08287107109568
729,2111345.881,276999.688,7.037,LV,Kurla combine 08-09-26.csv,3428,393,LV,72.88056110777936,19.08287107109568
169,2111348.151,276717.578,3.335,NALA,Kurla combine 08-09-26.csv,3885,394,Other / rare,72.87788098038595,19.082860725620368
204,2111350.373,276721.842,3.259,LV,Kurla combine 08-09-26.csv,1232,395,LV,72.87792122994334,19.082881259860162
919,2111350.373,276721.842,3.259,LV,Kurla combine 08-09-26.csv,3618,396,LV,72.87792122994334,19.082881259860162
75,2111351.915,276998.988,7.122,LV,Kurla combine 08-09-26.csv,2128,397,LV,72.88055376468871,19.082925490004847
42,2111353.495,277000.437,6.345,BED,Additional data 01 Oct 2026.csv,186,398,BED,72.8805673476887,19.082939917937697
42,2111355.031,277177.777,4.408,FT,Kurla combine 08-09-26.csv,2095,399,FT,72.88225179220798,19.0829731611063
202,2111355.038,276726.871,3.086,LV,Kurla combine 08-09-26.csv,769,400,LV,72.87796846538947,19.08292394143513
520,2111355.466,276994.154,7.28,BT,Kurla combine 08-09-26.csv,1637,401,Other / rare,72.8805074365448,19.08295703222729
523,2111360.085,276996.182,7.323,LV,Kurla combine 08-09-26.csv,1640,402,LV,72.88052617038522,19.08299896982463
145,2111360.379,277271.821,4.407,FT,Kurla combine 08-09-26.csv,167,403,FT,72.88314453933003,19.08303172729838
66,2111362.906,276712.067,3.145,NALA,Kurla combine 08-09-26.csv,31,404,Other / rare,72.87782693135044,19.082993380551628
546,2111365.884,277208.523,4.486,FT,Kurla combine 08-09-26.csv,218,405,FT,72.88254261428152,19.08307453573584
86,2111366.142,277478.274,5.157,CC,Kurla combine 08-09-26.csv,2139,406,CC,72.88510505943326,19.083106297528047
65,2111366.179,276716.751,3.221,LV,Kurla combine 08-09-26.csv,30,407,LV,72.87787104971211,19.08302345273214
628,2111368.127,277481.51,5.248,LV,Kurla combine 08-09-26.csv,301,408,LV,72.88513557188661,19.083124577741895
203,2111368.304,276713.59,3.243,LV,Kurla combine 08-09-26.csv,1231,409,LV,72.87784077765757,19.083042298541706
918,2111368.304,276713.59,3.243,LV,Kurla combine 08-09-26.csv,3617,410,LV,72.87784077765757,19.083042298541706
12,2111368.68,277003.49,7.323,CC,Kurla combine 08-09-26.csv,1041,411,CC,72.88059460400308,19.083077393191875
728,2111368.68,277003.49,7.323,LV,Kurla combine 08-09-26.csv,3427,412,LV,72.88059460400308,19.083077393191875
602,2111370.032,277489.424,5.13,FT,Kurla combine 08-09-26.csv,275,413,FT,72.88521053180503,19.08314264551238
168,2111372.143,276711.047,3.395,NALA,Kurla combine 08-09-26.csv,3884,414,Other / rare,72.87781617894882,19.08307669173782
519,2111378.403,276996.694,7.695,BT,Kurla combine 08-09-26.csv,1636,415,Other / rare,72.88052892861285,19.08316446275104
588,2111378.628,277202.264,4.829,DLV,Kurla combine 08-09-26.csv,261,416,Other / rare,72.88248169410387,19.083188948575593
64,2111379.784,276721.629,3.33,LV,Kurla combine 08-09-26.csv,29,417,LV,72.8779158219512,19.08314685827799
167,2111383.473,276712.184,3.519,NALA,Kurla combine 08-09-26.csv,3883,418,Other / rare,72.87782567580764,19.0831791415969
524,2111384.061,276999.706,7.659,LV,Kurla combine 08-09-26.csv,1641,419,LV,72.88055689045946,19.08321589148861
20,2111384.583,276999.81,7.611,CH,Kurla combine 08-09-26.csv,1049,420,Other / rare,72.8805578183986,19.083220617238183
736,2111384.583,276999.81,7.611,LV,Kurla combine 08-09-26.csv,3435,421,LV,72.8805578183986,19.083220617238183
21,2111384.609,277000.146,7.591,CH TOP,Kurla combine 08-09-26.csv,1050,422,Other / rare,72.88056100720696,19.083220888770967
737,2111384.609,277000.146,7.591,LV,Kurla combine 08-09-26.csv,3436,423,LV,72.88056100720696,19.083220888770967
41,2111386.259,277194.652,4.647,FT,Kurla combine 08-09-26.csv,2094,424,FT,72.882408508302845,19.083257036118933
28,2111386.481,276623.705,6.05,CW,Kurla combine 08-09-26.csv,1474,425,Other / rare,72.8769848344656,19.083196624976203
63,2111387.868,278009.104,10.416,LV,Kurla combine 08-09-26.csv,518,426,LV,72.8901451579953,19.083360328005885
545,2111388.201,277220.896,4.886,FT,Kurla combine 08-09-26.csv,217,427,FT,72.88265758781428,19.08327744027026
202,2111391.376,276727.459,3.408,LV,Kurla combine 08-09-26.csv,1230,428,LV,72.877969869314,19.083252187821245
917,2111391.376,276727.459,3.408,LV,Kurla combine 08-09-26.csv,3616,429,LV,72.877969869314,19.083252187821245
226,2111392.077,276907.319,4.337,LV,Kurla combine 08-09-26.csv,793,430,LV,72.87967834841425,19.083278189296582
590,2111392.154,277211.373,5.08,DLV,Kurla combine 08-09-26.csv,263,431,Other / rare,72.88256667099976,19.08331210176681
589,2111392.731,277210.307,5.074,DLV,Kurla combine 08-09-26.csv,262,432,Other / rare,72.88255647836846,19.0833171965062
76,2111393.001,277005.965,7.561,BT,Kurla combine 08-09-26.csv,2129,433,Other / rare,72.88061531964811,19.08329731605443
591,2111394.264,277211.78,5.164,LV,Kurla combine 08-09-26.csv,264,434,LV,72.88257029496916,19.083331202454893
601,2111395.18,277487.013,5.229,FT,Kurla combine 08-09-26.csv,274,435,FT,72.88518474453322,19.083369504668973
11,2111397.095,277006.592,7.635,CC,Kurla combine 08-09-26.csv,1040,436,CC,72.88062080522477,19.083334359075057
727,2111397.095,277006.592,7.635,LV,Kurla combine 08-09-26.csv,3426,437,LV,72.88062080522477,19.083334359075057
22,2111397.173,277000.301,7.788,CH,Kurla combine 08-09-26.csv,1051,438,Other / rare,72.88056103552286,19.08333437607543
738,2111397.173,277000.301,7.788,LV,Kurla combine 08-09-26.csv,3437,439,LV,72.88056103552286,19.08333437607543
2,2111397.463,277226.864,5.066,FT,Kurla combine 08-09-26.csv,456,440,FT,72.88271321681736,19.08336174061415
97,2111397.832,277475.871,5.361,LV,Kurla combine 08-09-26.csv,2150,441,LV,72.88507859769463,19.083392241046734
2,2111398.844,277201.859,4.907,FT,Kurla combine 08-09-26.csv,2055,442,FT,72.8824755253413,19.08337148313845
78,2111399.188,277000.783,7.87,LV,Kurla combine 08-09-26.csv,2131,443,LV,72.88056538263244,19.083352626994586
77,2111399.692,276999.367,7.874,BT,Kurla combine 08-09-26.csv,2130,444,Other / rare,72.88055187354865,19.08335702407873
201,2111400.478,276728.134,3.526,LV,Kurla combine 08-09-26.csv,1229,445,LV,72.8779752339469,19.08333446523354
916,2111400.478,276728.134,3.526,LV,Kurla combine 08-09-26.csv,3615,446,LV,72.8779752339469,19.08333446523354
675,2111400.751,278015.802,10.505,FT,Kurla combine 08-09-26.csv,349,447,FT,72.89020731136269,19.08347740872576
118,2111401.019,276611.967,4.758,NALA OFF,Kurla combine 08-09-26.csv,3833,448,Other / rare,72.87687165696002,19.083326638115366
117,2111401.516,276611.533,5.34,NALA+CW ARPOT,Kurla combine 08-09-26.csv,3832,449,Other / rare,72.87686747700555,19.08333107919622
29,2111402.875,276610.674,6.136,CW,Kurla combine 08-09-26.csv,1475,450,Other / rare,72.87685916056431,19.083343258791675
63,2111404.972,276730.533,3.496,LV,Kurla combine 08-09-26.csv,28,451,LV,72.87799750581175,19.08337531469838
518,2111405.171,276999.783,7.889,BT,Kurla combine 08-09-26.csv,1635,452,Other / rare,72.88055519554533,19.083406552515452
225,2111405.446,276908.017,4.175,LV,Kurla combine 08-09-26.csv,792,453,LV,72.87968344173329,19.083399006167863
224,2111405.794,276917.538,4.313,LV,Kurla combine 08-09-26.csv,791,454,LV,72.87977384550878,19.083403189921594
8,2111406.013,277204.022,5.274,LV,Kurla combine 08-09-26.csv,575,455,LV,72.8824952493271,19.083436465394584
592,2111406.399,277219.463,5.317,LV,Kurla combine 08-09-26.csv,265,456,LV,72.88264188554606,19.083441637262833
674,2111406.542,278014.691,10.567,FT,Kurla combine 08-09-26.csv,348,457,FT,72.89019609485823,19.083529588967615
501,2111406.95,277220.547,5.323,DIV,Kurla combine 08-09-26.csv,173,458,DIV,72.8826521196486,19.083446731904317
593,2111407.211,277208.378,5.107,LV,Kurla combine 08-09-26.csv,266,459,LV,72.88253649122885,19.08344776058329
502,2111407.588,277219.563,5.328,DIV,Kurla combine 08-09-26.csv,174,460,DIV,72.88264269895879,19.08345238651519
200,2111407.789,276732.587,3.513,LV,Kurla combine 08-09-26.csv,1228,461,LV,72.87801669338204,19.08340098080222
915,2111407.789,276732.587,3.513,LV,Kurla combine 08-09-26.csv,3614,462,LV,72.87801669338204,19.08340098080222
116,2111409.831,276607.431,4.812,LV,Kurla combine 08-09-26.csv,3831,463,LV,72.87682755315156,19.083405725973172
30,2111411.154,276604.177,6.045,CW,Kurla combine 08-09-26.csv,1476,464,Other / rare,72.87679648982567,19.083417318255652
166,2111411.203,276726.272,6.164,NALA TOP,Kurla combine 08-09-26.csv,3882,465,Other / rare,72.87795631185124,19.08343112298996
119,2111411.503,276603.696,4.873,CW,Kurla combine 08-09-26.csv,3834,466,Other / rare,72.87679188043712,19.08342041754698
146,2111412.145,277283.291,4.832,FT,Kurla combine 08-09-26.csv,168,467,FT,72.8832475550853,19.083500498800035
643,2111412.148,276615.865,4.966,NALA,Kurla combine 08-09-26.csv,1760,468,Other / rare,72.87690740417293,19.083427574896202
32,2111412.224,276726.479,-0.061,BED,Kurla combine 08-09-26.csv,1478,469,BED,72.87795816072759,19.083440366670086
5,2111412.236,277196.862,5.387,LV,Kurla combine 08-09-26.csv,572,470,LV,72.88242651884393,19.083491886071307
115,2111413.19,276608.701,4.811,LV,Kurla combine 08-09-26.csv,3830,471,LV,72.87683923060743,19.083436201359163
525,2111413.262,277002.982,7.964,LV,Kurla combine 08-09-26.csv,1642,472,LV,72.88058465417669,19.083479975055475
123,2111413.342,276605.755,4.777,FT END,Kurla combine 08-09-26.csv,1152,473,Other / rare,72.87681122791938,19.08343725162985
839,2111413.342,276605.755,4.777,LV,Kurla combine 08-09-26.csv,3538,474,LV,72.87681122791938,19.08343725162985
31,2111413.577,277652.9693,15.26,LV,Kurla combine 08-09-26.csv,3652,475,LV,72.88675912766033,19.083553744644846
31,2111413.649,276602.125,6.071,CW,Kurla combine 08-09-26.csv,1477,476,Other / rare,72.87677670980517,19.0834396268793
13,2111413.707,277162.453,5.838,LV,Kurla combine 08-09-26.csv,580,477,LV,72.88209948431272,19.0835014141552
124,2111413.789,276604.633,4.885,FT OFF,Kurla combine 08-09-26.csv,1153,478,Other / rare,72.87680051814097,19.083441165824773
840,2111413.789,276604.633,4.885,LV,Kurla combine 08-09-26.csv,3539,479,LV,72.87680051814097,19.083441165824773
3,2111413.91,277211.288,5.175,FT,Kurla combine 08-09-26.csv,2056,480,FT,72.88256336528573,19.083508579630735
6,2111413.932,277199.57,5.382,LV,Kurla combine 08-09-26.csv,573,481,LV,72.88245204851448,19.08350749898546
503,2111414.361,277224.735,5.419,DIV,Kurla combine 08-09-26.csv,175,482,DIV,72.88269105225878,19.083514120812897
594,2111414.921,277197.933,5.384,LV,Kurla combine 08-09-26.csv,267,483,LV,72.88243638438345,19.08351625231136
85,2111414.95,277473.133,5.43,CC,Kurla combine 08-09-26.csv,2138,484,CC,72.88505062487154,19.08354654224042
4,2111415.819,277190.298,5.513,LV,Kurla combine 08-09-26.csv,571,485,LV,72.88236375315782,19.083523528898578
7,2111415.827,277201.399,5.371,LV,Kurla combine 08-09-26.csv,574,486,LV,72.88246920534364,19.083524813176812
12,2111415.983,277176.386,5.855,LV,Kurla combine 08-09-26.csv,579,487,LV,72.88223157834867,19.083523491025762
223,2111416.093,276905.949,4.227,LV,Kurla combine 08-09-26.csv,790,488,LV,72.87966257269137,19.08349493722587
673,2111416.129,278016.571,10.613,FT,Kurla combine 08-09-26.csv,347,489,FT,72.89021285694557,19.083616377936266
222,2111416.642,276896.343,4.14,LV,Kurla combine 08-09-26.csv,789,490,LV,72.87957125827609,19.08349884527029
3,2111417.352,277242.481,5.365,FT,Kurla combine 08-09-26.csv,457,491,FT,72.88285928565097,19.083543070946767
672,2111418.452,278017.621,10.72,FT,Kurla combine 08-09-26.csv,346,492,FT,72.89022256560514,19.083637472201833
9,2111418.504,277186.36,5.638,LV,Kurla combine 08-09-26.csv,576,493,LV,72.88232603607028,19.083547348231782
43,2111418.559,277000.661,6.94,BED,Additional data 01 Oct 2026.csv,187,494,BED,72.88056199720798,19.083527560689085
17,2111418.64,277128.862,5.589,LV,Kurla combine 08-09-26.csv,584,495,LV,72.881779822636,19.08354229768347
14,2111418.761,277160.554,5.851,LV,Kurla combine 08-09-26.csv,581,496,LV,72.88208086442083,19.083546851469244
600,2111419.15,277484.52,5.462,FT,Kurla combine 08-09-26.csv,273,497,FT,72.88515831331075,19.08358571586147
642,2111419.223,276618.707,4.863,NALA,Kurla combine 08-09-26.csv,1759,498,Other / rare,72.87693358683234,19.08349178291688
24,2111419.238,277003.57,7.973,CH,Kurla combine 08-09-26.csv,1053,499,Other / rare,72.88058955295614,19.083534010887746
740,2111419.238,277003.57,7.973,LV,Kurla combine 08-09-26.csv,3439,500,LV,72.88058955295614,19.083534010887746
23,2111419.318,277003.272,8.004,CH TOP,Kurla combine 08-09-26.csv,1052,501,Other / rare,72.88058671293588,19.083534700834555
739,2111419.318,277003.272,8.004,LV,Kurla combine 08-09-26.csv,3438,502,LV,72.88058671293588,19.083534700834555
115,2111419.704,277088.79,5.223,LV,Kurla combine 08-09-26.csv,682,503,LV,72.88139903964164,19.083547530241887
2,2111419.805,277192.528,5.533,LV,Kurla combine 08-09-26.csv,569,504,LV,72.88238447911367,19.083559771535448
10,2111420.036,277176.604,5.828,LV,Kurla combine 08-09-26.csv,577,505,LV,72.88223318373642,19.083560119086236
199,2111420.707,276744.895,3.858,LV,Kurla combine 08-09-26.csv,1227,506,LV,72.87813212538076,19.083518994648998
914,2111420.707,276744.895,3.858,LV,Kurla combine 08-09-26.csv,3613,507,LV,72.87813212538076,19.083518994648998
19,2111420.75,277108.088,5.439,LV,Kurla combine 08-09-26.csv,586,508,LV,72.88158223927056,19.08355908499386
24,2111421.926,276620.642,-0.188,BED,Kurla combine 08-09-26.csv,1470,509,BED,72.8769516569363,19.08351640651474
671,2111422.012,278020.438,10.83,FT,Kurla combine 08-09-26.csv,345,510,FT,72.89024891831482,19.083669930577468
3,2111422.187,277194.617,5.561,LV,Kurla combine 08-09-26.csv,570,511,LV,72.88240404986342,19.083581512411747
11,2111422.846,277176.24,5.806,LV,Kurla combine 08-09-26.csv,578,512,LV,72.8822294032166,19.083585457569235
15,2111423.493,277157.438,5.938,LV,Kurla combine 08-09-26.csv,582,513,LV,72.88205072070171,19.083589247773098
16,2111423.705,277142.907,5.961,LV,Kurla combine 08-09-26.csv,583,514,LV,72.88191266020702,19.0835895755778
595,2111423.745,277187.057,5.731,LV,Kurla combine 08-09-26.csv,268,515,LV,72.88233205526839,19.083594757895412
1,2111424.447,277185.845,5.725,LV,Kurla combine 08-09-26.csv,568,516,LV,72.88232046134091,19.083600965602816
22,2111424.684,277084.983,5.268,LV,Kurla combine 08-09-26.csv,589,517,LV,72.881362303166,19.083592090720494
216,2111425.146,276850.038,4.323,LV,Kurla combine 08-09-26.csv,783,518,LV,72.87913041028938,19.08357058515537
20,2111425.364,277107.838,5.467,LV,Kurla combine 08-09-26.csv,587,519,LV,72.88157933433354,19.083600728540908
227,2111425.373,276911.62,4.413,LV,Kurla combine 08-09-26.csv,794,520,LV,72.87971537674684,19.08357936842996
4,2111425.645,277220.61,5.281,FT,Kurla combine 08-09-26.csv,2057,521,FT,72.8826505714195,19.083615580816787
23,2111425.792,277073.311,5.263,LV,Kurla combine 08-09-26.csv,590,522,LV,72.88125129861251,19.0836008224616
114,2111426.224,276615.554,4.87,LV,Kurla combine 08-09-26.csv,3829,523,LV,72.87690282917596,19.083554666373654
12,2111427.288,277009.152,7.908,CH,Additional data 01 Oct 2026.csv,156,524,Other / rare,72.88064165344439,19.083607323538683
10,2111427.3,277009.539,7.882,CH,Additional data 01 Oct 2026.csv,154,525,Other / rare,72.88064532833981,19.083607474204236
96,2111427.41,277172.597,6,LV,Kurla combine 08-09-26.csv,663,526,LV,72.8821942726211,19.083626279080313
504,2111427.583,277236.308,5.616,DIV,Kurla combine 08-09-26.csv,176,527,DIV,72.88279947096751,19.083634797366688
1,2111427.602,277183.133,5.671,LV,Kurla combine 08-09-26.csv,455,528,LV,72.88229433655103,19.08362916354757
1,2111427.611,277183.114,5.689,LV,Kurla combine 08-09-26.csv,2054,529,LV,72.88229415502825,19.083629242755574
11,2111427.627,277009.567,7.88,CH,Additional data 01 Oct 2026.csv,155,530,Other / rare,72.88064555673932,19.083610430528033
500,2111427.628,277183.11,5.659,LV,Kurla combine 08-09-26.csv,172,531,LV,72.88229411507812,19.08362939585259
C2,2111427.669,277183.332,5.687,ST,Additional data 01 Oct 2026.csv,144,532,Other / rare,72.88229621924268,19.083629790379806
95,2111427.944,277178.266,5.4,LV,Kurla combine 08-09-26.csv,662,533,LV,72.88224806355171,19.08363172085874
26,2111427.954,277061.354,5.179,LV,Kurla combine 08-09-26.csv,593,534,LV,72.88113746560467,19.08361904208576
94,2111428.261,277193.34,5.95,LV,Kurla combine 08-09-26.csv,661,535,LV,72.88239122154661,19.083636229702705
228,2111428.672,276914.681,4.601,LV,Kurla combine 08-09-26.csv,795,536,LV,72.8797440751064,19.083609497594402
27,2111428.746,277048.637,5.527,LV,Kurla combine 08-09-26.csv,594,537,LV,72.88101657045414,19.083624805598166
97,2111428.902,277162.998,6.012,LV,Kurla combine 08-09-26.csv,664,538,LV,72.88210291624412,19.083638705751277
10,2111428.903,277009.345,7.966,CC,Kurla combine 08-09-26.csv,1039,539,CC,72.88064330120955,19.083621930321375
726,2111428.903,277009.345,7.966,LV,Kurla combine 08-09-26.csv,3425,540,LV,72.88064330120955,19.083621930321375
113,2111428.905,277069.763,5.121,TEM,Kurla combine 08-09-26.csv,680,541,Other / rare,72.88121723696649,19.08362854959073
112,2111429.067,277060.944,5.22,TEM,Kurla combine 08-09-26.csv,679,542,Other / rare,72.88113344294707,19.083629049232844
H4,2111429.155,276621.419,4.86,ST,Kurla combine 08-09-26.csv,1607,543,Other / rare,72.8769582056453,19.08358177932123
110,2111429.176,277056.902,5.301,TEM,Kurla combine 08-09-26.csv,677,544,Other / rare,72.88109503375864,19.08362959206812
641,2111429.487,276623.069,4.991,NALA,Kurla combine 08-09-26.csv,1758,545,Other / rare,72.87697384141974,19.083584958349117
18,2111429.961,277124.409,5.787,LV,Kurla combine 08-09-26.csv,585,546,LV,72.88173622119147,19.083644055770744
111,2111430.062,277057.348,5.275,TEM,Kurla combine 08-09-26.csv,678,547,Other / rare,72.88109916868879,19.083637642606593
24,2111430.174,277072.514,5.092,LV,Kurla combine 08-09-26.csv,591,548,LV,72.88124322406456,19.083640310956387
98,2111430.475,277151.84,5.892,LV,Kurla combine 08-09-26.csv,665,549,LV,72.88199674094513,19.08365169367008
99,2111430.731,277140.832,5.963,LV,Kurla combine 08-09-26.csv,666,550,LV,72.8818921418329,19.083652803558877
132,2111430.754,277170.032,4.863,BED,Kurla combine 08-09-26.csv,699,551,BED,72.8821695225161,19.08365619999051
109,2111430.967,277050.731,5.655,TEM,Kurla combine 08-09-26.csv,676,552,Other / rare,72.88103620701489,19.083645093095544
629,2111431.027,277475.708,5.651,LV,Kurla combine 08-09-26.csv,302,553,LV,72.88507324196007,19.083692021087277
21,2111431.417,277109.055,5.748,LV,Kurla combine 08-09-26.csv,588,554,LV,72.88159019973108,19.083655528497605
517,2111432.059,277002.307,8.213,BT,Kurla combine 08-09-26.csv,1634,555,Other / rare,72.88057608155208,19.083649664302566
516,2111432.303,277002.562,8.18,CC,Kurla combine 08-09-26.csv,1633,556,CC,72.88057847585867,19.083651895827035
122,2111432.604,276612.912,4.715,FT,Kurla combine 08-09-26.csv,1151,557,FT,72.87687699718755,19.083611997282038
838,2111432.604,276612.912,4.715,LV,Kurla combine 08-09-26.csv,3537,558,LV,72.87687699718755,19.083611997282038
25,2111432.648,277074.746,5.676,LV,Kurla combine 08-09-26.csv,592,559,LV,72.88126414250723,19.083662898450058
100,2111433.023,277130.818,5.922,LV,Kurla combine 08-09-26.csv,667,560,LV,72.88179675127243,19.08367240986871
114,2111433.33,277070.453,5.807,TEM,Kurla combine 08-09-26.csv,681,561,Other / rare,72.88122328311215,19.08366858887934
28,2111433.577,277592.9693,9.43,LV,Kurla combine 08-09-26.csv,3649,562,LV,72.88618686791636,19.083727834700543
101,2111434.067,277115.395,5.964,LV,Kurla combine 08-09-26.csv,668,563,LV,72.881650121657,19.083680154170647
217,2111434.723,276857.647,4.308,LV,Kurla combine 08-09-26.csv,784,564,LV,72.8792015897784,19.083657910725353
102,2111435.529,277101.705,5.958,LV,Kurla combine 08-09-26.csv,669,565,LV,72.88151990652464,19.083691862771513
218,2111436.057,276880.827,4.442,LV,Kurla combine 08-09-26.csv,785,566,LV,72.8794216327445,19.083672493148477
4,2111436.104,277264.911,5.766,FT,Kurla combine 08-09-26.csv,458,567,FT,72.88307020500713,19.083714876130685
92,2111436.191,277198.971,6.002,LV,Kurla combine 08-09-26.csv,659,568,LV,72.88244380216332,19.08370846350468
198,2111436.651,276757.837,4.239,LV,Kurla combine 08-09-26.csv,1226,569,LV,72.87825323197391,19.08366440673548
913,2111436.651,276757.837,4.239,LV,Kurla combine 08-09-26.csv,3612,570,LV,72.87825323197391,19.08366440673548
28,2111436.746,277041.611,6.067,LV,Kurla combine 08-09-26.csv,595,571,LV,72.88094890816217,19.08369628908828
62,2111436.916,278017.959,11.102,LV,Kurla combine 08-09-26.csv,517,572,LV,72.89022366381845,19.083804265565128
131,2111437.121,277118.506,4.647,BED,Kurla combine 08-09-26.csv,698,573,BED,72.88167932353186,19.083708075838008
219,2111437.208,276896.447,4.447,LV,Kurla combine 08-09-26.csv,786,574,LV,72.87956988123769,19.083684596053136
116,2111437.594,277187.016,5.131,BED,Kurla combine 08-09-26.csv,683,575,BED,72.88233007529925,19.083719829258367
103,2111437.809,277090.002,5.876,LV,Kurla combine 08-09-26.csv,670,576,LV,72.88140847276223,19.08371117600846
526,2111438.407,277006.981,8.115,LV,Kurla combine 08-09-26.csv,1643,577,LV,72.88061975221285,19.08370750631416
220,2111438.509,276903.409,4.395,LV,Kurla combine 08-09-26.csv,787,578,LV,72.8796358665657,19.083697107021408
5,2111438.641,277232.675,5.446,FT,Kurla combine 08-09-26.csv,2058,579,FT,72.882763689828,19.08373427000935
147,2111438.733,277288.815,5.27,FT,Kurla combine 08-09-26.csv,169,580,FT,72.88329697781855,19.083741228653874
505,2111438.978,277248.977,5.777,DIV,Kurla combine 08-09-26.csv,177,581,DIV,72.88291851098262,19.083739093135488
80,2111439.099,277012.046,8.061,BT,Kurla combine 08-09-26.csv,2133,582,Other / rare,72.88066778725691,19.083714309508824
104,2111439.239,277076.214,6.038,LV,Kurla combine 08-09-26.csv,671,583,LV,72.88127733033954,19.08372258472415
81,2111439.331,277010.124,8.057,LV,Kurla combine 08-09-26.csv,2134,584,LV,72.88064950269887,19.083716194767472
221,2111439.372,276897.238,4.418,LV,Kurla combine 08-09-26.csv,788,585,LV,72.87957714642657,19.083704226444127
79,2111439.627,277004.331,8.182,BT,Kurla combine 08-09-26.csv,2132,586,Other / rare,72.88059443851489,19.08371823502649
93,2111439.71,277193.93,6.321,LV,Kurla combine 08-09-26.csv,660,587,LV,72.88239551138474,19.083739694607946
5,2111440.221,277271.426,5.823,FT END,Kurla combine 08-09-26.csv,459,588,Other / rare,72.88313162121078,19.083752769514163
29,2111440.549,277032.581,6.649,LV,Kurla combine 08-09-26.csv,596,589,LV,72.88086269129954,19.083729648841334
34,2111441.354,277012.482,8.071,LV,Kurla combine 08-09-26.csv,601,590,LV,72.88067166982582,19.083734722933613
130,2111441.732,277074.521,4.382,BED,Kurla combine 08-09-26.csv,697,591,BED,72.8812609613526,19.0837449150384
640,2111441.837,276628.464,5.007,NALA,Kurla combine 08-09-26.csv,1757,592,Other / rare,72.87702366875929,19.083697086281564
105,2111441.954,277067.081,6.015,LV,Kurla combine 08-09-26.csv,672,593,LV,72.88119026009053,19.08374610722926
30,2111442.236,277025.298,7.318,LV,Kurla combine 08-09-26.csv,597,594,LV,72.88079331309606,19.083744089020115
38,2111443.158,277052.567,5.772,LV,Kurla combine 08-09-26.csv,605,595,LV,72.88105224702726,19.083755395373156
107,2111443.231,277053.737,6.073,LV,Kurla combine 08-09-26.csv,674,596,LV,72.88106335297006,19.08375618249082
37,2111443.494,277046.349,5.754,LV,Kurla combine 08-09-26.csv,604,597,LV,72.88099314096851,19.08375775057354
1,2111443.68,277012.615,7.948,CH,Additional data 01 Oct 2026.csv,145,598,Other / rare,72.88067266590879,19.08375574447731
108,2111443.697,277048.884,5.766,LV,Kurla combine 08-09-26.csv,675,599,LV,72.8810171986916,19.083759860909343
106,2111443.902,277057.244,6.014,LV,Kurla combine 08-09-26.csv,673,600,LV,72.88109659036063,19.083762625700935
639,2111444.02,276629.489,5.03,NALA,Kurla combine 08-09-26.csv,1756,601,Other / rare,72.87703315430991,19.083716913953744
2,2111444.128,277012.674,7.957,CH,Additional data 01 Oct 2026.csv,146,602,Other / rare,72.88067317488368,19.083759796986598
88,2111444.2,277234.996,5.759,LV,Kurla combine 08-09-26.csv,655,603,LV,72.882785099732,19.08378472893934
91,2111444.242,277205.628,6.014,LV,Kurla combine 08-09-26.csv,658,604,LV,72.88250611535315,19.083781902112342
3,2111444.258,277012.115,8.02,CH,Additional data 01 Oct 2026.csv,147,605,Other / rare,72.88066784976256,19.083760909983493
4,2111444.267,277012.63,7.967,CH TOP,Additional data 01 Oct 2026.csv,148,606,Other / rare,72.88067274093284,19.08376104754163
232,2111444.453,276927.984,4.709,LV,Kurla combine 08-09-26.csv,799,607,LV,72.87986863131171,19.08375347610853
670,2111444.922,278025.758,11.069,FT,Kurla combine 08-09-26.csv,344,608,FT,72.89029683432273,19.08387741968204
36,2111445.651,277038.547,6.305,LV,Kurla combine 08-09-26.csv,603,609,LV,72.88091877854195,19.08377637884876
6,2111446.013,277282.104,6.014,CC,Kurla combine 08-09-26.csv,460,610,CC,72.8832323913435,19.083806244840062
121,2111446.17,276618.204,5.109,FT,Kurla combine 08-09-26.csv,1150,611,FT,72.8769257060181,19.08373509610198
837,2111446.17,276618.204,5.109,LV,Kurla combine 08-09-26.csv,3536,612,LV,72.8769257060181,19.08373509610198
215,2111446.512,276850.103,4.415,LV,Kurla combine 08-09-26.csv,782,613,LV,72.87912857025718,19.083763556725025
148,2111446.556,277289.066,6.196,FT,Kurla combine 08-09-26.csv,170,614,FT,72.88329846414806,19.083811908722325
35,2111446.629,277030.258,7.087,LV,Kurla combine 08-09-26.csv,602,615,LV,72.88083992537842,19.083784305872012
113,2111447.347,276625.422,4.947,LV,Kurla combine 08-09-26.csv,3828,616,LV,72.87699413718956,19.083746516133523
81,2111447.44,277208.128,6.021,LV,Kurla combine 08-09-26.csv,648,617,LV,72.88252949670748,19.083811057473383
129,2111447.69,277053.901,4.069,BED,Kurla combine 08-09-26.csv,696,618,BED,72.88106439847166,19.08379647138114
31,2111447.767,277025.543,7.412,LV,Kurla combine 08-09-26.csv,598,619,LV,72.88079500478176,19.08379406840585
89,2111447.819,277240.127,5.89,LV,Kurla combine 08-09-26.csv,656,620,LV,72.88283342583478,19.083817973696327
32,2111447.91,277016.086,7.83,LV,Kurla combine 08-09-26.csv,599,621,LV,72.88070515224639,19.08379432653612
80,2111447.984,277201.472,6.656,LV,Kurla combine 08-09-26.csv,647,622,LV,72.88246620595763,19.083815243858044
725,2111448.63,277014.427,8.027,LV,Kurla combine 08-09-26.csv,3424,623,LV,72.88068930994086,19.08380064785405
9,2111448.63,277014.427,8.027,CC,Kurla combine 08-09-26.csv,1038,624,CC,72.88068930994086,19.08380064785405
638,2111448.85,276632.162,5.071,NALA,Kurla combine 08-09-26.csv,1755,625,Other / rare,72.8770579901249,19.083760828044916
33,2111448.862,277014.382,8.046,LV,Kurla combine 08-09-26.csv,600,626,LV,72.88068885580158,19.08380273821902
84,2111449.114,277469.378,5.631,CC,Kurla combine 08-09-26.csv,2137,627,CC,72.88501103585223,19.083854682006592
87,2111449.177,277229.706,6.06,LV,Kurla combine 08-09-26.csv,654,628,LV,72.88273427620896,19.083829100735784
5,2111449.725,277014.012,8.074,CH TOP,Additional data 01 Oct 2026.csv,149,629,Other / rare,72.8806852418235,19.08381049187678
39,2111449.776,277041.964,6.185,LV,Kurla combine 08-09-26.csv,606,630,LV,72.88095076404221,19.08381400667399
6,2111449.797,277014.038,8.064,CH,Additional data 01 Oct 2026.csv,150,631,Other / rare,72.88068548053332,19.08381114497786
9,2111450.032,277014.082,7.215,BED,Additional data 01 Oct 2026.csv,153,632,BED,72.88068587149837,19.083813272162235
8,2111450.076,277014.677,7.998,CH,Additional data 01 Oct 2026.csv,152,633,Other / rare,72.88069151860192,19.083813734560426
506,2111450.111,277265.157,5.966,DIV,Kurla combine 08-09-26.csv,178,634,DIV,72.88307093378246,19.083841405841106
7,2111450.221,277014.185,8.074,CH,Additional data 01 Oct 2026.csv,151,635,Other / rare,72.88068682821684,19.083814990349794
26,2111450.355,277007.355,8.194,CH TOP,Kurla combine 08-09-26.csv,1055,636,Other / rare,72.88062193171099,19.083815454213067
742,2111450.355,277007.355,8.194,LV,Kurla combine 08-09-26.csv,3441,637,LV,72.88062193171099,19.083815454213067
25,2111450.536,277007.726,8.144,CH,Kurla combine 08-09-26.csv,1054,638,Other / rare,72.88062543519538,19.083817129435698
741,2111450.536,277007.726,8.144,LV,Kurla combine 08-09-26.csv,3440,639,LV,72.88062543519538,19.083817129435698
231,2111451.031,276942.37,4.868,LV,Kurla combine 08-09-26.csv,798,640,LV,72.8800045337052,19.083814457103937
58,2111451.076,276904.823,3.746,BED,Additional data 01 Oct 2026.csv,202,641,BED,72.87964785364474,19.083810758995668
90,2111451.077,277244.035,5.963,LV,Kurla combine 08-09-26.csv,657,642,LV,72.88287017558488,19.08384782460383
212,2111451.168,276896.9,4.639,LV,Kurla combine 08-09-26.csv,779,643,LV,72.87957257913756,19.08381072367719
6,2111451.193,277248.082,5.703,FT,Kurla combine 08-09-26.csv,2059,644,FT,72.88290860652131,19.0838493140137
637,2111451.329,276633.559,5.067,NALA,Kurla combine 08-09-26.csv,1754,645,Other / rare,72.8770709753826,19.08378336971943
599,2111451.538,277480.307,5.55,FT,Kurla combine 08-09-26.csv,272,646,FT,72.88511457741784,19.08387776593292
230,2111451.769,276930.437,4.779,LV,Kurla combine 08-09-26.csv,797,647,LV,72.87989109221041,19.083819817861983
197,2111451.944,276767.605,4.437,LV,Kurla combine 08-09-26.csv,1225,648,LV,72.87834426253565,19.083803592123775
912,2111451.944,276767.605,4.437,LV,Kurla combine 08-09-26.csv,3611,649,LV,72.87834426253565,19.083803592123775
229,2111452.934,276913.772,4.583,LV,Kurla combine 08-09-26.csv,796,650,LV,72.87973265033888,19.083828517644974
515,2111453.05,277007.331,8.224,CC,Kurla combine 08-09-26.csv,1632,651,CC,72.88062139396389,19.083839791182292
84,2111453.16,277218.668,6.292,LV,Kurla combine 08-09-26.csv,651,652,LV,72.88262896398925,19.083863867786654
26,2111453.577,277532.9693,9.73,LV,Kurla combine 08-09-26.csv,3647,653,LV,72.88561460714514,19.08390192285903
86,2111453.588,277229.93,6.258,LV,Kurla combine 08-09-26.csv,653,654,LV,72.88273589759304,19.083868962698197
636,2111453.709,276635.03,5.146,NALA,Kurla combine 08-09-26.csv,1753,655,Other / rare,72.87708467499766,19.083805025387825
214,2111453.743,276857.048,4.452,LV,Kurla combine 08-09-26.csv,781,656,LV,72.87919371202908,19.0838296220762
213,2111454.048,276877.108,4.504,LV,Kurla combine 08-09-26.csv,780,657,LV,72.87938423535897,19.083834570101263
120,2111455.394,276623.348,4.814,FT,Kurla combine 08-09-26.csv,1149,658,FT,72.87697350892422,19.083818964518187
836,2111455.394,276623.348,4.814,LV,Kurla combine 08-09-26.csv,3535,659,LV,72.87697350892422,19.083818964518187
79,2111455.85,277204.236,6.646,LV,Kurla combine 08-09-26.csv,646,660,LV,72.88249155909786,19.08388658661953
7,2111455.944,277305.736,6.223,FT,Kurla combine 08-09-26.csv,461,661,FT,72.8834557423102,19.08389851481383
82,2111456.028,277216.852,6.349,LV,Kurla combine 08-09-26.csv,649,662,LV,72.88261138366126,19.083889571583583
85,2111457.008,277227.977,6.523,LV,Kurla combine 08-09-26.csv,652,663,LV,72.88271695247172,19.083899636883963
40,2111458.734,277042.898,6.08,LV,Kurla combine 08-09-26.csv,607,664,LV,72.88095860704932,19.083895011916766
233,2111458.831,276928.828,4.748,LV,Kurla combine 08-09-26.csv,800,665,LV,72.87987499564896,19.083883421609922
514,2111459.435,277007.884,8.406,CC,Kurla combine 08-09-26.csv,1631,666,CC,72.88062591326312,19.08389751702699
83,2111459.497,277218.228,6.369,LV,Kurla combine 08-09-26.csv,650,667,LV,72.88262405655013,19.083921051733167
165,2111459.952,276764.342,4.951,NALA,Kurla combine 08-09-26.csv,3881,668,Other / rare,72.87831234451096,19.083875558421237
133,2111461.015,277226.891,7.091,LV,Kurla combine 08-09-26.csv,700,669,LV,72.88270617596183,19.08393570714894
128,2111461.429,277047.54,5.176,BED,Kurla combine 08-09-26.csv,695,670,BED,72.88100239372558,19.08391985868926
196,2111461.871,276775.386,4.455,LV,Kurla combine 08-09-26.csv,1224,671,LV,72.87841703529583,19.083894097761895
911,2111461.871,276775.386,4.455,LV,Kurla combine 08-09-26.csv,3610,672,LV,72.87841703529583,19.083894097761895
635,2111461.971,276640.245,5.116,NALA,Kurla combine 08-09-26.csv,1752,673,Other / rare,72.87713326321655,19.083880213367305
507,2111462.282,277289.91,6.206,DIV,Kurla combine 08-09-26.csv,179,674,DIV,72.88330467643092,19.083954028695715
634,2111463.216,276641.138,5.15,NALA,Kurla combine 08-09-26.csv,1751,675,Other / rare,72.87714160285665,19.083891555164456
119,2111463.568,276628.427,4.828,FT,Kurla combine 08-09-26.csv,1148,676,FT,72.877020815305,19.083893342875303
835,2111463.568,276628.427,4.828,LV,Kurla combine 08-09-26.csv,3534,677,LV,72.877020815305,19.083893342875303
41,2111463.737,277042.924,6.058,LV,Kurla combine 08-09-26.csv,608,678,LV,72.88095827908298,19.083940198803322
7,2111463.75,277268.352,5.915,FT,Kurla combine 08-09-26.csv,2060,679,FT,72.88309971868493,19.08396493387635
113,2111463.879,278018.142,11.369,FT,Kurla combine 08-09-26.csv,2167,680,FT,72.8902223171404,19.084047800310973
633,2111464.72,276642.145,5.084,NALA,Kurla combine 08-09-26.csv,1750,681,Other / rare,72.87715099561285,19.083905248563532
77,2111464.806,277202.49,7.379,LV,Kurla combine 08-09-26.csv,644,682,LV,72.88247394456648,19.08396728120195
78,2111465.139,277205.193,7.542,LV,Kurla combine 08-09-26.csv,645,683,LV,72.88249958333762,19.08397058377309
527,2111465.784,277010.187,8.458,LV,Kurla combine 08-09-26.csv,1644,684,LV,72.8806470607168,19.083955108974166
61,2111466.014,278026.354,11.591,LV,Kurla combine 08-09-26.csv,516,685,LV,72.89030008277312,19.084067975750056
632,2111466.517,276643.38,5.077,NALA,Kurla combine 08-09-26.csv,1749,686,Other / rare,72.87716252050465,19.083921613108792
42,2111468.249,277043.291,7.452,LV,Kurla combine 08-09-26.csv,609,687,LV,72.88096124685113,19.083980988534478
8,2111468.264,277337.546,6.289,FT,Kurla combine 08-09-26.csv,462,688,FT,72.88375650593382,19.08401325293125
112,2111469.338,276639.468,4.995,LV,Kurla combine 08-09-26.csv,3827,689,LV,72.87712503401737,19.083946662406678
598,2111470.109,277478.093,5.794,FT,Kurla combine 08-09-26.csv,271,690,FT,72.88509141556345,19.084045246905553
631,2111470.267,276646.201,5.07,NALA,Kurla combine 08-09-26.csv,1748,691,Other / rare,72.87718888663018,19.083955789509393
724,2111471.227,277016.969,8.461,LV,Kurla combine 08-09-26.csv,3423,692,LV,72.88071086031141,19.084005007917675
8,2111471.227,277016.969,8.461,CC,Kurla combine 08-09-26.csv,1037,693,CC,72.88071086031141,19.084005007917675
8,2111471.815,277286.256,6.203,FT,Kurla combine 08-09-26.csv,2061,694,FT,72.88326887107068,19.08403972627321
669,2111471.875,278031.991,11.524,FT,Kurla combine 08-09-26.csv,343,695,FT,72.89035296089867,19.0841215222264
118,2111472.504,276634.163,4.818,FT,Kurla combine 08-09-26.csv,1147,696,FT,72.87707427511143,19.083974675040853
834,2111472.504,276634.163,4.818,LV,Kurla combine 08-09-26.csv,3533,697,LV,72.87707427511143,19.083974675040853
508,2111473.717,277318.993,6.367,DIV,Kurla combine 08-09-26.csv,180,698,DIV,72.88357963656749,19.084060476683405
513,2111474.678,277008.596,8.731,CC,Kurla combine 08-09-26.csv,1630,699,CC,72.88063092483877,19.08403526028433
210,2111474.8,276905.832,4.84,LV,Kurla combine 08-09-26.csv,777,700,LV,72.87965471049274,19.084025129828337
211,2111474.924,276901.403,4.887,LV,Kurla combine 08-09-26.csv,778,701,LV,72.87961262323454,19.084025765506215
76,2111475.323,277200.523,7.394,LV,Kurla combine 08-09-26.csv,643,702,LV,72.88245405136757,19.084062049664794
668,2111476.674,278031.644,11.45,FT,Kurla combine 08-09-26.csv,342,703,FT,72.89034911549811,19.084164826385894
110,2111477.045,277291.572,3.652,BED,Additional data 01 Oct 2026.csv,254,704,BED,72.88331876981859,19.08408754070125
544,2111477.744,277301.086,6.253,FT,Kurla combine 08-09-26.csv,216,705,FT,72.88340906746087,19.084094891973457
40,2111478.414,277296.424,6.21,LV,Kurla combine 08-09-26.csv,494,706,LV,72.88336470405649,19.08410043422736
9,2111478.712,277304.249,6.329,FT,Kurla combine 08-09-26.csv,2062,707,FT,72.88343900314634,19.08410397956086
43,2111479.071,277044.085,7.413,LV,Kurla combine 08-09-26.csv,610,708,LV,72.88096754572582,19.08407881299178
667,2111479.188,278033.828,11.515,FT,Kurla combine 08-09-26.csv,341,709,FT,72.89036957479237,19.084187769005634
195,2111479.618,276786.13,4.266,LV,Kurla combine 08-09-26.csv,1223,710,LV,72.87851705520704,19.084055552848294
910,2111479.618,276786.13,4.266,LV,Kurla combine 08-09-26.csv,3609,711,LV,72.87851705520704,19.084055552848294
41,2111480.097,277291.637,6.324,FT,Kurla combine 08-09-26.csv,495,712,FT,72.88331903693046,19.084115111640205
117,2111481.237,276640.664,4.834,FT,Kurla combine 08-09-26.csv,1146,713,FT,72.87713502539637,19.084054257562286
833,2111481.237,276640.664,4.834,LV,Kurla combine 08-09-26.csv,3532,714,LV,72.87713502539637,19.084054257562286
28,2111481.586,277011.648,8.753,CH,Kurla combine 08-09-26.csv,1057,715,Other / rare,72.88065912314052,19.08409798262558
744,2111481.586,277011.648,8.753,LV,Kurla combine 08-09-26.csv,3443,716,LV,72.88065912314052,19.08409798262558
117,2111481.603,277192.545,4.953,BED,Kurla combine 08-09-26.csv,684,717,BED,72.88237754348927,19.084117895771254
27,2111481.604,277011.377,8.747,CH TOP,Kurla combine 08-09-26.csv,1056,718,Other / rare,72.88065654672182,19.084098115576886
743,2111481.604,277011.377,8.747,LV,Kurla combine 08-09-26.csv,3442,719,LV,72.88065654672182,19.084098115576886
9,2111481.885,277373.132,6.293,FT,Kurla combine 08-09-26.csv,463,720,FT,72.88409299071591,19.08414015241856
74,2111483.734,277198.74,7.388,LV,Kurla combine 08-09-26.csv,641,721,LV,72.88243614790004,19.08413781808651
630,2111484.357,277468.914,6.205,LV,Kurla combine 08-09-26.csv,303,722,LV,72.88500258563698,19.08417292552882
75,2111484.615,277201.662,7.458,LV,Kurla combine 08-09-26.csv,642,723,LV,72.88246380414436,19.084146093782962
134,2111484.869,277223.724,10.282,LV,Kurla combine 08-09-26.csv,701,724,LV,72.88267335207182,19.084150796429828
135,2111485.174,277223.508,7.388,LV,Kurla combine 08-09-26.csv,702,725,LV,72.88267126516504,19.084153527425716
194,2111486.53,276796.924,4.66,LV,Kurla combine 08-09-26.csv,1222,726,LV,72.87861879683882,19.08411915840275
909,2111486.53,276796.924,4.66,LV,Kurla combine 08-09-26.csv,3608,727,LV,72.87861879683882,19.08411915840275
630,2111487.241,276658.693,5.126,NALA,Kurla combine 08-09-26.csv,1747,728,Other / rare,72.87730559929417,19.084110455219072
528,2111487.815,277012.411,8.905,LV,Kurla combine 08-09-26.csv,1645,729,LV,72.88066565526516,19.08415432252106
111,2111487.819,277292.126,5.252,BED,Additional data 01 Oct 2026.csv,255,730,BED,72.88332279572323,19.08418490551027
164,2111488.152,276786.287,4.459,NALA,Kurla combine 08-09-26.csv,3880,731,Other / rare,72.87851756473968,19.084132643783246
509,2111489.467,277360.027,6.465,DIV,Kurla combine 08-09-26.csv,181,732,DIV,72.8839676300663,19.084207198770482
44,2111489.477,277044.895,7.396,LV,Kurla combine 08-09-26.csv,611,733,LV,72.88097404440066,19.084172882138457
109,2111489.691,277324.218,4.957,BED,Additional data 01 Oct 2026.csv,253,734,BED,72.88362743779075,19.084205314529438
10,2111490.13,277333.01,6.245,FT,Kurla combine 08-09-26.csv,2063,735,FT,72.88371090674929,19.08421023870833
127,2111490.71,277051.393,5.049,BED,Kurla combine 08-09-26.csv,694,736,BED,72.88103563014599,19.08418472780215
112,2111490.837,278024.931,11.73,FT,Kurla combine 08-09-26.csv,2166,737,FT,72.89028372479434,19.084292008508147
111,2111491.137,276654.185,5.023,LV,Kurla combine 08-09-26.csv,3826,738,LV,72.87726232736384,19.084145148032064
10,2111491.798,277399.805,6.336,FT,Kurla combine 08-09-26.csv,464,739,FT,72.88434523267169,19.084232590602568
73,2111492.457,277197.265,7.392,LV,Kurla combine 08-09-26.csv,640,740,LV,72.88242113441602,19.084216437929804
666,2111494.067,278036.992,11.716,FT,Kurla combine 08-09-26.csv,340,741,FT,72.89039792891089,19.084322492042617
597,2111496.22,277473.975,6.244,FT,Kurla combine 08-09-26.csv,270,742,FT,72.88504930178487,19.084280617099324
60,2111496.417,278031.94,11.91,LV,Kurla combine 08-09-26.csv,515,743,LV,72.89034966846903,19.084343166401414
112,2111497.126,277305.124,5.491,BED,Additional data 01 Oct 2026.csv,256,744,BED,72.88344520146539,19.08427037933655
116,2111497.241,276652.614,4.894,FT,Kurla combine 08-09-26.csv,1145,745,FT,72.87724670104501,19.08420010355629
832,2111497.241,276652.614,4.894,LV,Kurla combine 08-09-26.csv,3531,746,LV,72.87724670104501,19.08420010355629
512,2111497.606,277011.197,9.23,CC,Kurla combine 08-09-26.csv,1629,747,CC,72.88065299755911,19.08424261618278
136,2111497.999,277219.969,7.341,LV,Kurla combine 08-09-26.csv,703,748,LV,72.88263617384744,19.084268968765997
11,2111498.711,277418.669,6.472,FT,Kurla combine 08-09-26.csv,465,749,FT,72.8845236376705,19.084297082462516
7,2111499.61,277020.21,8.927,CC,Kurla combine 08-09-26.csv,1036,750,CC,72.8807383858097,19.08426169997611
723,2111499.61,277020.21,8.927,LV,Kurla combine 08-09-26.csv,3422,751,LV,72.8807383858097,19.08426169997611
83,2111499.678,277460.568,6.454,FT,Kurla combine 08-09-26.csv,2136,752,FT,72.884921545555315,19.084310385645374
15,2111499.696,277460.601,6.499,FT,Kurla combine 08-09-26.csv,469,753,FT,72.88492185697353,19.084310551809693
510,2111499.729,277387.566,6.501,DIV,Kurla combine 08-09-26.csv,182,754,DIV,72.88422805853422,19.084302883564938
543,2111500.111,277304.824,6.507,FT,Kurla combine 08-09-26.csv,215,755,FT,72.88344200897804,19.08429730533918
45,2111500.53,277050.432,7.457,LV,Kurla combine 08-09-26.csv,612,756,LV,72.8810253726597,19.084273311060272
11,2111500.535,277359.193,6.349,FT,Kurla combine 08-09-26.csv,2064,757,FT,72.8839584373324,19.084307067395333
98,2111500.596,277466.527,6.571,LV,Kurla combine 08-09-26.csv,2151,758,LV,72.88497804768231,19.084319326344954
126,2111501.811,277077.816,4.955,BED,Kurla combine 08-09-26.csv,693,759,BED,72.88128535864786,19.084287872000118
208,2111502.788,276908.978,5.139,LV,Kurla combine 08-09-26.csv,775,760,LV,72.87968137731936,19.084278244105022
209,2111502.994,276902.404,5.172,LV,Kurla combine 08-09-26.csv,776,761,LV,72.87961890424714,19.08427938584415
193,2111503.15,276806.881,4.676,LV,Kurla combine 08-09-26.csv,1221,762,LV,72.87871147066318,19.084270348966736
908,2111503.15,276806.881,4.676,LV,Kurla combine 08-09-26.csv,3607,763,LV,72.87871147066318,19.084270348966736
6,2111503.571,277360.644,4.735,BED NALA,Kurla combine 08-09-26.csv,2438,764,Other / rare,72.88397187266177,19.084334645061976
14,2111503.687,277456.009,6.573,FT,Kurla combine 08-09-26.csv,468,765,FT,72.88487777752908,19.084346095383694
46,2111505.02,277058.956,7.457,LV,Kurla combine 08-09-26.csv,613,766,LV,72.88110583007015,19.08431479329912
118,2111505.651,277188.001,4.854,BED,Kurla combine 08-09-26.csv,685,767,BED,72.8823316160693,19.08433458668136
82,2111505.735,277453.301,6.609,FT,Kurla combine 08-09-26.csv,2135,768,FT,72.88485181798893,19.08436429638213
110,2111506.227,276665.592,5.031,LV,Kurla combine 08-09-26.csv,3825,769,LV,72.87736895020899,19.084282679863822
629,2111506.31,276672.964,5.251,NALA,Kurla combine 08-09-26.csv,1746,770,Other / rare,72.87743897049833,19.08428423629084
71,2111506.327,277194.013,7.382,LV,Kurla combine 08-09-26.csv,638,771,LV,72.88238864924523,19.08434134835176
47,2111507.14,277069.347,7.444,LV,Kurla combine 08-09-26.csv,614,772,LV,72.88120429536102,19.08433507507746
72,2111507.409,277196.67,7.485,LV,Kurla combine 08-09-26.csv,639,773,LV,72.88241376507547,19.084351410434905
49,2111507.762,277058.37,7.497,LV,Kurla combine 08-09-26.csv,616,774,LV,72.88109994828541,19.084339493349837
50,2111508.41,277082.717,7.424,LV,Kurla combine 08-09-26.csv,617,775,LV,72.8813311572544,19.084348005557107
511,2111508.92,277011.789,9.266,CC,Kurla combine 08-09-26.csv,1628,776,CC,72.88065732080338,19.084344862000545
13,2111508.956,277448.551,6.645,FT TURN,Kurla combine 08-09-26.csv,467,777,Other / rare,72.88480632592791,19.084392868516783
12,2111508.957,277448.544,6.636,FT TURN,Kurla combine 08-09-26.csv,466,778,Other / rare,72.88480625931678,19.084392876784754
48,2111509.322,277069.181,7.485,LV,Kurla combine 08-09-26.csv,615,779,LV,72.88120246771456,19.08435476343808
57,2111509.767,276909.568,4.339,BED,Additional data 01 Oct 2026.csv,201,780,BED,72.87968617945957,19.084341338626167
124,2111509.923,277113.977,4.919,BED,Kurla combine 08-09-26.csv,691,781,BED,72.88162793671044,19.084365084729875
12,2111509.93,277384.439,6.19,FT,Kurla combine 08-09-26.csv,2065,782,FT,72.88419718311202,19.08439467183174
125,2111511.3,277113.471,5.745,FFL,Kurla combine 08-09-26.csv,692,783,Other / rare,72.88162297177897,19.084377465690164
30,2111511.577,277015.185,9.197,CH TOP,Kurla combine 08-09-26.csv,1059,784,Other / rare,72.88068927557688,19.08436922950107
746,2111511.577,277015.185,9.197,LV,Kurla combine 08-09-26.csv,3445,785,LV,72.88068927557688,19.08436922950107
29,2111511.61,277015.58,9.187,CH,Kurla combine 08-09-26.csv,1058,786,Other / rare,72.88069302407116,19.084369570700648
745,2111511.61,277015.58,9.187,LV,Kurla combine 08-09-26.csv,3444,787,LV,72.88069302407116,19.084369570700648
58,2111511.748,278040.845,11.896,FT,Kurla combine 08-09-26.csv,513,788,FT,72.89043250765717,19.084482596132563
115,2111511.757,276663.485,4.923,FT,Kurla combine 08-09-26.csv,1144,789,FT,72.8773482982861,19.084332392729067
831,2111511.757,276663.485,4.923,LV,Kurla combine 08-09-26.csv,3530,790,LV,72.8773482982861,19.084332392729067
111,2111511.911,278028.961,11.854,FT,Kurla combine 08-09-26.csv,2165,791,FT,72.89031959662275,19.084482775554253
596,2111512.025,277470.454,6.748,FT,Kurla combine 08-09-26.csv,269,792,FT,72.88501404120332,19.08442297462337
511,2111512.294,277421.553,6.665,DIV,Kurla combine 08-09-26.csv,183,793,DIV,72.88454947580244,19.084420070694634
51,2111512.935,277082.479,7.468,LV,Kurla combine 08-09-26.csv,618,794,LV,72.88132837644022,19.0843888466065
52,2111513.004,277101.228,7.425,LV,Kurla combine 08-09-26.csv,619,795,LV,72.88150647402085,19.084391517876586
114,2111513.22,276664.471,4.968,FT,Kurla combine 08-09-26.csv,1143,796,FT,72.87735749631311,19.084345713536543
830,2111513.22,276664.471,4.968,LV,Kurla combine 08-09-26.csv,3529,797,LV,72.87735749631311,19.084345713536543
110,2111513.372,278028.743,11.878,FT,Kurla combine 08-09-26.csv,2164,798,FT,72.8903173585615,19.084495946780713
53,2111514.335,277107.357,7.421,LV,Kurla combine 08-09-26.csv,620,799,LV,72.88156454333901,19.08440420814388
70,2111515.68,277191.76,7.386,LV,Kurla combine 08-09-26.csv,637,800,LV,72.8823661727648,19.0844255730173
510,2111516.289,277010.219,9.063,FT,Kurla combine 08-09-26.csv,1627,801,FT,72.88064155964739,19.08441124273345
123,2111516.745,277144.904,4.635,BED,Kurla combine 08-09-26.csv,690,802,BED,72.88192094309748,19.084430074741164
529,2111516.908,277015.046,9.195,LV,Kurla combine 08-09-26.csv,1646,803,LV,72.88068734241112,19.084417360642668
69,2111516.914,277194.673,7.385,LV,Kurla combine 08-09-26.csv,636,804,LV,72.88239370301457,19.084437035829183
54,2111517.431,277106.488,7.534,LV,Kurla combine 08-09-26.csv,621,805,LV,72.88155593259427,19.08443207441616
55,2111517.925,277124.036,7.482,LV,Kurla combine 08-09-26.csv,622,806,LV,72.88172257255752,19.084438452637535
44,2111517.945,277021.979,7.843,BED,Additional data 01 Oct 2026.csv,188,807,BED,72.88075308300921,19.084427483790165
122,2111518.816,277156.183,6.843,STR,Kurla combine 08-09-26.csv,689,808,Other / rare,72.88202784976258,19.084450010536973
52,2111518.929,278101.804,11.816,FT KHTKI,Kurla combine 08-09-26.csv,507,809,Other / rare,72.89101076812969,19.08455408080524
628,2111519.058,276681.061,5.19,NALA,Kurla combine 08-09-26.csv,1745,810,Other / rare,72.8775144200053,19.08440025433175
108,2111519.368,277355.502,4.843,BED,Additional data 01 Oct 2026.csv,252,811,BED,72.88392121341289,19.084476753171874
121,2111519.633,277160.433,6.901,STR,Kurla combine 08-09-26.csv,688,812,Other / rare,72.88206812868438,19.084457853312696
107,2111519.844,277355.489,6.372,TOP,Additional data 01 Oct 2026.csv,251,813,Other / rare,72.88392103529169,19.084481050703246
5,2111519.953,277354.983,6.486,NALA,Kurla combine 08-09-26.csv,2437,814,Other / rare,72.88391621604157,19.084481979917157
54,2111520.258,278084.773,11.983,FT,Kurla combine 08-09-26.csv,509,815,FT,72.890848829526945,19.084564231500458
51,2111520.296,278118.6,11.879,FT,Kurla combine 08-09-26.csv,506,816,FT,72.89117016599005,19.084568253200363
119,2111520.937,277168.43,5.078,BED,Kurla combine 08-09-26.csv,686,817,BED,72.88214394620951,19.08447050354979
53,2111521.219,278101.525,11.86,FT,Kurla combine 08-09-26.csv,508,818,FT,72.89100785582727,19.08457473248254
56,2111521.292,277139.142,7.408,LV,Kurla combine 08-09-26.csv,623,819,LV,72.88186568479854,19.084470511205378
45,2111521.578,277010.197,8.427,BED,Additional data 01 Oct 2026.csv,189,820,BED,72.88064074273119,19.084459007340264
13,2111521.586,277417.113,6.512,FT,Kurla combine 08-09-26.csv,2066,821,FT,72.88450623198091,19.084503506256077
55,2111521.661,278062.224,12.059,FT,Kurla combine 08-09-26.csv,510,822,FT,72.89063446402268,19.084574450225983
59,2111521.865,278035.44,12.069,LV,Kurla combine 08-09-26.csv,514,823,LV,72.8903800051779,19.08457337933004
57,2111521.932,278043.453,12.023,FT,Kurla combine 08-09-26.csv,512,824,FT,72.89045611726996,19.08457485605224
67,2111521.975,277188.832,7.385,LV,Kurla combine 08-09-26.csv,634,825,LV,72.88233763532111,19.084482105958557
512,2111522.106,277448.551,6.78,DIV,Kurla combine 08-09-26.csv,184,826,DIV,72.8848048174085,19.084511631589123
58,2111522.282,277142.529,7.445,LV,Kurla combine 08-09-26.csv,625,827,LV,72.88189774579352,19.084479822196396
509,2111523.074,277011.42,9.05,CC,Kurla combine 08-09-26.csv,1626,828,CC,72.8806521886259,19.08447265194388
50,2111523.123,278143.063,11.978,FT,Kurla combine 08-09-26.csv,505,829,FT,72.89140222989488,19.084596444983134
57,2111523.282,277137.389,7.43,LV,Kurla combine 08-09-26.csv,624,830,LV,72.88184880361518,19.08448829222612
56,2111523.29,278046.662,12.065,FT,Kurla combine 08-09-26.csv,511,831,FT,72.89048644590484,19.084587469805825
16,2111523.764,277487.314,6.824,FT,Kurla combine 08-09-26.csv,470,832,FT,72.88517285621053,19.084530832959476
109,2111523.812,278026.211,12.16,FT,Kurla combine 08-09-26.csv,2163,833,FT,72.89029211121822,19.0845899596272
62,2111524.093,276837.609,4.501,FT,Kurla combine 08-09-26.csv,27,834,FT,72.87900096051507,19.084462853825517
163,2111524.13,276834.316,4.558,LV,Kurla combine 08-09-26.csv,3879,835,LV,72.8789696745495,19.084462827851567
120,2111524.353,277159.649,7.453,STR,Kurla combine 08-09-26.csv,687,836,Other / rare,72.88206013893183,19.08450039588618
23,2111524.364,276685.404,-2.538,BED,Kurla combine 08-09-26.csv,1469,837,BED,72.87755506532022,19.08444865007029
6,2111524.651,277023.147,9.058,CC,Kurla combine 08-09-26.csv,1035,838,CC,72.88076340762741,19.084488175912437
722,2111524.651,277023.147,9.058,LV,Kurla combine 08-09-26.csv,3421,839,LV,72.88076340762741,19.084488175912437
68,2111525.249,277190.954,7.358,LV,Kurla combine 08-09-26.csv,635,840,LV,72.882357417197,19.084511906457937
109,2111525.504,276679,5.095,LV,Kurla combine 08-09-26.csv,3824,841,LV,72.87749409963709,19.084458244984216
66,2111525.896,277182.696,7.389,LV,Kurla combine 08-09-26.csv,633,842,LV,72.88227889618436,19.084516848062258
192,2111526.28,276829.326,4.423,FT,Kurla combine 08-09-26.csv,1220,843,FT,72.87892202493809,19.084481699578514
907,2111526.28,276829.326,4.423,LV,Kurla combine 08-09-26.csv,3606,844,LV,72.87892202493809,19.084481699578514
39,2111526.41,277306.235,6.765,LV,Kurla combine 08-09-26.csv,493,845,LV,72.88345239389132,19.084534976231666
206,2111526.489,276910.653,5.492,LV,Kurla combine 08-09-26.csv,773,846,LV,72.87969456345232,19.084492480022714
207,2111527.057,276904.412,5.705,LV,Kurla combine 08-09-26.csv,774,847,LV,72.8796352119911,19.084496927525894
138,2111527.126,277193.16,7.094,LV,Kurla combine 08-09-26.csv,705,848,LV,72.88237815747937,19.08452909926463
49,2111527.379,278167.464,11.879,FT,Kurla combine 08-09-26.csv,504,849,FT,72.89163354153492,19.084637535685662
32,2111527.416,277014.935,9.127,CH,Kurla combine 08-09-26.csv,1061,850,Other / rare,72.88068508018395,19.084512250340204
748,2111527.416,277014.935,9.127,LV,Kurla combine 08-09-26.csv,3447,851,LV,72.88068508018395,19.084512250340204
65,2111527.444,277167.368,7.413,LV,Kurla combine 08-09-26.csv,632,852,LV,72.88213311036229,19.08452915487601
31,2111527.58,277014.642,9.142,CH TOP,Kurla combine 08-09-26.csv,1060,853,Other / rare,72.88068227798918,19.084513699469834
747,2111527.58,277014.642,9.142,LV,Kurla combine 08-09-26.csv,3446,854,LV,72.88068227798918,19.084513699469834
137,2111527.999,277201.166,7.111,LV,Kurla combine 08-09-26.csv,704,855,LV,72.88245411006682,19.084537857829275
113,2111528,276674.056,5.024,FT,Kurla combine 08-09-26.csv,1142,856,FT,72.8774468470452,19.084480246201306
829,2111528,276674.056,5.024,LV,Kurla combine 08-09-26.csv,3528,857,LV,72.8774468470452,19.084480246201306
542,2111528.03,277311.026,6.596,FT,Kurla combine 08-09-26.csv,214,858,FT,72.88349771998239,19.084550129962274
61,2111528.641,277148.991,7.897,LV,Kurla combine 08-09-26.csv,628,859,LV,72.88195840093879,19.08453795857032
62,2111528.678,277156.281,7.51,LV,Kurla combine 08-09-26.csv,629,860,LV,72.88202764789132,19.08453908886695
59,2111529.537,277144.561,7.578,LV,Kurla combine 08-09-26.csv,626,861,LV,72.88191621532138,19.08454556689115
60,2111529.55,277144.65,7.563,LV,Kurla combine 08-09-26.csv,627,862,LV,72.88191705928165,19.084545694019255
63,2111530.313,277166.282,7.497,LV,Kurla combine 08-09-26.csv,630,863,LV,72.88212246438763,19.08455494735912
29,2111530.489,277985.755,12.575,FT,Kurla combine 08-09-26.csv,483,864,FT,72.8899070340386,19.084645861291193
658,2111530.664,278085.877,12.101,DL,Kurla combine 08-09-26.csv,332,865,Other / rare,72.89085812667979,19.08465833280676
656,2111531.371,278096.913,12.02,DV,Kurla combine 08-09-26.csv,330,866,Other / rare,72.89096288274304,19.08466591820829
40,2111531.431,277302.098,6.61,FT,Kurla combine 08-09-26.csv,2093,867,FT,72.88341251813735,19.084579871420228
657,2111531.442,278091.486,12.07,LV,Kurla combine 08-09-26.csv,331,868,LV,72.89091132061051,19.08466596926074
659,2111531.533,278085.761,12.119,DL,Kurla combine 08-09-26.csv,333,869,Other / rare,72.89085692532852,19.0846661685193
14,2111531.937,277444.812,6.702,FT,Kurla combine 08-09-26.csv,2067,870,FT,72.88476817099532,19.08460001160659
17,2111532.009,277510.385,7.019,FT,Kurla combine 08-09-26.csv,471,871,FT,72.88539107357175,19.084607812634648
660,2111532.047,278072.826,12.153,DL,Kurla combine 08-09-26.csv,334,872,Other / rare,72.89073398997245,19.084669403921357
655,2111532.212,278096.922,12.087,DV,Kurla combine 08-09-26.csv,329,873,Other / rare,72.89096287204204,19.08467351463489
513,2111532.403,277476.716,6.953,DIV,Kurla combine 08-09-26.csv,185,874,DIV,72.88507118961554,19.08460769965406
190,2111532.739,276835.85,4.687,FT,Kurla combine 08-09-26.csv,1218,875,FT,72.87898325640285,19.08454074675097
905,2111532.739,276835.85,4.687,LV,Kurla combine 08-09-26.csv,3604,876,LV,72.87898325640285,19.08454074675097
139,2111532.902,277166.468,7.42,LV,Kurla combine 08-09-26.csv,706,877,LV,72.8821239339123,19.084578349956402
191,2111533.281,276833.353,4.5,FT,Kurla combine 08-09-26.csv,1219,878,FT,72.87895947390143,19.084545368673606
906,2111533.281,276833.353,4.5,LV,Kurla combine 08-09-26.csv,3605,879,LV,72.87895947390143,19.084545368673606
663,2111533.399,278050.231,12.245,DL,Kurla combine 08-09-26.csv,337,880,Other / rare,72.89051919319515,19.084679156892193
28,2111533.464,277952.566,12.838,FT,Kurla combine 08-09-26.csv,482,881,FT,72.88959141352959,19.084669118530186
530,2111533.57,277015.571,9.135,LV,Kurla combine 08-09-26.csv,1647,882,LV,72.88069041450622,19.084567899002604
90,2111533.577,278252.9693,11.09,LV,Kurla combine 08-09-26.csv,3711,883,LV,72.8924450946811,19.084702806393203
662,2111534.004,278049.738,12.283,DL,Kurla combine 08-09-26.csv,336,884,Other / rare,72.89051444070512,19.084684567292793
48,2111534.041,278197.332,11.873,FT,Kurla combine 08-09-26.csv,503,885,FT,72.89191651226426,19.084700950047836
64,2111534.157,277166.429,7.439,LV,Kurla combine 08-09-26.csv,631,886,LV,72.88212341927999,19.08458968010012
664,2111534.176,278048.131,12.256,LV,Kurla combine 08-09-26.csv,338,887,LV,72.89049915526627,19.08468594590609
661,2111534.395,278050.478,12.285,DL,Kurla combine 08-09-26.csv,335,888,Other / rare,72.89052142563112,19.084688179078253
654,2111535.328,278128.226,12.064,DV,Kurla combine 08-09-26.csv,328,889,Other / rare,72.89125988936549,19.084705060628725
665,2111535.345,278039.335,12.269,LV,Kurla combine 08-09-26.csv,339,890,LV,72.8904154635666,19.08469554689131
627,2111536.27,276692.023,5.138,NALA,Kurla combine 08-09-26.csv,1744,891,Other / rare,72.87761657170289,19.084556901918866
106,2111537.421,277454.945,5.353,BED,Additional data 01 Oct 2026.csv,250,892,BED,72.88486380033626,19.08465064501855
530,2111538.127,278023.024,12.081,DIV,Kurla combine 08-09-26.csv,202,893,DIV,72.8902601982575,19.0847188980587
529,2111539.288,278022.304,11.243,DIV,Kurla combine 08-09-26.csv,201,894,DIV,72.89025322574372,19.084729305240423
653,2111539.335,278156.435,11.997,DV,Kurla combine 08-09-26.csv,327,895,Other / rare,72.89152740385809,19.084744316694636
508,2111539.551,277013.381,9.026,CC,Kurla combine 08-09-26.csv,1625,896,CC,72.88066892319618,19.084621676417388
27,2111539.728,277900.733,12.83,FT,Kurla combine 08-09-26.csv,481,897,FT,72.88909830717118,19.084720050417634
47,2111539.773,278215.391,11.988,FT,Kurla combine 08-09-26.csv,502,898,FT,72.89208740933618,19.084754681254523
507,2111540.189,277013.1,9,FT,Kurla combine 08-09-26.csv,1624,899,FT,72.88066618051063,19.084627407735777
162,2111540.59,276842.568,5.179,LV,Kurla combine 08-09-26.csv,3878,900,LV,72.879046170686,19.084612386801805
108,2111541.021,276688.514,5.13,LV,Kurla combine 08-09-26.csv,3823,901,LV,72.87758269124095,19.08459942594725
528,2111541.416,277989.969,12.713,DIV,Kurla combine 08-09-26.csv,200,902,DIV,72.88994581459812,19.084745006346523
514,2111541.425,277502.31,7.142,DIV,Kurla combine 08-09-26.csv,186,903,DIV,72.8853132851578,19.084691971970457
18,2111541.943,277538.353,7.248,FT,Kurla combine 08-09-26.csv,472,904,FT,72.88565561657795,19.084700580016214
650,2111542.387,278177.36,11.971,DV,Kurla combine 08-09-26.csv,324,905,Other / rare,72.89172583297004,19.084774155523956
651,2111543.068,278177.636,11.997,DV,Kurla combine 08-09-26.csv,325,906,Other / rare,72.89172837697885,19.084780335946714
107,2111543.184,278065.163,11.991,FT,Kurla combine 08-09-26.csv,2161,907,FT,72.89065992091687,19.084769153701217
649,2111543.355,278179.472,12.001,LV,Kurla combine 08-09-26.csv,323,908,LV,72.89174578534164,19.084783127562062
106,2111543.441,278106.525,11.89,FT,Kurla combine 08-09-26.csv,2160,909,FT,72.8910528117808,19.08477597305208
652,2111543.475,278176.984,12.001,DV,Kurla combine 08-09-26.csv,326,910,Other / rare,72.89172213673265,19.08478394086964
46,2111545.175,278230.41,12.017,FT,Kurla combine 08-09-26.csv,501,911,FT,72.89222946560294,19.08480510153827
527,2111545.189,277950.986,13.021,DIV,Kurla combine 08-09-26.csv,199,912,DIV,72.88957506222991,19.084774840230324
26,2111545.684,277856.269,12.634,FT,Kurla combine 08-09-26.csv,480,913,FT,72.88867523797933,19.084769001520442
108,2111545.706,278044.274,12.105,FT,Kurla combine 08-09-26.csv,2162,914,FT,72.89046119637673,19.084789658932728
648,2111545.859,278189.353,11.996,LV,Kurla combine 08-09-26.csv,322,915,LV,72.89183936412803,19.084806816439308
647,2111546.182,278193.643,11.981,DV,Kurla combine 08-09-26.csv,321,916,Other / rare,72.8918800802892,19.084810199930892
29,2111546.216,278040.824,12.108,FT,Kurla combine 08-09-26.csv,2082,917,FT,72.89042836459406,19.084793889696
646,2111547.492,278193.84,12,DV,Kurla combine 08-09-26.csv,320,918,Other / rare,72.89188180192271,19.084822052548876
105,2111547.56,278143.807,11.831,FT,Kurla combine 08-09-26.csv,2159,919,FT,72.8914065029367,19.084817227434332
15,2111547.996,277487.946,6.979,FT,Kurla combine 08-09-26.csv,2068,920,FT,72.88517608054697,19.084749751108205
526,2111548.849,277918.588,12.951,DIV,Kurla combine 08-09-26.csv,198,921,DIV,72.889266877207,19.084804369496158
645,2111549.199,278199.843,12.064,DV,Kurla combine 08-09-26.csv,319,922,Other / rare,72.8919386325943,19.084838121764033
45,2111550.158,278244.112,12.054,FT,Kurla combine 08-09-26.csv,500,923,FT,72.89235905893965,19.084851594413557
531,2111551.013,277018.084,9.075,LV,Kurla combine 08-09-26.csv,1648,924,LV,72.88071228179331,19.084725708116864
112,2111551.25,276688.918,5.101,FT,Kurla combine 08-09-26.csv,1141,925,FT,72.8775853515716,19.084691852041633
828,2111551.25,276688.918,5.101,LV,Kurla combine 08-09-26.csv,3527,926,LV,72.8775853515716,19.084691852041633
644,2111551.755,278207.492,12.125,DV,Kurla combine 08-09-26.csv,318,927,Other / rare,72.89201100248742,19.08486203757912
104,2111552.489,278168.53,11.887,FT,Kurla combine 08-09-26.csv,2158,928,FT,72.89164079678028,19.084864431333106
189,2111552.957,276845.876,5.493,FT,Kurla combine 08-09-26.csv,1217,929,FT,72.87907617236253,19.084724439625493
904,2111552.957,276845.876,5.493,LV,Kurla combine 08-09-26.csv,3603,930,LV,72.87907617236253,19.084724439625493
19,2111553.176,277570.77,7.68,FT,Kurla combine 08-09-26.csv,473,931,FT,72.88596227433162,19.084805563830727
140,2111553.268,277167.451,7.601,LV,Kurla combine 08-09-26.csv,707,932,LV,72.88213093261062,19.084762390722958
25,2111553.471,277800.951,12.194,FT,Kurla combine 08-09-26.csv,479,933,FT,72.88814885098878,19.084833306277353
515,2111553.91,277537.452,7.527,DIV,Kurla combine 08-09-26.csv,187,934,DIV,72.88564568523066,19.084808560754688
28,2111554.9,277956.692,12.837,FT,Kurla combine 08-09-26.csv,2081,935,FT,72.88962815510789,19.084863165463258
525,2111554.922,277872.826,12.884,DIV,Kurla combine 08-09-26.csv,197,936,DIV,72.88883146400805,19.084854236350175
205,2111556.531,276913.001,6.095,LV,Kurla combine 08-09-26.csv,772,937,LV,72.87971341355826,19.084764057510395
641,2111556.581,278224.733,12.147,DV,Kurla combine 08-09-26.csv,315,938,Other / rare,72.89217423269011,19.08490749731243
642,2111557.234,278224.931,12.206,DV,Kurla combine 08-09-26.csv,316,939,Other / rare,72.89217603895277,19.08491341637244
61,2111557.247,276852.365,5.658,FT,Kurla combine 08-09-26.csv,26,940,FT,72.87913732097662,19.084763893870985
188,2111557.275,276846.823,5.517,FT,Kurla combine 08-09-26.csv,1216,941,FT,72.87908467167001,19.0847635406822
903,2111557.275,276846.823,5.517,LV,Kurla combine 08-09-26.csv,3602,942,LV,72.87908467167001,19.0847635406822
44,2111557.51,278257.612,12.038,FT,Kurla combine 08-09-26.csv,499,943,FT,72.89248646266165,19.08491946077406
626,2111557.599,276705.715,5.271,NALA,Kurla combine 08-09-26.csv,1743,944,Other / rare,72.87774418324612,19.084751030361772
640,2111557.653,278225.948,12.173,LV,Kurla combine 08-09-26.csv,314,945,LV,72.89218565210874,19.084917311085917
643,2111557.657,278224.229,12.169,DV,Kurla combine 08-09-26.csv,317,946,Other / rare,72.89216932190207,19.084917160379884
204,2111557.751,276905.91,6.183,LV,Kurla combine 08-09-26.csv,771,947,LV,72.87964591246438,19.084774300539628
161,2111557.985,276850.512,5.604,LV,Kurla combine 08-09-26.csv,3877,948,LV,72.87911963356116,19.084770356387985
103,2111558.716,278194.945,11.948,FT,Kurla combine 08-09-26.csv,2157,949,FT,72.89189101563753,19.08492354169555
506,2111558.765,277015.203,9.07,FT,Kurla combine 08-09-26.csv,1623,950,FT,72.88068402275812,19.08479540460901
27,2111559.081,277920.105,12.845,FT,Kurla combine 08-09-26.csv,2080,951,FT,72.88928011668646,19.084896944274288
107,2111559.66,276701.292,5.236,LV,Kurla combine 08-09-26.csv,3822,952,LV,72.87770192988496,19.084769160005408
24,2111559.671,277757.251,11.386,FT,Kurla combine 08-09-26.csv,478,953,FT,72.88773301114959,19.084884542023083
524,2111560.066,277834.52,12.583,DIV,Kurla combine 08-09-26.csv,196,954,DIV,72.88846698561319,19.08489652375196
516,2111560.45,277556.032,7.698,DIV,Kurla combine 08-09-26.csv,188,955,DIV,72.88582143636705,19.0848696517799
541,2111560.596,277318.178,6.704,FT,Kurla combine 08-09-26.csv,213,956,FT,72.88356192223443,19.08484502718952
77,2111561.642,277027.543,7.923,BED,Additional data 01 Oct 2026.csv,221,957,BED,72.8808009157464,19.084822736367936
16,2111561.665,277526.981,7.32,FT,Kurla combine 08-09-26.csv,2069,958,FT,72.88554532645827,19.08487745778753
111,2111562.766,276696.191,5.134,FT,Kurla combine 08-09-26.csv,1140,959,FT,72.87765311559107,19.084796653223847
827,2111562.766,276696.191,5.134,LV,Kurla combine 08-09-26.csv,3526,960,LV,72.87765311559107,19.084796653223847
D2,2111562.95,278286.745,12.089,ST,Kurla combine 08-09-26.csv,304,961,Other / rare,72.89276259179924,19.084971757596115
639,2111563.724,278242.588,12.175,LV,Kurla combine 08-09-26.csv,313,962,LV,72.89234303087125,19.084973949521043
38,2111563.93,277314.616,6.825,LV,Kurla combine 08-09-26.csv,492,963,LV,72.88352770228967,19.084874749167803
20,2111564.477,277604.268,8.021,FT,Kurla combine 08-09-26.csv,474,964,FT,72.8862791937125,19.084911279125976
26,2111564.508,277879.214,12.667,FT,Kurla combine 08-09-26.csv,2079,965,FT,72.88889104949101,19.084941507071708
46,2111564.895,277014.471,8.289,BED,Additional data 01 Oct 2026.csv,190,966,BED,72.88067636453688,19.084850687024506
523,2111565.657,277795.36,12.176,DIV,Kurla combine 08-09-26.csv,195,967,DIV,72.88809434330209,19.084942754466024
23,2111565.901,277708.003,9.822,FT,Kurla combine 08-09-26.csv,477,968,FT,72.88726446429838,19.084935443357534
5,2111567.704,277027.581,8.987,BT,Kurla combine 08-09-26.csv,1034,969,Other / rare,72.88080057998503,19.084877488797325
721,2111567.704,277027.581,8.987,LV,Kurla combine 08-09-26.csv,3420,970,LV,72.88080057998503,19.084877488797325
532,2111568.129,277020.384,9.087,LV,Kurla combine 08-09-26.csv,1649,971,LV,72.88073216329992,19.08488054069033
43,2111568.162,278286.555,11.873,FT,Kurla combine 08-09-26.csv,498,972,FT,72.89276019120891,19.085018808911958
638,2111568.725,278255.9,12.168,LV,Kurla combine 08-09-26.csv,312,973,LV,72.89246891748449,19.08502056251548
625,2111569.435,276713.294,5.349,NALA,Kurla combine 08-09-26.csv,1742,974,Other / rare,72.87781481739893,19.084858755020072
102,2111569.609,278229.38,12.124,FT,Kurla combine 08-09-26.csv,2156,975,FT,72.89221688782648,19.08502566417089
110,2111569.792,276700.592,5.126,FT,Kurla combine 08-09-26.csv,1139,976,FT,72.87769411402377,19.084860589247022
826,2111569.792,276700.592,5.126,LV,Kurla combine 08-09-26.csv,3525,977,LV,72.87769411402377,19.084860589247022
505,2111569.827,277015.851,8.929,BT,Kurla combine 08-09-26.csv,1622,978,Other / rare,72.88068890693661,19.08489538063344
21,2111570.349,277641.049,8.285,FT,Kurla combine 08-09-26.csv,475,979,FT,72.88662792279753,19.084968320081543
22,2111570.454,277663.867,8.77,FT,Kurla combine 08-09-26.csv,476,980,FT,72.88684467110521,19.084971754792058
25,2111570.536,277835.086,12.352,FT,Kurla combine 08-09-26.csv,2078,981,FT,72.88847116332038,19.084991144483237
26,2111571.173,276778.937,1.701,BED,Kurla combine 08-09-26.csv,1472,982,BED,72.8784381913706,19.084881633565765
666,2111572.652,277014.23,8.731,BT,Kurla combine 08-09-26.csv,1783,983,Other / rare,72.88067318354638,19.08492071716279
522,2111572.947,277743.041,10.981,DIV,Kurla combine 08-09-26.csv,194,984,DIV,72.8875965017688,19.085002895528696
517,2111573.424,277593.658,8.044,DIV,Kurla combine 08-09-26.csv,189,985,DIV,72.88617737800718,19.0849909268248
665,2111573.648,277003.4,8.368,BT,Kurla combine 08-09-26.csv,1782,986,Other / rare,72.88057018955436,19.08492852890066
637,2111573.652,278269.416,12.103,LV,Kurla combine 08-09-26.csv,311,987,LV,72.89259675054726,19.08506652927033
17,2111573.683,277553.431,7.484,FT,Kurla combine 08-09-26.csv,2070,988,FT,72.88579521074043,19.084988880983712
636,2111573.838,278271.095,12.104,DIV,Kurla combine 08-09-26.csv,310,989,DIV,72.89261267907355,19.0850683915702
105,2111573.908,277550.379,5.851,BED,Additional data 01 Oct 2026.csv,249,990,BED,72.8857661923804,19.084990580334445
160,2111573.973,276856.811,5.996,LV,Kurla combine 08-09-26.csv,3876,991,LV,72.87917763175112,19.08491543891501
535,2111574.009,277011.27,8.585,BT,Kurla combine 08-09-26.csv,1652,992,Other / rare,72.88064490906781,19.08493264928672
42,2111574.906,278305.539,11.627,FT,Kurla combine 08-09-26.csv,497,993,FT,72.89293976040989,19.0850817797275
635,2111574.944,278270.954,12.13,DIV,Kurla combine 08-09-26.csv,309,994,DIV,72.89261121322087,19.08507836504028
664,2111575.203,276985.77,7.953,BT,Kurla combine 08-09-26.csv,1781,995,Other / rare,72.88040253475049,19.084940645941355
24,2111575.235,277801.651,12.062,FT,Kurla combine 08-09-26.csv,2077,996,FT,72.88815300786023,19.085029942577012
47,2111576.167,276989.888,7.44,BED,Additional data 01 Oct 2026.csv,191,997,BED,72.88044154284239,19.0849498022637
60,2111576.299,276861.135,6.152,FT,Kurla combine 08-09-26.csv,25,998,FT,72.87921843997546,19.08493691875524
652,2111576.42,276861.518,6.202,BT,Kurla combine 08-09-26.csv,1769,999,Other / rare,72.87922206436043,19.084938053434804
663,2111576.454,276971.996,7.71,BT,Kurla combine 08-09-26.csv,1780,1000,Other / rare,72.88027154492906,19.084950438751047
109,2111576.502,276705.328,5.171,FT,Kurla combine 08-09-26.csv,1138,1001,FT,72.87773833118278,19.08492170800991
825,2111576.502,276705.328,5.171,LV,Kurla combine 08-09-26.csv,3524,1002,LV,72.87773833118278,19.08492170800991
141,2111576.634,277169.667,7.614,LV,Kurla combine 08-09-26.csv,708,1003,LV,72.88214929959956,19.084973660324312
60,2111576.761,278257.85,12.073,LV,Kurla combine 08-09-26.csv,971,1004,LV,72.8924865231028,19.085093351210254
187,2111576.785,276855.515,6.101,FT,Kurla combine 08-09-26.csv,1215,1005,FT,72.87916499697015,19.084940693425995
902,2111576.785,276855.515,6.101,LV,Kurla combine 08-09-26.csv,3601,1006,LV,72.87916499697015,19.084940693425995
651,2111577.392,276853.743,6.229,BT,Kurla combine 08-09-26.csv,1768,1007,Other / rare,72.87914809406266,19.08494598169122
662,2111577.593,276954.625,7.239,BT,Kurla combine 08-09-26.csv,1779,1008,Other / rare,72.8801063983079,19.08495882677061
533,2111577.619,277020.971,9.012,LV,Kurla combine 08-09-26.csv,1650,1009,LV,72.88073664872132,19.084966312707863
521,2111578.07,277699.795,9.761,DIV,Kurla combine 08-09-26.csv,193,1010,DIV,72.88718509766905,19.085044452584036
518,2111578.12,277612.329,8.239,DIV,Kurla combine 08-09-26.csv,190,1011,DIV,72.88635420542518,19.085035373356465
56,2111578.33,276916.457,5.554,BED,Additional data 01 Oct 2026.csv,200,1012,BED,72.87974373701525,19.084961310447248
108,2111578.695,276706.94,5.176,FT,Kurla combine 08-09-26.csv,1137,1013,FT,72.87775339191803,19.084941690206946
824,2111578.695,276706.94,5.176,LV,Kurla combine 08-09-26.csv,3523,1014,LV,72.87775339191803,19.084941690206946
653,2111578.714,276867.536,6.349,BT,Kurla combine 08-09-26.csv,1770,1015,Other / rare,72.87927896840726,19.08495942950404
140,2111578.864,277003.007,8.469,LV,Kurla combine 08-09-26.csv,3855,1016,LV,72.88056585667789,19.084975593666428
534,2111578.864,277004.721,8.534,LV,Kurla combine 08-09-26.csv,1651,1017,LV,72.88058213881283,19.084975780980457
23,2111579.078,277774.858,11.764,FT,Kurla combine 08-09-26.csv,2076,1018,FT,72.8878980463477,19.08506173257873
661,2111579.379,276942.32,7.096,BT,Kurla combine 08-09-26.csv,1778,1019,Other / rare,72.87998930171507,19.08497361174074
106,2111579.606,276713.96,5.21,LV,Kurla combine 08-09-26.csv,3821,1020,LV,72.87781997338625,19.084950685971812
540,2111579.667,277322.983,6.735,FT,Kurla combine 08-09-26.csv,212,1021,FT,72.88360537830917,19.085017789475582
139,2111579.864,276987.987,8.161,LV,Kurla combine 08-09-26.csv,3854,1022,LV,72.88042305930954,19.084982983534495
203,2111580.504,276911.308,6.536,LV,Kurla combine 08-09-26.csv,770,1023,LV,72.87969457414258,19.08498038173799
660,2111580.604,276929.362,6.818,BT,Kurla combine 08-09-26.csv,1777,1024,Other / rare,72.8798660664492,19.08498325864185
796,2111580.606,276836.704,6.601,LV,Kurla combine 08-09-26.csv,3495,1025,LV,72.87898586262794,19.084973145116365
80,2111580.606,276836.704,6.601,BRI,Kurla combine 08-09-26.csv,1109,1026,Other / rare,72.87898586262794,19.084973145116365
138,2111580.829,276970.66,7.678,CH TOP,Kurla combine 08-09-26.csv,3853,1027,Other / rare,72.8802583506309,19.084989805035804
531,2111580.884,277551.013,7.467,FT,Kurla combine 08-09-26.csv,203,1028,FT,72.88577141515998,19.085053652619326
79,2111580.971,276836.878,6.633,BRI,Kurla combine 08-09-26.csv,1108,1029,Other / rare,72.87898747355058,19.08497646059901
795,2111580.971,276836.878,6.633,LV,Kurla combine 08-09-26.csv,3494,1030,LV,72.87898747355058,19.08497646059901
137,2111581.13,276970.767,7.64,CH,Kurla combine 08-09-26.csv,3852,1031,Other / rare,72.88025933247194,19.084992535177957
130,2111581.186,276865.321,6.45,LV,Kurla combine 08-09-26.csv,3845,1032,LV,72.87925764271465,19.0849815128592
654,2111581.238,276874.328,6.579,BT,Kurla combine 08-09-26.csv,1771,1033,Other / rare,72.87934319862035,19.084982967410035
128,2111581.419,276854.401,6.363,LV,Kurla combine 08-09-26.csv,3843,1034,LV,72.87915388151399,19.084982423010825
519,2111581.519,277634.11,8.431,DIV,Kurla combine 08-09-26.csv,191,1035,DIV,72.8865607251866,19.08506844489289
659,2111581.73,276917.138,6.64,BT,Kurla combine 08-09-26.csv,1776,1036,Other / rare,72.87974981518869,19.084992091598615
136,2111581.862,276955.499,7.36,LV,Kurla combine 08-09-26.csv,3851,1037,LV,72.88011421003934,19.084997477286013
520,2111582.169,277661.695,8.839,DIV,Kurla combine 08-09-26.csv,192,1038,DIV,72.88682269545477,19.085077321253852
49,2111582.355,276908.158,5.676,BED,Additional data 01 Oct 2026.csv,193,1039,BED,72.87966443788682,19.08499675443332
634,2111582.57,278292.327,11.921,DIV,Kurla combine 08-09-26.csv,308,1040,DIV,72.89281337610758,19.0851495613256
624,2111582.59,276722.206,5.195,NALA,Kurla combine 08-09-26.csv,1741,1041,Other / rare,72.8778979626339,19.08497853789848
532,2111582.656,277549.161,7.471,FT,Kurla combine 08-09-26.csv,204,1042,FT,72.88575361883409,19.085069454389934
144,2111582.702,277017.961,8.873,BT,Kurla combine 08-09-26.csv,1173,1043,Other / rare,72.88070747098956,19.085011890328254
860,2111582.702,277017.961,8.873,LV,Kurla combine 08-09-26.csv,3559,1044,LV,72.88070747098956,19.085011890328254
133,2111582.727,276838.096,6.223,FT,Kurla combine 08-09-26.csv,1162,1045,FT,72.87899884192336,19.084992452906448
849,2111582.727,276838.096,6.223,LV,Kurla combine 08-09-26.csv,3548,1046,LV,72.87899884192336,19.084992452906448
22,2111582.751,277748.534,10.976,FT,Kurla combine 08-09-26.csv,2075,1047,FT,72.88764755953783,19.08509203795893
536,2111582.951,277011.647,8.847,BT,Kurla combine 08-09-26.csv,1653,1048,Other / rare,72.880647462538,19.085013449152374
658,2111583.11,276906.896,6.622,BT,Kurla combine 08-09-26.csv,1775,1049,Other / rare,72.87965236270497,19.085003435149417
48,2111583.162,276991.746,7.408,BED,Additional data 01 Oct 2026.csv,192,1050,BED,72.8804583887876,19.085013179873883
655,2111583.167,276881.923,6.573,BT,Kurla combine 08-09-26.csv,1772,1051,Other / rare,72.8794151253762,19.085001219428005
143,2111583.447,276999.464,8.454,BT,Kurla combine 08-09-26.csv,1172,1052,Other / rare,72.88053167314393,19.085016597311665
859,2111583.447,276999.464,8.454,LV,Kurla combine 08-09-26.csv,3558,1053,LV,72.88053167314393,19.085016597311665
656,2111583.556,276889.74,6.494,BT,Kurla combine 08-09-26.csv,1773,1054,Other / rare,72.87948933815018,19.085005587366854
135,2111583.641,276934.456,6.889,CH TOP,Kurla combine 08-09-26.csv,3850,1055,Other / rare,72.87991410764953,19.085011243828617
102,2111583.798,276717.543,5.196,CH,Kurla combine 08-09-26.csv,3817,1056,Other / rare,72.87785352752763,19.084988937551515
103,2111583.945,276716.173,5.193,CH,Kurla combine 08-09-26.csv,3818,1057,Other / rare,72.8778404963218,19.08499011525032
134,2111583.96,276934.486,6.882,CH,Kurla combine 08-09-26.csv,3849,1058,Other / rare,72.87991435595409,19.085014128119408
657,2111584.067,276900.19,6.6,BT,Kurla combine 08-09-26.csv,1774,1059,Other / rare,72.87958854906095,19.085011344987297
107,2111584.104,276711.992,5.166,FT,Kurla combine 08-09-26.csv,1136,1060,FT,72.87780076069886,19.084991093725172
823,2111584.104,276711.992,5.166,LV,Kurla combine 08-09-26.csv,3522,1061,LV,72.87780076069886,19.084991093725172
133,2111584.482,276929.403,6.849,LV,Kurla combine 08-09-26.csv,3848,1062,LV,72.87986601000632,19.085018286826767
129,2111584.63,276843.196,6.286,LV,Kurla combine 08-09-26.csv,3844,1063,LV,72.87904707039951,19.085010197379155
134,2111584.701,276864.582,6.456,BT,Kurla combine 08-09-26.csv,1163,1064,Other / rare,72.87925021829464,19.08501317734557
850,2111584.701,276864.582,6.456,LV,Kurla combine 08-09-26.csv,3549,1065,LV,72.87925021829464,19.08501317734557
105,2111584.973,276717.095,5.159,CH TOP,Kurla combine 08-09-26.csv,3820,1066,Other / rare,72.87784913652203,19.08499950039002
39,2111584.979,277315.112,6.731,FT,Kurla combine 08-09-26.csv,2092,1067,FT,72.88352999785728,19.085064905327915
50,2111585.055,276869.043,5.407,BED,Additional data 01 Oct 2026.csv,194,1068,BED,72.87929255480019,19.085016862273502
104,2111585.063,276716.282,5.171,CH,Kurla combine 08-09-26.csv,3819,1069,Other / rare,72.8778414030862,19.08500022425048
142,2111585.496,276977.148,7.928,BT,Kurla combine 08-09-26.csv,1171,1070,Other / rare,72.88031944681744,19.08503266364708
858,2111585.496,276977.148,7.928,LV,Kurla combine 08-09-26.csv,3557,1071,LV,72.88031944681744,19.08503266364708
106,2111585.979,276712.486,5.161,CC,Kurla combine 08-09-26.csv,1135,1072,CC,72.87780523763024,19.085008081602602
822,2111585.979,276712.486,5.161,LV,Kurla combine 08-09-26.csv,3521,1073,LV,72.87780523763024,19.085008081602602
101,2111586.184,278271.568,12.072,FT,Kurla combine 08-09-26.csv,2155,1074,FT,72.89261576125902,19.08517994534066
21,2111586.412,277718.688,10.095,FT,Kurla combine 08-09-26.csv,2074,1075,FT,72.88736361664795,19.085121850944176
101,2111586.537,276718.462,5.067,LV,Kurla combine 08-09-26.csv,3816,1076,LV,72.87786194230037,19.085013775038345
30,2111586.541,277559.006,7.599,LV,Kurla combine 08-09-26.csv,484,1077,LV,72.88584669626563,19.085105614709462
533,2111586.589,277531.796,7.344,FT,Kurla combine 08-09-26.csv,205,1078,FT,72.88558820843272,19.085103081774037
51,2111586.9,276848.605,5.318,BED,Additional data 01 Oct 2026.csv,195,1079,BED,72.87909819201343,19.085031290148635
140,2111586.9,276945.255,7.152,BT,Kurla combine 08-09-26.csv,1169,1080,Other / rare,72.88001631796216,19.08504185761483
856,2111586.9,276945.255,7.152,LV,Kurla combine 08-09-26.csv,3555,1081,LV,72.88001631796216,19.08504185761483
132,2111586.936,276911.17,6.673,LV,Kurla combine 08-09-26.csv,3847,1082,LV,72.879692523551725,19.085038456498417
59,2111587.16,276839.809,6.23,LV,Kurla combine 08-09-26.csv,3773,1083,LV,72.87901460459878,19.085032676347733
141,2111587.226,276958.099,7.27,BT,Kurla combine 08-09-26.csv,1170,1084,Other / rare,72.880138292008,19.08504620583272
857,2111587.226,276958.099,7.27,LV,Kurla combine 08-09-26.csv,3556,1085,LV,72.880138292008,19.08504620583272
18,2111587.335,277595.677,7.983,FT,Kurla combine 08-09-26.csv,2071,1086,FT,72.88619496273543,19.08511678296885
52,2111587.467,276847.907,5.291,N,Additional data 01 Oct 2026.csv,196,1087,Other / rare,72.87909149614796,19.085036334605963
131,2111587.634,276883.902,6.595,LV,Kurla combine 08-09-26.csv,3846,1088,LV,72.87943341111115,19.08504177899583
20,2111587.905,276726.534,-1.815,BED,Kurla combine 08-09-26.csv,1466,1089,BED,72.87793846466464,19.085027013214987
537,2111588.132,277022.25,9.028,LV,Kurla combine 08-09-26.csv,1654,1090,LV,72.88074759021328,19.085061399454148
139,2111588.219,276931.814,6.936,BT,Kurla combine 08-09-26.csv,1168,1091,Other / rare,72.87988848357992,19.0850523006775
855,2111588.219,276931.814,6.936,LV,Kurla combine 08-09-26.csv,3554,1092,LV,72.87988848357992,19.0850523006775
135,2111588.271,276875.927,6.435,BT,Kurla combine 08-09-26.csv,1164,1093,Other / rare,72.87935757939951,19.0850466599518
851,2111588.271,276875.927,6.435,LV,Kurla combine 08-09-26.csv,3550,1094,LV,72.87935757939951,19.0850466599518
53,2111588.428,276849.103,5.294,N,Additional data 01 Oct 2026.csv,197,1095,Other / rare,72.87910274699445,19.085045144556513
797,2111588.524,276807.799,6.664,LV,Kurla combine 08-09-26.csv,3496,1096,LV,72.878710369063,19.085041494107234
81,2111588.524,276807.799,6.664,BRI,Kurla combine 08-09-26.csv,1110,1097,Other / rare,72.878710369063,19.085041494107234
127,2111589.654,276841.1,6.18,FT,Kurla combine 08-09-26.csv,3842,1098,FT,72.87902658154567,19.085055341794547
132,2111589.796,276811.153,6.105,FT,Kurla combine 08-09-26.csv,1161,1099,FT,72.8787420840024,19.08505334887939
848,2111589.796,276811.153,6.105,LV,Kurla combine 08-09-26.csv,3547,1100,LV,72.8787420840024,19.08505334887939
138,2111589.834,276909.365,6.652,BT,Kurla combine 08-09-26.csv,1167,1101,Other / rare,72.8796750437011,19.0850644321002
854,2111589.834,276909.365,6.652,LV,Kurla combine 08-09-26.csv,3553,1102,LV,72.8796750437011,19.0850644321002
25,2111590.092,277643.123,8.435,LV,Kurla combine 08-09-26.csv,936,1103,LV,72.8866453618763,19.08514685346468
93,2111590.129,277597.648,6.957,BED,Additional data 01 Oct 2026.csv,237,1104,BED,72.88621336600852,19.085142231585873
58,2111590.156,276848.451,6.27,LV,Kurla combine 08-09-26.csv,3772,1105,LV,72.87909635455554,19.08506067947478
60,2111590.489,276826.371,6.216,LV,Kurla combine 08-09-26.csv,3774,1106,LV,72.87888656750106,19.08506127210542
19,2111590.522,277623.606,8.167,FT,Kurla combine 08-09-26.csv,2072,1107,FT,72.8864599100273,19.0851486100616
30,2111590.887,277563.697,7.714,FT,Kurla combine 08-09-26.csv,2083,1108,FT,72.8858907602656,19.08514537663007
633,2111591.37,278317.002,11.583,DIV,Kurla combine 08-09-26.csv,307,1109,DIV,72.89304677266196,19.085231719081282
105,2111591.447,276716.055,4.86,CC,Kurla combine 08-09-26.csv,1134,1110,CC,72.87783851192044,19.085057855682887
821,2111591.447,276716.055,4.86,LV,Kurla combine 08-09-26.csv,3520,1111,LV,72.87783851192044,19.085057855682887
585,2111591.53,276841.793,6.403,BRI,Kurla combine 08-09-26.csv,1702,1112,Other / rare,72.87903294889017,19.08507236044928
31,2111591.952,277527.848,7.227,LV,Kurla combine 08-09-26.csv,485,1113,LV,72.88555008924476,19.085151086815898
586,2111592.097,276841.979,6.299,BRI,Kurla combine 08-09-26.csv,1703,1114,Other / rare,72.87903465057173,19.085077501582386
31,2111592.277,277557.015,7.624,FT,Kurla combine 08-09-26.csv,2084,1115,FT,72.88582712497103,19.08515720187394
137,2111592.371,276893.721,6.643,BT,Kurla combine 08-09-26.csv,1166,1116,Other / rare,72.8795261418408,19.085085634270683
853,2111592.371,276893.721,6.643,LV,Kurla combine 08-09-26.csv,3552,1117,LV,72.8795261418408,19.085085634270683
4,2111592.722,277030.297,8.978,BT,Kurla combine 08-09-26.csv,1033,1118,Other / rare,72.88082350514452,19.08510373285708
720,2111592.722,277030.297,8.978,LV,Kurla combine 08-09-26.csv,3419,1119,LV,72.88082350514452,19.08510373285708
20,2111592.728,277661.14,8.706,FT,Kurla combine 08-09-26.csv,2073,1120,FT,72.88681621302615,19.085172623579425
54,2111592.809,276846.93,5.155,N,Additional data 01 Oct 2026.csv,198,1121,Other / rare,72.87908160065355,19.085084473381926
623,2111592.911,276728.907,4.784,NALA,Kurla combine 08-09-26.csv,1740,1122,Other / rare,72.8779604307887,19.085072483915663
650,2111593.568,276826.15,6.149,FT,Kurla combine 08-09-26.csv,1767,1123,FT,72.87888411390152,19.085089055544024
84,2111593.577,278192.9693,14.6,LV,Kurla combine 08-09-26.csv,3705,1124,LV,72.89186826143764,19.085238172417146
37,2111593.821,277321.986,6.81,LV,Kurla combine 08-09-26.csv,491,1125,LV,72.88359428261029,19.085145511175302
100,2111593.954,278293.5,11.874,FT,Kurla combine 08-09-26.csv,2154,1126,FT,72.89282321807848,19.085252502900467
104,2111593.998,277681.627,8.172,BED,Additional data 01 Oct 2026.csv,248,1127,BED,72.8870106846736,19.08518632573313
61,2111594.089,276809.35,6.212,LV,Kurla combine 08-09-26.csv,3775,1128,LV,72.87872446251536,19.085091923364804
92,2111594.687,277549.99,6.285,BED,Additional data 01 Oct 2026.csv,236,1129,BED,72.885760114365425,19.085178201747187
136,2111594.811,276881.46,6.518,BT,Kurla combine 08-09-26.csv,1165,1130,Other / rare,72.87940938790463,19.0851063301917
852,2111594.811,276881.46,6.518,LV,Kurla combine 08-09-26.csv,3551,1131,LV,72.87940938790463,19.0851063301917
534,2111594.843,277466.352,6.956,FT,Kurla combine 08-09-26.csv,206,1132,FT,72.88496557427138,19.085170490843982
76,2111595.103,277031.157,8.292,BED,Additional data 01 Oct 2026.csv,220,1133,BED,72.88083140105539,19.085125330567124
78,2111595.133,276850.802,6.011,FT,Kurla combine 08-09-26.csv,1107,1134,FT,72.87911811536125,19.085105885752238
794,2111595.133,276850.802,6.011,LV,Kurla combine 08-09-26.csv,3493,1135,LV,72.87911811536125,19.085105885752238
57,2111595.159,276848.135,5.927,LV,Kurla combine 08-09-26.csv,3771,1136,LV,72.87909277722092,19.08510582890193
587,2111595.284,276827.099,6.395,BRI,Kurla combine 08-09-26.csv,1704,1137,Other / rare,72.87889293150846,19.0851046571813
25,2111595.364,276779.581,-0.028,BED,Kurla combine 08-09-26.csv,1471,1138,BED,72.87844152550292,19.085100181996612
H2,2111595.565,276784.869,6.302,NA,Kurla combine 08-09-26.csv,1605,1139,Other / rare,72.87849173567523,19.08510257577855
27,2111595.568,276784.872,6.301,0,Kurla combine 08-09-26.csv,1473,1140,Other / rare,72.8784917638285,19.08510260320085
32,2111595.874,277529.404,7.159,FT,Kurla combine 08-09-26.csv,2085,1141,FT,72.88556442074862,19.085186677678657
96,2111596.048,277626.357,7.273,N,Additional data 01 Oct 2026.csv,240,1142,Other / rare,72.88648540982116,19.085198817505137
504,2111596.068,277021.19,9.112,BT,Kurla combine 08-09-26.csv,1621,1143,Other / rare,72.88073660856988,19.08513295671524
631,2111596.08,278333.619,11.415,DIV,Kurla combine 08-09-26.csv,305,1144,DIV,72.89320408910774,19.085276062518613
3,2111596.113,276811.975,6.102,0,Kurla combine 08-09-26.csv,1450,1145,Other / rare,72.87874916581931,19.085110489992886
G2,2111596.118,276811.971,6.11,NA,Kurla combine 08-09-26.csv,1604,1146,Other / rare,72.87874912724611,19.08511053471225
207,2111596.168,276795.078,6.149,LV,Kurla combine 08-09-26.csv,1235,1147,LV,72.87858864658894,19.08510913846291
922,2111596.168,276795.078,6.149,LV,Kurla combine 08-09-26.csv,3621,1148,LV,72.87858864658894,19.08510913846291
131,2111596.357,276785.677,6.1,FT,Kurla combine 08-09-26.csv,1160,1149,FT,72.87849932013347,19.085109817016523
847,2111596.357,276785.677,6.1,LV,Kurla combine 08-09-26.csv,3546,1150,LV,72.87849932013347,19.085109817016523
55,2111596.473,276843.987,4.664,N,Additional data 01 Oct 2026.csv,199,1151,Other / rare,72.87905322216956,19.085117242495706
59,2111596.997,276888.772,6.617,CC,Kurla combine 08-09-26.csv,24,1152,CC,72.87947859680732,19.085126872310443
632,2111597.12,278333.319,11.419,DIV,Kurla combine 08-09-26.csv,306,1153,DIV,72.89320112039353,19.085285422646972
126,2111597.223,276811.757,6.107,FT,Kurla combine 08-09-26.csv,3841,1154,FT,72.87874696722567,19.085120490975704
32,2111597.402,277486.482,6.963,LV,Kurla combine 08-09-26.csv,486,1155,LV,72.88515650637055,19.08519579749935
97,2111597.424,277632.963,7.292,N,Additional data 01 Oct 2026.csv,241,1156,Other / rare,72.8865480060867,19.085211964661188
798,2111597.732,276771.951,6.657,LV,Kurla combine 08-09-26.csv,3497,1157,LV,72.87836877191742,19.08512073358962
82,2111597.732,276771.951,6.657,BRI,Kurla combine 08-09-26.csv,1111,1158,Other / rare,72.87836877191742,19.08512073358962
103,2111597.933,277651.333,7.826,BED,Additional data 01 Oct 2026.csv,247,1159,BED,72.88672245440934,19.085218563500998
100,2111598.123,276723.86,4.314,LV,Kurla combine 08-09-26.csv,3815,1160,LV,72.87791188701954,19.085119003174103
94,2111598.69,277629.005,7.327,BED+NALA,Additional data 01 Oct 2026.csv,238,1161,Other / rare,72.88651026176575,19.085222967101654
24,2111598.871,277650.6,8.55,FT,Kurla combine 08-09-26.csv,935,1162,FT,72.88671538372994,19.085226955101017
62,2111599.056,276789.181,6.228,LV,Kurla combine 08-09-26.csv,3776,1163,LV,72.8785322957984,19.08513457600538
19,2111599.27,276809.421,6.193,0,Kurla combine 08-09-26.csv,1465,1164,Other / rare,72.87872454090385,19.08513872269016
N1,2111599.272,276809.432,6.259,ST,Kurla combine 08-09-26.csv,1611,1165,Other / rare,72.87872464516818,19.085138741956097
588,2111599.433,276811.148,6.308,BRI,Kurla combine 08-09-26.csv,1705,1166,Other / rare,72.87874092777558,19.08514038370464
55,2111599.435,276848.337,5.666,CH,Kurla combine 08-09-26.csv,3769,1167,Other / rare,72.87909420424917,19.085144469166238
23,2111599.8,277644.598,8.508,DIV,Kurla combine 08-09-26.csv,934,1168,DIV,72.88665826096452,19.085234691248232
59,2111599.918,276890.077,5.589,BED,Additional data 01 Oct 2026.csv,203,1169,BED,72.8794906577102,19.085153395663877
26,2111600.007,277643.958,8.509,DIV,Kurla combine 08-09-26.csv,937,1170,DIV,72.88665215752751,19.08523649101013
649,2111600.02,276800.909,6.036,FT,Kurla combine 08-09-26.csv,1766,1171,FT,72.87864359492923,19.08514456515348
27,2111600.037,277632.096,8.82,FT,Kurla combine 08-09-26.csv,938,1172,FT,72.88653947045961,19.085235469281965
95,2111600.086,277625.369,7.387,N,Additional data 01 Oct 2026.csv,239,1173,Other / rare,72.8864755613925,19.08523517871089
172,2111600.14,276777.791,6.138,LV,Kurla combine 08-09-26.csv,3888,1174,LV,72.8784239718593,19.08514312002178
52,2111600.191,276849.019,5.676,CH TOP,Kurla combine 08-09-26.csv,3766,1175,Other / rare,72.87910059594255,19.0851513714729
622,2111600.231,276733.62,4.924,NALA,Kurla combine 08-09-26.csv,1739,1176,Other / rare,72.87800435940757,19.085139109248374
186,2111600.278,276882.119,6.51,CC,Kurla combine 08-09-26.csv,1214,1177,CC,72.8794150192966,19.08515577680522
901,2111600.278,276882.119,6.51,LV,Kurla combine 08-09-26.csv,3600,1178,LV,72.8794150192966,19.08515577680522
54,2111600.48,276848.245,5.651,CH,Kurla combine 08-09-26.csv,3768,1179,Other / rare,72.87909321008868,19.085153896895143
583,2111600.54,276845.392,5.558,NALA END,Kurla combine 08-09-26.csv,1700,1180,Other / rare,72.87906610112407,19.085154126765964
53,2111600.578,276848.974,5.649,CH,Kurla combine 08-09-26.csv,3767,1181,Other / rare,72.87910012394856,19.085154861695
104,2111600.663,276720.318,4.133,CC,Kurla combine 08-09-26.csv,1133,1182,CC,72.87787794749242,19.08514155527826
820,2111600.663,276720.318,4.133,LV,Kurla combine 08-09-26.csv,3519,1183,LV,72.87787794749242,19.08514155527826
584,2111600.708,276844.949,5.315,NALA OFF,Kurla combine 08-09-26.csv,1701,1184,Other / rare,72.87906187352185,19.085155595589416
91,2111600.757,277498.608,6.025,BED,Additional data 01 Oct 2026.csv,235,1185,BED,72.8852713129448,19.085227420195775
159,2111600.771,276886.852,6.668,LV,Kurla combine 08-09-26.csv,3875,1186,LV,72.87945992372302,19.085160746802277
56,2111601.212,276849.177,5.659,LV,Kurla combine 08-09-26.csv,3770,1187,LV,72.87910197941726,19.085160609789206
77,2111601.925,276852.044,5.53,FT,Kurla combine 08-09-26.csv,1106,1188,FT,72.87912913245928,19.085167362699725
793,2111601.925,276852.044,5.53,LV,Kurla combine 08-09-26.csv,3492,1189,LV,72.87912913245928,19.085167362699725
539,2111602.295,277328.187,6.705,FT,Kurla combine 08-09-26.csv,211,1190,FT,72.88365221648155,19.085222720005945
535,2111602.329,277432.195,6.675,FT,Kurla combine 08-09-26.csv,207,1191,FT,72.88464023987534,19.085234374555014
33,2111602.545,277482.24,6.735,FT,Kurla combine 08-09-26.csv,2086,1192,FT,72.88511561941415,19.085241783465076
130,2111603.124,276759.404,6.104,FT,Kurla combine 08-09-26.csv,1159,1193,FT,72.87824896133122,19.085168058084026
846,2111603.124,276759.404,6.104,LV,Kurla combine 08-09-26.csv,3545,1194,LV,72.87824896133122,19.085168058084026
589,2111603.491,276795.573,6.305,BRI,Kurla combine 08-09-26.csv,1706,1195,Other / rare,72.87859250627021,19.085175329370784
69,2111603.536,276787.275,6.054,FT,Kurla combine 08-09-26.csv,34,1196,FT,72.87851367428978,19.085174828064563
799,2111603.689,276749.086,6.549,LV,Kurla combine 08-09-26.csv,3498,1197,LV,72.87815088055602,19.085172031936334
83,2111603.689,276749.086,6.549,BRI,Kurla combine 08-09-26.csv,1112,1198,Other / rare,72.87815088055602,19.085172031936334
34,2111603.982,277472.282,6.768,FT,Kurla combine 08-09-26.csv,2087,1199,FT,72.88502085817555,19.08525367564011
51,2111604.168,276849.929,5.585,CH TOP,Kurla combine 08-09-26.csv,3765,1200,Other / rare,72.87910878301074,19.08518738878311
125,2111604.274,276784.555,6.044,FT,Kurla combine 08-09-26.csv,3840,1201,FT,72.87848775074966,19.085181195670934
50,2111604.282,276849.236,5.587,CH,Kurla combine 08-09-26.csv,3764,1202,Other / rare,72.87910218674496,19.08518834257265
D3,2111604.453,276750.556,6.327,ST,Kurla combine 08-09-26.csv,3778,1203,Other / rare,72.87816475688675,19.085179092738286
22,2111604.511,276750.65,6.292,0,Kurla combine 08-09-26.csv,1468,1204,Other / rare,72.87816564316431,19.08517962684244
21,2111604.512,276750.649,6.292,LV,Kurla combine 08-09-26.csv,1467,1205,LV,72.87816563354973,19.08517963576441
2,2111604.513,276750.644,6.29,0,Kurla combine 08-09-26.csv,1449,1206,Other / rare,72.8781655859372,19.085179644248726
D3,2111604.514,276750.64,6.292,COGO,Kurla combine 08-09-26.csv,1603,1207,Other / rare,72.87816554782414,19.085179652842463
63,2111604.578,276769.747,6.231,LV,Kurla combine 08-09-26.csv,3777,1208,LV,72.87834704726608,19.085182321257687
60,2111605.081,276885.359,5.434,BED,Additional data 01 Oct 2026.csv,204,1209,BED,72.87944524527114,19.08519950880113
48,2111605.111,276850.879,5.541,CH,Kurla combine 08-09-26.csv,3762,1210,Other / rare,72.87911769906141,19.085196009265953
538,2111605.159,277024.748,8.925,LV,Kurla combine 08-09-26.csv,1655,1211,LV,72.8807693628926,19.085215449868716
49,2111605.4,276849.448,5.579,CH,Kurla combine 08-09-26.csv,3763,1212,Other / rare,72.87910407203486,19.085198462838154
142,2111605.64,277171.755,7.66,LV,Kurla combine 08-09-26.csv,709,1213,LV,72.88216580283382,19.085235853019988
582,2111605.931,276847.066,5.549,NALA,Kurla combine 08-09-26.csv,1699,1214,Other / rare,72.87908138314691,19.085202997998916
99,2111606.102,278327.597,11.378,FT,Kurla combine 08-09-26.csv,2153,1215,FT,72.89314573736588,19.085365921601618
801,2111606.369,276737.24,6.007,LV,Kurla combine 08-09-26.csv,3500,1216,LV,72.87803804114834,19.085194939899743
85,2111606.369,276737.24,6.007,BRI,Kurla combine 08-09-26.csv,1114,1217,Other / rare,72.87803804114834,19.085194939899743
800,2111606.75,276737.442,6.468,LV,Kurla combine 08-09-26.csv,3499,1218,LV,72.87803991619727,19.08519840295461
84,2111606.75,276737.442,6.468,BRI,Kurla combine 08-09-26.csv,1113,1219,Other / rare,72.87803991619727,19.08519840295461
536,2111606.848,277397.05,6.672,FT,Kurla combine 08-09-26.csv,208,1220,FT,72.88430586020556,19.08527135369246
133,2111606.94,277348.506,6.91,NALA,Kurla combine 08-09-26.csv,1444,1221,Other / rare,72.88384470428844,19.085266888145934
132,2111607.206,277349.455,6.896,NALA,Kurla combine 08-09-26.csv,1443,1222,Other / rare,72.8838536888147,19.085269394052446
68,2111607.6,276771.673,6.103,FT,Kurla combine 08-09-26.csv,33,1223,FT,72.87836499554798,19.085209824774235
47,2111607.623,276851.028,5.535,LV,Kurla combine 08-09-26.csv,3761,1224,LV,72.87911882553269,19.085218712382964
99,2111607.698,276726.738,4.16,LV,Kurla combine 08-09-26.csv,3814,1225,LV,72.87793812452634,19.08520579347175
131,2111607.938,277350.15,6.869,NALA,Kurla combine 08-09-26.csv,1442,1226,Other / rare,72.8838602069759,19.08527608087806
33,2111608.062,277418.742,6.664,LV,Kurla combine 08-09-26.csv,487,1227,LV,72.8845117848458,19.085284684176212
88,2111608.13,277381.413,5.646,BED,Additional data 01 Oct 2026.csv,232,1228,BED,72.88415716886416,19.085281225994343
648,2111608.156,276769.803,6.091,FT,Kurla combine 08-09-26.csv,1765,1229,FT,72.87834716751277,19.08521464163942
90,2111608.522,277441.92,6.58,DIV,Additional data 01 Oct 2026.csv,234,1230,DIV,72.88473191236201,19.085291366830646
129,2111608.576,276738.645,6.105,FT,Kurla combine 08-09-26.csv,1158,1231,FT,72.87805113393709,19.085215025867665
845,2111608.576,276738.645,6.105,LV,Kurla combine 08-09-26.csv,3544,1232,LV,72.87805113393709,19.085215025867665
590,2111608.606,276775.779,6.357,BRI,Kurla combine 08-09-26.csv,1707,1233,Other / rare,72.8784038847163,19.0852193595283
103,2111608.712,276723.891,3.913,CC,Kurla combine 08-09-26.csv,1132,1234,CC,72.87791096276617,19.085214639756135
819,2111608.712,276723.891,3.913,LV,Kurla combine 08-09-26.csv,3518,1235,LV,72.87791096276617,19.085214639756135
130,2111608.788,277350.327,6.778,NALA,Kurla combine 08-09-26.csv,1441,1236,Other / rare,72.88386179083628,19.08528377688688
128,2111608.95,276737.869,6.155,FT,Kurla combine 08-09-26.csv,1157,1237,FT,72.8780437192874,19.085218318693762
844,2111608.95,276737.869,6.155,LV,Kurla combine 08-09-26.csv,3543,1238,LV,72.8780437192874,19.085218318693762
64,2111609.701,276749.154,6.174,LV,Kurla combine 08-09-26.csv,3779,1239,LV,72.8781508346491,19.08522633598836
H3,2111610.006,276730.295,6.413,ST,Kurla combine 08-09-26.csv,1606,1240,Other / rare,72.87797164858856,19.085227027087676
35,2111610.454,277428.087,6.605,FT,Kurla combine 08-09-26.csv,2088,1241,FT,72.88460028358244,19.08530730667337
129,2111610.612,277350.481,7.212,NALA,Kurla combine 08-09-26.csv,1440,1242,Other / rare,72.88386304441875,19.085300266975427
22,2111610.644,277646.768,8.521,DIV,Kurla combine 08-09-26.csv,933,1243,DIV,72.88667763204174,19.085332864463002
537,2111610.682,277366.566,6.447,FT,Kurla combine 08-09-26.csv,209,1244,FT,72.88401583639909,19.085302654257486
134,2111611.411,277343.471,6.119,NALA,Kurla combine 08-09-26.csv,1445,1245,Other / rare,72.88379636098004,19.085306718146366
124,2111611.62,276756.253,6.108,FT,Kurla combine 08-09-26.csv,3839,1246,FT,72.87821805072744,19.085244443889437
38,2111612.057,277320.306,6.649,FT,Kurla combine 08-09-26.csv,2091,1247,FT,72.88357623013833,19.085310024526763
1,2111612.07,277344.745,5.555,BED,Kurla combine 08-09-26.csv,2433,1248,BED,72.88380838774913,19.08531280886178
65,2111612.074,276737.994,6.159,LV,Kurla combine 08-09-26.csv,3780,1249,LV,72.87804454718957,19.085246546376776
2,2111612.075,277342.864,5.507,BRI,Kurla combine 08-09-26.csv,2434,1250,Other / rare,72.88379051855107,19.085312648763455
128,2111612.089,277343.46,7.317,NALA,Kurla combine 08-09-26.csv,1439,1251,Other / rare,72.88379617866666,19.08531284023904
185,2111612.169,276886.865,6.615,CC,Kurla combine 08-09-26.csv,1213,1252,CC,72.8794587363205,19.08526368789605
900,2111612.169,276886.865,6.615,LV,Kurla combine 08-09-26.csv,3599,1253,LV,72.8794587363205,19.08526368789605
4,2111612.371,277353.312,4.805,BRI,Kurla combine 08-09-26.csv,2436,1254,Other / rare,72.88388973571688,19.085316462127086
87,2111612.399,277374.94,5.757,BED,Additional data 01 Oct 2026.csv,231,1255,BED,72.88409518846511,19.08531907484662
157,2111612.611,276894.431,6.685,CC,Kurla combine 08-09-26.csv,3873,1256,CC,72.87953055874254,19.08526850704744
591,2111612.758,276759.753,6.344,BRI,Kurla combine 08-09-26.csv,1708,1257,Other / rare,72.8782511680067,19.0852551045158
36,2111613.243,277325.929,6.598,LV,Kurla combine 08-09-26.csv,490,1258,LV,72.88362950987684,19.085321349413178
156,2111613.253,276891.39,6.676,LV,Kurla combine 08-09-26.csv,3872,1259,LV,72.8795015969106,19.08527397268813
503,2111613.767,277023.913,9.017,BT,Kurla combine 08-09-26.csv,1620,1260,Other / rare,72.8807604413915,19.085293100809842
3,2111613.833,277343.103,5.45,BRI,Kurla combine 08-09-26.csv,2435,1261,Other / rare,72.88379258716209,19.085328552054296
89,2111614.265,277410.444,5.852,BED,Additional data 01 Oct 2026.csv,233,1262,BED,72.88443224594334,19.085339800816755
113,2111614.845,277319.942,5.755,BED,Additional data 01 Oct 2026.csv,257,1263,BED,72.88357245227725,19.085335164357865
538,2111615.012,277331.303,6.55,FT,Kurla combine 08-09-26.csv,210,1264,FT,72.8836803573215,19.085337912421412
36,2111615.589,277391.455,6.492,FT,Kurla combine 08-09-26.csv,2089,1265,FT,72.88425170726141,19.085349686843468
34,2111615.642,277363.207,6.618,LV,Kurla combine 08-09-26.csv,488,1266,LV,72.88398335821898,19.085347083534288
647,2111615.68,276741.395,6.294,FT,Kurla combine 08-09-26.csv,1764,1267,FT,72.87807643997147,19.08527948562757
66,2111616.253,276727.894,5.871,LV,Kurla combine 08-09-26.csv,3781,1268,LV,72.87794812131723,19.085283183345148
68,2111616.803,276739.25,6.351,LV,Kurla combine 08-09-26.csv,3783,1269,LV,72.87805593430676,19.08528939316171
592,2111617.218,276742.454,6.318,BRI,Kurla combine 08-09-26.csv,1709,1270,Other / rare,72.87808632293681,19.08529349174826
16,2111617.275,276850.099,0.511,BED,Kurla combine 08-09-26.csv,1462,1271,BED,72.8791088902241,19.08530578164839
594,2111617.509,276743.715,6.058,NALA,Kurla combine 08-09-26.csv,1711,1272,Other / rare,72.87809826831406,19.085296257849112
593,2111617.784,276742.553,6.049,BRI,Kurla combine 08-09-26.csv,1710,1273,Other / rare,72.87808719824845,19.085298614336942
35,2111617.832,277332.38,6.634,LV,Kurla combine 08-09-26.csv,489,1274,LV,72.88369026463396,19.08536349851242
127,2111618.268,276714.679,5.369,FT,Kurla combine 08-09-26.csv,1156,1275,FT,72.87782235354804,19.08529993550561
843,2111618.268,276714.679,5.369,LV,Kurla combine 08-09-26.csv,3542,1276,LV,72.87782235354804,19.08529993550561
21,2111618.364,277648.421,8.558,DIV,Kurla combine 08-09-26.csv,932,1277,DIV,72.8866924499376,19.085402767174852
122,2111618.4,276735.09,6.311,BRI,Kurla combine 08-09-26.csv,3837,1278,Other / rare,72.87801623259871,19.085303361086563
72,2111618.552,277318.995,6.627,FT,Kurla combine 08-09-26.csv,2254,1279,FT,72.88356303069372,19.085368540424824
802,2111618.779,276735.46,6.222,LV,Kurla combine 08-09-26.csv,3501,1280,LV,72.87801970379404,19.085306824461206
86,2111618.779,276735.46,6.222,CC,Kurla combine 08-09-26.csv,1115,1281,CC,72.87801970379404,19.085306824461206
123,2111618.829,276735.363,6.22,BRI OFF,Kurla combine 08-09-26.csv,3838,1282,Other / rare,72.8780187765882,19.085307265416223
70,2111619.162,276741.42,6.048,CH,Kurla combine 08-09-26.csv,3785,1283,Other / rare,72.87807627672748,19.0853109356005
69,2111619.315,276740.126,6.041,CH,Kurla combine 08-09-26.csv,3784,1284,Other / rare,72.87806396676748,19.085312175816593
595,2111619.477,276745.199,6.032,NALA,Kurla combine 08-09-26.csv,1712,1285,Other / rare,72.87811213908292,19.085314193959718
72,2111619.56,276741.434,6.041,CH TOP,Kurla combine 08-09-26.csv,3787,1286,Other / rare,72.87807636391597,19.085314531618394
71,2111620.144,276741.474,6.028,CH,Kurla combine 08-09-26.csv,3786,1287,Other / rare,72.87807667668531,19.085319810316278
596,2111620.176,276745.689,6.026,NALA,Kurla combine 08-09-26.csv,1713,1288,Other / rare,72.87811671339354,19.085320560501494
71,2111620.518,277304.075,6.676,FT,Kurla combine 08-09-26.csv,2253,1289,FT,72.88342107193054,19.085384667847503
3,2111620.534,277033.398,8.923,BT,Kurla combine 08-09-26.csv,1032,1290,Other / rare,72.88084976651527,19.08535525268366
719,2111620.534,277033.398,8.923,LV,Kurla combine 08-09-26.csv,3418,1291,LV,72.88084976651527,19.08535525268366
578,2111620.543,277338.996,6.651,LV,Kurla combine 08-09-26.csv,1886,1292,LV,72.88375280240277,19.08538870462067
803,2111620.962,276736.283,6.048,LV,Kurla combine 08-09-26.csv,3502,1293,LV,72.87802727064117,19.08532662999677
87,2111620.962,276736.283,6.048,CC,Kurla combine 08-09-26.csv,1116,1294,CC,72.87802727064117,19.08532662999677
28,2111621.524,277639.506,8.566,FT,Kurla combine 08-09-26.csv,939,1295,FT,72.88660739917204,19.08543033496584
73,2111621.658,276742.015,5.953,LV,Kurla combine 08-09-26.csv,3788,1296,LV,72.8780816416736,19.085333543007224
121,2111621.804,276726.751,5.96,BRI,Kurla combine 08-09-26.csv,3836,1297,Other / rare,72.87793662450466,19.08533319141751
67,2111621.843,276713.7,5.114,LV,Kurla combine 08-09-26.csv,3782,1298,LV,72.87781264205466,19.085332115524583
37,2111621.884,277340.505,6.656,FT,Kurla combine 08-09-26.csv,2090,1299,FT,72.88376698328808,19.085400980401527
539,2111621.943,277027.488,8.899,LV,Kurla combine 08-09-26.csv,1656,1300,LV,72.88079346241125,19.085367332099654
126,2111622.406,276700.021,4.405,FT,Kurla combine 08-09-26.csv,1155,1301,FT,72.87768263361396,19.08533570326052
842,2111622.406,276700.021,4.405,LV,Kurla combine 08-09-26.csv,3541,1302,LV,72.87768263361396,19.08533570326052
577,2111622.6,277327.22,6.713,LV,Kurla combine 08-09-26.csv,1885,1303,LV,72.88364069972874,19.08540599715169
78,2111622.819,277034.116,8.327,BED,Additional data 01 Oct 2026.csv,222,1304,BED,72.88085632454019,19.085375967863566
576,2111623.129,277319.649,6.676,LV,Kurla combine 08-09-26.csv,1884,1305,LV,72.88356871799922,19.08540994853456
70,2111623.343,277282.869,6.823,FT,Kurla combine 08-09-26.csv,2252,1306,FT,72.88321930044758,19.08540786702072
28,2111623.349,277348.073,7.543,NALA+BRIDGE,Kurla combine 08-09-26.csv,901,1307,Other / rare,72.88383870765752,19.085415037236007
27,2111623.357,277348.059,7.545,NALA+BRIDGE,Kurla combine 08-09-26.csv,900,1308,Other / rare,72.88383857374575,19.085415107959587
46,2111623.369,276855.443,5.419,LV,Kurla combine 08-09-26.csv,3760,1309,LV,72.8791589545988,19.085361403292158
646,2111623.409,276722.707,5.834,BRI,Kurla combine 08-09-26.csv,1763,1310,Other / rare,72.87789802379973,19.085347244258823
26,2111623.653,277345.461,7.529,NALA+BRIDGE,Kurla combine 08-09-26.csv,899,1311,Other / rare,72.88381385996604,19.085417497763128
125,2111623.806,276700.749,4.266,FT,Kurla combine 08-09-26.csv,1154,1312,FT,72.87768938809751,19.08534842684726
841,2111623.806,276700.749,4.266,LV,Kurla combine 08-09-26.csv,3540,1313,LV,72.87768938809751,19.08534842684726
69,2111623.868,277282.467,6.822,FT,Kurla combine 08-09-26.csv,2251,1314,FT,72.88321542135944,19.08541256462817
158,2111623.965,276897.538,6.791,CC,Kurla combine 08-09-26.csv,3874,1315,CC,72.87955876792469,19.085371389061883
527,2111624.112,277347.736,5.641,NALA BL,Kurla combine 08-09-26.csv,2430,1316,Other / rare,72.88383541873895,19.085421891425483
575,2111624.924,277307.24,6.748,LV,Kurla combine 08-09-26.csv,1883,1317,LV,72.88345063217201,19.085424805637643
33,2111625.42,277321.299,6.842,FT,Kurla combine 08-09-26.csv,1340,1318,FT,72.88358412925675,19.085430819550083
32,2111625.425,277321.303,6.829,FT,Kurla combine 08-09-26.csv,1339,1319,FT,72.88358416668096,19.085430865143632
6,2111625.625,276747.961,-0.567,BED,Kurla combine 08-09-26.csv,1452,1320,BED,72.87813766916693,19.085370021035313
120,2111625.841,276701.355,4.228,LV,Kurla combine 08-09-26.csv,3835,1321,LV,72.87769491054969,19.08536687200254
86,2111625.998,277320.508,5.408,BED,Additional data 01 Oct 2026.csv,230,1322,BED,72.88357654877258,19.085435953378074
68,2111626.133,277265.068,6.93,FT,Kurla combine 08-09-26.csv,2250,1323,FT,72.88304987887174,19.085431121559623
9,2111626.207,277320.991,5.699,BED,Kurla combine 08-09-26.csv,2441,1324,BED,72.88358111305952,19.085437893652493
10,2111626.209,277320.985,5.7,BED,Kurla combine 08-09-26.csv,2442,1325,BED,72.88358105583269,19.085437911060506
31,2111626.614,277313.28,6.772,FT,Kurla combine 08-09-26.csv,1338,1326,FT,72.88350781538634,19.085440727900288
581,2111626.643,276853.497,5.375,NALA,Kurla combine 08-09-26.csv,1698,1327,Other / rare,72.87914009194897,19.085390759209442
574,2111626.894,277293.706,6.812,LV,Kurla combine 08-09-26.csv,1882,1328,LV,72.88332183926003,19.085441120369843
73,2111627.136,277332.723,6.698,FT,Kurla combine 08-09-26.csv,2255,1329,FT,72.8836924550359,19.085447564133865
645,2111627.174,276713.315,5.289,BRI,Kurla combine 08-09-26.csv,1762,1330,Other / rare,72.87780837114174,19.085380219630192
67,2111627.602,277254.061,7.003,FT,Kurla combine 08-09-26.csv,2249,1331,FT,72.88294514880141,19.085443187137336
34,2111627.889,277321.771,6.801,FT,Kurla combine 08-09-26.csv,1341,1332,FT,72.88358832962625,19.085453169597468
98,2111628.064,277639.574,7.571,BED,Additional data 01 Oct 2026.csv,242,1333,BED,72.88660729549363,19.085489407875468
573,2111628.258,277282.917,6.843,LV,Kurla combine 08-09-26.csv,1881,1334,LV,72.88321919214093,19.085452261601286
30,2111628.576,277301.243,6.722,FT,Kurla combine 08-09-26.csv,1337,1335,FT,72.8833932441931,19.085457133806823
66,2111629.822,277233.573,7.15,FT,Kurla combine 08-09-26.csv,2248,1336,FT,72.88275026737797,19.085461000166898
572,2111629.835,277270.08,6.931,LV,Kurla combine 08-09-26.csv,1880,1337,LV,72.88309706550312,19.08546510290938
29,2111630.068,277289.922,6.859,FT,Kurla combine 08-09-26.csv,1336,1338,FT,72.88328552861412,19.085469373030584
20,2111630.219,277650.998,8.708,DIV,Kurla combine 08-09-26.csv,931,1339,DIV,72.88671557148615,19.085510115507578
644,2111630.265,276705.267,4.195,BRI,Kurla combine 08-09-26.csv,1761,1340,Other / rare,72.8777315633652,19.085407254890267
571,2111630.759,277261.244,6.979,LV,Kurla combine 08-09-26.csv,1879,1341,LV,72.88301302148753,19.085472483390085
804,2111631.025,276740.976,5.515,LV,Kurla combine 08-09-26.csv,3503,1342,LV,72.8780706936694,19.085418026185774
88,2111631.025,276740.976,5.515,CC,Kurla combine 08-09-26.csv,1117,1343,CC,72.8780706936694,19.085418026185774
570,2111631.637,277255.276,7.061,LV,Kurla combine 08-09-26.csv,1878,1344,LV,72.88295622742723,19.085479761473703
65,2111632.256,277212.056,7.307,FT,Kurla combine 08-09-26.csv,2247,1345,FT,72.88254558633497,19.085480633353278
597,2111632.319,276749.769,5.359,NALA,Kurla combine 08-09-26.csv,1714,1346,Other / rare,72.87815407390224,19.08543067485928
74,2111632.653,276745.586,5.419,LV,Kurla combine 08-09-26.csv,3789,1347,LV,72.87811429902945,19.08543323366308
28,2111632.66,277267.808,7.004,FT,Kurla combine 08-09-26.csv,1335,1348,FT,72.88307515819393,19.085490368610976
579,2111632.776,277327.96,6.672,LV,Kurla combine 08-09-26.csv,1887,1349,LV,72.88364656132936,19.08549798148009
76,2111633.304,276861.412,5.356,FT,Kurla combine 08-09-26.csv,1105,1350,FT,72.87921451438751,19.085451782798835
792,2111633.304,276861.412,5.356,LV,Kurla combine 08-09-26.csv,3491,1351,LV,72.87921451438751,19.085451782798835
143,2111633.432,277174.731,7.629,LV,Kurla combine 08-09-26.csv,710,1352,LV,72.88219088110912,19.0854871785711
27,2111633.539,277261.576,7.039,FT,Kurla combine 08-09-26.csv,1334,1353,FT,72.88301585613472,19.08549762692613
75,2111633.936,277025.21,8.427,BED,Additional data 01 Oct 2026.csv,219,1354,BED,72.8807704440162,19.085475396602043
155,2111633.95,276898.419,6.736,LV,Kurla combine 08-09-26.csv,3871,1355,LV,72.8795659886538,19.08546166372584
184,2111633.99,276894.329,6.703,CC,Kurla combine 08-09-26.csv,1212,1356,CC,72.87952713103036,19.085461577778997
899,2111633.99,276894.329,6.703,LV,Kurla combine 08-09-26.csv,3598,1357,LV,72.87952713103036,19.085461577778997
569,2111634.058,277235.007,7.176,LV,Kurla combine 08-09-26.csv,1877,1358,LV,72.88276340327782,19.085499413731462
64,2111634.205,277194.106,7.428,FT,Kurla combine 08-09-26.csv,2246,1359,FT,72.88237484581799,19.085496275580756
26,2111634.492,277250.987,7.205,FT,Kurla combine 08-09-26.csv,1333,1360,FT,72.88291515607942,19.085505077909467
80,2111634.712,277057.489,7.877,BED,Additional data 01 Oct 2026.csv,224,1361,BED,72.88107699003537,19.08548593206919
525,2111634.866,277264.17,7.203,LV,Kurla combine 08-09-26.csv,2428,1362,LV,72.88304034557741,19.08550989475915
102,2111634.877,277659.246,7.982,BED,Additional data 01 Oct 2026.csv,246,1363,BED,72.88679339000979,19.08555308265272
45,2111635.1,276858.863,5.406,CH,Kurla combine 08-09-26.csv,3759,1364,Other / rare,72.87919009353746,19.08546772440089
58,2111635.172,276901.347,6.803,CC,Kurla combine 08-09-26.csv,23,1365,CC,72.87959366270258,19.08547302021672
25,2111635.361,277238.344,7.082,FT,Kurla combine 08-09-26.csv,1332,1366,FT,72.8827949536124,19.085511545958525
502,2111635.396,277025.643,8.75,BT,Kurla combine 08-09-26.csv,1619,1367,Other / rare,72.88077438949593,19.085488629745164
44,2111635.437,276858.867,5.408,CH TOP,Kurla combine 08-09-26.csv,3758,1368,Other / rare,72.87919009277132,19.085470768412854
83,2111635.485,277131.61,7.108,BED,Additional data 01 Oct 2026.csv,227,1369,BED,72.88178101588245,19.085501010572976
19,2111635.763,277651.967,8.687,DIV,Kurla combine 08-09-26.csv,930,1370,DIV,72.88672414111396,19.08556029130677
63,2111635.997,277176.353,7.568,FT,Kurla combine 08-09-26.csv,2245,1371,FT,72.88220599472788,19.085510521230667
24,2111636.026,277232.195,7.218,FT,Kurla combine 08-09-26.csv,1331,1372,FT,72.8827364645795,19.085516880523702
568,2111636.437,277212.654,7.319,LV,Kurla combine 08-09-26.csv,1876,1373,LV,72.88255078688941,19.085518458921886
501,2111636.479,277025.015,8.772,FT,Kurla combine 08-09-26.csv,1618,1374,FT,72.88076829931165,19.085498342111816
123,2111636.526,277237.129,7.309,LV,Kurla combine 08-09-26.csv,1434,1375,LV,72.88278327789166,19.085521934893094
85,2111636.579,277231.076,6.284,BED,Additional data 01 Oct 2026.csv,229,1376,BED,72.88272577109058,19.085521752718897
54,2111636.67,277052.176,8.783,FT,Kurla combine 08-09-26.csv,2236,1377,FT,72.88102629401786,19.085503035015382
13,2111637.069,277263.105,7.317,CH TOP,Kurla combine 08-09-26.csv,886,1378,Other / rare,72.88302997561904,19.085529674679083
23,2111637.708,277214.184,7.359,FT,Kurla combine 08-09-26.csv,1330,1379,FT,72.88256517521565,19.08553010488271
9,2111637.79,277234.931,7.367,LV,Kurla combine 08-09-26.csv,882,1380,LV,72.88276225275256,19.085533110616513
62,2111637.861,277155.504,7.724,FT,Kurla combine 08-09-26.csv,2244,1381,FT,72.88200772479229,19.085525078859586
75,2111637.926,276747.077,5.2,CH,Kurla combine 08-09-26.csv,3790,1382,Other / rare,72.87812785595102,19.08548101922454
805,2111638.14,276744.279,5.216,LV,Kurla combine 08-09-26.csv,3504,1383,LV,72.87810125169659,19.08548264579703
89,2111638.14,276744.279,5.216,CC,Kurla combine 08-09-26.csv,1118,1384,CC,72.87810125169659,19.08548264579703
61,2111638.166,277136.054,7.83,FT,Kurla combine 08-09-26.csv,2243,1385,FT,72.8818229238,19.08552570913274
1,2111638.386,277043.683,8.823,LV,Additional data 01 Oct 2026.csv,2,1386,LV,72.88094541730361,19.085517604878895
567,2111638.596,277193.213,7.458,LV,Kurla combine 08-09-26.csv,1875,1387,LV,72.88236585840204,19.085535834933925
22,2111638.604,277210.597,7.445,FT,Kurla combine 08-09-26.csv,1329,1388,FT,72.88253099746646,19.085537805365
76,2111638.642,276747.301,5.222,CH,Kurla combine 08-09-26.csv,3791,1389,Other / rare,72.87812990144025,19.08548751019567
78,2111638.877,276746.505,5.224,CH TOP,Kurla combine 08-09-26.csv,3793,1390,Other / rare,72.87812231278575,19.085489545474807
77,2111638.946,276746.302,5.22,CH,Kurla combine 08-09-26.csv,3792,1391,Other / rare,72.87812037644444,19.08549014642845
2,2111639.089,277036.574,8.961,BT,Kurla combine 08-09-26.csv,1031,1392,Other / rare,72.88087780435716,19.08552317714226
718,2111639.089,277036.574,8.961,LV,Kurla combine 08-09-26.csv,3417,1393,LV,72.88087780435716,19.08552317714226
60,2111639.157,277119.998,7.949,FT,Kurla combine 08-09-26.csv,2242,1394,FT,72.88167028542559,19.08553290548946
566,2111639.496,277183.96,7.543,LV,Kurla combine 08-09-26.csv,1874,1395,LV,72.8822778558028,19.085542952784284
806,2111639.653,276745.881,5.22,LV,Kurla combine 08-09-26.csv,3505,1396,LV,72.87811629578536,19.085496485545185
90,2111639.653,276745.881,5.22,FT+BT,Kurla combine 08-09-26.csv,1119,1397,Other / rare,72.87811629578536,19.085496485545185
55,2111639.932,277052.9,8.738,FT,Kurla combine 08-09-26.csv,2237,1398,FT,72.881032796782,19.08553257451419
565,2111640.133,277175.349,7.631,LV,Kurla combine 08-09-26.csv,1873,1399,LV,72.88219598211334,19.085547765443945
58,2111640.144,277101.306,8.085,FT,Kurla combine 08-09-26.csv,2240,1400,FT,72.8814926067415,19.08553977763655
59,2111640.158,277101.302,8.081,FT,Kurla combine 08-09-26.csv,2241,1401,FT,72.88149256713473,19.085539903639074
21,2111640.547,277198.307,7.461,FT,Kurla combine 08-09-26.csv,1328,1402,FT,72.88241402497259,19.085554011425305
35,2111640.584,277324.765,6.644,FT,Kurla combine 08-09-26.csv,1342,1403,FT,72.88361531402339,19.085568150014616
57,2111640.767,277083.935,8.286,FT,Kurla combine 08-09-26.csv,2239,1404,FT,72.88132751877136,19.085543506502834
580,2111640.963,276856.97,5.346,NALA,Kurla combine 08-09-26.csv,1697,1405,Other / rare,72.8791714365441,19.085520468354883
56,2111641.127,277064.186,8.575,FT,Kurla combine 08-09-26.csv,2238,1406,FT,72.88113987114839,19.085544600149007
84,2111641.194,277198.575,6.473,BED,Additional data 01 Oct 2026.csv,228,1407,BED,72.88241649653935,19.08555988400307
20,2111641.219,277193.066,7.563,FT,Kurla combine 08-09-26.csv,1327,1408,FT,72.88236416070328,19.085559508236457
580,2111641.485,277330.12,6.699,LV,Kurla combine 08-09-26.csv,1888,1409,LV,72.8836660806813,19.08557687170088
74,2111641.737,277335.833,6.77,FT,Kurla combine 08-09-26.csv,2256,1410,FT,72.8837203226785,19.085579771058995
564,2111641.977,277155.949,7.755,LV,Kurla combine 08-09-26.csv,1872,1411,LV,72.88201147926074,19.085562300681165
579,2111642.152,276857.208,5.531,NALA,Kurla combine 08-09-26.csv,1696,1412,Other / rare,72.87917356066032,19.085531232691338
8,2111642.358,277195.796,7.586,LV,Kurla combine 08-09-26.csv,881,1413,LV,72.88238996362745,19.08557009310013
19,2111642.66,277174.635,7.586,FT,Kurla combine 08-09-26.csv,1326,1414,FT,72.88218890917862,19.085570509809504
522,2111642.756,277239.354,6.977,NB,Kurla combine 08-09-26.csv,2425,1415,Other / rare,72.88280369896556,19.085578443422925
562,2111642.828,277139.919,7.902,LV,Kurla combine 08-09-26.csv,1870,1416,LV,72.88185910391566,19.08556823563637
79,2111643.036,276749.14,5.171,LV,Kurla combine 08-09-26.csv,3794,1417,LV,72.87814686535853,19.085527395256086
598,2111643.153,276753.154,5.242,NALA,Kurla combine 08-09-26.csv,1715,1418,Other / rare,72.87818498293467,19.08552889110596
563,2111643.207,277135.138,7.9,LV,Kurla combine 08-09-26.csv,1871,1419,LV,72.88181364308831,19.0855711363398
561,2111643.25,277128.36,7.969,LV,Kurla combine 08-09-26.csv,1869,1420,LV,72.88174925028855,19.085570784357465
515,2111643.299,277195.522,7.608,LV,Kurla combine 08-09-26.csv,2418,1421,LV,72.88238725267514,19.085578561725505
18,2111643.412,277158.425,7.749,FT,Kurla combine 08-09-26.csv,1325,1422,FT,72.88203483527222,19.085575531145057
578,2111643.694,276857.469,5.519,NALA,Kurla combine 08-09-26.csv,1695,1423,Other / rare,72.8791758626606,19.085545187619587
540,2111643.82,277030.848,8.945,LV,Kurla combine 08-09-26.csv,1657,1424,LV,72.88082286628101,19.085565278938677
14,2111643.921,277264.67,7.517,LV,Kurla combine 08-09-26.csv,887,1425,LV,72.88304405566286,19.085591728675045
560,2111644.519,277116.119,8.028,LV,Kurla combine 08-09-26.csv,1868,1426,LV,72.88163282066499,19.08558090810517
17,2111644.703,277142.29,7.91,FT,Kurla combine 08-09-26.csv,1324,1427,FT,72.88188141191412,19.085585428463737
559,2111645.204,277102.027,8.14,LV,Kurla combine 08-09-26.csv,1867,1428,LV,72.881498874497,19.085585555241778
558,2111645.565,277091.089,8.233,LV,Kurla combine 08-09-26.csv,1866,1429,LV,72.88139492709666,19.085587620673124
16,2111645.741,277135.35,8.008,FT,Kurla combine 08-09-26.csv,1323,1430,FT,72.8818153658697,19.085594045047003
557,2111645.837,277076.853,8.443,LV,Kurla combine 08-09-26.csv,1865,1431,LV,72.88125966046238,19.08558852193881
516,2111646.127,277196.264,7.68,LV,Kurla combine 08-09-26.csv,2419,1432,LV,72.88239397652617,19.08560418353877
556,2111646.533,277064.818,8.584,LV,Kurla combine 08-09-26.csv,1864,1433,LV,72.88114525358402,19.08559349289372
15,2111646.753,277121.288,8.068,FT,Kurla combine 08-09-26.csv,1322,1434,FT,72.8816816670981,19.08560164885833
10,2111646.785,277237.348,7.435,LV,Kurla combine 08-09-26.csv,883,1435,LV,72.88278418021831,19.085614611928804
512,2111646.886,277138.849,8.048,LV,Kurla combine 08-09-26.csv,2415,1436,LV,72.88184847321203,19.085604768165325
43,2111647.074,276861.105,5.404,LV,Kurla combine 08-09-26.csv,3757,1437,LV,72.87921001412194,19.085576111308253
82,2111647.204,277130.019,7.094,BED,Additional data 01 Oct 2026.csv,226,1438,BED,72.88176455575044,19.085606675694684
14,2111647.719,277111.5,8.02,FT,Kurla combine 08-09-26.csv,1321,1439,FT,72.88158857463347,19.085609304006123
523,2111647.811,277237.422,7.418,LV,Kurla combine 08-09-26.csv,2426,1440,LV,72.88278476536557,19.085623886223456
18,2111648.022,277654.431,8.811,DIV,Kurla combine 08-09-26.csv,929,1441,DIV,72.88674614293666,19.085671276018928
13,2111648.213,277106.053,8.123,FT,Kurla combine 08-09-26.csv,1320,1442,FT,72.8815367738916,19.085613170498473
12,2111648.306,277100.211,8.073,FT,Kurla combine 08-09-26.csv,1319,1443,FT,72.88148126690811,19.085613372237592
511,2111648.357,277115.184,8.195,LV,Kurla combine 08-09-26.csv,2414,1444,LV,72.88162349762683,19.08561546845639
40,2111648.624,277031.59,9.008,LV,Kurla combine 08-09-26.csv,2222,1445,LV,72.88082936276469,19.08560874680837
6,2111648.649,277115.585,8.208,LV,Kurla combine 08-09-26.csv,879,1446,LV,72.881627273392,19.085618149425883
75,2111648.674,276864.058,5.236,FT,Kurla combine 08-09-26.csv,1104,1447,FT,72.87923788216729,19.085590884447058
791,2111648.674,276864.058,5.236,LV,Kurla combine 08-09-26.csv,3490,1448,LV,72.87923788216729,19.085590884447058
11,2111648.869,277094.947,8.217,FT,Kurla combine 08-09-26.csv,1318,1449,FT,72.88143119665244,19.085617881857075
30,2111649.264,277661.597,8.725,FT,Kurla combine 08-09-26.csv,941,1450,FT,72.88681407452597,19.085683273915713
555,2111649.349,277050.365,8.716,LV,Kurla combine 08-09-26.csv,1863,1451,LV,72.8810076331834,19.085617346118227
599,2111649.601,276755.296,5.212,NALA,Kurla combine 08-09-26.csv,1716,1452,Other / rare,72.87820458884542,19.085587359753315
10,2111649.73,277086.94,8.263,FT,Kurla combine 08-09-26.csv,1317,1453,FT,72.8813550349219,19.08562478315169
577,2111650.394,276858.5,5.482,NALA,Kurla combine 08-09-26.csv,1694,1454,Other / rare,72.87918488597543,19.085605810604054
9,2111650.958,277076.671,8.427,FT,Kurla combine 08-09-26.csv,1316,1455,FT,72.88125734306145,19.085634751805173
39,2111651.261,277027.809,8.831,FT,Kurla combine 08-09-26.csv,2221,1456,FT,72.88079314193058,19.085632149405267
8,2111651.678,277069.623,8.705,FT,Kurla combine 08-09-26.csv,1315,1457,FT,72.88119030758331,19.085640484377745
29,2111651.951,277648.293,8.746,FT,Kurla combine 08-09-26.csv,940,1458,FT,72.88668738420806,19.08570609160683
12,2111652.397,277242.307,7.48,NALI TOP,Kurla combine 08-09-26.csv,885,1459,Other / rare,72.88283064403262,19.085665837532936
11,2111652.473,277241.801,7.484,NALI TOP,Kurla combine 08-09-26.csv,884,1460,Other / rare,72.88282582853387,19.08566646867811
524,2111652.712,277216.7,7.342,LV,Kurla combine 08-09-26.csv,2427,1461,LV,72.88258735293802,19.085665886690165
600,2111653.496,276756.478,5.213,NALA,Kurla combine 08-09-26.csv,1717,1462,Other / rare,72.8782153690322,19.085622666272062
2,2111653.753,277092.276,8.634,LV,Kurla combine 08-09-26.csv,875,1463,LV,72.88140526217659,19.085661699379344
807,2111654.023,276750.584,5.052,LV,Kurla combine 08-09-26.csv,3506,1464,LV,72.87815931822709,19.085626780935055
91,2111654.023,276750.584,5.052,FT+BT,Kurla combine 08-09-26.csv,1120,1465,Other / rare,72.87815931822709,19.085626780935055
581,2111654.11,277332.968,6.721,LV,Kurla combine 08-09-26.csv,1889,1466,LV,72.88369168624419,19.085691203981316
81,2111654.13,277070.559,7.379,BED,Additional data 01 Oct 2026.csv,225,1467,BED,72.88119891736712,19.085662731610118
7,2111654.915,277117.495,8.291,LV,Kurla combine 08-09-26.csv,880,1468,LV,72.88164469757602,19.085674948768315
154,2111655.101,276906.703,6.973,LV,Kurla combine 08-09-26.csv,3870,1469,LV,72.87964225021778,19.08565359221607
513,2111655.475,277139.507,7.699,LV,Kurla combine 08-09-26.csv,2416,1470,LV,72.88185373716985,19.085682410675773
80,2111655.766,276753.793,5.139,LV,Kurla combine 08-09-26.csv,3795,1471,LV,72.87818960159008,19.085642873720207
545,2111655.782,277055.142,8.803,FT,Kurla combine 08-09-26.csv,1853,1472,FT,72.88105227313207,19.08567596700255
544,2111656.438,277053.772,8.702,FT,Kurla combine 08-09-26.csv,1852,1473,FT,72.8810391833718,19.085681741901745
75,2111656.508,277338.961,6.85,FT,Kurla combine 08-09-26.csv,2257,1474,FT,72.88374834183375,19.085713515285498
543,2111656.985,277052.509,8.547,FT,Kurla combine 08-09-26.csv,1851,1475,FT,72.88102712258859,19.0856865440699
601,2111657.022,276757.454,5.232,NALA,Kurla combine 08-09-26.csv,1718,1476,Other / rare,72.87822423478663,19.085654617675658
183,2111657.059,276902.676,6.86,CC,Kurla combine 08-09-26.csv,1211,1477,CC,72.87960377043625,19.08567083535746
898,2111657.059,276902.676,6.86,LV,Kurla combine 08-09-26.csv,3597,1478,LV,72.87960377043625,19.08567083535746
57,2111657.181,276910.714,6.956,CC,Kurla combine 08-09-26.csv,22,1479,CC,72.8796801136217,19.085672816033497
526,2111658.032,277266.739,7.852,LV,Kurla combine 08-09-26.csv,2429,1480,LV,72.88306209001803,19.0857193966267
36,2111659.203,277329.243,6.73,FT,Kurla combine 08-09-26.csv,1343,1481,FT,72.88365571579196,19.085736794418736
542,2111659.426,277049.98,8.711,FT,Kurla combine 08-09-26.csv,1850,1482,FT,72.88100281771023,19.085708313356623
602,2111659.894,276758.139,5.235,NALA,Kurla combine 08-09-26.csv,1719,1483,Other / rare,72.87823041144593,19.085680630723246
808,2111660.114,276752.239,5.062,LV,Kurla combine 08-09-26.csv,3507,1484,LV,72.87817433895461,19.08568197210117
92,2111660.114,276752.239,5.062,FT+BT,Kurla combine 08-09-26.csv,1121,1485,Other / rare,72.87817433895461,19.08568197210117
582,2111660.458,277334.302,6.786,LV,Kurla combine 08-09-26.csv,1890,1486,LV,72.8837036300007,19.085748680914353
41,2111660.476,277034.83,8.942,LV,Kurla combine 08-09-26.csv,2223,1487,LV,72.88085877900573,19.085716140868037
79,2111660.484,277051.611,7.651,BED,Additional data 01 Oct 2026.csv,223,1488,BED,72.88101818986387,19.085718046779366
17,2111661.272,277657.578,8.911,DIV,Kurla combine 08-09-26.csv,928,1489,DIV,72.88677451940724,19.085791285296132
541,2111661.415,277048.899,8.743,FT,Kurla combine 08-09-26.csv,1849,1490,FT,72.88099232010966,19.08572615867134
505,2111661.949,277091.152,8.805,LV,Kurla combine 08-09-26.csv,2408,1491,LV,72.88139364289736,19.085735597868716
5,2111662.504,276759.609,1.029,BED,Kurla combine 08-09-26.csv,1451,1492,BED,72.87824407538295,19.0857043634372
42,2111663.812,276863.529,5.382,LV,Kurla combine 08-09-26.csv,3756,1493,LV,72.87923111565219,19.08572754360485
603,2111663.852,276758.785,5.228,NALA,Kurla combine 08-09-26.csv,1720,1494,Other / rare,72.87823609264781,19.085716447574427
540,2111664.158,277048.125,8.76,FT,Kurla combine 08-09-26.csv,1848,1495,FT,72.88098465220733,19.08575084719751
7,2111664.184,276759.524,-0.257,BED,Kurla combine 08-09-26.csv,1453,1496,BED,72.87824307458875,19.08571952684348
62,2111664.224,276914.291,6.147,BED,Additional data 01 Oct 2026.csv,206,1497,BED,72.87971328349093,19.08573681513872
2,2111664.53,277030.816,7.705,BED,Additional data 01 Oct 2026.csv,3,1498,BED,72.88082018188622,19.085752315483678
576,2111664.573,276860.719,5.417,NALA,Kurla combine 08-09-26.csv,1693,1499,Other / rare,72.879204334437,19.08573410918557
38,2111664.598,277030.935,8.842,FT,Kurla combine 08-09-26.csv,2220,1500,FT,72.880821304515635,19.085752942621923
809,2111665.478,276753.021,5.063,LV,Kurla combine 08-09-26.csv,3508,1501,LV,72.87818115027173,19.085730501942376
93,2111665.478,276753.021,5.063,FT+BT,Kurla combine 08-09-26.csv,1122,1502,Other / rare,72.87818115027173,19.085730501942376
74,2111665.884,276866.974,5.284,FT,Kurla combine 08-09-26.csv,1103,1503,FT,72.87926360320104,19.08574663335701
790,2111665.884,276866.974,5.284,LV,Kurla combine 08-09-26.csv,3489,1504,LV,72.87926360320104,19.08574663335701
41,2111666.317,276863.865,5.408,CH,Kurla combine 08-09-26.csv,3755,1505,Other / rare,72.87923401935238,19.085750203952106
604,2111666.398,276758.816,5.241,NALA,Kurla combine 08-09-26.csv,1721,1506,Other / rare,72.87823609413753,19.085739444840712
40,2111666.629,276863.762,5.442,CH TOP,Kurla combine 08-09-26.csv,3754,1507,Other / rare,72.87923300501231,19.085753010478296
37,2111666.63,277030.186,8.831,FT,Kurla combine 08-09-26.csv,2219,1508,FT,72.88081395579887,19.08577121255363
546,2111666.681,277045.088,8.889,LV,Kurla combine 08-09-26.csv,1854,1509,LV,72.88095551212128,19.08577330154208
539,2111666.715,277048.064,8.808,FT,Kurla combine 08-09-26.csv,1847,1510,FT,72.88098377885422,19.085773933793018
36,2111667.346,277030.161,8.877,FT,Kurla combine 08-09-26.csv,2218,1511,FT,72.88081363601236,19.08577767629528
506,2111667.736,277080.774,8.862,LV,Kurla combine 08-09-26.csv,2409,1512,LV,72.88129439162283,19.08578672873732
538,2111667.762,277048.117,8.822,FT,Kurla combine 08-09-26.csv,1846,1513,FT,72.88098416199614,19.08578339544815
61,2111667.951,276908.06,5.944,BED,Additional data 01 Oct 2026.csv,205,1514,BED,72.87965366327971,19.085769793830114
575,2111668.38,276861.303,5.407,NALA,Kurla combine 08-09-26.csv,1692,1515,Other / rare,72.87920944425062,19.08576855550854
99,2111669.238,277652.202,8.171,BED,Additional data 01 Oct 2026.csv,243,1516,BED,72.88672253659325,19.085862643777748
583,2111669.666,277336.278,6.825,LV,Kurla combine 08-09-26.csv,1891,1517,LV,72.88372134420021,19.085832057724073
16,2111669.716,277659.828,9.019,DIV,Kurla combine 08-09-26.csv,927,1518,DIV,72.88679492563351,19.08586779180931
517,2111669.979,277200.641,7.647,LV,Kurla combine 08-09-26.csv,2420,1519,LV,72.88243281654925,19.085820078364485
574,2111670.22,276861.49,5.471,NALA,Kurla combine 08-09-26.csv,1691,1520,Other / rare,72.87921100901129,19.085785193694747
537,2111670.331,277048.486,8.824,FT,Kurla combine 08-09-26.csv,1845,1521,FT,72.88098737206754,19.085806637405494
536,2111670.366,277048.468,8.808,FT,Kurla combine 08-09-26.csv,1844,1522,FT,72.8809871970531,19.085806951537275
605,2111671.234,276758.848,5.272,NALA,Kurla combine 08-09-26.csv,1722,1523,Other / rare,72.8782358415909,19.085783124059482
73,2111671.335,276867.574,5.299,FT,Kurla combine 08-09-26.csv,1102,1524,FT,72.87926867591842,19.085795929015603
789,2111671.335,276867.574,5.299,LV,Kurla combine 08-09-26.csv,3488,1525,LV,72.87926867591842,19.085795929015603
573,2111671.713,276861.602,5.45,NALA,Kurla combine 08-09-26.csv,1690,1526,Other / rare,72.87921190122182,19.08579868979072
514,2111671.946,277143.824,7.666,LV,Kurla combine 08-09-26.csv,2417,1527,LV,72.8818928544681,19.08583163827622
535,2111673.669,277048.955,8.811,FT,Kurla combine 08-09-26.csv,1843,1528,FT,72.88099144371144,19.085836835427486
56,2111673.722,276917.503,7.118,CC,Kurla combine 08-09-26.csv,21,1529,CC,72.87974270372864,19.085822946375036
76,2111673.927,277342.796,6.862,FT,Kurla combine 08-09-26.csv,2258,1530,FT,72.8837827732756,19.085871251821548
35,2111674.212,277031.839,8.785,FT,Kurla combine 08-09-26.csv,2217,1531,FT,72.88082878706213,19.085839869169135
77,2111674.487,277342.37,6.904,FT,Kurla combine 08-09-26.csv,2259,1532,FT,72.88377866218298,19.08587626292133
153,2111674.724,276914.905,7.154,LV,Kurla combine 08-09-26.csv,3869,1533,LV,72.87971790869688,19.085831711772183
8,2111674.8,277342.491,5.584,BED,Kurla combine 08-09-26.csv,2440,1534,BED,72.88377977570401,19.085879102955133
42,2111674.821,277037.841,8.906,LV,Kurla combine 08-09-26.csv,2224,1535,LV,72.8808857333421,19.085846025152286
7,2111674.841,277342.494,5.593,BED,Kurla combine 08-09-26.csv,2439,1536,BED,72.88377979949668,19.085879473570113
34,2111675.285,277032.089,8.781,FT,Kurla combine 08-09-26.csv,2216,1537,FT,72.8808310386172,19.085849587167207
4,2111675.463,277110.685,8.82,LV,Kurla combine 08-09-26.csv,877,1538,LV,72.88157764473799,19.085859781923652
31,2111676.016,277669.085,9.038,FT,Kurla combine 08-09-26.csv,942,1539,FT,72.8868821412275,19.08592569847974
81,2111676.092,276755.314,5.188,LV,Kurla combine 08-09-26.csv,3796,1540,LV,72.87820171118969,19.08582661180928
3,2111676.112,277097.037,8.889,LV,Kurla combine 08-09-26.csv,876,1541,LV,72.88144792028487,19.085864152372718
72,2111676.746,276867.555,5.334,FT,Kurla combine 08-09-26.csv,1101,1542,FT,72.87926787302501,19.085844795727184
788,2111676.746,276867.555,5.334,LV,Kurla combine 08-09-26.csv,3487,1543,LV,72.87926787302501,19.085844795727184
17,2111677.476,277269.899,7.922,LV,Kurla combine 08-09-26.csv,890,1544,LV,72.88308987608406,19.08589534813232
16,2111677.841,277267.284,7.864,LV,Kurla combine 08-09-26.csv,889,1545,LV,72.8830649928171,19.085898359138227
33,2111678.036,277031.846,8.801,FT,Kurla combine 08-09-26.csv,2215,1546,FT,72.88082841402455,19.085874405960528
15,2111678.043,277264.872,7.849,LV,Kurla combine 08-09-26.csv,888,1547,LV,72.88304205667681,19.085899920182406
37,2111678.096,277333.88,6.913,FT,Kurla combine 08-09-26.csv,1344,1548,FT,72.88369759660509,19.08590793077531
74,2111678.323,277033.153,8.536,BED,Additional data 01 Oct 2026.csv,218,1549,BED,72.88084079694605,19.08587714079285
71,2111678.629,276869.331,5.446,FT,Kurla combine 08-09-26.csv,1100,1550,FT,72.87928452761096,19.08586199603008
787,2111678.629,276869.331,5.446,LV,Kurla combine 08-09-26.csv,3486,1551,LV,72.87928452761096,19.08586199603008
3,2111678.641,277031.612,7.996,BED,Additional data 01 Oct 2026.csv,4,1552,BED,72.88082612159081,19.085879844379313
70,2111678.647,276869.321,5.436,FT,Kurla combine 08-09-26.csv,1099,1553,FT,72.87928443054514,19.08586215750133
786,2111678.647,276869.321,5.436,LV,Kurla combine 08-09-26.csv,3485,1554,LV,72.87928443054514,19.08586215750133
572,2111678.68,276861.799,5.394,NALA,Kurla combine 08-09-26.csv,1689,1555,Other / rare,72.8792129712271,19.0858616329466
534,2111678.952,277049.754,8.878,FT,Kurla combine 08-09-26.csv,1842,1556,FT,72.88099842666472,19.085884635558735
32,2111679.127,277031.659,8.698,FT,Kurla combine 08-09-26.csv,2214,1557,FT,72.88082651220813,19.085884238769708
69,2111679.778,276871.938,5.605,FT,Kurla combine 08-09-26.csv,1098,1558,FT,72.87930916074446,19.085872658173866
785,2111679.778,276871.938,5.605,LV,Kurla combine 08-09-26.csv,3484,1559,LV,72.87930916074446,19.085872658173866
31,2111680.49,277031.959,8.747,FT,Kurla combine 08-09-26.csv,2213,1560,FT,72.88082920540788,19.08589658133406
606,2111680.85,276758.838,5.375,NALA,Kurla combine 08-09-26.csv,1723,1561,Other / rare,72.87823463997276,19.085869968643188
15,2111681.552,277663.567,9.138,DIV,Kurla combine 08-09-26.csv,926,1562,DIV,72.88682908798441,19.085975095160627
810,2111681.672,276753.069,5.217,LV,Kurla combine 08-09-26.csv,3509,1563,LV,72.878179742575,19.085876761235337
94,2111681.672,276753.069,5.217,FT+BT,Kurla combine 08-09-26.csv,1123,1564,Other / rare,72.878179742575,19.085876761235337
584,2111681.798,277338.987,6.959,LV,Kurla combine 08-09-26.csv,1892,1565,LV,72.88374568597042,19.085941922350212
547,2111681.806,277046.47,8.908,LV,Kurla combine 08-09-26.csv,1855,1566,LV,72.88096690212276,19.085910052303085
5,2111681.82,277052.024,11.156,BED,Additional data 01 Oct 2026.csv,6,1567,BED,72.88101966102094,19.085910785618438
6,2111681.942,277050.933,11.118,BED,Additional data 01 Oct 2026.csv,7,1568,BED,72.8810092829888,19.08591176823738
4,2111682.043,277052.016,7.909,BED,Additional data 01 Oct 2026.csv,5,1569,BED,72.88101955939491,19.085912798743994
507,2111682.432,277081.557,8.862,LV,Kurla combine 08-09-26.csv,2410,1570,LV,72.88130014097099,19.08591953959551
533,2111682.949,277050.631,8.942,FT,Kurla combine 08-09-26.csv,1841,1571,FT,72.88100629838802,19.085920829846966
67,2111683.604,276875.889,5.56,LV,Additional data 01 Oct 2026.csv,211,1572,LV,72.87934625334952,19.085907644286923
39,2111684.64,276865.135,5.429,LV,Kurla combine 08-09-26.csv,3753,1573,LV,72.87924397612268,19.08591582478295
30,2111685.289,277033.447,8.753,FT,Kurla combine 08-09-26.csv,2212,1574,FT,72.88084278913736,19.085940085566705
510,2111686.264,277097.658,8.897,LV,Kurla combine 08-09-26.csv,2413,1575,LV,72.88145265296542,19.085955906897794
66,2111686.324,276875.076,4.71,BED,Additional data 01 Oct 2026.csv,210,1576,BED,72.87933821736243,19.08593212073318
68,2111686.494,276872.066,5.672,FT,Kurla combine 08-09-26.csv,1097,1577,FT,72.87930960418664,19.08593332691075
784,2111686.494,276872.066,5.672,LV,Kurla combine 08-09-26.csv,3483,1578,LV,72.87930960418664,19.08593332691075
122,2111686.648,277152.513,7.675,LV,Kurla combine 08-09-26.csv,1433,1579,LV,72.88197370712653,19.08596536684273
67,2111687.898,276868.707,5.471,FT,Kurla combine 08-09-26.csv,1096,1580,FT,72.87927753372914,19.08594563963939
783,2111687.898,276868.707,5.471,LV,Kurla combine 08-09-26.csv,3482,1581,LV,72.87927753372914,19.08594563963939
532,2111687.957,277052.118,8.994,FT,Kurla combine 08-09-26.csv,1840,1582,FT,72.88101984864629,19.085966221522074
46,2111688.188,277035.115,8.873,CC,Kurla combine 08-09-26.csv,11,1583,CC,72.88085830117898,19.08596644983179
571,2111688.513,276861.976,5.427,NALA,Kurla combine 08-09-26.csv,1688,1584,Other / rare,72.87921352156646,19.08595045784463
43,2111688.523,277040.882,8.873,LV,Kurla combine 08-09-26.csv,2225,1585,LV,72.88091304660136,19.085970105530613
66,2111688.584,276867.867,5.361,FT,Kurla combine 08-09-26.csv,1095,1586,FT,72.87926947520545,19.08595174330503
782,2111688.584,276867.867,5.361,LV,Kurla combine 08-09-26.csv,3481,1587,LV,72.87926947520545,19.08595174330503
59,2111688.616,278222.964,19.91,LV,Kurla combine 08-09-26.csv,970,1588,LV,72.89214233306869,19.086099773104426
55,2111688.68,276924.164,7.188,CC,Kurla combine 08-09-26.csv,20,1589,CC,72.8798042600349,19.085958766032704
152,2111689.658,276921.269,7.164,LV,Kurla combine 08-09-26.csv,3868,1590,LV,72.87977664637901,19.085967282211854
5,2111689.828,277113.914,8.851,LV,Kurla combine 08-09-26.csv,878,1591,LV,72.88160666826401,19.0859898705987
65,2111690.676,276867.852,5.332,FT,Kurla combine 08-09-26.csv,1094,1592,FT,72.87926909207744,19.085970635308335
781,2111690.676,276867.852,5.332,LV,Kurla combine 08-09-26.csv,3480,1593,LV,72.87926909207744,19.085970635308335
144,2111691.864,277033.5,8.909,LV,Kurla combine 08-09-26.csv,3860,1594,LV,72.88084253687677,19.085999472732112
14,2111692.775,277667.499,9.273,DIV,Kurla combine 08-09-26.csv,925,1595,DIV,72.88686515405404,19.086076883277048
13,2111692.994,277666.925,9.229,DIV,Kurla combine 08-09-26.csv,924,1596,DIV,72.88685967618468,19.086078798611773
585,2111693.541,277341.681,6.965,LV,Kurla combine 08-09-26.csv,1893,1597,LV,72.88376992992227,19.086048272121698
29,2111694.109,277038.228,8.865,FT,Kurla combine 08-09-26.csv,2211,1598,FT,72.8808871927374,19.08602026485179
182,2111694.174,276917.359,7.058,CC,Kurla combine 08-09-26.csv,1210,1599,CC,72.87973898380694,19.086007640440098
897,2111694.174,276917.359,7.058,LV,Kurla combine 08-09-26.csv,3596,1600,LV,72.87973898380694,19.086007640440098
167,2111694.566,277035.91,8.849,CC,Kurla combine 08-09-26.csv,1195,1601,CC,72.88086512023733,19.08602413889676
882,2111694.566,277035.91,8.849,LV,Kurla combine 08-09-26.csv,3581,1602,LV,72.88086512023733,19.08602413889676
168,2111694.976,277032.897,8.826,CC,Kurla combine 08-09-26.csv,1196,1603,CC,72.88083645094669,19.086027512516388
883,2111694.976,277032.897,8.826,LV,Kurla combine 08-09-26.csv,3582,1604,LV,72.88083645094669,19.086027512516388
73,2111695.255,277034.265,7.867,BED,Additional data 01 Oct 2026.csv,217,1605,BED,72.88084941427203,19.086030181763995
17,2111695.362,276861.69,0.224,BED,Kurla combine 08-09-26.csv,1463,1606,BED,72.87921001685994,19.086012282475902
607,2111695.952,276758.888,5.601,NALA,Kurla combine 08-09-26.csv,1724,1607,Other / rare,72.87823337697814,19.086006365899205
47,2111695.982,277013.51,8.812,CC,Kurla combine 08-09-26.csv,12,1608,CC,72.88065216740814,19.08603447944631
84,2111695.995,276757.186,5.496,CH TOP,Kurla combine 08-09-26.csv,3799,1609,Other / rare,72.87821720381322,19.086006568029916
83,2111696.231,276757.387,5.517,CH,Kurla combine 08-09-26.csv,3798,1610,Other / rare,72.87821908606098,19.08600872142553
82,2111696.282,276755.704,5.422,LV,Kurla combine 08-09-26.csv,3797,1611,LV,72.8782030924665,19.086008997884775
509,2111696.92,277098.542,8.947,LV,Kurla combine 08-09-26.csv,2412,1612,LV,72.88145982611694,19.086052241975
78,2111696.95,277347.217,6.969,FT,Kurla combine 08-09-26.csv,2260,1613,FT,72.88382212829164,19.086079664294875
38,2111697.006,277338.219,6.886,FT,Kurla combine 08-09-26.csv,1345,1614,FT,72.8837366446611,19.08607918814153
145,2111697.749,277018.355,8.76,LV,Kurla combine 08-09-26.csv,3861,1615,LV,72.88069798964302,19.086050967394126
38,2111697.788,276866.251,5.421,CH,Kurla combine 08-09-26.csv,3752,1616,Other / rare,72.8792530652331,19.0860346913888
37,2111697.818,276865.941,5.407,CH TOP,Kurla combine 08-09-26.csv,3751,1617,Other / rare,72.87925011692255,19.08603492842894
508,2111698.5,277082.871,8.89,LV,Kurla combine 08-09-26.csv,2411,1618,LV,72.88131077691905,19.086064799533354
68,2111698.508,276887.36,5.623,LV,Additional data 01 Oct 2026.csv,212,1619,LV,72.87945350838419,19.086043502324543
32,2111699.368,277661.978,9.204,FT,Kurla combine 08-09-26.csv,943,1620,FT,72.886811951103,19.08613582583376
811,2111699.45,276753.374,5.338,LV,Kurla combine 08-09-26.csv,3510,1621,LV,72.87818059394819,19.086037354338462
95,2111699.45,276753.374,5.338,FT+BT,Kurla combine 08-09-26.csv,1124,1622,Other / rare,72.87818059394819,19.086037354338462
54,2111700.05,276929.075,7.245,CC,Kurla combine 08-09-26.csv,19,1623,CC,72.87984960481532,19.086061989756363
528,2111700.25,277337.06,7.075,LV,Kurla combine 08-09-26.csv,2431,1624,LV,72.88372526228645,19.086108359538017
44,2111700.538,277043.632,8.837,LV,Kurla combine 08-09-26.csv,2226,1625,LV,72.8809377894176,19.086078918157394
518,2111701.205,277205.747,7.764,LV,Kurla combine 08-09-26.csv,2421,1626,LV,72.88247773490309,19.086102650310867
169,2111701.504,277016.856,8.695,CC,Kurla combine 08-09-26.csv,1197,1627,CC,72.88068331816844,19.08608471643322
884,2111701.504,277016.856,8.695,LV,Kurla combine 08-09-26.csv,3583,1628,LV,72.88068331816844,19.08608471643322
48,2111701.823,276998.821,8.833,CC,Kurla combine 08-09-26.csv,13,1629,CC,72.88051195695665,19.086085626407204
608,2111703.109,276758.825,5.61,NALA,Kurla combine 08-09-26.csv,1725,1630,Other / rare,72.87823195485852,19.086070996537575
28,2111703.468,277040.263,8.857,FT,Kurla combine 08-09-26.csv,2210,1631,FT,72.88090544862946,19.08610501198362
36,2111704.287,276865.407,5.444,LV,Kurla combine 08-09-26.csv,3750,1632,LV,72.8792443000466,19.086093294016703
531,2111704.374,277054.861,8.835,FT,Kurla combine 08-09-26.csv,1839,1633,FT,72.88104401911104,19.08611478954943
12,2111704.548,277671.966,9.282,LV,Kurla combine 08-09-26.csv,923,1634,LV,72.88690623941199,19.08618369696855
548,2111704.856,277051.526,8.905,LV,Kurla combine 08-09-26.csv,1856,1635,LV,72.88101228267074,19.086118778271295
79,2111705.136,277349.049,6.972,FT,Kurla combine 08-09-26.csv,2261,1636,FT,72.88383859193428,19.08615379528989
586,2111705.756,277344.366,7.044,LV,Kurla combine 08-09-26.csv,1894,1637,LV,72.88379403422475,19.086158883732743
151,2111706.507,276928.763,7.312,LV,Kurla combine 08-09-26.csv,3867,1638,LV,72.87984589842706,19.0861202712775
146,2111707.253,276994.267,8.73,LV,Kurla combine 08-09-26.csv,3862,1639,LV,72.88046807172465,19.08613416909935
609,2111708.212,276759.234,5.619,NALA,Kurla combine 08-09-26.csv,1726,1640,Other / rare,72.87823525290251,19.086117128379282
49,2111708.232,276980.856,8.701,CC,Kurla combine 08-09-26.csv,14,1641,CC,72.88034056056708,19.08614154500464
170,2111709.347,276997.27,8.689,CC,Kurla combine 08-09-26.csv,1198,1642,CC,72.88049635817764,19.08615340903583
885,2111709.347,276997.27,8.689,LV,Kurla combine 08-09-26.csv,3584,1643,LV,72.88049635817764,19.08615340903583
45,2111709.524,277052.384,8.833,LV,Kurla combine 08-09-26.csv,2227,1644,LV,72.88101989679124,19.086161030545025
181,2111709.574,276923.332,7.299,CC,Kurla combine 08-09-26.csv,1209,1645,CC,72.87979395363745,19.086147376753466
896,2111709.574,276923.332,7.299,LV,Kurla combine 08-09-26.csv,3595,1646,LV,72.87979395363745,19.086147376753466
53,2111709.774,276935.472,7.403,CC,Kurla combine 08-09-26.csv,18,1647,CC,72.87990925526915,19.086150510276784
812,2111710.497,276753.751,5.345,LV,Kurla combine 08-09-26.csv,3511,1648,LV,72.87818290392116,19.086137165153133
96,2111710.497,276753.751,5.345,FT+BT,Kurla combine 08-09-26.csv,1125,1649,Other / rare,72.87818290392116,19.086137165153133
85,2111711.547,276756.56,5.46,LV,Kurla combine 08-09-26.csv,3800,1650,LV,72.87820946730915,19.086146955436774
519,2111711.715,277195.229,8.013,LV,Kurla combine 08-09-26.csv,2422,1651,LV,72.88237661124833,19.086196421770737
124,2111711.896,277336.478,7.226,LV,Kurla combine 08-09-26.csv,1435,1652,LV,72.88371839673034,19.08621347575975
570,2111712.029,276862.524,5.46,NALA,Kurla combine 08-09-26.csv,1687,1653,Other / rare,72.87921602227829,19.08616289965956
180,2111712.224,276928.304,7.261,CC,Kurla combine 08-09-26.csv,1208,1654,CC,72.87984088069632,19.086171853504236
895,2111712.224,276928.304,7.261,LV,Kurla combine 08-09-26.csv,3594,1655,LV,72.87984088069632,19.086171853504236
50,2111712.693,276965.666,8.405,CC,Kurla combine 08-09-26.csv,15,1656,CC,72.88019574933956,19.086180173635526
64,2111713.209,276868.504,5.272,FT,Kurla combine 08-09-26.csv,1093,1657,FT,72.87927269388368,19.086174210657433
780,2111713.209,276868.504,5.272,LV,Kurla combine 08-09-26.csv,3479,1658,LV,72.87927269388368,19.086174210657433
147,2111714.424,276971.872,8.543,LV,Kurla combine 08-09-26.csv,3863,1659,LV,72.88025450459986,19.086196485334924
125,2111715.059,277319.715,7.584,LV,Kurla combine 08-09-26.csv,1436,1660,LV,72.88355879209408,19.086240212682497
172,2111715.246,276981.198,8.66,CC,Kurla combine 08-09-26.csv,1200,1661,CC,72.88034300302158,19.086204928517294
887,2111715.246,276981.198,8.66,LV,Kurla combine 08-09-26.csv,3586,1662,LV,72.88034300302158,19.086204928517294
72,2111715.36,276983.647,7.576,BED,Additional data 01 Oct 2026.csv,216,1663,BED,72.8803662543475,19.08620622577769
69,2111715.425,276899.606,5.81,LV,Additional data 01 Oct 2026.csv,213,1664,LV,72.8795678942279,19.086197625223697
171,2111715.78,276982.006,8.71,CC,Kurla combine 08-09-26.csv,1199,1665,CC,72.88035061727572,19.086209839593614
886,2111715.78,276982.006,8.71,LV,Kurla combine 08-09-26.csv,3585,1666,LV,72.88035061727572,19.086209839593614
9,2111717.065,277058.536,7.818,CH,Additional data 01 Oct 2026.csv,10,1667,Other / rare,72.88107747143542,19.08622980845709
126,2111717.065,277306.39,7.794,LV,Kurla combine 08-09-26.csv,1437,1668,LV,72.88343197982549,19.086256875370896
173,2111717.279,276972.588,8.526,CC,Kurla combine 08-09-26.csv,1201,1669,CC,72.88026097803598,19.086222348200582
888,2111717.279,276972.588,8.526,LV,Kurla combine 08-09-26.csv,3587,1670,LV,72.88026097803598,19.086222348200582
8,2111717.349,277057.556,7.783,CH,Additional data 01 Oct 2026.csv,9,1671,Other / rare,72.8810681292167,19.086232266290892
7,2111717.478,277057.84,7.78,BED,Additional data 01 Oct 2026.csv,8,1672,BED,72.88107081226856,19.08623346237161
530,2111717.558,277057.045,8.871,FT,Kurla combine 08-09-26.csv,1838,1673,FT,72.8810632509159,19.086234098016043
20,2111717.888,277277.728,7.718,ROAD LV,Kurla combine 08-09-26.csv,893,1674,Other / rare,72.8831596082246,19.086261179714306
174,2111718.127,276969.648,8.467,CC,Kurla combine 08-09-26.csv,1202,1675,CC,72.88023295181739,19.08622968544724
889,2111718.127,276969.648,8.467,LV,Kurla combine 08-09-26.csv,3588,1676,LV,72.88023295181739,19.08622968544724
150,2111718.479,276936.103,7.464,LV,Kurla combine 08-09-26.csv,3866,1677,LV,72.8799142484788,19.08622919744123
587,2111718.668,277347.11,7.144,LV,Kurla combine 08-09-26.csv,1895,1678,LV,72.88381861902477,19.086275796669984
19,2111718.931,277275.105,7.742,ROAD LV,Kurla combine 08-09-26.csv,892,1679,Other / rare,72.88313457105876,19.086270313140826
63,2111719.002,276932.162,6.282,BED,Additional data 01 Oct 2026.csv,207,1680,BED,72.87987675056031,19.086233489997767
51,2111719.174,276946.88,7.948,CC,Kurla combine 08-09-26.csv,16,1681,CC,72.88001654535344,19.086236652426013
52,2111719.351,276941.926,7.658,CC,Kurla combine 08-09-26.csv,17,1682,CC,72.87996946416217,19.086237709401416
18,2111719.397,277272.633,7.711,ROAD LV,Kurla combine 08-09-26.csv,891,1683,Other / rare,72.88311103457899,19.086274251928835
27,2111719.714,277044.265,9.036,FT,Kurla combine 08-09-26.csv,2209,1684,FT,72.8809415986108,19.086252173223528
179,2111719.723,276932.763,7.468,CC,Kurla combine 08-09-26.csv,1207,1685,CC,72.87988237688627,19.086240067329797
894,2111719.723,276932.763,7.468,LV,Kurla combine 08-09-26.csv,3593,1686,LV,72.87988237688627,19.086240067329797
11,2111720.146,277679.579,9.448,LV,Kurla combine 08-09-26.csv,922,1687,LV,72.88697677220267,19.086325398645293
175,2111720.269,276963.808,8.417,CC,Kurla combine 08-09-26.csv,1203,1688,CC,72.88017722807614,19.08624839229655
890,2111720.269,276963.808,8.417,LV,Kurla combine 08-09-26.csv,3589,1689,LV,72.88017722807614,19.08624839229655
127,2111721.4,277284.512,7.718,LV,Kurla combine 08-09-26.csv,1438,1690,LV,72.88322365018121,19.086293638515876
148,2111721.778,276950.97,8.05,LV,Kurla combine 08-09-26.csv,3864,1691,LV,72.88005509914755,19.08626061726304
529,2111722.799,277057.915,8.901,FT,Kurla combine 08-09-26.csv,1837,1692,FT,72.88107091319137,19.086281526585843
176,2111723.843,276956.068,8.235,CC,Kurla combine 08-09-26.csv,1204,1693,CC,72.88010329049267,19.08627982436854
891,2111723.843,276956.068,8.235,LV,Kurla combine 08-09-26.csv,3590,1694,LV,72.88010329049267,19.08627982436854
80,2111723.984,277353.092,6.996,FT,Kurla combine 08-09-26.csv,2262,1695,FT,72.8838748354062,19.08632446039429
549,2111724.282,277055.719,8.882,LV,Kurla combine 08-09-26.csv,1857,1696,LV,72.88104988168574,19.086294680185084
813,2111724.401,276754.734,5.332,LV,Kurla combine 08-09-26.csv,3512,1697,LV,72.87819064181699,19.086262844901572
97,2111724.401,276754.734,5.332,FT+BT,Kurla combine 08-09-26.csv,1126,1698,Other / rare,72.87819064181699,19.086262844901572
35,2111724.795,276866.401,5.425,LV,Kurla combine 08-09-26.csv,3749,1699,LV,72.8792513835938,19.08627861822187
39,2111724.837,277344.23,7.03,FT,Kurla combine 08-09-26.csv,1346,1700,FT,72.8837905521093,19.08633119712392
100,2111724.856,277671.766,8.257,BED,Additional data 01 Oct 2026.csv,244,1701,BED,72.88690201190236,19.08636708531044
149,2111725.439,276941.171,7.64,LV,Kurla combine 08-09-26.csv,3865,1702,LV,72.87996159192869,19.0862926099173
101,2111725.793,277691.389,8.37,BED,Additional data 01 Oct 2026.csv,245,1703,BED,72.88708831544778,19.08637768590438
8,2111725.83,276761.293,-0.315,BED,Kurla combine 08-09-26.csv,1454,1704,BED,72.87825278493881,19.08627646837259
65,2111726.986,276905.96,5.602,BED,Additional data 01 Oct 2026.csv,209,1705,BED,72.87962692481025,19.086302731768185
33,2111726.993,276867.641,5.357,CH,Kurla combine 08-09-26.csv,3747,1706,Other / rare,72.87926291021695,19.086298604796962
46,2111727.004,277055.68,8.919,LV,Kurla combine 08-09-26.csv,2228,1707,LV,72.88104919835759,19.08631925936322
34,2111727.056,276866.998,5.387,CH TOP,Kurla combine 08-09-26.csv,3748,1708,Other / rare,72.87925679475136,19.086299103455463
9,2111727.354,277683.542,9.526,DIV,Kurla combine 08-09-26.csv,920,1709,DIV,72.88701359306326,19.08639092895824
10,2111727.679,277682.981,9.534,DIV,Kurla combine 08-09-26.csv,921,1710,DIV,72.88700822653081,19.086393803043848
177,2111728.058,276945.01,7.81,CC,Kurla combine 08-09-26.csv,1205,1711,CC,72.8799977596093,19.08631668279717
892,2111728.058,276945.01,7.81,LV,Kurla combine 08-09-26.csv,3591,1712,LV,72.8799977596093,19.08631668279717
32,2111728.113,276867.711,5.349,CH,Kurla combine 08-09-26.csv,3746,1713,Other / rare,72.87926344635413,19.08630872759555
152,2111728.135,277344.796,6.025,BED,Additional data 01 Oct 2026.csv,122,1714,BED,72.88379555032324,19.086361044461693
31,2111728.225,276866.293,5.398,CH,Kurla combine 08-09-26.csv,3745,1715,Other / rare,72.87924996309025,19.086309584037462
87,2111728.61,276759.17,5.664,CH TOP,Kurla combine 08-09-26.csv,3802,1716,Other / rare,72.8782322974483,19.08630134330501
86,2111728.618,276759.482,5.649,CH,Kurla combine 08-09-26.csv,3801,1717,Other / rare,72.87823526038925,19.08630144969273
71,2111729.5,276946.727,6.867,BED,Additional data 01 Oct 2026.csv,215,1718,BED,72.88001390455501,19.086329893755465
569,2111729.861,276862.934,5.481,NALA,Kurla combine 08-09-26.csv,1686,1719,Other / rare,72.87921786586665,19.086323992027452
588,2111730.947,277349.733,7.115,LV,Kurla combine 08-09-26.csv,1896,1720,LV,72.88384212705621,19.086386979522633
33,2111731.193,277676.852,9.308,FT,Kurla combine 08-09-26.csv,944,1721,FT,72.88694960063776,19.086424871633742
178,2111731.53,276936.347,7.335,CC,Kurla combine 08-09-26.csv,1206,1722,CC,72.8799150655946,19.08634709268178
893,2111731.53,276936.347,7.335,LV,Kurla combine 08-09-26.csv,3592,1723,LV,72.8799150655946,19.08634709268178
610,2111732.228,276761.05,5.713,NALA,Kurla combine 08-09-26.csv,1727,1724,Other / rare,72.87824974024132,19.086334224504288
70,2111732.764,276916.609,6.239,LV,Additional data 01 Oct 2026.csv,214,1725,LV,72.8797274211911,19.086356079429084
64,2111734.783,276916.799,5.597,BED,Additional data 01 Oct 2026.csv,208,1726,BED,72.87972899391626,19.08637433456059
63,2111736.329,276869.27,5.371,FT,Kurla combine 08-09-26.csv,1092,1727,FT,72.87927731110106,19.086383099889023
779,2111736.329,276869.27,5.371,LV,Kurla combine 08-09-26.csv,3478,1728,LV,72.87927731110106,19.086383099889023
8,2111737.952,277688.968,9.593,DIV,Kurla combine 08-09-26.csv,919,1729,DIV,72.88706392337694,19.08648723519869
88,2111738.453,276758.524,5.525,LV,Kurla combine 08-09-26.csv,3803,1730,LV,72.87822502795022,19.086390168418095
611,2111739.109,276761.61,5.754,NALA,Kurla combine 08-09-26.csv,1728,1731,Other / rare,72.87825426810203,19.08639643064615
10,2111739.236,277050.135,8.439,BED,Additional data 01 Oct 2026.csv,11,1732,BED,72.88099511732757,19.086429125406514
520,2111739.808,277198.565,8.132,LV,Kurla combine 08-09-26.csv,2423,1733,LV,72.88240507511499,19.086450505075216
26,2111740.404,277050.571,9.028,FT,Kurla combine 08-09-26.csv,2208,1734,FT,72.8809991249001,19.086439721709937
30,2111740.769,276866.69,5.346,LV,Kurla combine 08-09-26.csv,3744,1735,LV,72.87925229148382,19.086422917058222
528,2111741.115,277060.83,9.027,FT,Kurla combine 08-09-26.csv,1836,1736,FT,72.88109649939362,19.086447264011404
47,2111741.138,277058.862,9.037,LV,Kurla combine 08-09-26.csv,2229,1737,LV,72.8810778015721,19.086447256697113
40,2111741.293,277347.683,7.079,FT,Kurla combine 08-09-26.csv,1347,1738,FT,72.88382146534543,19.086480194729823
568,2111742.179,276863.476,5.388,NALA,Kurla combine 08-09-26.csv,1685,1739,Other / rare,72.87922159767237,19.086435299812567
589,2111742.54,277352.137,7.112,LV,Kurla combine 08-09-26.csv,1897,1740,LV,72.88386363343803,19.08649194293231
550,2111744.922,277059.842,9.067,LV,Kurla combine 08-09-26.csv,1858,1741,LV,72.88108667626409,19.086481538552828
23,2111745.727,277283.738,7.459,NAKI TOP LV,Kurla combine 08-09-26.csv,896,1742,Other / rare,72.88321350439219,19.08651326092454
25,2111745.938,277284.028,6.994,NALI BED LV,Kurla combine 08-09-26.csv,898,1743,Other / rare,72.88321623504983,19.086515198205706
24,2111746.333,277283.978,7.454,NAKI TOP LV,Kurla combine 08-09-26.csv,897,1744,Other / rare,72.8832157147176,19.086518760151254
6,2111746.645,277693.344,9.641,DIV,Kurla combine 08-09-26.csv,917,1745,DIV,72.88710449745915,19.08656622216332
21,2111746.697,277276.928,7.604,ROAD LV,Kurla combine 08-09-26.csv,894,1746,Other / rare,72.88314870074795,19.086521278011713
7,2111746.924,277692.693,9.675,DIV,Kurla combine 08-09-26.csv,918,1747,DIV,72.88709828122752,19.086568670999505
5,2111746.937,277692.706,9.674,DIV,Kurla combine 08-09-26.csv,916,1748,DIV,72.88709840323278,19.086568789824454
22,2111747.037,277277.759,7.563,CH TOP LV,Kurla combine 08-09-26.csv,895,1749,Other / rare,72.8831565558765,19.086524439400165
504,2111747.049,277063.326,9.216,CHTOP,Kurla combine 08-09-26.csv,2407,1750,Other / rare,72.88111952836154,19.08650112899853
612,2111747.095,276762.046,5.714,NALA,Kurla combine 08-09-26.csv,1729,1751,Other / rare,72.87825749084931,19.086468602886765
34,2111747.666,277683.381,9.696,FT,Kurla combine 08-09-26.csv,945,1752,FT,72.8870097356691,19.086574357684842
503,2111748.727,277063.56,9.234,LV,Kurla combine 08-09-26.csv,2406,1753,LV,72.88112155841313,19.086516309236856
150,2111749.331,277358.577,5.895,BED,Additional data 01 Oct 2026.csv,120,1754,BED,72.88392403142251,19.08655397795
81,2111749.976,277358.776,7.131,FT,Kurla combine 08-09-26.csv,2263,1755,FT,72.88392584781252,19.086559824921327
814,2111750.161,276756.495,5.4,LV,Kurla combine 08-09-26.csv,3513,1756,LV,72.87820440590102,19.08649568571683
98,2111750.161,276756.495,5.4,FT+BT,Kurla combine 08-09-26.csv,1127,1757,Other / rare,72.87820440590102,19.08649568571683
527,2111751.312,277062.845,9.256,FT,Kurla combine 08-09-26.csv,1835,1758,FT,72.8811144691151,19.086539577252037
567,2111753.429,276864.151,5.326,NALA,Kurla combine 08-09-26.csv,1684,1759,Other / rare,72.87922671577333,19.08653697663082
35,2111753.779,277684.499,9.681,FT,Kurla combine 08-09-26.csv,946,1760,FT,72.88701965563915,19.08662968859382
25,2111754.116,277053.103,9.154,FT,Kurla combine 08-09-26.csv,2207,1761,FT,72.88102160185596,19.08656383677689
4,2111754.387,277700.289,9.633,LV,Kurla combine 08-09-26.csv,915,1762,LV,72.8871695851158,19.086636900142146
521,2111754.768,277200.431,8.184,LV,Kurla combine 08-09-26.csv,2424,1763,LV,72.88242108306191,19.086585818528302
590,2111755.218,277354.813,7.239,LV,Kurla combine 08-09-26.csv,1898,1764,LV,72.88388759919732,19.086606735096684
89,2111755.398,276759.589,5.598,LV,Kurla combine 08-09-26.csv,3804,1765,LV,72.87823319485724,19.086543321539306
11,2111758.159,277053.952,8.816,BED,Additional data 01 Oct 2026.csv,12,1766,BED,72.88102920232522,19.086600443449527
48,2111758.604,277063.141,9.188,LV,Kurla combine 08-09-26.csv,2230,1767,LV,72.88111644292337,19.08660546648072
91,2111760.277,276760.848,5.641,CH TOP,Kurla combine 08-09-26.csv,3806,1768,Other / rare,72.87824459331316,19.086587523354243
82,2111760.308,277360.966,7.198,FT,Kurla combine 08-09-26.csv,2264,1769,FT,72.88394546607594,19.086653376373015
90,2111760.354,276761.133,5.653,CH,Kurla combine 08-09-26.csv,3805,1770,Other / rare,72.87824729182982,19.08658824995275
36,2111760.374,277687.792,9.824,LV,Kurla combine 08-09-26.csv,947,1771,LV,72.88705018207322,19.08668960963846
155,2111760.679,277066.667,8.773,BED,Additional data 01 Oct 2026.csv,125,1772,BED,72.88114970000697,19.086624591880447
27,2111760.832,276867.455,5.237,CH,Kurla combine 08-09-26.csv,3741,1773,Other / rare,72.8792572507997,19.086604197252253
613,2111760.876,276763.078,5.736,NALA,Kurla combine 08-09-26.csv,1730,1774,Other / rare,72.87826570842498,19.086593177137285
41,2111761.15,277351.895,7.266,FT,Kurla combine 08-09-26.csv,1348,1775,FT,72.88385919845419,19.08665999096649
28,2111761.163,276867.546,5.27,CH TOP,Kurla combine 08-09-26.csv,3742,1776,Other / rare,72.87925807718622,19.086607196590187
526,2111762.104,277065.515,9.24,FT,Kurla combine 08-09-26.csv,1834,1777,FT,72.88113859270189,19.086637335736793
29,2111762.259,276867.766,5.252,LV,Kurla combine 08-09-26.csv,3743,1778,LV,72.87926004101995,19.086617119039705
62,2111762.874,276870.634,5.133,FT,Kurla combine 08-09-26.csv,1091,1779,FT,72.87928721507473,19.08662298698383
778,2111762.874,276870.634,5.133,LV,Kurla combine 08-09-26.csv,3477,1780,LV,72.87928721507473,19.08662298698383
551,2111763.951,277064.152,9.27,LV,Kurla combine 08-09-26.csv,1859,1781,LV,72.88112543248023,19.086653867783273
3,2111766.47,277708.013,9.743,LV,Kurla combine 08-09-26.csv,914,1782,LV,72.88724157556871,19.0867468683886
566,2111766.491,276864.815,5.242,NALA,Kurla combine 08-09-26.csv,1683,1783,Other / rare,72.87923152093921,19.086655017101585
591,2111769.126,277357.774,7.351,LV,Kurla combine 08-09-26.csv,1899,1784,LV,72.88391413119335,19.086732666987658
614,2111770.143,276763.608,5.733,NALA,Kurla combine 08-09-26.csv,1731,1785,Other / rare,72.8782696767083,19.08667692884927
24,2111770.214,277056.553,9.26,FT,Kurla combine 08-09-26.csv,2206,1786,FT,72.88105252523147,19.08670960104451
815,2111770.717,276757.869,5.364,LV,Kurla combine 08-09-26.csv,3514,1787,LV,72.87821509257024,19.086681484928057
99,2111770.717,276757.869,5.364,FT+BT,Kurla combine 08-09-26.csv,1128,1788,Other / rare,72.87821509257024,19.086681484928057
713,2111772.047,277104.5392,8.97,LV,Kurla combine 08-09-26.csv,3412,1789,LV,72.88150816424353,19.086731398453747
49,2111772.093,277065.911,9.415,LV,Kurla combine 08-09-26.csv,2231,1790,LV,72.88114120651129,19.086727593547323
36,2111773.659,277103.5069,8.68,LV,Kurla combine 08-09-26.csv,2735,1791,LV,72.88149817256968,19.08674584428047
3,2111775.527,277128.6058,8.51,LV,Kurla combine 08-09-26.csv,2702,1792,LV,72.88173638752019,19.08676545674215
38,2111775.681,277094.9735,8.53,LV,Kurla combine 08-09-26.csv,2737,1793,LV,72.88141687631094,19.08676317348683
154,2111776.674,277070.531,8.774,BED,Additional data 01 Oct 2026.csv,124,1794,BED,72.88118456817513,19.086769471139498
92,2111776.901,276760.867,5.529,LV,Kurla combine 08-09-26.csv,3807,1795,LV,72.87824286060913,19.08673766295652
565,2111777.278,276865.315,5.299,NALA,Kurla combine 08-09-26.csv,1682,1796,Other / rare,72.87923502987104,19.086752493252177
40,2111777.891,277086.3586,8.65,LV,Kurla combine 08-09-26.csv,2739,1797,LV,72.88133478421639,19.086782191652578
26,2111777.98,276868.644,5.232,LV,Kurla combine 08-09-26.csv,3740,1798,LV,72.87926657324888,19.08675919734772
7,2111778.96,277086.058,8.628,LV,Kurla combine 08-09-26.csv,1314,1799,LV,72.88133180578652,19.086791813365974
5,2111778.961,277086.056,8.645,LV,Kurla combine 08-09-26.csv,1312,1800,LV,72.88133178667239,19.086791822178853
6,2111778.967,277086.065,8.584,LV,Kurla combine 08-09-26.csv,1313,1801,LV,72.8813318714793,19.086791877350496
53,2111778.968,277086.036,8.61,LV,Kurla combine 08-09-26.csv,2235,1802,LV,72.88133159587588,19.08679188321347
554,2111778.968,277086.061,8.611,LV,Kurla combine 08-09-26.csv,1862,1803,LV,72.88133183336596,19.08679188594486
58,2111778.988,278207.386,25.116,LV,Kurla combine 08-09-26.csv,969,1804,LV,72.89198401468508,19.0869142702082
166,2111779.414,277068.538,9.468,LV,Kurla combine 08-09-26.csv,1194,1805,LV,72.88116532056502,19.086793999382266
881,2111779.414,277068.538,9.468,LV,Kurla combine 08-09-26.csv,3580,1806,LV,72.88116532056502,19.086793999382266
42,2111779.719,277078.59,9.06,LV,Kurla combine 08-09-26.csv,2741,1807,LV,72.88126077552215,19.08679785225555
153,2111779.962,277070.746,8.817,BED,Additional data 01 Oct 2026.csv,123,1808,BED,72.88118623270738,19.086799189837635
59,2111780.088,276871.398,5.178,FT,Kurla combine 08-09-26.csv,1088,1809,FT,72.87929249263335,19.086778536672956
775,2111780.088,276871.398,5.178,LV,Kurla combine 08-09-26.csv,3474,1810,LV,72.87929249263335,19.086778536672956
714,2111780.176,277106.8202,9.77,LV,Kurla combine 08-09-26.csv,3413,1811,LV,72.88152889873926,19.08680506381967
60,2111780.414,276875.975,5.385,NALI END,Kurla combine 08-09-26.csv,1089,1812,Other / rare,72.87933593475921,19.086781981441
776,2111780.414,276875.975,5.385,LV,Kurla combine 08-09-26.csv,3475,1813,LV,72.87933593475921,19.086781981441
61,2111780.57,276877.284,5.268,NALI END,Kurla combine 08-09-26.csv,1090,1814,Other / rare,72.87934835177917,19.086783533485807
777,2111780.57,276877.284,5.268,LV,Kurla combine 08-09-26.csv,3476,1815,LV,72.87934835177917,19.086783533485807
120,2111780.633,277101.716,8.533,LV,Kurla combine 08-09-26.csv,1431,1816,LV,72.88148035833903,19.086808633547538
35,2111780.679,277105.7768,8.62,LV,Kurla combine 08-09-26.csv,2734,1817,LV,72.88151892905132,19.08680949262214
44,2111781.386,277073.3281,9.57,LV,Kurla combine 08-09-26.csv,2743,1818,LV,72.88121059797736,19.08681233266243
142,2111781.743,277078.106,9.147,LV,Kurla combine 08-09-26.csv,3858,1819,LV,72.88125594510791,19.0868160789058
37,2111781.975,277096.7721,8.42,LV,Kurla combine 08-09-26.csv,2736,1820,LV,72.88143323902551,19.08682021355567
13,2111781.976,277059.245,9.798,CH,Additional data 01 Oct 2026.csv,14,1821,Other / rare,72.88107674630051,19.08681612238503
12,2111782.024,277059.418,8.89,BED,Additional data 01 Oct 2026.csv,13,1822,BED,72.88107838421507,19.086816574795186
14,2111782.819,277059.456,9.759,CH,Additional data 01 Oct 2026.csv,15,1823,Other / rare,72.8810786538277,19.08682375890102
121,2111782.87,277084.344,8.615,LV,Kurla combine 08-09-26.csv,1432,1824,LV,72.88131507412584,19.08682693883437
1,2111782.891,277084.328,8.657,BASELV,Kurla combine 08-09-26.csv,874,1825,Other / rare,72.8813149197188,19.08682712674544
502,2111782.918,277084.398,8.677,LV,Kurla combine 08-09-26.csv,2405,1826,LV,72.88131558158834,19.086827378240933
23,2111782.965,277059.66,9.624,FT,Kurla combine 08-09-26.csv,2205,1827,FT,72.88108057496657,19.086825099774536
552,2111783.083,277068.63,9.577,LV,Kurla combine 08-09-26.csv,1860,1828,LV,72.8811657728543,19.08682714559978
615,2111783.165,276764.277,5.705,NALA,Kurla combine 08-09-26.csv,1732,1829,Other / rare,72.87827453328728,19.086794608570326
50,2111783.409,277068.457,9.6,LV,Kurla combine 08-09-26.csv,2232,1830,LV,72.88116409195584,19.08683007092974
2,2111783.436,277718.473,9.936,LV,Kurla combine 08-09-26.csv,913,1831,LV,72.8873389975728,19.086901235141134
39,2111783.519,277087.7927,8.49,LV,Kurla combine 08-09-26.csv,2738,1832,LV,72.88134776083291,19.08683317699704
51,2111783.769,277072.47,9.674,LV,Kurla combine 08-09-26.csv,2233,1833,LV,72.88120217249615,19.0868337607043
4,2111784.122,277083.813,8.734,LV,Kurla combine 08-09-26.csv,1311,1834,LV,72.88130988595397,19.08683818811869
553,2111784.131,277083.935,8.665,LV,Kurla combine 08-09-26.csv,1861,1835,LV,72.88131104387162,19.08683828273055
52,2111784.184,277083.999,8.703,LV,Kurla combine 08-09-26.csv,2234,1836,LV,72.88131164575559,19.086838768386638
41,2111784.428,277079.7505,9.06,LV,Kurla combine 08-09-26.csv,2740,1837,LV,72.88127125863844,19.08684050786304
592,2111784.545,277360.932,7.451,LV,Kurla combine 08-09-26.csv,1900,1838,LV,72.88394236121495,19.086872266826862
43,2111784.645,277074.5646,9.58,LV,Kurla combine 08-09-26.csv,2742,1839,LV,72.88122196969397,19.086841901061394
22,2111785.15,277059.243,9.797,FT,Kurla combine 08-09-26.csv,2204,1840,FT,72.88107636250115,19.086844787792558
37,2111785.274,277680.845,9.701,LV,Kurla combine 08-09-26.csv,948,1841,LV,72.88698133424941,19.086913735106478
151,2111785.387,277356.935,6.389,BED,Additional data 01 Oct 2026.csv,121,1842,BED,72.88390429457205,19.086879435106923
501,2111785.457,277086.663,8.518,LV,Kurla combine 08-09-26.csv,2404,1843,LV,72.88133680641342,19.0868505564045
34,2111785.595,277106.297,8.51,LV,Kurla combine 08-09-26.csv,2733,1844,LV,72.88152330585035,19.086853947769036
30,2111786.104,277098.3378,8.37,LV,Kurla combine 08-09-26.csv,2729,1845,LV,72.88144763807925,19.086857675219427
21,2111786.23,277059.124,9.685,FT,Kurla combine 08-09-26.csv,2203,1846,FT,72.88107510791936,19.086854528688725
83,2111786.677,277366.636,7.491,FT,Kurla combine 08-09-26.csv,2265,1847,FT,72.8839963023702,19.08689214420412
A4,2111786.698,277070.38,9.668,ST,Kurla combine 08-09-26.csv,1426,1848,Other / rare,72.88118198169673,19.086859985282185
28,2111787.103,277089.9282,8.45,LV,Kurla combine 08-09-26.csv,2727,1849,LV,72.88136763537476,19.086865778811383
525,2111787.315,277071.029,9.686,FT,Kurla combine 08-09-26.csv,1833,1850,FT,72.88118807603074,19.086865628561146
20,2111787.565,277059.34,9.699,FT,Kurla combine 08-09-26.csv,2202,1851,FT,72.88107700639719,19.08686660919404
157,2111787.578,277072.505,9.904,CH,Additional data 01 Oct 2026.csv,127,1852,Other / rare,72.88120206722463,19.08686816508878
1,2111787.888,277068.306,9.672,LV,Kurla combine 08-09-26.csv,2183,1853,LV,72.88116214274694,19.086870506020585
156,2111787.97,277072.031,9.037,BED,Additional data 01 Oct 2026.csv,126,1854,BED,72.88119751935928,19.086871653602596
26,2111788.335,277083.669,8.73,LV,Kurla combine 08-09-26.csv,2725,1855,LV,72.88130803384647,19.086876221629655
158,2111788.439,277072.698,9.911,CH,Additional data 01 Oct 2026.csv,128,1856,Other / rare,72.88120380169643,19.0868759622023
2,2111788.547,277098.4809,8.35,LV,Kurla combine 08-09-26.csv,2701,1857,LV,72.88144871673838,19.086879754539655
42,2111788.699,277357.646,7.409,FT,Kurla combine 08-09-26.csv,1349,1858,FT,72.88391066865155,19.086909424706064
605,2111788.733,277072.882,9.927,LV,Kurla combine 08-09-26.csv,2632,1859,LV,72.88120551583563,19.086878637534966
A36,2111788.768,277098.533,8.338,ST,Kurla combine 08-09-26.csv,1427,1860,Other / rare,72.88144918627202,19.086881756168847
159,2111788.779,277071.565,9.839,CH,Additional data 01 Oct 2026.csv,129,1861,Other / rare,72.88119299956567,19.086878909079523
524,2111789.838,277071.291,9.795,FT,Kurla combine 08-09-26.csv,1832,1862,FT,72.88119027496437,19.086888443382087
100,2111790.732,276758.862,5.439,FT+BT,Kurla combine 08-09-26.csv,1129,1863,Other / rare,72.87822222216101,19.08686235647796
816,2111790.732,276758.862,5.439,LV,Kurla combine 08-09-26.csv,3515,1864,LV,72.87822222216101,19.08686235647796
564,2111791.497,276865.904,5.229,NALA,Kurla combine 08-09-26.csv,1681,1865,Other / rare,72.879238989469,19.08688097482262
9,2111792.256,276765.69,-0.243,BED,Kurla combine 08-09-26.csv,1455,1866,BED,72.87828690996172,19.08687686737184
250,2111792.4,277218.0722,8.5,LV,Kurla combine 08-09-26.csv,2949,1867,LV,72.8825843452956,19.0869276143781
25,2111792.595,276869.195,5.268,CH TOP,Kurla combine 08-09-26.csv,3739,1868,Other / rare,72.87927012633347,19.086891251189492
24,2111792.63,276868.866,5.254,CH,Kurla combine 08-09-26.csv,3738,1869,Other / rare,72.87926699694009,19.086891531307426
715,2111793.513,277107.1145,8.88,LV,Kurla combine 08-09-26.csv,3414,1870,LV,72.88153016192551,19.086925547629757
33,2111793.652,277106.6135,8.3,LV,Kurla combine 08-09-26.csv,2732,1871,LV,72.88152538664721,19.08692674826067
249,2111793.663,277210.8732,8.53,LV,Kurla combine 08-09-26.csv,2948,1872,LV,72.88251581247638,19.086938234947148
277,2111793.721,277206.6235,8.53,LV,Kurla combine 08-09-26.csv,2976,1873,LV,72.88247543528355,19.086938294715885
278,2111794.061,277199.1011,8.55,LV,Kurla combine 08-09-26.csv,2977,1874,LV,72.88240393629867,19.08694054394925
27,2111794.239,277087.5493,8.55,LV,Kurla combine 08-09-26.csv,2726,1875,LV,72.88134421668997,19.08692996690188
279,2111794.341,277189.8359,8.55,LV,Kurla combine 08-09-26.csv,2978,1876,LV,72.88231588827216,19.086942060947877
523,2111794.353,277072.112,9.841,FT,Kurla combine 08-09-26.csv,1831,1877,FT,72.88119755524359,19.08692930980772
29,2111794.742,277090.3537,8.5,LV,Kurla combine 08-09-26.csv,2728,1878,LV,72.88137079959661,19.086934816085932
32,2111795.209,277100.2686,8.3,LV,Kurla combine 08-09-26.csv,2731,1879,LV,72.8814649336374,19.086940116967977
280,2111795.247,277181.3419,8.57,LV,Kurla combine 08-09-26.csv,2979,1880,LV,72.88223509444398,19.08694931578025
31,2111795.793,277096.9256,8.37,LV,Kurla combine 08-09-26.csv,2730,1881,LV,72.88143310932166,19.086945026075647
94,2111796.239,276758.717,5.629,TBMJ8A,Kurla combine 08-09-26.csv,3809,1882,Other / rare,72.87822021092505,19.086912076374666
25,2111796.628,277100.7582,8.32,LV,Kurla combine 08-09-26.csv,2724,1883,LV,72.88146942158583,19.086952985999456
24,2111797.009,277105.3075,8.26,LV,Kurla combine 08-09-26.csv,2723,1884,LV,72.88151259439738,19.086956923962745
251,2111797.509,277218.1277,8.55,LV,Kurla combine 08-09-26.csv,2950,1885,LV,72.88258428574098,19.08697376184498
593,2111797.756,277363.832,7.61,LV,Kurla combine 08-09-26.csv,1901,1886,LV,72.88396839379705,19.08699189716902
707,2111797.837,277109.8658,8.37,LV,Kurla combine 08-09-26.csv,3406,1887,LV,72.88155580134438,19.08696489993102
161,2111797.876,277074.926,10.073,CH,Additional data 01 Oct 2026.csv,131,1888,Other / rare,72.8812238822614,19.08696143485598
22,2111797.956,277109.4939,8.28,LV,Kurla combine 08-09-26.csv,2721,1889,LV,72.88155225476348,19.086965934038254
162,2111798.135,277073.797,10.014,CH,Additional data 01 Oct 2026.csv,132,1890,Other / rare,72.8812131274327,19.08696365062841
160,2111798.136,277074.658,9.08,BED,Additional data 01 Oct 2026.csv,130,1891,BED,72.88122130648425,19.086963753734814
706,2111798.308,277110.6571,7.81,LV,Kurla combine 08-09-26.csv,3405,1892,LV,72.88156326426771,19.0869692401616
252,2111798.417,277213.6699,8.53,LV,Kurla combine 08-09-26.csv,2951,1893,LV,72.88254183403966,19.08698147559171
163,2111799.108,277075.01,10.1,CH,Additional data 01 Oct 2026.csv,133,1894,Other / rare,72.8812245386391,19.086972570705136
688,2111799.199,277113.0476,8.29,LV,Kurla combine 08-09-26.csv,3387,1895,LV,72.88158587071543,19.086977548279062
19,2111799.24,277106.0326,8.23,LV,Kurla combine 08-09-26.csv,2718,1896,LV,72.88151922620165,19.0869771522103
616,2111799.313,276764.936,5.61,NALA,Kurla combine 08-09-26.csv,1733,1897,Other / rare,72.87827893510895,19.086940519264218
687,2111799.507,277116.2663,8.31,LV,Kurla combine 08-09-26.csv,3386,1898,LV,72.88161641173784,19.086980681567336
93,2111800.45,276761.512,5.479,LV,Kurla combine 08-09-26.csv,3808,1899,LV,72.8782462776472,19.086950413297718
15,2111801.345,277062.952,9.119,BED,Additional data 01 Oct 2026.csv,16,1900,BED,72.88110973520293,19.08699145640165
2,2111801.459,277071.492,9.95,LV,Kurla combine 08-09-26.csv,2184,1901,LV,72.88119084880306,19.08699341911257
19,2111803.066,277063.62,9.964,FT,Kurla combine 08-09-26.csv,2201,1902,FT,72.88111588314537,19.087007072411858
281,2111803.384,277195.3657,8.53,LV,Kurla combine 08-09-26.csv,2980,1903,LV,72.88236738053871,19.08702433573675
606,2111803.44,277076.298,10.136,LV,Kurla combine 08-09-26.csv,2633,1904,LV,72.88123627628036,19.08701183541136
276,2111803.848,277208.8316,8.53,LV,Kurla combine 08-09-26.csv,2975,1905,LV,72.88249524822601,19.087029996784477
23,2111804.252,277103.5468,8.23,LV,Kurla combine 08-09-26.csv,2722,1906,LV,72.88149503611794,19.087022145971556
20,2111804.289,277113.7747,8.16,LV,Kurla combine 08-09-26.csv,2719,1907,LV,72.88159219300931,19.087023597490283
522,2111805.018,277074.997,10,FT,Kurla combine 08-09-26.csv,1830,1908,FT,72.88122373592567,19.08702594479296
21,2111805.422,277108.947,8.18,LV,Kurla combine 08-09-26.csv,2720,1909,LV,72.88154620150986,19.087033302655392
282,2111805.626,277183.4889,8.55,LV,Kurla combine 08-09-26.csv,2981,1910,LV,72.88225429787728,19.08704328710077
689,2111805.702,277118.6526,8.19,LV,Kurla combine 08-09-26.csv,3388,1911,LV,72.88163836883805,19.08703689171926
58,2111805.863,276872.474,5.164,FT,Kurla combine 08-09-26.csv,1087,1912,FT,72.87929974927987,19.087011438104895
774,2111805.863,276872.474,5.164,LV,Kurla combine 08-09-26.csv,3473,1913,LV,72.87929974927987,19.087011438104895
275,2111806.026,277200.8979,8.52,LV,Kurla combine 08-09-26.csv,2974,1914,LV,72.88241963088856,19.08704880081301
1,2111806.314,277725.942,9.967,LV,Kurla combine 08-09-26.csv,912,1915,LV,72.88740732880721,19.087108669792613
690,2111807.227,277114.1934,8.14,LV,Kurla combine 08-09-26.csv,3389,1916,LV,72.88159583290258,19.087050177457307
5,2111807.463,277771.136,10.696,N,Kurla combine 08-09-26.csv,2448,1917,Other / rare,72.88783652482233,19.087123970028944
253,2111807.487,277220.9513,8.49,LV,Kurla combine 08-09-26.csv,2952,1918,LV,72.88260996288021,19.087064185436905
708,2111807.514,277110.063,8.21,LV,Kurla combine 08-09-26.csv,3407,1919,LV,72.88155656269417,19.08705231824306
6,2111807.709,277771.373,10.414,BL,Kurla combine 08-09-26.csv,2449,1920,Other / rare,72.88783874805834,19.087126217574646
563,2111807.799,276866.636,5.188,NALA,Kurla combine 08-09-26.csv,1680,1921,Other / rare,72.87924406788896,19.08702828438982
702,2111807.859,277114.3818,8.16,LV,Kurla combine 08-09-26.csv,3401,1922,LV,72.88159755000969,19.087055905877893
701,2111808.099,277114.3312,7.65,LV,Kurla combine 08-09-26.csv,3400,1923,LV,72.88159704175119,19.087058067884012
254,2111808.364,277215.4495,8.48,LV,Kurla combine 08-09-26.csv,2953,1924,LV,72.88255759710577,19.0870715052158
705,2111808.394,277114.3501,8.15,LV,Kurla combine 08-09-26.csv,3404,1925,LV,72.88159718739641,19.087060734209057
23,2111808.958,276869.801,5.245,LV,Kurla combine 08-09-26.csv,3737,1926,LV,72.8792740008132,19.08703909789265
7,2111809.131,277765.419,9.626,BL,Kurla combine 08-09-26.csv,2450,1927,Other / rare,72.88778202414625,19.087138411733243
709,2111809.2,277104.0985,8.25,LV,Kurla combine 08-09-26.csv,3408,1928,LV,72.88149970847088,19.087066893563815
101,2111809.362,276759.721,5.428,FT+BT,Kurla combine 08-09-26.csv,1130,1929,Other / rare,72.87822823819924,19.087030704914724
817,2111809.362,276759.721,5.428,LV,Kurla combine 08-09-26.csv,3516,1930,LV,72.87822823819924,19.087030704914724
4,2111809.839,277760.721,10.631,N,Kurla combine 08-09-26.csv,2447,1931,Other / rare,72.88773731361121,19.087144294248027
594,2111810.459,277366.621,7.665,LV,Kurla combine 08-09-26.csv,1902,1932,LV,72.88399343025495,19.087106927443575
617,2111810.641,276765.469,5.585,NALA,Kurla combine 08-09-26.csv,1734,1933,Other / rare,72.87828269469371,19.0870428849595
710,2111810.873,277097.7242,8.46,LV,Kurla combine 08-09-26.csv,3409,1934,LV,72.88143896278872,19.087081306686628
95,2111811.093,276762.647,5.497,LV,Kurla combine 08-09-26.csv,3810,1935,LV,72.87825583480564,19.087046658370543
3,2111812.049,277749.943,10.37,N,Kurla combine 08-09-26.csv,2446,1936,Other / rare,72.88763467302373,19.087163079651923
685,2111812.079,277120.9473,8.13,LV,Kurla combine 08-09-26.csv,3384,1937,LV,72.88165943487338,19.08709473557648
8,2111812.221,277751.229,9.447,BL,Kurla combine 08-09-26.csv,2451,1938,Other / rare,72.88764686988334,19.087164773144433
711,2111812.264,277091.3177,8.86,LV,Kurla combine 08-09-26.csv,3410,1939,LV,72.88137794361744,19.087093169418466
712,2111813.003,277087.9628,9.24,LV,Kurla combine 08-09-26.csv,3411,1940,LV,72.88134598841272,19.08709947707316
10,2111813.165,277732.57,10.414,LV,Kurla combine 08-09-26.csv,2453,1941,LV,72.88746950749754,19.087171266158975
283,2111813.847,277196.2877,8.49,LV,Kurla combine 08-09-26.csv,2982,1942,LV,72.8823749373586,19.08711893191387
2,2111814.434,277737.129,10.476,N,Kurla combine 08-09-26.csv,2445,1943,Other / rare,72.88751267105052,19.087183223696584
9,2111814.928,277736.946,9.464,BL,Kurla combine 08-09-26.csv,2452,1944,Other / rare,72.88751087600589,19.08718766528489
D6,2111815.09,277733.116,10.487,ST,Kurla combine 08-09-26.csv,911,1945,Other / rare,72.8874744737292,19.087188711134576
686,2111815.176,277116.1139,8.17,LV,Kurla combine 08-09-26.csv,3385,1946,LV,72.88161316353153,19.08712217778611
704,2111815.605,277116.7362,8.17,LV,Kurla combine 08-09-26.csv,3403,1947,LV,72.88161902585279,19.08712612023469
567,2111815.638,277082.6139,10.69,LV,Kurla combine 08-09-26.csv,3266,1948,LV,72.88129487306567,19.08712269037392
562,2111815.779,276866.947,5.271,NALA,Kurla combine 08-09-26.csv,1679,1949,Other / rare,72.87924610428959,19.08710038879231
1,2111816.101,277729.979,10.059,LV,Kurla combine 08-09-26.csv,2444,1950,LV,72.88744455743213,19.087197500154367
11,2111816.208,277727.48,9.973,LV,Kurla combine 08-09-26.csv,2454,1951,LV,72.88742080550988,19.087198194267252
274,2111816.308,277210.8758,8.48,LV,Kurla combine 08-09-26.csv,2973,1952,LV,72.88251323623227,19.087142751202443
700,2111816.416,277116.4634,7.69,LV,Kurla combine 08-09-26.csv,3399,1953,LV,72.88161634116604,19.087133414891404
3,2111816.549,277075.408,10.152,LV,Kurla combine 08-09-26.csv,2185,1954,LV,72.88122631504086,19.08713013064422
284,2111816.794,277185.8899,8.44,LV,Kurla combine 08-09-26.csv,2983,1955,LV,72.88227582359949,19.08714441193013
273,2111817.494,277203.6488,8.46,LV,Kurla combine 08-09-26.csv,2972,1956,LV,72.88244444617595,19.087152673260707
18,2111817.585,277067.205,10.09,FT,Kurla combine 08-09-26.csv,2200,1957,FT,72.88114827057288,19.087138590862
84,2111817.815,277373.208,7.671,FT,Kurla combine 08-09-26.csv,2266,1958,FT,72.88405516009087,19.08717408122526
618,2111818.209,276765.864,5.312,NALA,Kurla combine 08-09-26.csv,1735,1959,Other / rare,72.87828557605859,19.08711127759803
620,2111818.233,276766.432,4.634,NALA OFF,Kurla combine 08-09-26.csv,1737,1960,Other / rare,72.87829096907099,19.087111556498275
619,2111818.239,276766.435,4.626,NALA OFF,Kurla combine 08-09-26.csv,1736,1961,Other / rare,72.87829099687927,19.08711161101474
566,2111818.494,277083.5294,10.77,LV,Kurla combine 08-09-26.csv,3265,1962,LV,72.88130324174809,19.087148584048247
43,2111819.669,277364.441,7.711,FT,Kurla combine 08-09-26.csv,1350,1963,FT,72.88397166393037,19.087189868798866
255,2111819.897,277224.8765,8.41,LV,Kurla combine 08-09-26.csv,2954,1964,LV,72.88264582551989,19.087176693668617
38,2111820.293,277673.857,9.866,LV,Kurla combine 08-09-26.csv,949,1965,LV,72.88691093688689,19.08722924501719
607,2111820.682,277079.975,10.384,LV,Kurla combine 08-09-26.csv,2634,1966,LV,72.88126922482893,19.08716795637374
256,2111821.054,277217.3689,8.4,LV,Kurla combine 08-09-26.csv,2955,1967,LV,72.88257437318552,19.087186323225552
149,2111821.604,277374.046,6.297,BED,Additional data 01 Oct 2026.csv,119,1968,BED,72.88406268591112,19.0872083926602
15,2111822.023,277083.8695,10.79,LV,Kurla combine 08-09-26.csv,2714,1969,LV,72.88130606700476,19.0871804929797
521,2111822.09,277079.161,10.19,FT,Kurla combine 08-09-26.csv,1829,1970,FT,72.8812613303186,19.087180583630758
97,2111822.501,276761.538,5.366,CH,Kurla combine 08-09-26.csv,3812,1971,Other / rare,72.87824398681319,19.087149566912068
98,2111822.785,276761.576,5.357,CH TOP,Kurla combine 08-09-26.csv,3813,1972,Other / rare,72.87824431511274,19.087152135979338
683,2111823.356,277124.4868,8.13,LV,Kurla combine 08-09-26.csv,3382,1973,LV,72.88169176303283,19.0871969692316
568,2111823.529,277084.4138,10.58,LV,Kurla combine 08-09-26.csv,3267,1974,LV,72.88131106457618,19.087194153721498
285,2111824.489,277197.7206,8.45,LV,Kurla combine 08-09-26.csv,2984,1975,LV,72.88238732698355,19.08721520050257
96,2111824.709,276763.274,5.285,LV,Kurla combine 08-09-26.csv,3811,1976,LV,72.87826022401148,19.087169698126765
595,2111824.752,277370.121,7.812,LV,Kurla combine 08-09-26.csv,1903,1977,LV,72.8840250384919,19.087236395234648
16,2111824.775,277068.343,9.51,BED,Additional data 01 Oct 2026.csv,17,1978,BED,72.88115825478447,19.087203650889588
44,2111825.087,277365.694,7.729,FT,Kurla combine 08-09-26.csv,1351,1979,FT,72.88398294511106,19.087238937679423
57,2111825.146,276873.35,5.162,FT,Kurla combine 08-09-26.csv,1086,1980,FT,72.87930585277888,19.087185685958392
773,2111825.146,276873.35,5.162,LV,Kurla combine 08-09-26.csv,3472,1981,LV,72.87930585277888,19.087185685958392
102,2111825.285,276760.494,5.363,FT+BT,Kurla combine 08-09-26.csv,1131,1982,Other / rare,72.87823374881474,19.087174596018006
818,2111825.285,276760.494,5.363,LV,Kurla combine 08-09-26.csv,3517,1983,LV,72.87823374881474,19.087174596018006
684,2111825.327,277118.695,8.13,LV,Kurla combine 08-09-26.csv,3383,1984,LV,72.88163651660392,19.08721413740287
621,2111825.37,276766.586,5.159,NALA+BT,Kurla combine 08-09-26.csv,1738,1985,Other / rare,72.87829161063472,19.08717603024665
703,2111826.278,277119.0915,8.13,LV,Kurla combine 08-09-26.csv,3402,1986,LV,72.88164017393157,19.08722276957032
698,2111826.798,277118.6753,7.55,LV,Kurla combine 08-09-26.csv,3397,1987,LV,72.8816361604344,19.08722742042706
286,2111826.851,277187.8818,8.42,LV,Kurla combine 08-09-26.csv,2985,1988,LV,72.88229359066193,19.087235458201533
272,2111827.447,277213.3094,8.41,LV,Kurla combine 08-09-26.csv,2971,1989,LV,72.88253507514054,19.087243617666232
271,2111827.805,277205.5421,8.41,LV,Kurla combine 08-09-26.csv,2970,1990,LV,72.88246124749386,19.087246002732197
561,2111828.117,276867.436,5.314,NALA,Kurla combine 08-09-26.csv,1678,1991,Other / rare,72.87924933029589,19.08721187140282
257,2111828.222,277227.6098,8.35,LV,Kurla combine 08-09-26.csv,2956,1992,LV,72.88267083474308,19.08725217849716
21,2111828.249,276870.477,5.331,CH,Kurla combine 08-09-26.csv,3735,1993,Other / rare,72.87927820343981,19.087213396122273
22,2111828.432,276870.731,5.337,CH TOP,Kurla combine 08-09-26.csv,3736,1994,Other / rare,72.87928059529082,19.087215076642707
569,2111828.775,277085.032,10.42,LV,Kurla combine 08-09-26.csv,3268,1995,LV,72.88131633435714,19.087241599933034
535,2111829.385,277085.88,8.27,LV,Kurla combine 08-09-26.csv,3234,1996,LV,72.88132431993952,19.087247201731856
20,2111829.7,276870.134,5.345,LV,Kurla combine 08-09-26.csv,3734,1997,LV,72.87927477815744,19.087226463138798
4,2111830.044,277077.679,10.287,LV,Kurla combine 08-09-26.csv,2186,1998,LV,72.88124633774343,19.08725225737125
258,2111830.088,277219.3851,8.38,LV,Kurla combine 08-09-26.csv,2957,1999,LV,72.8825924887539,19.087268133018604
519,2111830.45,277081.431,10.265,FT,Kurla combine 08-09-26.csv,1827,2000,FT,72.8812819336931,19.087256334064982
14,2111831.037,276780.519,0.655,BED,Kurla combine 08-09-26.csv,1460,2001,BED,72.8784233165017,19.087228735457636
564,2111831.67,277084.1228,10.4,LV,Kurla combine 08-09-26.csv,3263,2002,LV,72.8813073645891,19.087267646466096
565,2111831.738,277084.4636,10.35,LV,Kurla combine 08-09-26.csv,3264,2003,LV,72.88131059424836,19.08726829783617
10,2111831.863,276763.68,5.568,CW,Kurla combine 08-09-26.csv,1456,2004,Other / rare,72.87826325750626,19.08723435297996
696,2111832.495,277120.2287,7.53,LV,Kurla combine 08-09-26.csv,3395,2005,LV,72.88165026254345,19.0872790419588
697,2111832.82,277120.594,8.13,LV,Kurla combine 08-09-26.csv,3396,2006,LV,72.8816536954152,19.087282017066954
532,2111832.898,277084.6685,10.31,LV,Kurla combine 08-09-26.csv,3231,2007,LV,72.88131240741087,19.08727879663479
699,2111832.945,277120.198,8.13,LV,Kurla combine 08-09-26.csv,3398,2008,LV,72.88164991919713,19.087283102731057
531,2111832.999,277084.3353,10.37,LV,Kurla combine 08-09-26.csv,3230,2009,LV,72.88130923052641,19.087279672399855
679,2111833.046,277131.3988,8.17,LV,Kurla combine 08-09-26.csv,3378,2010,LV,72.88175631109127,19.087285238468315
11,2111833.107,276776.816,3.573,CW,Kurla combine 08-09-26.csv,1457,2011,Other / rare,72.87838790122414,19.087247025256563
12,2111833.362,276777.412,3.679,CW,Kurla combine 08-09-26.csv,1458,2012,Other / rare,72.87839353364657,19.08724939346465
681,2111833.592,277126.4736,8.08,LV,Kurla combine 08-09-26.csv,3380,2013,LV,72.8817094607565,19.087289631590547
13,2111833.619,276777.693,3.996,CW,Kurla combine 08-09-26.csv,1459,2014,Other / rare,72.87839617346135,19.08725174527135
165,2111833.89,277081.898,9.213,BED,Additional data 01 Oct 2026.csv,135,2015,BED,72.88128597467687,19.087287453067773
287,2111834.423,277199.1736,8.41,LV,Kurla combine 08-09-26.csv,2986,2016,LV,72.88239998888432,19.087305077057877
570,2111834.887,277086.8705,10.11,LV,Kurla combine 08-09-26.csv,3269,2017,LV,72.88133309701716,19.087297000655848
536,2111835.412,277086.8505,10.22,LV,Kurla combine 08-09-26.csv,3235,2018,LV,72.88133284668993,19.087301739950014
562,2111835.681,277084.8283,10.25,LV,Kurla combine 08-09-26.csv,3261,2019,LV,72.8813136056184,19.087303948450323
682,2111835.751,277121.3279,8.14,LV,Kurla combine 08-09-26.csv,3381,2020,LV,72.88166033040896,19.087308568246783
596,2111835.974,277372.296,8.012,LV,Kurla combine 08-09-26.csv,1904,2021,LV,72.88404441220584,19.087337982996168
520,2111836.021,277081.933,10.252,FT,Kurla combine 08-09-26.csv,1828,2022,FT,72.88128606225764,19.087306702781746
563,2111836.026,277085.1262,9.94,LV,Kurla combine 08-09-26.csv,3262,2023,LV,72.8813163959102,19.08730709682793
561,2111836.177,277085.0151,9.44,LV,Kurla combine 08-09-26.csv,3260,2024,LV,72.88131532314746,19.087308448428974
57,2111836.253,278189.778,29.405,LV,Kurla combine 08-09-26.csv,968,2025,LV,72.89181019592047,19.08742954203562
534,2111836.869,277087.0311,7.64,LV,Kurla combine 08-09-26.csv,3233,2026,LV,72.88133439488077,19.087314918416165
259,2111837.136,277229.2371,8.33,LV,Kurla combine 08-09-26.csv,2958,2027,LV,72.88268526973455,19.087332862054268
537,2111837.182,277084.739,10.26,LV,Kurla combine 08-09-26.csv,3236,2028,LV,72.8813125848,19.08731749480848
260,2111837.458,277221.9761,8.33,LV,Kurla combine 08-09-26.csv,2959,2029,LV,72.88261625584754,19.087334977330748
288,2111837.704,277189.1232,8.4,LV,Kurla combine 08-09-26.csv,2987,2030,LV,72.88230413682189,19.087333611501773
164,2111838.359,277082.303,9.202,BED,Additional data 01 Oct 2026.csv,134,2031,BED,72.88128930842589,19.087327858595575
56,2111839.347,276874.074,5.411,FT,Kurla combine 08-09-26.csv,1085,2032,FT,72.87931109692566,19.087314019727156
772,2111839.347,276874.074,5.411,LV,Kurla combine 08-09-26.csv,3471,2033,LV,72.87931109692566,19.087314019727156
677,2111839.596,277133.0816,8.07,LV,Kurla combine 08-09-26.csv,3376,2034,LV,72.88177154448535,19.08734457790692
695,2111840.106,277122.1711,8.13,LV,Kurla combine 08-09-26.csv,3394,2035,LV,72.88166784008979,19.087347992067574
12,2111840.174,277722.646,10.217,LV,Kurla combine 08-09-26.csv,2455,2036,LV,72.88737213773688,19.087414114747467
538,2111840.228,277087.5157,10.01,LV,Kurla combine 08-09-26.csv,3237,2037,LV,72.88133861237706,19.087345307799122
17,2111840.257,277070.54,10.369,FT,Kurla combine 08-09-26.csv,2199,2038,FT,72.88117734609726,19.08734371490193
270,2111840.329,277215.2975,8.29,LV,Kurla combine 08-09-26.csv,2969,2039,LV,72.8825524817821,19.087360177206072
693,2111840.464,277122.0635,7.48,LV,Kurla combine 08-09-26.csv,3392,2040,LV,72.88166677679274,19.087351213551223
518,2111840.567,277082.186,10.296,FT,Kurla combine 08-09-26.csv,1826,2041,FT,72.88128794321278,19.087347787118784
55,2111840.601,276874.157,5.429,FT,Kurla combine 08-09-26.csv,1084,2042,FT,72.87931174114314,19.08732535415144
771,2111840.601,276874.157,5.429,LV,Kurla combine 08-09-26.csv,3470,2043,LV,72.87931174114314,19.08732535415144
269,2111841.131,277208.3401,8.3,LV,Kurla combine 08-09-26.csv,2968,2044,LV,72.88248629684578,19.087366660654467
533,2111841.208,277089.3087,9.02,LV,Kurla combine 08-09-26.csv,3232,2045,LV,72.88135553259929,19.08735435446008
54,2111841.401,276874.906,5.451,FT,Kurla combine 08-09-26.csv,1083,2046,FT,72.8793187643337,19.08733266116588
770,2111841.401,276874.906,5.451,LV,Kurla combine 08-09-26.csv,3469,2047,LV,72.8793187643337,19.08733266116588
676,2111841.448,277127.9177,8.07,LV,Kurla combine 08-09-26.csv,3375,2048,LV,72.88172227650782,19.08736073995342
290,2111841.454,277200.7001,8.35,LV,Kurla combine 08-09-26.csv,2989,2049,LV,72.88241368247056,19.087368743498217
559,2111841.463,277085.2773,8.94,LV,Kurla combine 08-09-26.csv,3258,2050,LV,72.88131720646255,19.087356216999513
53,2111842.016,276876.885,5.475,FT,Kurla combine 08-09-26.csv,1082,2051,FT,72.87933749334134,19.087338431890252
769,2111842.016,276876.885,5.475,LV,Kurla combine 08-09-26.csv,3468,2052,LV,72.87933749334134,19.087338431890252
52,2111842.581,276878.8,5.473,NALI,Kurla combine 08-09-26.csv,1081,2053,Other / rare,72.8793556201261,19.087343744044894
768,2111842.581,276878.8,5.473,LV,Kurla combine 08-09-26.csv,3467,2054,LV,72.8793556201261,19.087343744044894
558,2111842.692,277085.5369,9.38,LV,Kurla combine 08-09-26.csv,3257,2055,LV,72.88131953132618,19.087367344940443
560,2111842.759,276868.315,5.53,NALA,Kurla combine 08-09-26.csv,1677,2056,Other / rare,72.87925599610813,19.087344204957663
560,2111842.946,277085.7509,9.87,LV,Kurla combine 08-09-26.csv,3259,2057,LV,72.88132153505762,19.087369662294787
85,2111842.963,277378.616,8.064,FT,Kurla combine 08-09-26.csv,2267,2058,FT,72.88410364785376,19.087401793109677
571,2111842.966,277088.0882,9.97,LV,Kurla combine 08-09-26.csv,3270,2059,LV,72.88134373625954,19.087370098293142
289,2111843.116,277193.3456,8.37,LV,Kurla combine 08-09-26.csv,2988,2060,LV,72.88234362643534,19.08738295052965
8,2111843.121,277239.3748,8.72,LV,Kurla combine 08-09-26.csv,2707,2061,LV,72.8827808869192,19.087388021868016
19,2111843.534,276873.395,5.495,LV,Kurla combine 08-09-26.csv,3733,2062,LV,72.87930416503902,19.087351759846467
680,2111843.654,277123.1712,8.13,LV,Kurla combine 08-09-26.csv,3379,2063,LV,72.88167693299494,19.087380144695526
678,2111843.665,277123.1721,8.13,LV,Kurla combine 08-09-26.csv,3377,2064,LV,72.88167694028066,19.087380244139148
608,2111845.326,277083.874,10.46,LV,Kurla combine 08-09-26.csv,2635,2065,LV,72.88130343166831,19.08739095193076
18,2111846.233,277132.6637,8.04,LV,Kurla combine 08-09-26.csv,2717,2066,LV,72.88176681199566,19.087404473603783
675,2111847.225,277135.0952,8.02,LV,Kurla combine 08-09-26.csv,3374,2067,LV,72.88178979639353,19.087413698351796
262,2111847.714,277223.8906,8.25,LV,Kurla combine 08-09-26.csv,2961,2068,LV,72.88263326498048,19.087427812383957
45,2111847.986,277370.971,8.037,FT,Kurla combine 08-09-26.csv,1352,2069,FT,72.88403044646249,19.087446323649367
691,2111848.097,277123.794,7.57,LV,Kurla combine 08-09-26.csv,3390,2070,LV,72.88168233884856,19.087420339201753
673,2111848.134,277131.0583,8.03,LV,Kurla combine 08-09-26.csv,3372,2071,LV,72.88175134284491,19.08742146691006
674,2111848.197,277127.3924,8.09,LV,Kurla combine 08-09-26.csv,3373,2072,LV,72.88171651086877,19.0874216354307
692,2111848.216,277127.1915,8.11,LV,Kurla combine 08-09-26.csv,3391,2073,LV,72.88171460020759,19.08742178508095
623,2111848.424,277162.8288,8.2,LV,Kurla combine 08-09-26.csv,3322,2074,LV,72.88205311793786,19.087427556297126
694,2111848.494,277124.2138,8.14,LV,Kurla combine 08-09-26.csv,3393,2075,LV,72.88168628118093,19.087423970523393
597,2111848.821,277375.243,8.172,LV,Kurla combine 08-09-26.csv,1905,2076,LV,72.88407093316228,19.087454331029456
617,2111848.892,277157.0564,8.22,LV,Kurla combine 08-09-26.csv,3316,2077,LV,72.8819982284251,19.087431152507985
629,2111848.967,277191.4546,8.26,LV,Kurla combine 08-09-26.csv,3328,2078,LV,72.8823249905057,19.087435586710523
291,2111849.013,277201.3288,8.32,LV,Kurla combine 08-09-26.csv,2990,2079,LV,72.88241878663317,19.087437080472533
261,2111849.03,277230.941,8.29,LV,Kurla combine 08-09-26.csv,2960,2080,LV,72.88270009015677,19.087440467538148
5,2111849.072,277080.208,10.266,LV,Kurla combine 08-09-26.csv,2187,2081,LV,72.88126817548022,19.087424382960986
557,2111849.416,277086.2607,9.43,LV,Kurla combine 08-09-26.csv,3256,2082,LV,72.8813256344137,19.087428151082488
616,2111849.612,277155.5009,8.17,LV,Kurla combine 08-09-26.csv,3315,2083,LV,72.88198336900898,19.08743748521107
627,2111850.486,277179.0163,8.09,LV,Kurla combine 08-09-26.csv,3326,2084,LV,72.88220665656185,19.08744794699858
610,2111850.557,277146.205,8.2,LV,Kurla combine 08-09-26.csv,3309,2085,LV,72.88189495269339,19.087445004505266
268,2111850.632,277216.86,8.19,LV,Kurla combine 08-09-26.csv,2967,2086,LV,72.88256614160522,19.087453398300536
292,2111850.698,277194.7328,8.3,LV,Kurla combine 08-09-26.csv,2991,2087,LV,72.88235593340939,19.08745157805844
517,2111850.768,277083.002,10.347,FT,Kurla combine 08-09-26.csv,1825,2088,FT,72.88129452255798,19.087440005473773
572,2111850.911,277089.112,10,LV,Kurla combine 08-09-26.csv,3271,2089,LV,72.88135254892723,19.087441964538893
267,2111851.072,277209.4818,8.23,LV,Kurla combine 08-09-26.csv,2966,2090,LV,72.88249600075889,19.087456566433914
608,2111851.371,277137.2104,8.16,LV,Kurla combine 08-09-26.csv,3307,2091,LV,72.88180941366876,19.087451373556306
625,2111852.025,277168.8302,8.09,LV,Kurla combine 08-09-26.csv,3324,2092,LV,72.88210971541439,19.087460733821533
669,2111852.077,277136.2512,7.98,LV,Kurla combine 08-09-26.csv,3368,2093,LV,72.88180022049171,19.087457644940805
573,2111852.792,277087.7914,9.98,LV,Kurla combine 08-09-26.csv,3272,2094,LV,72.8813397875304,19.087458808295054
621,2111852.847,277163.352,8.09,LV,Kurla combine 08-09-26.csv,3320,2095,LV,72.88205758001678,19.087467559294655
546,2111853.14,277123.7344,7.19,LV,Kurla combine 08-09-26.csv,3245,2096,LV,72.88168119320372,19.0874658779964
545,2111853.168,277124.7131,7.62,LV,Kurla combine 08-09-26.csv,3244,2097,LV,72.88169048728813,19.087466237789638
607,2111853.183,277128.0778,8.08,LV,Kurla combine 08-09-26.csv,3306,2098,LV,72.88172244901779,19.08746674082052
668,2111853.202,277132.734,8.01,LV,Kurla combine 08-09-26.csv,3367,2099,LV,72.88176667907976,19.08746742105137
555,2111853.264,277086.3019,8.88,LV,Kurla combine 08-09-26.csv,3254,2100,LV,72.88132558356993,19.087462908368973
556,2111853.324,277086.735,9.87,LV,Kurla combine 08-09-26.csv,3255,2101,LV,72.88132969096934,19.087463497572635
606,2111853.538,277127.7256,7.47,LV,Kurla combine 08-09-26.csv,3305,2102,LV,72.88171906245239,19.08746990849035
59,2111853.577,277932.9693,21.07,LV,Kurla combine 08-09-26.csv,3680,2103,LV,72.88936860792501,19.087558066511605
85,2111853.577,278192.9693,31.92,LV,Kurla combine 08-09-26.csv,3706,2104,LV,72.89183853124621,19.087586349835927
544,2111853.624,277123.749,8.24,LV,Kurla combine 08-09-26.csv,3243,2105,LV,72.88168127628441,19.087470250784612
630,2111853.725,277193.535,8.19,LV,Kurla combine 08-09-26.csv,3329,2106,LV,72.88234420702246,19.08747878528317
587,2111853.954,277125.7299,8.14,LV,Kurla combine 08-09-26.csv,3286,2107,LV,72.88170005621166,19.08747344753899
574,2111853.966,277092.1782,10.04,LV,Kurla combine 08-09-26.csv,3273,2108,LV,72.88138132564104,19.087469890438438
619,2111854.067,277158.3643,8.1,LV,Kurla combine 08-09-26.csv,3318,2109,LV,72.88201005846787,19.087478032821675
264,2111854.278,277225.1875,8.15,LV,Kurla combine 08-09-26.csv,2963,2110,LV,72.88264483117936,19.087487236083035
548,2111854.283,277091.1836,10.01,LV,Kurla combine 08-09-26.csv,3247,2111,LV,72.88137184086635,19.087472644721753
52,2111854.452,277165.1108,8.04,LV,Kurla combine 08-09-26.csv,2751,2112,LV,72.88207410360643,19.08748224677988
670,2111854.502,277127.7246,8.09,LV,Kurla combine 08-09-26.csv,3369,2113,LV,72.88171894218604,19.087478614642325
543,2111854.551,277119.2639,8.28,LV,Kurla combine 08-09-26.csv,3242,2114,LV,72.88163856291077,19.087478132920516
86,2111854.602,277381.109,8.096,FT,Kurla combine 08-09-26.csv,2268,2115,FT,72.88412599465707,19.087507181662517
612,2111854.668,277147.8474,8.1,LV,Kurla combine 08-09-26.csv,3311,2116,LV,72.88191008258495,19.087482311958645
51,2111854.669,276879.441,5.663,NALI,Kurla combine 08-09-26.csv,1080,2117,Other / rare,72.87936031889467,19.087452985436784
767,2111854.669,276879.441,5.663,LV,Kurla combine 08-09-26.csv,3466,2118,LV,72.87936031889467,19.087452985436784
614,2111854.829,277156.6906,8.04,LV,Kurla combine 08-09-26.csv,3313,2119,LV,72.88199407136412,19.087484731933394
49,2111854.939,277164.4898,7.38,LV,Kurla combine 08-09-26.csv,2748,2120,LV,72.88206814837667,19.087486577241982
541,2111855.348,277115.062,7.7,LV,Kurla combine 08-09-26.csv,3240,2121,LV,72.88159855477176,19.087484871903737
263,2111855.399,277229.3527,8.21,LV,Kurla combine 08-09-26.csv,2962,2122,LV,72.88268427037946,19.087497815080457
542,2111855.41,277114.9844,8.35,LV,Kurla combine 08-09-26.csv,3241,2123,LV,72.88159781047491,19.087485423372485
266,2111855.534,277217.9102,8.13,LV,Kurla combine 08-09-26.csv,2965,2124,LV,72.88257555510856,19.08749778488237
465,2111855.554,277135.8141,7.96,LV,Kurla combine 08-09-26.csv,3164,2125,LV,72.88179566869316,19.08748899934322
530,2111855.556,277135.82,7.94,LV,Kurla combine 08-09-26.csv,3229,2126,LV,72.88179572451126,19.087489018050483
53,2111855.559,277135.8094,7.94,LV,Kurla combine 08-09-26.csv,2752,2127,LV,72.88179562347032,19.087489043986764
17,2111855.561,277135.816,7.97,LV,Kurla combine 08-09-26.csv,2716,2128,LV,72.88179568593819,19.087489062770505
314,2111855.561,277135.8172,7.96,LV,Kurla combine 08-09-26.csv,3013,2129,LV,72.88179569733776,19.08748906290159
588,2111855.561,277135.8172,7.97,LV,Kurla combine 08-09-26.csv,3287,2130,LV,72.88179569733776,19.08748906290159
626,2111855.755,277178.6824,8.01,LV,Kurla combine 08-09-26.csv,3325,2131,LV,72.88220287934324,19.087495496947717
295,2111855.816,277229.4062,8.27,LV,Kurla combine 08-09-26.csv,2994,2132,LV,72.88268473071795,19.08750158701464
622,2111855.916,277167.4457,8.03,LV,Kurla combine 08-09-26.csv,3321,2133,LV,72.88209611614498,19.087495723759204
584,2111855.952,277115.6716,8.23,LV,Kurla combine 08-09-26.csv,3283,2134,LV,72.8816042763498,19.08749039345977
540,2111856.274,277110.1725,8.48,LV,Kurla combine 08-09-26.csv,3239,2135,LV,72.88155199985093,19.087492700808383
539,2111856.551,277110.2956,7.85,LV,Kurla combine 08-09-26.csv,3238,2136,LV,72.88155313742651,19.08749521595194
628,2111856.669,277185.1176,8.04,LV,Kurla combine 08-09-26.csv,3327,2137,LV,72.88226390649132,19.08750445445011
559,2111857.228,276869.11,5.844,NALA,Kurla combine 08-09-26.csv,1676,2138,Other / rare,72.87926188385215,19.08747496689656
609,2111857.346,277138.8084,8,LV,Kurla combine 08-09-26.csv,3308,2139,LV,72.88182390758725,19.08750551067941
265,2111857.555,277209.6572,8.19,LV,Kurla combine 08-09-26.csv,2964,2140,LV,72.88249692235273,19.087515136126825
554,2111857.569,277087.0396,9.9,LV,Kurla combine 08-09-26.csv,3253,2141,LV,72.88133209670681,19.087501869099494
553,2111857.593,277086.5818,8.89,LV,Kurla combine 08-09-26.csv,3252,2142,LV,72.88132774501159,19.087502035833754
18,2111857.739,276876.35,5.753,LV,Kurla combine 08-09-26.csv,3732,2143,LV,72.87933060239125,19.087480373728194
575,2111857.915,277091.9991,9.95,LV,Kurla combine 08-09-26.csv,3274,2144,LV,72.88137917042917,19.0875055358269
583,2111858.015,277106.2614,8.59,LV,Kurla combine 08-09-26.csv,3282,2145,LV,72.88151464572435,19.087507997174292
166,2111858.113,277084.76,9.314,BED,Additional data 01 Oct 2026.csv,136,2146,BED,72.88131037879894,19.087506533105714
552,2111858.249,277086.9788,9.49,LV,Kurla combine 08-09-26.csv,3251,2147,LV,72.88133144097982,19.087508003801037
16,2111858.551,277072.375,10.234,FT,Kurla combine 08-09-26.csv,2198,2148,FT,72.88119267537088,19.08750913562255
516,2111858.585,277083.697,10.22,FT,Kurla combine 08-09-26.csv,1824,2149,FT,72.8813002264321,19.08751067977684
672,2111858.608,277127.7988,10.08,LV,Kurla combine 08-09-26.csv,3371,2150,LV,72.88171917526654,19.08751570564053
631,2111858.946,277193.0628,8.07,LV,Kurla combine 08-09-26.csv,3330,2151,LV,72.88233912155316,19.087525886628317
209,2111859.236,277221.257,7.413,CW,Kurla combine 08-09-26.csv,2391,2152,Other / rare,72.88260692334795,19.087531584564633
293,2111859.609,277195.7738,8.23,LV,Kurla combine 08-09-26.csv,2992,2153,LV,72.88236479895103,19.0875321705037
586,2111859.805,277127.2754,8.05,LV,Kurla combine 08-09-26.csv,3285,2154,LV,72.88171406561136,19.08752645903973
207,2111859.873,277218.167,8.263,CW,Kurla combine 08-09-26.csv,2389,2155,Other / rare,72.88257749625477,19.08753700015228
294,2111859.874,277201.8369,8.23,LV,Kurla combine 08-09-26.csv,2993,2156,LV,72.88242236585361,19.087535225944304
240,2111860.35,277211.5717,8.18,LV,Kurla combine 08-09-26.csv,2939,2157,LV,72.88251478840166,19.08754058794012
550,2111860.444,277084.6059,9.49,LV,Kurla combine 08-09-26.csv,3249,2158,LV,72.88130864701186,19.087527568436073
208,2111860.488,277218.17,8.035,CW,Kurla combine 08-09-26.csv,2390,2159,Other / rare,72.88257745411661,19.087542554788577
547,2111860.55,277102.763,9.63,LV,Kurla combine 08-09-26.csv,3246,2160,LV,72.88148112085186,19.08753050954382
210,2111860.634,277218.048,8.015,FT,Kurla combine 08-09-26.csv,2392,2161,FT,72.88257627838966,19.087543860050566
311,2111860.777,277177.7495,8.17,LV,Kurla combine 08-09-26.csv,3010,2162,LV,72.88219344020453,19.08754075072209
671,2111860.875,277128.2473,10.4,LV,Kurla combine 08-09-26.csv,3370,2163,LV,72.88172317537247,19.087536228798516
309,2111860.911,277182.5851,8.2,LV,Kurla combine 08-09-26.csv,3008,2164,LV,72.88223936132701,19.087542489045013
615,2111860.952,277157.8118,7.87,LV,Kurla combine 08-09-26.csv,3314,2165,LV,72.88200401890929,19.087540153615524
624,2111860.993,277174.7056,8.2,LV,Kurla combine 08-09-26.csv,3323,2166,LV,72.88216449940151,19.08754236906026
549,2111861.037,277087.1424,9.38,LV,Kurla combine 08-09-26.csv,3248,2167,LV,72.88133267471224,19.08753320118844
618,2111861.075,277158.9571,7.95,LV,Kurla combine 08-09-26.csv,3317,2168,LV,72.8820148847277,19.087541389572078
613,2111861.085,277149.4598,7.9,LV,Kurla combine 08-09-26.csv,3312,2169,LV,72.88192466255114,19.087540442525437
551,2111861.13,277087.3209,10.02,LV,Kurla combine 08-09-26.csv,3250,2170,LV,72.88133435971105,19.08753406061046
581,2111861.179,277100.883,8.94,LV,Kurla combine 08-09-26.csv,3280,2171,LV,72.88146318923332,19.08753598489331
237,2111861.18,277226.6034,7.99,LV,Kurla combine 08-09-26.csv,2936,2172,LV,72.88265748902298,19.08754972538771
620,2111861.181,277167.7375,7.96,LV,Kurla combine 08-09-26.csv,3319,2173,LV,72.88209828328371,19.08754330591634
611,2111861.404,277138.5948,7.88,LV,Kurla combine 08-09-26.csv,3310,2174,LV,72.88182141220659,19.087542136735156
241,2111861.439,277211.4277,8.15,LV,Kurla combine 08-09-26.csv,2940,2175,LV,72.88251329536834,19.087550407405615
592,2111861.446,277157.8258,8.24,LV,Kurla combine 08-09-26.csv,3291,2176,LV,72.88200409514963,19.08754461665278
138,2111861.447,277265.8934,6.55,LV,Kurla combine 08-09-26.csv,2837,2177,LV,72.88303069985452,19.087556426527403
211,2111861.528,277218.079,8,FT,Kurla combine 08-09-26.csv,2393,2178,FT,72.88257647019661,19.08755193750389
232,2111861.55,277236.0879,6.99,LV,Kurla combine 08-09-26.csv,2931,2179,LV,72.88274754600924,19.08755410260939
238,2111861.645,277210.6442,6.99,LV,Kurla combine 08-09-26.csv,2937,2180,LV,72.88250582872801,19.08755218231565
234,2111861.699,277227.7746,7,LV,Kurla combine 08-09-26.csv,2933,2181,LV,72.88266855541055,19.087554540567385
239,2111861.718,277210.9926,8.31,LV,Kurla combine 08-09-26.csv,2938,2182,LV,72.88250913002267,19.087552879652563
590,2111861.723,277165.2362,8.19,LV,Kurla combine 08-09-26.csv,3289,2183,LV,72.88207445953923,19.087547927737305
308,2111861.783,277182.0885,7.15,LV,Kurla combine 08-09-26.csv,3007,2184,LV,72.88223454362823,19.08755031018557
589,2111861.823,277165.8324,7.23,LV,Kurla combine 08-09-26.csv,3288,2185,LV,72.8820801117429,19.08754889599443
600,2111861.842,277137.2485,8.16,LV,Kurla combine 08-09-26.csv,3299,2186,LV,72.88180857250306,19.08754594542183
5,2111861.857,277262.0183,8.32,LV,Kurla combine 08-09-26.csv,2704,2187,LV,72.8829938406496,19.08755970634365
576,2111861.862,277088.5792,10.14,LV,Kurla combine 08-09-26.csv,3275,2188,LV,72.88134622899125,19.087540809068233
236,2111861.918,277226.4786,8.33,LV,Kurla combine 08-09-26.csv,2935,2189,LV,72.88265621870458,19.08755637693139
135,2111861.994,277267.5593,6.91,LV,Kurla combine 08-09-26.csv,2834,2190,LV,72.88304646252121,19.087561548572094
212,2111861.997,277218.178,7.991,FT,Kurla combine 08-09-26.csv,2394,2191,FT,72.88257735679437,19.087556184039105
139,2111862.017,277253.5286,6.95,LV,Kurla combine 08-09-26.csv,2838,2192,LV,72.88291317303488,19.08756022449347
46,2111862.019,277176.3982,8.19,LV,Kurla combine 08-09-26.csv,2745,2193,LV,72.88218046064615,19.087551820130205
140,2111862.026,277260.5822,6.99,LV,Kurla combine 08-09-26.csv,2839,2194,LV,72.88298017878427,19.087561075864436
47,2111862.031,277167.3337,8.19,LV,Kurla combine 08-09-26.csv,2746,2195,LV,72.88209434967375,19.08755093849757
310,2111862.06,277182.0469,8.2,LV,Kurla combine 08-09-26.csv,3009,2196,LV,72.8822341166221,19.08755280733851
599,2111862.116,277138.1624,8.29,LV,Kurla combine 08-09-26.csv,3298,2197,LV,72.88181722275058,19.087548519853062
242,2111862.116,277210.9506,8.18,LV,Kurla combine 08-09-26.csv,2941,2198,LV,72.88250868532253,19.087556469561747
137,2111862.132,277265.5812,6.99,LV,Kurla combine 08-09-26.csv,2836,2199,LV,72.88302765540092,19.08756257895203
313,2111862.168,277178.0295,8.18,LV,Kurla combine 08-09-26.csv,3012,2200,LV,72.8821959403119,19.08755334397148
87,2111862.215,277382.844,8.177,FT,Kurla combine 08-09-26.csv,2269,2201,FT,72.88414160280851,19.087576127066875
594,2111862.241,277156.4533,7.27,LV,Kurla combine 08-09-26.csv,3293,2202,LV,72.8819909655425,19.08755164669811
136,2111862.247,277266.3472,7,LV,Kurla combine 08-09-26.csv,2835,2203,LV,72.88303491893319,19.087563701188884
595,2111862.257,277151.4481,8.27,LV,Kurla combine 08-09-26.csv,3294,2204,LV,72.88194341605225,19.087551244496996
585,2111862.283,277116.6886,8.17,LV,Kurla combine 08-09-26.csv,3284,2205,LV,72.8816132099985,19.087547682296336
45,2111862.3,277182.2675,8.19,LV,Kurla combine 08-09-26.csv,2744,2206,LV,72.88223618467526,19.087554998965576
247,2111862.315,277144.2988,8.27,LV,Kurla combine 08-09-26.csv,2946,2207,LV,72.8818754935379,19.087550987399304
235,2111862.317,277226.4235,8.34,LV,Kurla combine 08-09-26.csv,2934,2208,LV,72.88265564944724,19.08755997444222
179,2111862.32,277251.3001,10.65,LV,Kurla combine 08-09-26.csv,2878,2209,LV,72.88289196825262,19.087562717701882
48,2111862.321,277157.3724,8.23,LV,Kurla combine 08-09-26.csv,2747,2210,LV,72.88199968748062,19.08755246959882
579,2111862.329,277094.9344,9.49,LV,Kurla combine 08-09-26.csv,3278,2211,LV,72.88140654747697,19.087545721080218
596,2111862.362,277147.4236,7.17,LV,Kurla combine 08-09-26.csv,3295,2212,LV,72.88190517264509,19.087551753199907
141,2111862.409,277260.9414,8.15,LV,Kurla combine 08-09-26.csv,2840,2213,LV,72.88298354707938,19.087564574105713
498,2111862.421,277122.4602,8.08,LV,Kurla combine 08-09-26.csv,3197,2214,LV,72.88166802231301,19.087549559140367
541,2111862.448,277143.555,8.257,LV,Kurla combine 08-09-26.csv,1658,2215,LV,72.881868412417,19.087552107327696
50,2111862.448,277145.792,8.25,LV,Kurla combine 08-09-26.csv,2749,2216,LV,72.88188966313466,19.08755235167886
243,2111862.466,277209.6621,8.16,LV,Kurla combine 08-09-26.csv,2942,2217,LV,72.88249640481635,19.087559489846704
246,2111862.467,277203.8726,7.37,LV,Kurla combine 08-09-26.csv,2945,2218,LV,72.88244140645294,19.08755886665738
233,2111862.469,277237.711,8.21,LV,Kurla combine 08-09-26.csv,2932,2219,LV,72.88276285935598,19.08756257968412
245,2111862.476,277203.93,8.15,LV,Kurla combine 08-09-26.csv,2944,2220,LV,72.8824419506993,19.08755895420817
213,2111862.486,277218.292,7.981,FT,Kurla combine 08-09-26.csv,2395,2221,FT,72.88257838358987,19.087560612840182
244,2111862.492,277206.6783,8.17,LV,Kurla combine 08-09-26.csv,2943,2222,LV,72.88246805676114,19.0875593988303
33,2111862.524,277143.54,8.267,LV,Kurla combine 08-09-26.csv,1062,2223,LV,72.88186826119018,19.08755279207502
749,2111862.524,277143.54,8.267,LV,Kurla combine 08-09-26.csv,3448,2224,LV,72.88186826119018,19.08755279207502
299,2111862.524,277212.6469,8.06,LV,Kurla combine 08-09-26.csv,2998,2225,LV,72.88252475272347,19.087560339605194
1,2111862.529,277143.544,8.28,LV,Kurla combine 08-09-26.csv,3715,2226,LV,72.88186829861431,19.087552837668905
A1,2111862.529,277144.357,8.266,ST,Additional data 01 Oct 2026.csv,1,2227,Other / rare,72.88187602182998,19.087552926474512
51,2111862.532,277137.629,8.27,LV,Kurla combine 08-09-26.csv,2750,2228,LV,72.88181210783962,19.087552218646127
597,2111862.586,277142.1983,8.28,LV,Kurla combine 08-09-26.csv,3296,2229,LV,72.88185550838595,19.087553205464058
181,2111862.606,277240.0842,8.13,LV,Kurla combine 08-09-26.csv,2880,2230,LV,72.88278538820661,19.08756407610472
312,2111862.62,277177.5315,8.18,LV,Kurla combine 08-09-26.csv,3011,2231,LV,72.88219115756014,19.087557371772284
593,2111862.655,277156.1526,8.24,LV,Kurla combine 08-09-26.csv,3292,2232,LV,72.88198806143336,19.08755535285049
598,2111862.702,277138.2234,7.27,LV,Kurla combine 08-09-26.csv,3297,2233,LV,72.88181773489876,19.08755381891198
134,2111862.748,277273.059,6.91,LV,Kurla combine 08-09-26.csv,2833,2234,LV,72.88309862121017,19.08756895865031
180,2111862.789,277262.7931,8.32,LV,Kurla combine 08-09-26.csv,2879,2235,LV,72.88300109395875,19.087568208195304
130,2111862.831,277262.761,7.22,LV,Kurla combine 08-09-26.csv,2829,2236,LV,72.88300078419668,19.087568584009563
214,2111862.931,277218.857,7.991,FT,Kurla combine 08-09-26.csv,2396,2237,FT,72.88258369978365,19.08756469350698
591,2111862.957,277157.7889,8.24,LV,Kurla combine 08-09-26.csv,3290,2238,LV,72.8820035710163,19.08755825905704
228,2111863.022,277231.378,8.03,LV,Kurla combine 08-09-26.csv,2927,2239,LV,72.88270263452159,19.087566882561088
1,2111863.023,277141.916,8.274,LV,Kurla combine 08-09-26.csv,1030,2240,LV,72.88185277642495,19.08755712134591
717,2111863.023,277141.916,8.274,LV,Kurla combine 08-09-26.csv,3416,2241,LV,72.88185277642495,19.08755712134591
231,2111863.087,277233.5316,10.19,LV,Kurla combine 08-09-26.csv,2930,2242,LV,72.88272308551608,19.087567704750743
215,2111863.118,277219.395,7.983,FT,Kurla combine 08-09-26.csv,2397,2243,FT,72.88258878912004,19.087566441125137
497,2111863.133,277124.8684,8.02,LV,Kurla combine 08-09-26.csv,3196,2244,LV,72.88169081755491,19.08755625256716
603,2111863.144,277127.8238,8.19,LV,Kurla combine 08-09-26.csv,3302,2245,LV,72.8817188915549,19.087556674762226
216,2111863.178,277220.422,8.001,FT,Kurla combine 08-09-26.csv,2398,2246,FT,72.88259853837485,19.08756709515205
217,2111863.256,277221.546,7.981,FT+OTLA,Kurla combine 08-09-26.csv,2399,2247,Other / rare,72.88260920702899,19.087567922335428
601,2111863.276,277137.3597,8.15,LV,Kurla combine 08-09-26.csv,3300,2248,LV,72.88180946409918,19.087558908584572
604,2111863.307,277125.3531,8.04,LV,Kurla combine 08-09-26.csv,3303,2249,LV,72.88169540204149,19.087557876978437
298,2111863.373,277222.1136,7.92,LV,Kurla combine 08-09-26.csv,2997,2250,LV,72.88261458559549,19.087569040987294
598,2111863.434,277378.61,8.287,LV,Kurla combine 08-09-26.csv,1906,2251,LV,72.88410124131465,19.087586674351904
637,2111863.438,277161.1885,8.03,LV,Kurla combine 08-09-26.csv,3336,2252,LV,72.88203581077103,19.087562974476434
226,2111863.514,277240.1589,8.12,LV,Kurla combine 08-09-26.csv,2925,2253,LV,72.8827859935508,19.087572284769742
582,2111863.526,277108.7518,8.44,LV,Kurla combine 08-09-26.csv,3281,2254,LV,72.88153767035382,19.087558041240747
602,2111863.593,277127.8746,7.35,LV,Kurla combine 08-09-26.csv,3301,2255,LV,72.88171932254532,19.08756073540628
133,2111863.602,277283.811,6.9,LV,Kurla combine 08-09-26.csv,2832,2256,LV,72.88320066348535,19.087577845221098
301,2111863.625,277197.8079,8.05,LV,Kurla combine 08-09-26.csv,3000,2257,LV,72.88238366088497,19.087568662722443
633,2111863.656,277181.3233,8.12,LV,Kurla combine 08-09-26.csv,3332,2258,LV,72.88222705933111,19.08756714241676
639,2111863.799,277149.4797,7.92,LV,Kurla combine 08-09-26.csv,3338,2259,LV,72.88192453977571,19.08756495589818
307,2111863.918,277177.6545,8.16,LV,Kurla combine 08-09-26.csv,3006,2260,LV,72.88219217690558,19.087569107955197
642,2111863.932,277139.2285,7.98,LV,Kurla combine 08-09-26.csv,3341,2261,LV,72.88182714167256,19.087565037315624
131,2111863.952,277288.8606,6.87,LV,Kurla combine 08-09-26.csv,2830,2262,LV,72.88324859278133,19.087581557437677
305,2111864.022,277181.5669,8.17,LV,Kurla combine 08-09-26.csv,3004,2263,LV,72.88222933140197,19.087570474511505
132,2111864.105,277285.1985,6.94,LV,Kurla combine 08-09-26.csv,2831,2264,LV,72.88321378650758,19.08758253947937
635,2111864.108,277171.537,8.19,LV,Kurla combine 08-09-26.csv,3334,2265,LV,72.88213404095114,19.087570155784515
230,2111864.17,277223.8329,7.94,LV,Kurla combine 08-09-26.csv,2929,2266,LV,72.88263082681475,19.08757642674654
665,2111864.268,277137.8784,7.99,LV,Kurla combine 08-09-26.csv,3364,2267,LV,72.88181427758829,19.087567924385482
141,2111864.324,277138.001,7.997,LV,Kurla combine 08-09-26.csv,3857,2268,LV,72.88181543581116,19.08756844353564
46,2111864.422,277374.73,8.293,FT,Kurla combine 08-09-26.csv,1353,2269,FT,72.88406426921185,19.08759517400128
86,2111864.431,277303.3005,11.2,LV,Kurla combine 08-09-26.csv,2785,2270,LV,72.88338571193827,19.0875874597045
495,2111864.733,277128.683,7.93,LV,Kurla combine 08-09-26.csv,3194,2271,LV,72.88172687107235,19.08757111950171
605,2111864.89,277125.7058,7.99,LV,Kurla combine 08-09-26.csv,3304,2272,LV,72.88169857067335,19.087572212199873
87,2111864.92,277296.458,7.01,LV,Kurla combine 08-09-26.csv,2786,2273,LV,72.88332065435999,19.087591129160597
13,2111865.014,277728.501,10.284,LV,Kurla combine 08-09-26.csv,2456,2274,LV,72.8874249118243,19.08763909321673
183,2111865.083,277262.0366,8.3,LV,Kurla combine 08-09-26.csv,2882,2275,LV,72.88299364403643,19.087588843633696
667,2111865.15,277129.9572,8.01,LV,Kurla combine 08-09-26.csv,3366,2276,LV,72.88173892761247,19.08757502478457
499,2111865.18,277113.154,8.44,LV,Kurla combine 08-09-26.csv,3198,2277,LV,72.8815792996436,19.087573460092823
88,2111865.205,277296.237,8.01,LV,Kurla combine 08-09-26.csv,2787,2278,LV,72.8833185222119,19.087593678985932
92,2111865.435,277296.4375,8.39,LV,Kurla combine 08-09-26.csv,2791,2279,LV,72.88332040048608,19.087595778094165
580,2111865.438,277101.685,8.94,LV,Kurla combine 08-09-26.csv,3279,2280,LV,72.88147031851761,19.08757453720309
666,2111865.506,277133.9681,7.94,LV,Kurla combine 08-09-26.csv,3365,2281,LV,72.88177698885734,19.08757867810265
303,2111865.654,277187.3177,8.19,LV,Kurla combine 08-09-26.csv,3002,2282,LV,72.882283774537,19.08758584180527
58,2111866.069,277357.4677,7,LV,Kurla combine 08-09-26.csv,2757,2283,LV,72.88390009408182,19.087608165001942
93,2111866.331,277296.0096,8.4,LV,Kurla combine 08-09-26.csv,2792,2284,LV,72.88331623270446,19.087603823520478
60,2111866.38,277355.3512,7.13,LV,Kurla combine 08-09-26.csv,2759,2285,LV,72.88387995234032,19.08761074279853
518,2111866.54,277104.4758,8.66,LV,Kurla combine 08-09-26.csv,3217,2286,LV,72.88149670350094,19.087584794695633
96,2111866.609,277283.03370000003,8.35,LV,Kurla combine 08-09-26.csv,2795,2287,LV,72.8831929341238,19.08760491778735
224,2111866.641,277248.6441,7.97,LV,Kurla combine 08-09-26.csv,2923,2288,LV,72.88286624093256,19.08760145238992
578,2111866.745,277095.8048,9.55,LV,Kurla combine 08-09-26.csv,3277,2289,LV,72.88141430848157,19.087585698792157
57,2111866.757,277357.5946,7.47,LV,Kurla combine 08-09-26.csv,2756,2290,LV,72.88390122061679,19.087614392456175
61,2111866.996,277347.766,7.09,LV,Kurla combine 08-09-26.csv,2760,2291,LV,72.88380782476499,19.087615478365105
59,2111867.042,277355.3022,7.46,LV,Kurla combine 08-09-26.csv,2758,2292,LV,72.8838794108677,19.087616716240557
73,2111867.076,277311.7591,7.39,LV,Kurla combine 08-09-26.csv,2772,2293,LV,72.88346576210719,19.087612271035145
74,2111867.308,277311.7083,8.03,LV,Kurla combine 08-09-26.csv,2773,2294,LV,72.8834652528885,19.087614360775447
63,2111867.323,277342.2122,7.01,LV,Kurla combine 08-09-26.csv,2762,2295,LV,72.88375502798473,19.08761782552598
219,2111867.369,277262.4198,8.23,LV,Kurla combine 08-09-26.csv,2918,2296,LV,72.88299702179364,19.087609531246652
519,2111867.384,277098.5,9.26,LV,Kurla combine 08-09-26.csv,3218,2297,LV,72.88143983850331,19.087591764314467
71,2111867.508,277317.4799,7.06,LV,Kurla combine 08-09-26.csv,2770,2298,LV,72.88352005818663,19.087616797018985
222,2111867.648,277257.3969,8.19,LV,Kurla combine 08-09-26.csv,2921,2299,LV,72.88294927391048,19.087611502628953
91,2111867.662,277301.0546,8.17,LV,Kurla combine 08-09-26.csv,2790,2300,LV,72.88336400568176,19.087616395010002
577,2111867.908,277089.757,10.08,LV,Kurla combine 08-09-26.csv,3276,2301,LV,72.8813567228475,19.087595541531652
62,2111867.916,277347.9176,7.48,LV,Kurla combine 08-09-26.csv,2761,2302,LV,72.88380915930674,19.087623803800735
65,2111868.02,277330.5193,6.73,LV,Kurla combine 08-09-26.csv,2764,2303,LV,72.8836438693342,19.08762284427202
306,2111868.066,277177.5069,8.17,LV,Kurla combine 08-09-26.csv,3005,2304,LV,72.88219029824118,19.087606554057135
500,2111868.08,277119.5027,8.06,LV,Kurla combine 08-09-26.csv,3199,2305,LV,72.88163927683652,19.08760034469378
72,2111868.176,277318.103,9.24,LV,Kurla combine 08-09-26.csv,2771,2306,LV,72.88352590073677,19.087622898005005
66,2111868.266,277330.667,7.51,LV,Kurla combine 08-09-26.csv,2765,2307,LV,72.88364524419399,19.08762508211715
70,2111868.345,277319.5013,7.06,LV,Kurla combine 08-09-26.csv,2769,2308,LV,72.8835391647155,19.08762457693187
67,2111868.496,277329.5388,7.52,LV,Kurla combine 08-09-26.csv,2766,2309,LV,72.88363450026755,19.087627036206523
18,2111868.519,276867.712,-0.487,BED,Kurla combine 08-09-26.csv,1464,2310,BED,72.87924730448103,19.087576787277325
496,2111868.55,277124.0793,7.96,LV,Kurla combine 08-09-26.csv,3195,2311,LV,72.88168269893657,19.087605089409667
520,2111868.768,277092.4968,9.87,LV,Kurla combine 08-09-26.csv,3219,2312,LV,72.88138265115433,19.087603607871785
64,2111868.852,277330.3797,7.48,LV,Kurla combine 08-09-26.csv,2763,2313,LV,72.8836424476674,19.08763034316275
302,2111868.938,277199.7938,8.22,LV,Kurla combine 08-09-26.csv,3001,2314,LV,72.88240191596049,19.08761686339578
69,2111868.983,277325.5976,6.76,LV,Kurla combine 08-09-26.csv,2768,2315,LV,72.88359700427822,19.087631004346893
227,2111868.998,277230.5109,8.06,LV,Kurla combine 08-09-26.csv,2926,2316,LV,72.88269371101937,19.08762075951081
94,2111869.105,277292.4001,8.21,LV,Kurla combine 08-09-26.csv,2793,2317,LV,72.88328162516561,19.08762848261661
80,2111869.24,277314.2813,8.42,LV,Kurla combine 08-09-26.csv,2779,2318,LV,72.88348947371368,19.087632090285084
297,2111869.265,277221.921,8.03,LV,Kurla combine 08-09-26.csv,2996,2319,LV,72.88261207923276,19.0876222329443
300,2111869.294,277213.3896,8.1,LV,Kurla combine 08-09-26.csv,2999,2320,LV,72.88253103051528,19.08762156325733
76,2111869.436,277310.4309,8.42,LV,Kurla combine 08-09-26.csv,2775,2321,LV,72.88345287370224,19.08763344016859
68,2111869.55,277325.9901,7.88,LV,Kurla combine 08-09-26.csv,2767,2322,LV,72.883600667804,19.087636167990713
225,2111869.598,277241.0498,8.09,LV,Kurla combine 08-09-26.csv,2924,2323,LV,72.88279375807372,19.08762732906477
78,2111869.665,277310.177,8.38,LV,Kurla combine 08-09-26.csv,2777,2324,LV,72.88345043544581,19.087635480646043
229,2111869.745,277222.8755,8.05,LV,Kurla combine 08-09-26.csv,2928,2325,LV,72.88262109152654,19.087626672240265
223,2111869.962,277248.3223,8.05,LV,Kurla combine 08-09-26.csv,2922,2326,LV,72.88286280255157,19.087631410527788
17,2111869.965,276876.099,6.036,LV,Kurla combine 08-09-26.csv,3731,2327,LV,72.87932681158702,19.0875907638961
82,2111870.262,277320.0022,8.41,LV,Kurla combine 08-09-26.csv,2781,2328,LV,72.88354370301572,19.087641944800605
316,2111870.315,277200.6085,8.23,LV,Kurla combine 08-09-26.csv,3015,2329,LV,72.8824094971597,19.087629388596163
632,2111870.352,277182.0053,8.21,LV,Kurla combine 08-09-26.csv,3331,2330,LV,72.88223276888397,19.08762769111602
317,2111870.418,277221.3826,8.06,LV,Kurla combine 08-09-26.csv,3016,2331,LV,72.88260683218742,19.087632587354065
304,2111870.438,277186.7273,8.25,LV,Kurla combine 08-09-26.csv,3003,2332,LV,72.8822776163847,19.087628983518112
636,2111870.477,277161.226,8.18,LV,Kurla combine 08-09-26.csv,3335,2333,LV,72.88203535831956,19.087626550547988
634,2111870.603,277172.3642,8.21,LV,Kurla combine 08-09-26.csv,3333,2334,LV,72.88214115291107,19.087628905031806
50,2111870.635,276881.897,6.073,NALI,Kurla combine 08-09-26.csv,1079,2335,Other / rare,72.87938181341123,19.087597448999805
766,2111870.635,276881.897,6.073,LV,Kurla combine 08-09-26.csv,3465,2336,LV,72.87938181341123,19.087597448999805
97,2111870.649,277285.8102,8.21,LV,Kurla combine 08-09-26.csv,2796,2337,LV,72.88321884604949,19.087641707735663
50,2111870.651,277346.969,7.53,LV,Kurla combine 08-09-26.csv,2044,2338,LV,72.88379983396877,19.08764840116554
378,2111870.781,277211.6342,8.18,LV,Kurla combine 08-09-26.csv,3077,2339,LV,72.88251418401684,19.087634801255277
501,2111870.808,277112.6203,8.29,LV,Kurla combine 08-09-26.csv,3200,2340,LV,72.88157358295643,19.08762423045234
410,2111870.884,277181.6048,8.23,LV,Kurla combine 08-09-26.csv,3109,2341,LV,72.88222890315708,19.08763245207754
6,2111870.9,277081.837,10.227,LV,Kurla combine 08-09-26.csv,2188,2342,LV,72.88128114176132,19.087621698101398
182,2111870.904,277263.8485,8.32,LV,Kurla combine 08-09-26.csv,2881,2343,LV,72.8830101880197,19.08764161321801
184,2111870.927,277213.8897,8.16,LV,Kurla combine 08-09-26.csv,2883,2344,LV,72.88253559372808,19.08763636613697
9,2111870.928,277213.8931,8.16,LV,Kurla combine 08-09-26.csv,2708,2345,LV,72.88253562591206,19.08763637553963
558,2111871.075,276867.878,6.006,NALA,Kurla combine 08-09-26.csv,1675,2346,Other / rare,72.87924858738363,19.087599889631186
A9,2111871.215,277180.969,8.251,ST,Kurla combine 08-09-26.csv,1428,2347,Other / rare,72.88222282525092,19.0876353720306
494,2111871.345,277122.7824,8.93,LV,Kurla combine 08-09-26.csv,3193,2348,LV,72.88167005767333,19.087630190470776
15,2111871.348,276869.434,8.064,CW,Kurla combine 08-09-26.csv,1461,2349,Other / rare,72.87926333741333,19.087602525372265
640,2111871.352,277149.7213,8.07,LV,Kurla combine 08-09-26.csv,3339,2350,LV,72.88192596710621,19.087633196394794
409,2111871.364,277191.4945,8.33,LV,Kurla combine 08-09-26.csv,3108,2351,LV,72.88232279677973,19.08763786721714
638,2111871.38,277149.7258,8.06,LV,Kurla combine 08-09-26.csv,3337,2352,LV,72.88192600663766,19.087633449765317
220,2111871.656,277262.8395,8.25,LV,Kurla combine 08-09-26.csv,2919,2353,LV,72.88300051650462,19.087648294673162
641,2111871.774,277140.4387,8.04,LV,Kurla combine 08-09-26.csv,3340,2354,LV,72.88183773712302,19.08763599368587
221,2111871.789,277258.4827,8.22,LV,Kurla combine 08-09-26.csv,2920,2355,LV,72.88295911310165,19.087649020193698
411,2111871.988,277172.6819,8.28,LV,Kurla combine 08-09-26.csv,3110,2356,LV,72.88214401184138,19.087641448210707
515,2111872.26,277084.339,10.221,FT,Kurla combine 08-09-26.csv,1823,2357,FT,72.88130475358689,19.08763425416415
517,2111872.564,277106.0342,8.66,LV,Kurla combine 08-09-26.csv,3216,2358,LV,72.88151081550492,19.0876393700457
55,2111872.577,277331.5617,7.75,LV,Kurla combine 08-09-26.csv,2754,2359,LV,72.88365324864417,19.087664114141482
56,2111872.636,277328.877,7.89,LV,Kurla combine 08-09-26.csv,2755,2360,LV,72.88362773811359,19.087664353982166
375,2111872.809,277220.0847,8.13,LV,Kurla combine 08-09-26.csv,3074,2361,LV,72.88259422795687,19.087654039698524
98,2111873.041,277281.9227,8.35,LV,Kurla combine 08-09-26.csv,2797,2362,LV,72.88318164144607,19.087662886468664
1,2111873.577,277412.9693,9.63,NA,08.csv,2,2363,Other / rare,72.88442647923944,19.087682028817675
88,2111873.577,278232.9693,34.56,LV,Kurla combine 08-09-26.csv,3709,2364,LV,72.89221623312966,19.087771327231913
516,2111873.579,277102.2074,8.96,LV,Kurla combine 08-09-26.csv,3215,2365,LV,72.88147434559207,19.087648118820606
90,2111873.584,277298.832,8.22,LV,Kurla combine 08-09-26.csv,2789,2366,LV,72.88334221178869,19.087669636354605
126,2111873.614,277268.1058,8.27,LV,Kurla combine 08-09-26.csv,2825,2367,LV,72.88305031973748,19.08766655309037
609,2111873.787,277086.139,10.427,LV,Kurla combine 08-09-26.csv,2636,2368,LV,72.88132167746774,19.087648241765116
663,2111873.799,277138.7717,8.09,LV,Kurla combine 08-09-26.csv,3362,2369,LV,72.88182166852859,19.087654100160023
380,2111873.851,277200.1412,8.4,LV,Kurla combine 08-09-26.csv,3079,2370,LV,72.88240465179932,19.087661272578043
54,2111874.015,277325.5554,8.23,LV,Kurla combine 08-09-26.csv,2753,2371,LV,72.88359602570564,19.087676445756568
521,2111874.371,277088.7706,10.08,LV,Kurla combine 08-09-26.csv,3220,2372,LV,72.88134660963703,19.087653803625532
77,2111874.508,277313.4391,8.64,LV,Kurla combine 08-09-26.csv,2776,2373,LV,72.883480868283,19.08767957578245
644,2111874.519,277147.7409,8.21,LV,Kurla combine 08-09-26.csv,3343,2374,LV,72.88190679011944,19.087661582494654
434,2111874.628,277149.9842,8.3,LV,Kurla combine 08-09-26.csv,3133,2375,LV,72.88192808817607,19.087662811952644
167,2111874.79,277085.067,9.256,BED,Additional data 01 Oct 2026.csv,137,2376,BED,72.88131137856925,19.087657183120072
79,2111874.873,277308.73,8.48,LV,Kurla combine 08-09-26.csv,2778,2377,LV,72.88343609149378,19.087682358241317
81,2111874.876,277308.7102,8.48,LV,Kurla combine 08-09-26.csv,2780,2378,LV,72.88343590305593,19.087682383174304
643,2111875.249,277141.6699,8.16,LV,Kurla combine 08-09-26.csv,3342,2379,LV,72.88184903382987,19.087667512261522
51,2111875.264,277345.1,7.549,LV,Kurla combine 08-09-26.csv,2045,2380,LV,72.8837815495517,19.08768985905781
491,2111875.426,277123.9897,8.28,LV,Kurla combine 08-09-26.csv,3190,2381,LV,72.88168105767194,19.087667179465623
599,2111875.724,277381.117,8.388,LV,Kurla combine 08-09-26.csv,1907,2382,LV,72.8841236464061,19.08769794387773
211,2111875.775,277227.3102,8.22,LV,Kurla combine 08-09-26.csv,2910,2383,LV,72.88266252710042,19.087681615799045
412,2111875.821,277163.3466,8.34,LV,Kurla combine 08-09-26.csv,3111,2384,LV,72.88205488933754,19.087675045932027
433,2111876.006,277157.3769,8.35,LV,Kurla combine 08-09-26.csv,3132,2385,LV,72.88199815797368,19.08767606470099
502,2111876.84,277121.2249,8.05,LV,Kurla combine 08-09-26.csv,3201,2386,LV,72.88165463054446,19.08767964781668
213,2111876.991,277236.8621,8.42,LV,Kurla combine 08-09-26.csv,2912,2387,LV,72.88275312727353,19.087693640946327
413,2111877.139,277172.2276,8.38,LV,Kurla combine 08-09-26.csv,3112,2388,LV,72.88213910439174,19.08768791930108
490,2111877.208,277129.2114,8.19,LV,Kurla combine 08-09-26.csv,3189,2389,LV,72.8817304572657,19.08768384382944
15,2111877.217,277073.002,10.314,FT,Kurla combine 08-09-26.csv,2197,2390,FT,72.88119648632163,19.08767778402367
4,2111877.528,277326.9752,9.79,LV,Kurla combine 08-09-26.csv,2703,2391,LV,72.88360911003429,19.08770832803428
522,2111877.598,277095.1114,9.53,LV,Kurla combine 08-09-26.csv,3221,2392,LV,72.88140647418521,19.087683640702423
95,2111877.795,277292.4337,8.27,LV,Kurla combine 08-09-26.csv,2794,2393,LV,72.88328094657052,19.087706969152773
662,2111877.801,277136.1916,8.15,LV,Kurla combine 08-09-26.csv,3361,2394,LV,72.88179669863614,19.08768996194986
664,2111877.818,277133.0301,8.14,LV,Kurla combine 08-09-26.csv,3363,2395,LV,72.88176666351558,19.08768977012945
57,2111877.832,277336.187,7.505,LV,Kurla combine 08-09-26.csv,2051,2396,LV,72.88369658419712,19.087712078966273
407,2111877.864,277190.5916,8.44,LV,Kurla combine 08-09-26.csv,3106,2397,LV,72.8823134728692,19.08769647267688
99,2111877.996,277286.7783,8.23,LV,Kurla combine 08-09-26.csv,2798,2398,LV,72.88322719907127,19.08770816711164
100,2111878.185,277280.5981,8.4,LV,Kurla combine 08-09-26.csv,2799,2399,LV,72.88316846752548,19.08770919938768
84,2111878.249,277321.4756,8.7,LV,Kurla combine 08-09-26.csv,2783,2400,LV,72.88355678287658,19.08771423942307
17,2111878.47,277073.482,9.511,BED,Additional data 01 Oct 2026.csv,18,2401,BED,72.88120090214454,19.08768915280126
503,2111878.901,277115.2741,8.32,LV,Kurla combine 08-09-26.csv,3202,2402,LV,72.88159786315987,19.08769761141502
523,2111879.135,277089.8857,9.92,LV,Kurla combine 08-09-26.csv,3222,2403,LV,72.88135665520117,19.087696950997795
127,2111879.136,277275.4256,8.2,LV,Kurla combine 08-09-26.csv,2826,2404,LV,72.88311922129569,19.087717223580572
75,2111879.204,277313.6211,8.7,LV,Kurla combine 08-09-26.csv,2774,2405,LV,72.88348205807898,19.087722007108766
408,2111879.227,277181.3411,8.45,LV,Kurla combine 08-09-26.csv,3107,2406,LV,72.88222543967865,19.08770777219866
376,2111879.401,277211.8417,8.39,LV,Kurla combine 08-09-26.csv,3075,2407,LV,72.88251516509143,19.087712674545788
215,2111879.402,277245.7202,8.3,LV,Kurla combine 08-09-26.csv,2914,2408,LV,72.88283699935815,19.08771638281932
124,2111879.684,277284.2901,8.31,LV,Kurla combine 08-09-26.csv,2823,2409,LV,72.88320336817546,19.08772314049358
58,2111879.792,277331.791,7.617,LV,Kurla combine 08-09-26.csv,2052,2410,LV,72.88365459863813,19.087729300736015
515,2111879.881,277107.7983,8.57,LV,Kurla combine 08-09-26.csv,3214,2411,LV,72.88152673301038,19.087705645455355
114,2111880.213,277328.124,8.54,LV,Kurla combine 08-09-26.csv,2813,2412,LV,72.88361971501232,19.087732702732712
83,2111880.229,277309.1213,8.5,LV,Kurla combine 08-09-26.csv,2782,2413,LV,72.88343919378347,19.08773077313711
120,2111880.484,277300.3776,8.31,LV,Kurla combine 08-09-26.csv,2819,2414,LV,72.8833561022427,19.08773212173157
122,2111880.555,277293.0226,8.3,LV,Kurla combine 08-09-26.csv,2821,2415,LV,72.88328622402213,19.087731960101838
514,2111880.629,277101.6988,9.01,LV,Kurla combine 08-09-26.csv,3213,2416,LV,72.88146870389578,19.087711734551437
85,2111880.63,277304.1856,8.35,LV,Kurla combine 08-09-26.csv,2784,2417,LV,72.88339226022225,19.08773385598043
493,2111880.64,277125.5102,8.28,LV,Kurla combine 08-09-26.csv,3192,2418,LV,72.88169490277889,19.08771443524069
318,2111880.864,277221.2233,8.36,LV,Kurla combine 08-09-26.csv,3017,2419,LV,72.88260411910032,19.087726911925106
435,2111881.226,277158.3105,8.47,LV,Kurla combine 08-09-26.csv,3134,2420,LV,72.88200642713345,19.08772331054461
118,2111881.405,277309.8868,8.49,LV,Kurla combine 08-09-26.csv,2817,2421,LV,72.8834463307629,19.08774147762075
117,2111881.733,277319.6467,8.63,LV,Kurla combine 08-09-26.csv,2816,2422,LV,72.88353900894573,19.087745505208677
115,2111881.762,277319.634,8.63,LV,Kurla combine 08-09-26.csv,2814,2423,LV,72.88353888497053,19.087745765733153
47,2111881.785,276952.921,6.814,CC,Kurla combine 08-09-26.csv,1076,2424,CC,72.88005523363483,19.08770591489622
763,2111881.785,276952.921,6.814,LV,Kurla combine 08-09-26.csv,3462,2425,LV,72.88005523363483,19.08770591489622
22,2111881.941,276943.964,5.982,BED,Additional data 01 Oct 2026.csv,23,2426,BED,72.87997012735231,19.087706344534652
212,2111882.31,277226.9526,8.3,LV,Kurla combine 08-09-26.csv,2911,2427,LV,72.8826583794515,19.087740596928654
218,2111882.94,277256.458,8.26,LV,Kurla combine 08-09-26.csv,2917,2428,LV,72.88293859857086,19.08774950826483
382,2111882.982,277201.0989,8.53,LV,Kurla combine 08-09-26.csv,3081,2429,LV,72.88241270077228,19.08774384283273
436,2111883.244,277153.9607,8.49,LV,Kurla combine 08-09-26.csv,3135,2430,LV,72.8819648736583,19.087741060778768
46,2111883.281,276953.089,6.846,CC,Kurla combine 08-09-26.csv,1075,2431,CC,72.88005665754328,19.08771944420953
762,2111883.281,276953.089,6.846,LV,Kurla combine 08-09-26.csv,3461,2432,LV,72.88005665754328,19.08771944420953
646,2111883.343,277149.8069,8.46,LV,Kurla combine 08-09-26.csv,3345,2433,LV,72.88192540259017,19.0877415011701
415,2111883.375,277172.6418,8.55,LV,Kurla combine 08-09-26.csv,3114,2434,LV,72.88214232274771,19.087744284309746
514,2111883.431,277084.868,10.175,FT,Kurla combine 08-09-26.csv,1822,2435,FT,72.88130849505504,19.08773520160669
47,2111883.572,277378.67,8.329,FT,Kurla combine 08-09-26.csv,1354,2436,FT,72.88409949994737,19.087768555334105
48,2111883.623,276931.617,5.98,CC,Kurla combine 08-09-26.csv,1077,2437,CC,72.87985264177226,19.087720185370408
764,2111883.623,276931.617,5.98,LV,Kurla combine 08-09-26.csv,3463,2438,LV,72.87985264177226,19.087720185370408
660,2111883.84,277140.7459,8.42,LV,Kurla combine 08-09-26.csv,3359,2439,LV,72.88183926905685,19.08774500001613
377,2111883.899,277221.7689,8.48,LV,Kurla combine 08-09-26.csv,3076,2440,LV,72.88260895352734,19.087754381789612
88,2111883.949,277387.677,8.347,FT,Kurla combine 08-09-26.csv,2270,2441,FT,72.88418502026546,19.087772942983204
45,2111884.067,276961.817,7.916,CC,Kurla combine 08-09-26.csv,1074,2442,CC,72.88013948009589,19.087727497058598
761,2111884.067,276961.817,7.916,LV,Kurla combine 08-09-26.csv,3460,2443,LV,72.88013948009589,19.087727497058598
49,2111884.156,276916.844,6.177,CC,Kurla combine 08-09-26.csv,1078,2444,CC,72.87971224218684,19.087723383806548
765,2111884.156,276916.844,6.177,LV,Kurla combine 08-09-26.csv,3464,2445,LV,72.87971224218684,19.087723383806548
214,2111884.174,277237.3678,8.31,LV,Kurla combine 08-09-26.csv,2913,2446,LV,72.88275710629635,19.087758568688027
489,2111884.187,277130.6233,8.19,LV,Kurla combine 08-09-26.csv,3188,2447,LV,72.88174306792001,19.08774702814423
504,2111884.249,277122.7162,8.15,LV,Kurla combine 08-09-26.csv,3203,2448,LV,72.881667946031925,19.08774672430584
52,2111884.274,277348.331,7.588,LV,Kurla combine 08-09-26.csv,2046,2449,LV,72.88381120871456,19.087771584612153
54,2111884.442,277357.894,8.393,LV,Kurla combine 08-09-26.csv,2048,2450,LV,72.88390203482233,19.08777414550679
645,2111884.733,277143.3723,8.42,LV,Kurla combine 08-09-26.csv,3344,2451,LV,72.88186411636362,19.087753351941533
142,2111884.814,277257.5438,8.32,LV,Kurla combine 08-09-26.csv,2841,2452,LV,72.88294869810333,19.08776655165042
7,2111884.816,277257.5443,8.31,LV,Kurla combine 08-09-26.csv,2706,2453,LV,72.88294870262348,19.087766569767812
129,2111884.818,277257.5594,8.31,LV,Kurla combine 08-09-26.csv,2828,2454,LV,72.88294884583881,19.08776658947919
168,2111884.949,277086.025,9.146,BED,Additional data 01 Oct 2026.csv,138,2455,BED,72.88131931169983,19.087749037670612
21,2111884.981,276967.242,7.522,BED,Additional data 01 Oct 2026.csv,22,2456,BED,72.88019091059675,19.08773634480793
15,2111885.023,276950.955,6.774,LV,Kurla combine 08-09-26.csv,3729,2457,LV,72.88003618497018,19.087734943571732
125,2111885.034,277277.1695,8.31,LV,Kurla combine 08-09-26.csv,2824,2458,LV,72.88313511050904,19.08777068115231
16,2111885.109,276933.456,6.073,LV,Kurla combine 08-09-26.csv,3730,2459,LV,72.87986994072624,19.08773380707135
505,2111885.171,277114.7946,8.3,LV,Kurla combine 08-09-26.csv,3204,2460,LV,72.88159258757813,19.0877541858484
524,2111885.317,277096.1837,9.4,LV,Kurla combine 08-09-26.csv,3223,2461,LV,72.88141577358819,19.087753471152087
166,2111885.333,277271.9292,8.28,LV,Kurla combine 08-09-26.csv,2865,2462,LV,72.8830852950523,19.08777280946039
123,2111885.638,277284.5941,8.29,LV,Kurla combine 08-09-26.csv,2822,2463,LV,72.88320557241013,19.08777694663363
414,2111885.685,277164.4125,8.55,LV,Kurla combine 08-09-26.csv,3113,2464,LV,72.88206388178705,19.087764248014285
44,2111885.972,276973.834,9.485,CC,Kurla combine 08-09-26.csv,1073,2465,CC,72.88025341834373,19.087746015532524
760,2111885.972,276973.834,9.485,LV,Kurla combine 08-09-26.csv,3459,2466,LV,72.88025341834373,19.087746015532524
53,2111886.082,277353.034,7.851,LV,Kurla combine 08-09-26.csv,2047,2467,LV,72.88385567814616,19.08778842663794
405,2111886.175,277191.4829,8.63,LV,Kurla combine 08-09-26.csv,3104,2468,LV,72.882320985214,19.08777162993598
209,2111886.181,277236.6927,8.39,LV,Kurla combine 08-09-26.csv,2908,2469,LV,72.88275046256854,19.08777662098935
14,2111886.212,276963.248,8.125,LV,Kurla combine 08-09-26.csv,3728,2470,LV,72.88015282744121,19.087747025812373
557,2111886.317,276886.994,6.883,CW,Kurla combine 08-09-26.csv,1674,2471,Other / rare,72.87942842918507,19.087739636469397
121,2111886.32,277293.0368,8.3,LV,Kurla combine 08-09-26.csv,2820,2472,LV,72.88328569697954,19.087784027674147
525,2111886.37,277090.562,9.91,LV,Kurla combine 08-09-26.csv,3224,2473,LV,72.88136224834146,19.087762366988986
116,2111886.392,277311.0023,8.27,LV,Kurla combine 08-09-26.csv,2815,2474,LV,72.8834563550837,19.087786638977196
172,2111886.516,277254.7007,8.33,LV,Kurla combine 08-09-26.csv,2871,2475,LV,72.8829214941368,19.087781612684914
20,2111886.526,276983.289,9.752,BED,Additional data 01 Oct 2026.csv,21,2476,BED,72.88034317385087,19.087752052484277
119,2111886.59,277300.6994,8.33,LV,Kurla combine 08-09-26.csv,2818,2477,LV,72.88335845816889,19.0877873025904
113,2111886.803,277326.5897,8.64,LV,Kurla combine 08-09-26.csv,2812,2478,LV,72.88360438311597,19.087792052213874
13,2111886.854,276969.751,8.988,LV,Kurla combine 08-09-26.csv,3727,2479,LV,72.88021452984988,19.087753534868327
216,2111886.931,277246.4475,8.31,LV,Kurla combine 08-09-26.csv,2915,2480,LV,72.88284304380406,19.087784459620842
188,2111886.995,277246.6982,8.29,LV,Kurla combine 08-09-26.csv,2887,2481,LV,72.88284541802116,19.087785065002507
55,2111887.12,277359.969,8.799,CW,Kurla combine 08-09-26.csv,2049,2482,Other / rare,72.88392143925246,19.08779855804718
600,2111887.13,277383.598,8.469,LV,Kurla combine 08-09-26.csv,1908,2483,LV,72.88414590598825,19.087801226803236
43,2111887.225,276986.852,10.494,CC,Kurla combine 08-09-26.csv,1072,2484,CC,72.88037694074255,19.087758754896303
759,2111887.225,276986.852,10.494,LV,Kurla combine 08-09-26.csv,3458,2485,LV,72.88037694074255,19.087758754896303
163,2111887.315,277260.7857,8.23,LV,Kurla combine 08-09-26.csv,2862,2486,LV,72.88297920787387,19.087789493118336
12,2111887.594,276975.208,9.702,LV,Kurla combine 08-09-26.csv,3726,2487,LV,72.88026628436094,19.087760814635374
56,2111887.682,277359.999,8.712,CW,Kurla combine 08-09-26.csv,2050,2488,Other / rare,72.88392165973309,19.08780363697
406,2111887.772,277182.6855,8.64,LV,Kurla combine 08-09-26.csv,3105,2489,LV,72.88223722940049,19.08778509228881
42,2111887.845,276997.987,11.066,CC,Kurla combine 08-09-26.csv,1071,2490,CC,72.88048264809757,19.087765571492966
758,2111887.845,276997.987,11.066,LV,Kurla combine 08-09-26.csv,3457,2491,LV,72.88048264809757,19.087765571492966
217,2111887.935,277255.6141,8.34,LV,Kurla combine 08-09-26.csv,2916,2492,LV,72.88293000817781,19.08779452796286
7,2111888.057,277081.842,10.227,LV,Kurla combine 08-09-26.csv,2189,2493,LV,72.8812792174317,19.087776650180505
437,2111888.063,277157.2856,8.58,LV,Kurla combine 08-09-26.csv,3136,2494,LV,72.88199590542814,19.08778494623024
10,2111888.106,277242.5667,8.37,LV,Kurla combine 08-09-26.csv,2709,2495,LV,72.88280604254291,19.08779464779085
1,2111888.137,277242.5887,8.38,LV,Kurla combine 08-09-26.csv,2700,2496,LV,72.88280624797541,19.087794930166243
492,2111888.167,277132.8806,8.18,LV,Kurla combine 08-09-26.csv,3191,2497,LV,72.88176405419134,19.087783219667116
157,2111888.431,277281.2611,8.24,LV,Kurla combine 08-09-26.csv,2856,2498,LV,72.88317358929608,19.08780180748455
551,2111888.593,276974.959,9.703,CW,Kurla combine 08-09-26.csv,1668,2499,Other / rare,72.88026380407851,19.0877698097668
552,2111888.601,276969.561,8.894,CW,Kurla combine 08-09-26.csv,1669,2500,Other / rare,72.88021252403422,19.087769291922488
150,2111888.764,277282.8222,8.34,LV,Kurla combine 08-09-26.csv,2849,2501,LV,72.88318838099791,19.08780498535949
11,2111888.848,276980.618,10.078,LV,Kurla combine 08-09-26.csv,3725,2502,LV,72.88031753329406,19.08777273138134
553,2111888.909,276963.677,8.146,CW,Kurla combine 08-09-26.csv,1670,2503,Other / rare,72.88015659266395,19.08777143034823
6,2111889.04,277289.5641,8.3,LV,Kurla combine 08-09-26.csv,2705,2504,LV,72.88325239515217,19.087808213997835
438,2111889.091,277153.3994,8.55,LV,Kurla combine 08-09-26.csv,3137,2505,LV,72.88195886972416,19.087793806020418
513,2111889.231,277107.6817,8.69,LV,Kurla combine 08-09-26.csv,3212,2506,LV,72.88152455089033,19.087790076212343
554,2111889.353,276951.385,7.035,CW,Kurla combine 08-09-26.csv,1671,2507,Other / rare,72.88003977188639,19.08777409646312
38,2111889.375,277022.013,10.799,CC,Kurla combine 08-09-26.csv,1067,2508,CC,72.8807107109104,19.087782015527765
754,2111889.375,277022.013,10.799,LV,Kurla combine 08-09-26.csv,3453,2509,LV,72.8807107109104,19.087782015527765
555,2111889.607,276938.811,6.324,CW,Kurla combine 08-09-26.csv,1672,2510,Other / rare,72.87992029406192,19.087775015709088
512,2111889.937,277101.918,9.03,LV,Kurla combine 08-09-26.csv,3211,2511,LV,72.88146971655891,19.087795822674014
507,2111890.016,277115.6159,8.4,LV,Kurla combine 08-09-26.csv,3206,2512,LV,72.88159983290207,19.087798032659297
556,2111890.317,276923.57,6.152,CW,Kurla combine 08-09-26.csv,1673,2513,Other / rare,72.87977542823275,19.087779761574986
210,2111890.358,277230.3485,8.65,LV,Kurla combine 08-09-26.csv,2909,2514,LV,72.88268971503379,19.0878136524133
374,2111890.432,277211.4506,8.59,LV,Kurla combine 08-09-26.csv,3073,2515,LV,72.8825101827286,19.08781225716335
41,2111890.454,276997.862,10.854,CC,Kurla combine 08-09-26.csv,1070,2516,CC,72.8804811606781,19.087789120710074
757,2111890.454,276997.862,10.854,LV,Kurla combine 08-09-26.csv,3456,2517,LV,72.8804811606781,19.087789120710074
19,2111890.48,277028.421,9.962,BED,Additional data 01 Oct 2026.csv,20,2518,BED,72.88077145768138,19.087792695548952
111,2111890.625,277326.3709,8.54,LV,Kurla combine 08-09-26.csv,2810,2519,LV,72.88360186580897,19.087826546351657
40,2111890.881,277003.006,10.841,CC,Kurla combine 08-09-26.csv,1069,2520,CC,72.88052997781298,19.08779353936946
756,2111890.881,277003.006,10.841,LV,Kurla combine 08-09-26.csv,3455,2521,LV,72.88052997781298,19.08779353936946
506,2111890.942,277124.8496,8.27,LV,Kurla combine 08-09-26.csv,3205,2522,LV,72.88168744353509,19.087807404463817
659,2111891.112,277136.2413,8.37,LV,Kurla combine 08-09-26.csv,3358,2523,LV,72.88179564132433,19.087810184231092
189,2111891.244,277238.9764,8.37,LV,Kurla combine 08-09-26.csv,2888,2524,LV,72.88277157548482,19.087822596304413
190,2111891.306,277243.0796,8.37,LV,Kurla combine 08-09-26.csv,2889,2525,LV,72.88281054741572,19.087823604263477
10,2111891.361,276993.881,10.791,LV,Kurla combine 08-09-26.csv,3724,2526,LV,72.8804432382696,19.087796877027884
661,2111891.521,277139.0264,8.46,LV,Kurla combine 08-09-26.csv,3360,2527,LV,72.88182205184606,19.08781418230529
696,2111891.525,277082.176,10.227,LV,Kurla combine 08-09-26.csv,2004,2528,LV,72.88128199174425,19.08780800752968
37,2111891.535,277032.971,10.565,CC,Kurla combine 08-09-26.csv,1066,2529,CC,72.88081455984522,19.087802720925506
753,2111891.535,277032.971,10.565,LV,Kurla combine 08-09-26.csv,3452,2530,LV,72.88081455984522,19.087802720925506
14,2111891.764,277072.251,10.442,FT,Kurla combine 08-09-26.csv,2196,2531,FT,72.88118768014104,19.087809081563936
109,2111892.013,277316.8669,8.5,LV,Kurla combine 08-09-26.csv,2808,2532,LV,72.88351142153218,19.087838044607064
39,2111892.235,277020.769,10.795,CC,Kurla combine 08-09-26.csv,1068,2533,CC,72.88069856455081,19.087807709327887
755,2111892.235,277020.769,10.795,LV,Kurla combine 08-09-26.csv,3454,2534,LV,72.88069856455081,19.087807709327887
527,2111892.236,277092.0629,9.72,LV,Kurla combine 08-09-26.csv,3226,2535,LV,72.88137583223649,19.087815509103738
550,2111892.317,276980.493,10.24,CW,Kurla combine 08-09-26.csv,1667,2536,Other / rare,72.88031594696719,19.087804047584015
102,2111892.821,277286.2803,8.32,LV,Kurla combine 08-09-26.csv,2801,2537,LV,72.88322076597545,19.087842003250735
648,2111892.87,277151.4901,8.67,LV,Kurla combine 08-09-26.csv,3347,2538,LV,72.88194029783261,19.087827727100322
18,2111892.952,277069.85,9.515,BED,Additional data 01 Oct 2026.csv,19,2539,BED,72.88116473491266,19.08781954849705
36,2111892.971,277038.341,10.609,CC,Kurla combine 08-09-26.csv,1065,2540,CC,72.88086540793894,19.087816276864633
752,2111892.971,277038.341,10.609,LV,Kurla combine 08-09-26.csv,3451,2541,LV,72.88086540793894,19.087816276864633
107,2111893.056,277309.3772,8.35,LV,Kurla combine 08-09-26.csv,2806,2542,LV,72.88344015205676,19.087846646850934
164,2111893.112,277271.569,8.3,LV,Kurla combine 08-09-26.csv,2863,2543,LV,72.88308097999669,19.087843025389645
104,2111893.189,277294.4822,8.27,LV,Kurla combine 08-09-26.csv,2803,2544,LV,72.88329863910877,19.087846222142275
165,2111893.253,277261.0793,8.34,LV,Kurla combine 08-09-26.csv,2864,2545,LV,72.88298131507516,19.087843153616006
105,2111893.293,277301.4798,8.35,LV,Kurla combine 08-09-26.csv,2804,2546,LV,72.8833651021007,19.087847925254476
526,2111893.337,277096.6467,9.43,LV,Kurla combine 08-09-26.csv,3225,2547,LV,72.88141925025982,19.08782595347961
34,2111893.415,277068.238,10.6,CC,Kurla combine 08-09-26.csv,1063,2548,CC,72.8811493682435,19.087823553885773
750,2111893.415,277068.238,10.6,LV,Kurla combine 08-09-26.csv,3449,2549,LV,72.8811493682435,19.087823553885773
2,2111893.577,277472.9693,7.92,NA,08.csv,3,2550,Other / rare,72.88499416520656,19.08786920220322
148,2111893.685,277379.992,7.226,BED,Additional data 01 Oct 2026.csv,118,2551,BED,72.8841108977927,19.087860034186843
35,2111893.777,277056.515,10.611,CC,Kurla combine 08-09-26.csv,1064,2552,CC,72.881037962110085,19.08782554223341
751,2111893.777,277056.515,10.611,LV,Kurla combine 08-09-26.csv,3450,2553,LV,72.881037962110085,19.08782554223341
152,2111893.834,277283.5628,8.38,LV,Kurla combine 08-09-26.csv,2851,2554,LV,72.88319483429038,19.087850855403378
549,2111893.837,276995.557,10.873,CW,Kurla combine 08-09-26.csv,1666,2555,Other / rare,72.88045887501718,19.08781942193149
488,2111894.066,277125.6151,8.31,LV,Kurla combine 08-09-26.csv,3187,2556,LV,72.88169435655875,19.087835702154056
9,2111894.169,277019.003,10.686,LV,Kurla combine 08-09-26.csv,3723,2557,LV,72.88068156581977,19.087824983012503
417,2111894.17,277173.0976,8.7,LV,Kurla combine 08-09-26.csv,3116,2558,LV,72.88214541254135,19.087841827984608
657,2111894.386,277142.4543,8.56,LV,Kurla combine 08-09-26.csv,3356,2559,LV,72.88185428656432,19.08784043168992
513,2111894.494,277085.524,10.338,FT,Kurla combine 08-09-26.csv,1821,2560,FT,72.8813134553906,19.087835187534917
647,2111894.761,277145.7056,8.61,LV,Kurla combine 08-09-26.csv,3346,2561,LV,72.88188512974429,19.0878441736134
379,2111894.794,277220.3794,8.69,LV,Kurla combine 08-09-26.csv,3078,2562,LV,72.88259450236473,19.08785262712327
158,2111894.849,277280.3412,8.25,LV,Kurla combine 08-09-26.csv,2857,2563,LV,72.88316411358667,19.08785967058384
473,2111894.949,277122.7649,8.85,LV,Kurla combine 08-09-26.csv,3172,2564,LV,72.88166717914889,19.08784336550645
384,2111895.015,277201.2363,8.73,LV,Kurla combine 08-09-26.csv,3083,2565,LV,72.88241262382337,19.0878525326143
208,2111895.313,277234.4652,8.57,LV,Kurla combine 08-09-26.csv,2907,2566,LV,72.88272825324064,19.0878588524884
135,2111895.349,277381.195,8.58,TOP,Kurla combine 08-09-26.csv,1446,2567,Other / rare,72.8841221349233,19.087875193713696
8,2111895.443,277037.016,10.701,LV,Kurla combine 08-09-26.csv,3722,2568,LV,72.88085253672817,19.087838457647038
466,2111895.523,277132.7206,8.22,LV,Kurla combine 08-09-26.csv,3165,2569,LV,72.88176168901803,19.087849637102767
381,2111895.563,277209.8449,8.7,LV,Kurla combine 08-09-26.csv,3080,2570,LV,72.8824943397455,19.08785842190975
548,2111895.678,277014.333,10.67,CW,Kurla combine 08-09-26.csv,1665,2571,Other / rare,72.8806370289346,19.08783810095957
207,2111895.686,277227.7226,8.69,LV,Kurla combine 08-09-26.csv,2906,2572,LV,72.88266415790632,19.08786148496676
403,2111895.705,277192.7003,8.67,LV,Kurla combine 08-09-26.csv,3102,2573,LV,72.88233145537477,19.08785783207819
2,2111895.861,277068.416,10.425,CH,Kurla combine 08-09-26.csv,3716,2574,Other / rare,72.88115077804886,19.087845664110088
187,2111896.145,277246.5655,8.41,LV,Kurla combine 08-09-26.csv,2886,2575,LV,72.88284310658757,19.087867687801545
511,2111896.239,277108.9535,8.68,LV,Kurla combine 08-09-26.csv,3210,2576,LV,72.88153582723301,19.08785350713804
220,2111896.302,277359.493,8.793,NALI,Kurla combine 08-09-26.csv,2402,2577,Other / rare,72.88391586343704,19.087881432452267
169,2111896.377,277086.418,9.284,BED,Additional data 01 Oct 2026.csv,139,2578,BED,72.88132173168142,19.087852291320033
112,2111896.441,277327.7878,8.6,LV,Kurla combine 08-09-26.csv,2811,2579,LV,72.88361465820715,19.087879227632076
508,2111896.502,277116.475,8.51,LV,Kurla combine 08-09-26.csv,3207,2580,LV,72.88160724874584,19.08785670411109
56,2111896.505,278174.328,31.188,LV,Kurla combine 08-09-26.csv,967,2581,LV,72.89165653473448,19.087972025146684
6,2111896.629,277067.319,10.405,LV,Kurla combine 08-09-26.csv,3720,2582,LV,72.88114026864748,19.087852480345383
7,2111896.735,277054.997,10.759,LV,Kurla combine 08-09-26.csv,3721,2583,LV,72.88102320162297,19.087852091193515
487,2111897.092,277119.0966,8.39,LV,Kurla combine 08-09-26.csv,3186,2584,LV,72.88163208527318,19.087862319032524
3,2111897.142,277068.256,10.445,CH,Kurla combine 08-09-26.csv,3717,2585,Other / rare,72.8811491108691,19.087857215834273
5,2111897.217,277068.702,10.457,CH TOP,Kurla combine 08-09-26.csv,3719,2586,Other / rare,72.88115333909866,19.087857941923133
4,2111897.259,277069.245,10.449,CH,Kurla combine 08-09-26.csv,3718,2587,Other / rare,72.88115849258848,19.087858380575337
221,2111897.295,277344.178,8.833,NALI,Kurla combine 08-09-26.csv,2403,2588,Other / rare,72.88377026182995,19.087888729275836
439,2111897.358,277160.7172,8.71,LV,Kurla combine 08-09-26.csv,3138,2589,LV,72.88202743658533,19.087869267846198
658,2111897.441,277138.3262,8.64,LV,Kurla combine 08-09-26.csv,3357,2590,LV,72.88181471997041,19.087867571655877
14,2111897.549,277761.981,11.263,LV,Kurla combine 08-09-26.csv,2457,2591,LV,72.88773923364081,19.0879365779156
416,2111897.572,277167.5031,8.73,LV,Kurla combine 08-09-26.csv,3115,2592,LV,72.88209187580696,19.087871941747903
601,2111897.657,277386.024,8.542,LV,Kurla combine 08-09-26.csv,1909,2593,LV,72.88416774399452,19.087896565121085
547,2111897.698,277035.817,10.725,CW,Kurla combine 08-09-26.csv,1664,2594,Other / rare,72.88084088741597,19.087858692387602
404,2111897.895,277184.3224,8.75,LV,Kurla combine 08-09-26.csv,3103,2595,LV,72.88225161650732,19.087876695863606
171,2111897.94,277254.6241,8.35,LV,Kurla combine 08-09-26.csv,2870,2596,LV,72.88291945452502,19.087884779012505
110,2111898.107,277317.5172,8.66,LV,Kurla combine 08-09-26.csv,2809,2597,LV,72.88351689953035,19.087893152947103
147,2111898.57,277393.285,6.841,BED,Additional data 01 Oct 2026.csv,117,2598,BED,72.88423661641725,19.08790560306952
509,2111898.637,277110.7114,8.67,LV,Kurla combine 08-09-26.csv,3208,2599,LV,72.88155225112914,19.087875356462686
101,2111898.75,277287.0406,8.37,LV,Kurla combine 08-09-26.csv,2800,2600,LV,72.88322730778701,19.087895633417233
103,2111898.883,277294.2431,8.3,LV,Kurla combine 08-09-26.csv,2802,2601,LV,72.88329571394951,19.08789762083461
146,2111899.18,277396.515,7.555,BED,Additional data 01 Oct 2026.csv,116,2602,BED,72.88426723039156,19.087911464656422
175,2111899.231,277268.3364,8.13,LV,Kurla combine 08-09-26.csv,2874,2603,LV,72.88304956868303,19.087897935608808
162,2111899.28,277271.3675,8.36,LV,Kurla combine 08-09-26.csv,2861,2604,LV,72.8830783575281,19.08789870905997
440,2111899.336,277155.541,8.77,LV,Kurla combine 08-09-26.csv,3139,2605,LV,72.88197803714222,19.08788656655968
475,2111899.419,277139.1232,8.83,LV,Kurla combine 08-09-26.csv,3174,2606,LV,72.88182206393301,19.08788552280979
191,2111899.615,277237.8851,8.54,LV,Kurla combine 08-09-26.csv,2890,2607,LV,72.88276024709064,19.08789807897282
219,2111899.996,277316.319,7.95,BED,Kurla combine 08-09-26.csv,2401,2608,BED,72.88350530013959,19.087910082481503
544,2111900.066,277067.109,10.397,CC,Kurla combine 08-09-26.csv,1661,2609,CC,72.88113787867887,19.08788349827729
545,2111900.102,277060.015,10.743,CC,Kurla combine 08-09-26.csv,1662,2610,CC,72.88107048392203,19.08788304822178
546,2111900.113,277059.969,10.743,CW,Kurla combine 08-09-26.csv,1663,2611,Other / rare,72.88107004567313,19.087883142540377
486,2111900.153,277109.5555,8.7,LV,Kurla combine 08-09-26.csv,3185,2612,LV,72.88154109625255,19.087888921767032
542,2111900.157,277067.069,10.449,CW,Kurla combine 08-09-26.csv,1659,2613,Other / rare,72.88113748823298,19.087884315762683
173,2111900.184,277086.133,10.4,CH,Additional data 01 Oct 2026.csv,143,2614,Other / rare,72.88131858674826,19.087886642676647
108,2111900.241,277309.3199,8.64,LV,Kurla combine 08-09-26.csv,2807,2615,LV,72.88343878279689,19.08791153121261
154,2111900.257,277285.1282,8.49,LV,Kurla combine 08-09-26.csv,2853,2616,LV,72.88320896756103,19.087909034970302
510,2111900.358,277103.5053,8.97,LV,Kurla combine 08-09-26.csv,3209,2617,LV,72.88148359780779,19.08789011220312
467,2111900.453,277120.0439,8.45,LV,Kurla combine 08-09-26.csv,3166,2618,LV,72.88164069809444,19.08789277702443
170,2111900.489,277069.24,10.27,FT,Kurla combine 08-09-26.csv,2352,2619,FT,72.8811580738462,19.087887551411036
476,2111900.5,277132.4595,8.54,LV,Kurla combine 08-09-26.csv,3175,2620,LV,72.8817586367797,19.08789455781415
192,2111900.547,277242.6288,8.55,LV,Kurla combine 08-09-26.csv,2891,2621,LV,72.88280520366416,19.087907014185184
89,2111900.653,277311.7853,10.9,LV,Kurla combine 08-09-26.csv,2788,2622,LV,72.8834621560067,19.08791552125469
106,2111900.669,277304.1312,8.53,LV,Kurla combine 08-09-26.csv,2805,2623,LV,72.88338944266519,19.08791483028228
529,2111900.844,277090.6824,9.95,LV,Kurla combine 08-09-26.csv,3228,2624,LV,72.8813617286782,19.087893100466385
13,2111900.915,277069.287,10.299,FT,Kurla combine 08-09-26.csv,2195,2625,FT,72.88115847136757,19.087891403917887
143,2111900.998,277285.4571,7.61,LV,Kurla combine 08-09-26.csv,2842,2626,LV,72.88321200691998,19.087915763141776
128,2111901.047,277291.0158,9.14,LV,Kurla combine 08-09-26.csv,2827,2627,LV,72.88326480716154,19.08791681248785
172,2111901.169,277086.104,10.354,CH,Additional data 01 Oct 2026.csv,142,2628,Other / rare,72.88131819805422,19.087895535425762
171,2111901.237,277087.131,10.422,CH,Additional data 01 Oct 2026.csv,141,2629,Other / rare,72.88132794639658,19.08789626177245
528,2111901.372,277096.5311,9.52,LV,Kurla combine 08-09-26.csv,3227,2630,LV,72.88141722869989,19.08789850806144
650,2111901.423,277153.4887,8.77,LV,Kurla combine 08-09-26.csv,3349,2631,LV,72.88195830118808,19.087905190905
167,2111901.606,277260.7735,8.46,LV,Kurla combine 08-09-26.csv,2866,2632,LV,72.88297745083645,19.08791855949974
218,2111901.66,277307.621,7.972,BED,Kurla combine 08-09-26.csv,2400,2633,BED,72.88342248086931,19.087924161329347
171,2111901.976,277085.608,10.149,FT,Kurla combine 08-09-26.csv,2353,2634,FT,72.88131339347282,19.087902769562074
170,2111901.993,277086.525,9.195,BED,Additional data 01 Oct 2026.csv,140,2635,BED,72.8813221027135,19.08790302328938
149,2111902.02,277292.2463,8.65,LV,Kurla combine 08-09-26.csv,2848,2636,LV,72.88327638479585,19.08792573436377
512,2111902.07,277085.481,10.193,FT,Kurla combine 08-09-26.csv,1820,2637,FT,72.88131217621189,19.08790360463622
205,2111902.148,277224.6135,8.75,LV,Kurla combine 08-09-26.csv,2904,2638,LV,72.8826338802727,19.08791950635554
484,2111902.418,277090.9219,10.19,LV,Kurla combine 08-09-26.csv,3183,2639,LV,72.881363822956,19.08790734204017
193,2111902.432,277237.6043,8.63,LV,Kurla combine 08-09-26.csv,2892,2640,LV,72.88275725605004,19.087923489758037
206,2111902.478,277232.6342,8.58,LV,Kurla combine 08-09-26.csv,2905,2641,LV,72.8827100364237,19.087923362518968
485,2111902.587,277099.0564,9.29,LV,Kurla combine 08-09-26.csv,3184,2642,LV,72.88144107858047,19.087909757105393
148,2111902.88,277297.867,8.88,LV,Kurla combine 08-09-26.csv,2847,2643,LV,72.88332968090504,19.087934114925208
474,2111902.892,277090.0809,10.26,LV,Kurla combine 08-09-26.csv,3173,2644,LV,72.881355779261,19.087911531030485
194,2111902.937,277242.6974,8.76,LV,Kurla combine 08-09-26.csv,2893,2645,LV,72.8828055808572,19.08792860671475
147,2111903.05,277300.708,8.74,LV,Kurla combine 08-09-26.csv,2846,2646,LV,72.88335664998,19.087935960381895
418,2111903.081,277175.5353,8.81,LV,Kurla combine 08-09-26.csv,3117,2647,LV,72.88216754617399,19.087922572975366
656,2111903.253,277141.1131,8.85,LV,Kurla combine 08-09-26.csv,3355,2648,LV,72.8818405268,19.087920366533744
649,2111903.332,277147.9494,8.78,LV,Kurla combine 08-09-26.csv,3348,2649,LV,72.88190546032575,19.08792182676988
159,2111903.427,277279.6852,8.34,LV,Kurla combine 08-09-26.csv,2858,2650,LV,72.88315689680495,19.087937070313526
695,2111903.498,277081.632,10.181,LV,Kurla combine 08-09-26.csv,2003,2651,LV,72.88127544787466,19.087916080902616
23,2111903.538,277068.042,9.393,BED,Additional data 01 Oct 2026.csv,24,2652,BED,72.88114634280461,19.08791495720506
186,2111903.575,277245.1228,8.65,LV,Kurla combine 08-09-26.csv,2885,2653,LV,72.88282854810329,19.087934633564412
89,2111903.908,277392.176,8.497,FT,Kurla combine 08-09-26.csv,2271,2654,FT,72.88422546862304,19.087953691706776
468,2111903.915,277109.3964,8.74,LV,Kurla combine 08-09-26.csv,3167,2655,LV,72.88153915254236,19.087922880473766
419,2111903.986,277168.434,8.82,LV,Kurla combine 08-09-26.csv,3118,2656,LV,72.88209998217519,19.08792997077836
477,2111905.013,277122.8177,8.58,LV,Kurla combine 08-09-26.csv,3176,2657,LV,72.88166652428977,19.087934263189535
48,2111905.141,277383.461,8.524,FT,Kurla combine 08-09-26.csv,1355,2658,FT,72.88414253733038,19.087963876491823
469,2111905.173,277101.6063,9.07,LV,Kurla combine 08-09-26.csv,3168,2659,LV,72.88146500460115,19.08793339086907
8,2111905.349,277080.987,10.17,LV,Kurla combine 08-09-26.csv,2190,2660,LV,72.88126910785284,19.08793272752637
386,2111905.501,277202.1005,8.93,LV,Kurla combine 08-09-26.csv,3085,2661,LV,72.8824196289333,19.087947330197746
543,2111905.707,277067.314,10.381,CW,Kurla combine 08-09-26.csv,1660,2662,Other / rare,72.88113917774787,19.087934466734776
610,2111906.062,277087.372,10.409,LV,Kurla combine 08-09-26.csv,2637,2663,LV,72.88132968129247,19.087939864554524
483,2111906.46,277089.9039,10.26,LV,Kurla combine 08-09-26.csv,3182,2664,LV,72.881353687764,19.087943735686327
470,2111906.858,277094.3471,9.83,LV,Kurla combine 08-09-26.csv,3169,2665,LV,72.88139585095584,19.08794781564217
315,2111906.907,277218.414,8.99,LV,Kurla combine 08-09-26.csv,3014,2666,LV,72.88257444041538,19.087961809806295
441,2111906.948,277162.2216,8.85,LV,Kurla combine 08-09-26.csv,3140,2667,LV,72.88204062610616,19.087956043221475
471,2111907.159,277089.7759,10.28,LV,Kurla combine 08-09-26.csv,3170,2668,LV,72.88135239147293,19.087950034641633
383,2111907.216,277209.4624,8.99,LV,Kurla combine 08-09-26.csv,3082,2669,LV,72.88248936760803,19.087963622990713
170,2111907.361,277253.6327,8.57,LV,Kurla combine 08-09-26.csv,2869,2670,LV,72.88290895462379,19.087969755570462
478,2111907.397,277112.73,8.75,LV,Kurla combine 08-09-26.csv,3177,2671,LV,72.88157042050878,19.087954691970737
155,2111907.55,277286.2368,8.59,LV,Kurla combine 08-09-26.csv,2854,2672,LV,72.88321866148682,19.087975021987944
14,2111907.887,277090.432,10.22,LV,Kurla combine 08-09-26.csv,2713,2673,LV,72.88135854054022,19.087956681178643
602,2111907.906,277388.243,8.608,LV,Kurla combine 08-09-26.csv,1910,2674,LV,72.88418764749133,19.08798937012036
146,2111908.028,277300.4659,9.35,LV,Kurla combine 08-09-26.csv,2845,2675,LV,72.88335377854462,19.08798089226611
401,2111908.086,277196.1533,8.94,LV,Kurla combine 08-09-26.csv,3100,2676,LV,72.88236283551787,19.087970026874622
151,2111908.305,277291.2984,8.76,LV,Kurla combine 08-09-26.csv,2850,2677,LV,72.88326665839023,19.087982393237652
161,2111908.383,277270.4916,8.44,LV,Kurla combine 08-09-26.csv,2860,2678,LV,72.8830689914357,19.087980826259265
442,2111908.473,277157.0577,8.9,LV,Kurla combine 08-09-26.csv,3141,2679,LV,72.88199139552923,19.087969252058738
29,2111908.548,277381.921,8.203,NALI BEDLV,Kurla combine 08-09-26.csv,902,2680,Other / rare,72.88412751676992,19.08799447844732
144,2111908.679,277298.6502,8.93,LV,Kurla combine 08-09-26.csv,2843,2681,LV,72.88333645522178,19.087986573508765
402,2111909.002,277184.7594,8.94,LV,Kurla combine 08-09-26.csv,3101,2682,LV,72.88225449192372,19.087977055283424
15,2111909.252,277803.309,13.135,LV,Kurla combine 08-09-26.csv,2458,2683,LV,72.88813049695608,19.088046774231415
204,2111909.537,277232.9559,8.73,LV,Kurla combine 08-09-26.csv,2903,2684,LV,72.88271228172609,19.08798715027467
479,2111909.725,277105.1844,8.98,LV,Kurla combine 08-09-26.csv,3178,2685,LV,72.88149847226082,19.087974892676726
168,2111910.048,277261.7471,8.45,LV,Kurla combine 08-09-26.csv,2867,2686,LV,72.8829857302635,19.087994908858402
203,2111910.203,277224.7791,8.97,LV,Kurla combine 08-09-26.csv,2902,2687,LV,72.88263452824843,19.087992272334628
385,2111910.333,277218.7324,8.98,LV,Kurla combine 08-09-26.csv,3084,2688,LV,72.88257707160264,19.087992786137093
16,2111910.598,277148.9223,8.94,LV,Kurla combine 08-09-26.csv,2715,2689,LV,72.88191386772365,19.087987555135918
481,2111910.916,277098.397,9.58,LV,Kurla combine 08-09-26.csv,3180,2690,LV,72.88143385731635,19.08798490750224
472,2111910.987,277089.6884,10.27,LV,Kurla combine 08-09-26.csv,3171,2691,LV,72.88135112031374,19.087984597237135
480,2111911.065,277099.4148,9.44,LV,Kurla combine 08-09-26.csv,3179,2692,LV,72.88144350895945,19.0879863643807
11,2111911.233,277217.5783,9.05,LV,Kurla combine 08-09-26.csv,2710,2693,LV,72.88256600464773,19.088000788367463
296,2111911.377,277217.5787,9.04,LV,Kurla combine 08-09-26.csv,2995,2694,LV,72.88256599190767,19.08800208893213
24,2111911.534,277085.851,9.229,BED,Additional data 01 Oct 2026.csv,25,2695,BED,72.88131460340828,19.087989118123996
248,2111911.554,277217.5814,9.06,LV,Kurla combine 08-09-26.csv,2947,2696,LV,72.88256599722645,19.088003687784017
507,2111911.707,277085.4,10.269,FT,Kurla combine 08-09-26.csv,1815,2697,FT,72.88131029917368,19.08799063127647
510,2111911.75,277087.002,10.474,CH,Kurla combine 08-09-26.csv,1818,2698,Other / rare,72.88132551270601,19.087991194665445
202,2111911.769,277231.5525,8.69,LV,Kurla combine 08-09-26.csv,2901,2699,LV,72.88269869352196,19.088007155112518
A19,2111911.783,277217.653,9.059,ST,Kurla combine 08-09-26.csv,1429,2700,Other / rare,72.88256665110045,19.08800576379227
201,2111911.933,277228.7007,10.16,LV,Kurla combine 08-09-26.csv,2900,2701,LV,72.88267158349498,19.088008324866127
320,2111912.033,277223.6986,9.06,LV,Kurla combine 08-09-26.csv,3019,2702,LV,72.88262405365488,19.08800868180389
373,2111912.139,277220.6296,9.61,LV,Kurla combine 08-09-26.csv,3072,2703,LV,72.88259488695945,19.088009304007837
321,2111912.24,277226.3092,9.1,LV,Kurla combine 08-09-26.csv,3020,2704,LV,72.88264882974678,19.088010836367644
195,2111912.273,277242.8133,8.96,LV,Kurla combine 08-09-26.csv,2894,2705,LV,72.88280560965354,19.088012936493605
196,2111912.404,277236.9876,8.68,LV,Kurla combine 08-09-26.csv,2895,2706,LV,72.8827502523103,19.088013483511077
169,2111912.456,277253.2304,8.73,LV,Kurla combine 08-09-26.csv,2868,2707,LV,72.88290454778088,19.088015726618508
372,2111912.568,277220.8427,9.52,LV,Kurla combine 08-09-26.csv,3071,2708,LV,72.88259686206688,19.088013201746612
200,2111912.632,277234.5946,8.64,LV,Kurla combine 08-09-26.csv,2899,2709,LV,72.88272749338533,19.088015281378226
482,2111912.646,277092.8662,10.03,LV,Kurla combine 08-09-26.csv,3181,2710,LV,72.88138111771028,19.087999927519036
506,2111912.692,277085.302,10.125,FT,Kurla combine 08-09-26.csv,1814,2711,FT,72.88130925500096,19.087999516486228
370,2111912.796,277219.6187,9.56,LV,Kurla combine 08-09-26.csv,3069,2712,LV,72.88258520826938,19.088015127247175
511,2111912.82,277086.387,10.469,CH TOP,Kurla combine 08-09-26.csv,1819,2713,Other / rare,72.88131954743457,19.08800079105452
509,2111912.831,277087.041,10.539,CH,Kurla combine 08-09-26.csv,1817,2714,Other / rare,72.88132575895614,19.08800096185765
328,2111912.84,277226.1275,8.54,LV,Kurla combine 08-09-26.csv,3027,2715,LV,72.88264703474087,19.088016235364716
508,2111912.851,277085.879,10.448,CH,Kurla combine 08-09-26.csv,1816,2716,Other / rare,72.88131471803823,19.08800101552192
371,2111912.983,277220.051,9.56,LV,Kurla combine 08-09-26.csv,3070,2717,LV,72.88258929350275,19.088016863324356
327,2111913.064,277230.6942,8.56,LV,Kurla combine 08-09-26.csv,3026,2718,LV,72.88269039120956,19.08801875705138
319,2111913.127,277224.2541,9.89,LV,Kurla combine 08-09-26.csv,3018,2719,LV,72.88262920507367,19.088018622809397
185,2111913.155,277244.6419,8.91,LV,Kurla combine 08-09-26.csv,2884,2720,LV,72.88282287947766,19.08802110184341
359,2111913.185,277220.3826,8.54,LV,Kurla combine 08-09-26.csv,3058,2721,LV,72.88259242039541,19.088018723876218
322,2111913.244,277236.0646,8.91,LV,Kurla combine 08-09-26.csv,3021,2722,LV,72.8827413876288,19.088020969102466
505,2111913.31,277085.098,10.173,FT,Kurla combine 08-09-26.csv,1813,2723,FT,72.88130724604171,19.088005075594495
358,2111913.385,277220.893,9.5,LV,Kurla combine 08-09-26.csv,3057,2724,LV,72.88259724606091,19.0880205858897
3,2111913.577,277512.9693,8.75,NA,08.csv,4,2725,Other / rare,72.88537185859413,19.0880541929684
504,2111913.641,277084.812,10.147,FT,Kurla combine 08-09-26.csv,1812,2726,FT,72.88130449109381,19.088008033734628
199,2111913.665,277244.1153,8.88,LV,Kurla combine 08-09-26.csv,2898,2727,LV,72.88281781837263,19.088025650358805
323,2111913.727,277240.6677,8.89,LV,Kurla combine 08-09-26.csv,3022,2728,LV,72.88278506014508,19.088025833873417
503,2111913.741,277084.527,10.144,FT,Kurla combine 08-09-26.csv,1811,2729,FT,72.88130177219416,19.088008905733272
177,2111913.755,277243.1077,8.4,LV,Kurla combine 08-09-26.csv,2876,2730,LV,72.88280823615573,19.088026353168647
421,2111913.807,277170.4788,8.99,LV,Kurla combine 08-09-26.csv,3120,2731,LV,72.8821182788235,19.08801889142739
326,2111913.827,277237.3776,8.54,LV,Kurla combine 08-09-26.csv,3025,2732,LV,72.88275379375378,19.08802637777255
369,2111914.111,277219.1713,9.55,LV,Kurla combine 08-09-26.csv,3068,2733,LV,72.88258080707114,19.08802695467755
145,2111914.122,277298.004,9.06,LV,Kurla combine 08-09-26.csv,2844,2734,LV,72.88332969156423,19.088035660881612
198,2111914.178,277250.109,8.9,LV,Kurla combine 08-09-26.csv,2897,2735,LV,72.88287469770904,19.08803093788414
387,2111914.187,277211.5095,9.08,LV,Kurla combine 08-09-26.csv,3086,2736,LV,72.88250801368238,19.088026804395497
160,2111914.256,277280.1121,8.88,LV,Kurla combine 08-09-26.csv,2859,2737,LV,72.8831597087417,19.08803491793977
118,2111914.282,277082.228,10.06,FT MATCH,Kurla combine 08-09-26.csv,1425,2738,Other / rare,72.88127987026927,19.088013540515302
325,2111914.295,277236.3216,10.26,LV,Kurla combine 08-09-26.csv,3024,2739,LV,72.8827437083385,19.088030489162225
197,2111914.311,277250.0746,8.85,LV,Kurla combine 08-09-26.csv,2896,2740,LV,72.88287435564565,19.088032135304122
694,2111914.325,277081.508,10.126,LV,Kurla combine 08-09-26.csv,2002,2741,LV,72.88127302556278,19.08801385019403
502,2111914.33,277082.16,10.11,FT,Kurla combine 08-09-26.csv,1810,2742,FT,72.88127921877484,19.08801396659191
173,2111914.486,277300.4625,8.14,LV,Kurla combine 08-09-26.csv,2872,2743,LV,72.88335300475052,19.08803921667851
178,2111914.605,277255.0918,8.3,LV,Kurla combine 08-09-26.csv,2877,2744,LV,72.88292198369643,19.08803533832168
654,2111914.684,277144.2683,8.98,LV,Kurla combine 08-09-26.csv,3353,2745,LV,72.88186918676014,19.08802394903019
176,2111914.764,277273.3264,8.13,LV,Kurla combine 08-09-26.csv,2875,2746,LV,72.88309518839124,19.08803876509599
324,2111914.769,277245.2539,8.45,LV,Kurla combine 08-09-26.csv,3023,2747,LV,72.88282850792106,19.088035745340076
156,2111914.976,277286.6811,8.77,LV,Kurla combine 08-09-26.csv,2855,2748,LV,72.88322202950408,19.08804213766326
420,2111915.043,277178.3325,9.01,LV,Kurla combine 08-09-26.csv,3119,2749,LV,72.88219274445633,19.088030912010492
153,2111915.123,277291.8323,8.88,LV,Kurla combine 08-09-26.csv,2852,2750,LV,72.883270947411,19.0880440276038
357,2111915.33,277220.4769,9.73,LV,Kurla combine 08-09-26.csv,3056,2751,LV,72.8825930698419,19.08803810651772
655,2111915.407,277149.026,9.02,LV,Kurla combine 08-09-26.csv,3354,2752,LV,72.88191430030469,19.088030998427097
174,2111915.45,277293.1419,8.16,LV,Kurla combine 08-09-26.csv,2873,2753,LV,72.8832833506542,19.088047123830474
368,2111915.691,277219.0662,9.59,LV,Kurla combine 08-09-26.csv,3067,2754,LV,72.8825796271755,19.088041212806207
26,2111915.816,277082.768,10.395,CH,Additional data 01 Oct 2026.csv,27,2755,Other / rare,72.88128482378954,19.088027453667905
25,2111915.817,277083.149,9.441,BED,Additional data 01 Oct 2026.csv,26,2756,BED,72.8812884430503,19.088027504329176
27,2111915.837,277083.705,10.454,CH,Additional data 01 Oct 2026.csv,28,2757,Other / rare,72.8812937225703,19.08802774570803
443,2111916.047,277163.3093,9.01,LV,Kurla combine 08-09-26.csv,3142,2758,LV,72.88204991353012,19.088038338668326
444,2111916.105,277158.3188,9.05,LV,Kurla combine 08-09-26.csv,3143,2759,LV,72.88200249871896,19.088038317393163
367,2111916.819,277219.1085,9.59,LV,Kurla combine 08-09-26.csv,3066,2760,LV,72.8825798994497,19.08805140483975
28,2111916.968,277083.786,10.418,CH,Additional data 01 Oct 2026.csv,29,2761,Other / rare,72.8812943620582,19.088037969058586
390,2111917.641,277202.5696,9.08,LV,Kurla combine 08-09-26.csv,3089,2762,LV,72.88242269072832,19.088057022560537
366,2111918.224,277219.3468,9.58,LV,Kurla combine 08-09-26.csv,3065,2763,LV,72.88258200184558,19.088064119972767
652,2111918.685,277156.5954,9.06,LV,Kurla combine 08-09-26.csv,3351,2764,LV,72.88198583055011,19.08806143014117
356,2111918.716,277220.9075,9.79,LV,Kurla combine 08-09-26.csv,3055,2765,LV,72.8825967714913,19.08806873384459
354,2111918.775,277221.0749,9.28,LV,Kurla combine 08-09-26.csv,3053,2766,LV,72.88259835496171,19.088069284976598
12,2111919.256,277171.34620000003,9.09,LV,Kurla combine 08-09-26.csv,2711,2767,LV,72.88212589283704,19.08806819822747
365,2111919.623,277219.6171,9.52,LV,Kurla combine 08-09-26.csv,3064,2768,LV,72.88258440892074,19.08807678441175
90,2111920.258,277395.711,8.604,FT,Kurla combine 08-09-26.csv,2272,2769,FT,72.88425717354367,19.088101740900026
9,2111920.493,277081.113,10.122,LV,Kurla combine 08-09-26.csv,2191,2770,LV,72.88126856429568,19.088069512636046
501,2111920.634,277082.604,10.126,FT,Kurla combine 08-09-26.csv,1809,2771,FT,72.88128271210745,19.088070948976764
603,2111920.655,277391.135,8.711,LV,Kurla combine 08-09-26.csv,1911,2772,LV,72.88421365736977,19.08810482706601
169,2111921.128,277070.059,10.182,FT,Kurla combine 08-09-26.csv,2351,2773,FT,72.88116348189598,19.08807403971147
12,2111921.146,277070.155,10.064,FT,Kurla combine 08-09-26.csv,2194,2774,FT,72.88116439179598,19.088074212766493
446,2111921.309,277160.2003,9.21,LV,Kurla combine 08-09-26.csv,3145,2775,LV,72.88201977447338,19.08808552227123
445,2111921.448,277165.3317,9.17,LV,Kurla combine 08-09-26.csv,3144,2776,LV,72.88206850517066,19.088087338117397
117,2111921.587,277082.714,10.089,FT,Kurla combine 08-09-26.csv,1424,2777,FT,72.88128364754284,19.08807956790886
425,2111922.112,277167.9973,9.19,LV,Kurla combine 08-09-26.csv,3124,2778,LV,72.8820937512382,19.088093626110194
13,2111922.112,277167.9983,9.2,LV,Kurla combine 08-09-26.csv,2712,2779,LV,72.88209376073789,19.088093626219422
400,2111922.67,277184.411,9.2,LV,Kurla combine 08-09-26.csv,3099,2780,LV,72.8822496120828,19.088100458324472
653,2111922.837,277151.6475,9.32,LV,Kurla combine 08-09-26.csv,3352,2781,LV,72.88193835003935,19.08809838802098
389,2111923.219,277219.4429,9.22,LV,Kurla combine 08-09-26.csv,3088,2782,LV,72.88258234103763,19.088109242288592
424,2111923.235,277220.1249,10.92,LV,Kurla combine 08-09-26.csv,3123,2783,LV,72.88258881798599,19.08810946126415
458,2111923.309,277161.6147,9.58,LV,Kurla combine 08-09-26.csv,3157,2784,LV,72.88203298104258,19.08810373954693
457,2111923.316,277162.255,9.58,LV,Kurla combine 08-09-26.csv,3156,2785,LV,72.88203906288518,19.08810387270446
456,2111923.342,277162.5627,9.54,LV,Kurla combine 08-09-26.csv,3155,2786,LV,72.88204198295043,19.088104141129612
423,2111923.564,277171.5228,9.2,LV,Kurla combine 08-09-26.csv,3122,2787,LV,72.88212707555589,19.088107124757503
455,2111923.645,277163.6203,9.3,LV,Kurla combine 08-09-26.csv,3154,2788,LV,72.88205199500348,19.088106993159002
449,2111923.787,277163.6972,9.58,LV,Kurla combine 08-09-26.csv,3148,2789,LV,72.88205270921483,19.08810828401622
388,2111923.838,277212.3051,9.21,LV,Kurla combine 08-09-26.csv,3087,2790,LV,72.88251446307697,19.088114053273234
462,2111923.875,277157.5518,9.59,LV,Kurla combine 08-09-26.csv,3161,2791,LV,72.88199431975332,19.088108407533664
448,2111923.91,277157.636,9.58,LV,Kurla combine 08-09-26.csv,3147,2792,LV,72.88199511560536,19.088108732829458
454,2111923.98,277164.1456,9.58,LV,Kurla combine 08-09-26.csv,3153,2793,LV,72.88205694669914,19.08811007605178
651,2111924.326,277145.4366,9.31,LV,Kurla combine 08-09-26.csv,3350,2794,LV,72.88187917738298,19.088111157327287
463,2111924.686,277149.9544,9.6,LV,Kurla combine 08-09-26.csv,3162,2795,LV,72.88192205368493,19.088114902123888
399,2111924.748,277195.1062,9.21,LV,Kurla combine 08-09-26.csv,3098,2796,LV,72.88235097439862,19.088120393616112
453,2111924.757,277164.7578,9.5,LV,Kurla combine 08-09-26.csv,3152,2797,LV,72.88206267313664,19.08811716031168
447,2111924.883,277148.755,9.62,LV,Kurla combine 08-09-26.csv,3146,2798,LV,72.88191063713093,19.088116550294252
452,2111924.958,277165.2301,9.5,LV,Kurla combine 08-09-26.csv,3151,2799,LV,72.88206713674462,19.088119027208652
464,2111925.056,277145.9865,9.61,LV,Kurla combine 08-09-26.csv,3163,2800,LV,72.88188431738236,19.08811781031128
693,2111925.242,277081.993,10.113,LV,Kurla combine 08-09-26.csv,2001,2801,LV,72.88127637820227,19.08811249885204
431,2111925.301,277164.5067,9.63,LV,Kurla combine 08-09-26.csv,3130,2802,LV,72.88206022526653,19.088122045962816
430,2111925.401,277166.3942,9.64,LV,Kurla combine 08-09-26.csv,3129,2803,LV,72.88207814443116,19.088123155264206
460,2111925.558,277146.5313,9.36,LV,Kurla combine 08-09-26.csv,3159,2804,LV,72.88188943513053,19.088122403580773
459,2111925.611,277146.5736,8.98,LV,Kurla combine 08-09-26.csv,3158,2805,LV,72.88188983087751,19.088122886865136
432,2111925.624,277164.2174,8.92,LV,Kurla combine 08-09-26.csv,3131,2806,LV,72.8820574398988,19.088124931503703
450,2111925.68,277166.7345,9.65,LV,Kurla combine 08-09-26.csv,3149,2807,LV,72.88208134511996,19.08812571219187
429,2111925.751,277167.0304,9.66,LV,Kurla combine 08-09-26.csv,3128,2808,LV,72.8820841479195,19.08812638574023
451,2111925.791,277167.032,9.65,LV,Kurla combine 08-09-26.csv,3150,2809,LV,72.88208415852348,19.088126747170698
611,2111925.803,277084.145,10.336,LV,Kurla combine 08-09-26.csv,2638,2810,LV,72.88129675703468,19.088117800599644
355,2111925.928,277221.7236,8.66,LV,Kurla combine 08-09-26.csv,3054,2811,LV,72.88260369581826,19.088133957387594
364,2111926.257,277221.0431,9.58,LV,Kurla combine 08-09-26.csv,3063,2812,LV,72.88259719349175,19.08813685440782
461,2111926.268,277146.3991,10.74,LV,Kurla combine 08-09-26.csv,3160,2813,LV,72.88188809769468,19.08812880142808
422,2111926.58,277178.0439,9.26,LV,Kurla combine 08-09-26.csv,3121,2814,LV,72.882188677459,19.0881350756766
427,2111927.324,277167.855,9.39,LV,Kurla combine 08-09-26.csv,3126,2815,LV,72.88209180064148,19.0881406821873
332,2111927.513,277177.4717,9.7,LV,Kurla combine 08-09-26.csv,3031,2816,LV,72.88218313455376,19.088143439471498
331,2111927.547,277176.5275,8.42,LV,Kurla combine 08-09-26.csv,3030,2817,LV,72.88217416104439,19.088143643413883
49,2111927.568,277388.628,8.727,FT,Kurla combine 08-09-26.csv,1356,2818,FT,72.88418904820205,19.088166987618557
333,2111927.7,277179.0812,9.69,LV,Kurla combine 08-09-26.csv,3032,2819,LV,72.88219840281538,19.088145304129757
392,2111927.965,277203.945,9.26,LV,Kurla combine 08-09-26.csv,3091,2820,LV,72.8824345706894,19.088150412883387
329,2111928.008,277176.9763,8.84,LV,Kurla combine 08-09-26.csv,3028,2821,LV,72.88217837154247,19.088147855903955
398,2111928.587,277183.5225,9.34,LV,Kurla combine 08-09-26.csv,3097,2822,LV,72.88224049187374,19.088153800042956
330,2111928.678,277172.5655,9.26,LV,Kurla combine 08-09-26.csv,3029,2823,LV,72.8821363933548,19.088153425187304
428,2111928.686,277167.2678,9.25,LV,Kurla combine 08-09-26.csv,3127,2824,LV,72.88208606594935,19.08815291880794
500,2111928.874,277083.571,10.059,FT,Kurla combine 08-09-26.csv,1808,2825,FT,72.88129095126683,19.08814547327463
426,2111928.984,277168.238,11.38,LV,Kurla combine 08-09-26.csv,3125,2826,LV,72.88209524830815,19.08815571613216
334,2111929.182,277182.6677,9.65,LV,Kurla combine 08-09-26.csv,3033,2827,LV,72.88223230318799,19.088159080363898
336,2111929.237,277183.0662,9.44,LV,Kurla combine 08-09-26.csv,3035,2828,LV,72.88223608249491,19.088159620613393
335,2111929.643,277182.5921,8.97,LV,Kurla combine 08-09-26.csv,3034,2829,LV,72.88223153205203,19.088163235579593
10,2111929.775,277082.039,10.094,LV,Kurla combine 08-09-26.csv,2192,2830,LV,72.88127629420305,19.088153443160397
353,2111931.688,277223.3843,8.98,LV,Kurla combine 08-09-26.csv,3052,2831,LV,72.88261881036298,19.08818615957163
352,2111931.842,277223.0729,8.71,LV,Kurla combine 08-09-26.csv,3051,2832,LV,72.8826158344709,19.08818751640263
397,2111932.175,277191.6375,9.38,LV,Kurla combine 08-09-26.csv,3096,2833,LV,72.88231716966172,19.088187090959337
363,2111932.947,277222.5039,9.55,LV,Kurla combine 08-09-26.csv,3062,2834,LV,72.88261030222691,19.08819743396177
391,2111933.57,277220.6109,9.34,LV,Kurla combine 08-09-26.csv,3090,2835,LV,72.88259224775273,19.088202853809587
66,2111933.577,277972.9693,24.02,LV,Kurla combine 08-09-26.csv,3687,2836,LV,72.88973943816288,19.088284934969913
362,2111933.777,277222.708,9.62,LV,Kurla combine 08-09-26.csv,3061,2837,LV,72.88261214578056,19.088204952307507
337,2111933.941,277191.1426,8.79,LV,Kurla combine 08-09-26.csv,3036,2838,LV,72.88231226539502,19.08820298635194
361,2111934.308,277222.7466,9.61,LV,Kurla combine 08-09-26.csv,3060,2839,LV,72.88261245147825,19.088209752193716
604,2111934.699,277394.214,8.777,LV,Kurla combine 08-09-26.csv,1912,2840,LV,72.88424129509174,19.088232000084282
360,2111934.896,277223.1034,9.42,LV,Kurla combine 08-09-26.csv,3059,2841,LV,72.88261577343116,19.088215101616083
351,2111935.154,277224.0989,8.69,LV,Kurla combine 08-09-26.csv,3050,2842,LV,72.88262520074159,19.088217540421887
11,2111935.182,277073.308,9.988,FT,Kurla combine 08-09-26.csv,2193,2843,FT,72.88119273103155,19.08820132185266
393,2111935.351,277214.376,9.36,LV,Kurla combine 08-09-26.csv,3092,2844,LV,72.88253281355324,19.08821825787384
338,2111935.585,277192.1867,8.84,LV,Kurla combine 08-09-26.csv,3037,2845,LV,72.88232199516642,19.08821794799278
339,2111935.588,277192.5533,9.64,LV,Kurla combine 08-09-26.csv,3038,2846,LV,72.88232547740851,19.088218015124216
350,2111936.195,277218.1682,9.64,LV,Kurla combine 08-09-26.csv,3049,2847,LV,72.88256874134323,19.08822629448245
349,2111936.303,277218.3211,9.66,LV,Kurla combine 08-09-26.csv,3048,2848,LV,72.8825701814412,19.088227286569815
348,2111936.742,277218.66,8.82,LV,Kurla combine 08-09-26.csv,3047,2849,LV,72.88257335046285,19.08823128836023
91,2111936.951,277399.425,8.686,FT,Kurla combine 08-09-26.csv,2273,2850,FT,72.88429053958876,19.08825290739406
692,2111936.968,277083.15,10.087,LV,Kurla combine 08-09-26.csv,2000,2851,LV,72.88128602164768,19.088218527329065
29,2111937.556,277085.308,9.32,BED,Additional data 01 Oct 2026.csv,30,2852,BED,72.88130645438812,19.088224073579898
396,2111937.99,277196.0314,9.36,LV,Kurla combine 08-09-26.csv,3095,2853,LV,72.8823582423581,19.08824008838164
340,2111938.001,277194.1215,8.41,LV,Kurla combine 08-09-26.csv,3039,2854,LV,72.88234009763198,19.088239979144547
347,2111938.047,277212.7359,9.6,LV,Kurla combine 08-09-26.csv,3046,2855,LV,72.88251692343236,19.088242427413242
341,2111939.24,277194.7869,9.62,LV,Kurla combine 08-09-26.csv,3040,2856,LV,72.88234627639814,19.08825124171132
394,2111939.676,277206.2511,9.4,LV,Kurla combine 08-09-26.csv,3093,2857,LV,72.88245513270041,19.08825643138854
116,2111940.286,277085,10.113,FT,Kurla combine 08-09-26.csv,1423,2858,FT,72.88130321472431,19.08824869561589
168,2111941.863,277074.78,10.203,FT,Kurla combine 08-09-26.csv,2350,2859,FT,72.88120594667808,19.08826182139873
50,2111942.19,277391.734,8.934,FT,Kurla combine 08-09-26.csv,1357,2860,FT,72.88421687606328,19.088299383737194
395,2111942.705,277197.267,9.53,LV,Kurla combine 08-09-26.csv,3094,2861,LV,72.8823694385517,19.088282806346392
346,2111944.59,277196.9829,9.59,LV,Kurla combine 08-09-26.csv,3045,2862,LV,72.882366523152,19.088299799497968
342,2111944.791,277196.9029,9.62,LV,Kurla combine 08-09-26.csv,3041,2863,LV,72.88236574008675,19.08830160607138
343,2111944.834,277196.9011,9.62,LV,Kurla combine 08-09-26.csv,3042,2864,LV,72.88236571804774,19.088301994224746
30,2111945.086,277391.655,9.081,LV,Kurla combine 08-09-26.csv,903,2865,LV,72.88421579320301,19.08832553006631
344,2111945.445,277196.805,8.95,LV,Kurla combine 08-09-26.csv,3043,2866,LV,72.88236473493919,19.088307501911505
345,2111945.91,277196.6765,8.67,LV,Kurla combine 08-09-26.csv,3044,2867,LV,72.88236346081193,19.08831168747626
605,2111945.92,277396.733,8.864,LV,Kurla combine 08-09-26.csv,1913,2868,LV,72.88426393700614,19.088333616340222
691,2111947.073,277084.973,10.119,LV,Kurla combine 08-09-26.csv,1999,2869,LV,72.8813021781959,19.088309988696633
735,2111947.247,277392.722,9.03,LV,Kurla combine 08-09-26.csv,2043,2870,LV,72.8842256813681,19.088345163358728
734,2111947.79,277389.618,9.11,LV,Kurla combine 08-09-26.csv,2042,2871,LV,72.88419613194614,19.08834972871624
145,2111947.844,277401.827,7.365,BED,Additional data 01 Oct 2026.csv,115,2872,BED,72.88431210771319,19.08835154857991
732,2111948.93,277364.172,10.43,LV,Kurla combine 08-09-26.csv,2040,2873,LV,72.88395427148777,19.088357247777648
733,2111949.105,277376.2,9.907,LV,Kurla combine 08-09-26.csv,2041,2874,LV,72.88406851390512,19.08836014084259
731,2111950.094,277349.636,10.706,LV,Kurla combine 08-09-26.csv,2039,2875,LV,72.8838160501034,19.08836617397844
51,2111951.045,277393.476,8.768,FT,Kurla combine 08-09-26.csv,1358,2876,FT,72.88423240824272,19.088379546908133
30,2111951.354,277088.173,9.413,BED,Additional data 01 Oct 2026.csv,31,2877,BED,72.88133208518977,19.08834900171675
730,2111952.219,277338.788,10.83,LV,Kurla combine 08-09-26.csv,2038,2878,LV,72.88371275331603,19.088384181769047
115,2111952.333,277087.505,10.087,FT,Kurla combine 08-09-26.csv,1422,2879,FT,72.88132562687858,19.088357770457144
727,2111952.85,277316.077,10.653,CH,Kurla combine 08-09-26.csv,2035,2880,Other / rare,72.88349693299449,19.088387401740174
728,2111953.077,277316.148,10.62,TOP,Kurla combine 08-09-26.csv,2036,2881,Other / rare,72.88349758141126,19.088389459618014
726,2111953.312,277316.217,10.62,CH,Kurla combine 08-09-26.csv,2034,2882,Other / rare,72.88349820991013,19.088391589528754
725,2111953.382,277315.784,10.586,CH,Kurla combine 08-09-26.csv,2033,2883,Other / rare,72.88349408849962,19.088392174463607
4,2111953.577,277452.9693,5.86,NA,08.csv,5,2884,Other / rare,72.88479728704274,19.088408905172148
91,2111953.577,278272.9693,32.61,LV,Kurla combine 08-09-26.csv,3712,2885,LV,72.89258707679531,19.088498191178104
729,2111954.392,277325.217,10.769,LV,Kurla combine 08-09-26.csv,2037,2886,LV,72.88358358329303,19.08840232579739
606,2111955.959,277398.804,8.841,LV,Kurla combine 08-09-26.csv,1914,2887,LV,72.88428245872798,19.08842450859143
724,2111956.2,277313.261,10.586,LV,Kurla combine 08-09-26.csv,2032,2888,LV,72.88346979718948,19.088417349556103
723,2111958.435,277297.905,10.409,LV,Kurla combine 08-09-26.csv,2031,2889,LV,72.8833236630314,19.088435858502205
690,2111959.062,277087.834,10.136,LV,Kurla combine 08-09-26.csv,1998,2890,LV,72.8813279789113,19.088418578615858
722,2111959.891,277281.925,10.238,LV,Kurla combine 08-09-26.csv,2030,2891,LV,72.8831716904873,19.088447263747447
167,2111960.247,277079.015,10.279,FT,Kurla combine 08-09-26.csv,2349,2892,FT,72.88124406489422,19.088428317184864
40,2111960.274,277090.871,10.409,LV,Kurla combine 08-09-26.csv,5,2893,LV,72.88135669019522,19.08842985649337
612,2111960.441,277090.388,10.397,LV,Kurla combine 08-09-26.csv,2639,2894,LV,72.88135208264833,19.08843131196094
114,2111961.127,277089.689,10.235,FT,Kurla combine 08-09-26.csv,1421,2895,FT,72.88134536351825,19.088437431117832
721,2111962.151,277268.069,10.047,LV,Kurla combine 08-09-26.csv,2029,2896,LV,72.88303980298795,19.08846616200182
92,2111963.635,277405.19,8.794,FT,Kurla combine 08-09-26.csv,2274,2897,FT,72.88434224295395,19.088494530444358
720,2111964.292,277255.494,9.892,LV,Kurla combine 08-09-26.csv,2028,2898,LV,72.88292009826331,19.088484125286413
33,2111965.162,277080.22,10.327,CH,Additional data 01 Oct 2026.csv,34,2899,Other / rare,72.88125494712425,19.088472838124105
31,2111965.264,277079.938,9.18,BED,Additional data 01 Oct 2026.csv,32,2900,BED,72.8812522564858,19.088473728511797
32,2111965.467,277079.323,10.35,CH,Additional data 01 Oct 2026.csv,33,2901,Other / rare,72.88124639083907,19.088475494682942
34,2111966.245,277080.584,10.342,CH,Additional data 01 Oct 2026.csv,35,2902,Other / rare,72.88125828054038,19.088482658890737
719,2111966.764,277242.008,9.767,LV,Kurla combine 08-09-26.csv,2027,2903,LV,72.88279170126911,19.088504978411194
639,2111967.401,278171.018,31.663,LV,Kurla combine 08-09-26.csv,2619,2904,LV,72.89161698212375,19.08861195881489
607,2111968.046,277401.418,8.954,LV,Kurla combine 08-09-26.csv,1915,2905,LV,72.88430590376456,19.088533956408014
718,2111969.746,277229.767,9.702,LV,Kurla combine 08-09-26.csv,2026,2906,LV,72.88267507281408,19.088530573404494
166,2111970.821,277082.965,10.049,FT,Kurla combine 08-09-26.csv,2348,2907,FT,72.88128037338859,19.0885242466885
52,2111972.138,277398.101,8.87,FT,Kurla combine 08-09-26.csv,1359,2908,FT,72.884273923544,19.08857055099124
113,2111972.149,277093.02,10.135,FT,Kurla combine 08-09-26.csv,1420,2909,FT,72.88137574027029,19.08853733903548
717,2111973.122,277216.982,9.636,LV,Kurla combine 08-09-26.csv,2025,2910,LV,72.88255323123066,19.08855966728402
36,2111973.182,277094.074,9.598,BED,Additional data 01 Oct 2026.csv,37,2911,BED,72.88138563423679,19.088546783622526
689,2111973.759,277092.549,10.172,LV,Kurla combine 08-09-26.csv,1997,2912,LV,72.88137108087429,19.088551828107594
16,2111975.213,277826.676,15.601,LV,Kurla combine 08-09-26.csv,2459,2913,LV,72.88834492106608,19.088645041152027
112,2111979.165,277096.46,10.229,FT,Kurla combine 08-09-26.csv,1419,2914,FT,72.88140761292101,19.0886010791184
716,2111979.372,277194.568,9.655,LV,Kurla combine 08-09-26.csv,2024,2915,LV,72.88233958672512,19.08861366570985
111,2111980.323,277095.27,10.112,FT KH,Kurla combine 08-09-26.csv,1418,2916,Other / rare,72.88139617518281,19.08861140744429
608,2111981.093,277404.122,8.977,LV,Kurla combine 08-09-26.csv,1916,2917,LV,72.8843300936216,19.088652084192628
93,2111981.678,277409.039,8.902,FT,Kurla combine 08-09-26.csv,2275,2918,FT,72.88437673664687,19.088657904059453
613,2111981.712,277098.565,10.368,LV,Kurla combine 08-09-26.csv,2640,2919,LV,72.88142731708717,19.088624312059665
715,2111982.24,277180.938,9.806,LV,Kurla combine 08-09-26.csv,2023,2920,LV,72.8822097761467,19.088638079116645
711,2111982.959,277161.918,10.092,CH,Kurla combine 08-09-26.csv,2019,2921,Other / rare,72.88202900898493,19.088642495224114
710,2111983.094,277162.088,10.112,TOP,Kurla combine 08-09-26.csv,2018,2922,Other / rare,72.88203060842552,19.088643733031113
712,2111983.596,277162.153,10.15,CH,Kurla combine 08-09-26.csv,2020,2923,Other / rare,72.88203116823016,19.08864827388983
713,2111983.745,277161.098,10.15,CH,Kurla combine 08-09-26.csv,2021,2924,Other / rare,72.88202112891295,19.088649504329506
714,2111983.943,277166.065,10.061,LV,Kurla combine 08-09-26.csv,2022,2925,LV,72.88206829124321,19.08865183508622
708,2111985.408,277146.298,10.238,CH,Kurla combine 08-09-26.csv,2016,2926,Other / rare,72.88188034207472,19.088662906870315
707,2111985.563,277145.173,10.244,CH,Kurla combine 08-09-26.csv,2015,2927,Other / rare,72.88186963708701,19.08866418384324
709,2111986.113,277145.879,10.249,TOP,Kurla combine 08-09-26.csv,2017,2928,Other / rare,72.88187628068852,19.088669228230387
706,2111986.161,277145.297,10.251,CH,Kurla combine 08-09-26.csv,2014,2929,Other / rare,72.88187074633967,19.08866959816061
705,2111986.356,277144.562,10.262,LV,Kurla combine 08-09-26.csv,2013,2930,LV,72.88186374164383,19.088671278991644
644,2111987.137,278363.427,32.887,LV,Kurla combine 08-09-26.csv,2624,2931,LV,72.89344256933668,19.088811116311025
704,2111987.398,277128.211,10.333,LV,Kurla combine 08-09-26.csv,2012,2932,LV,72.8817082920911,19.08867890347483
703,2111987.805,277113.749,10.358,LV,Kurla combine 08-09-26.csv,2011,2933,LV,72.88157086046961,19.088680999274384
697,2111988.501,277104.488,10.319,LV,Kurla combine 08-09-26.csv,2005,2934,LV,72.88148280364568,19.088686273301246
702,2111988.628,277107.634,10.43,TOP,Kurla combine 08-09-26.csv,2010,2935,Other / rare,72.88151267514638,19.088687764011794
699,2111989.045,277104.927,10.307,CH,Kurla combine 08-09-26.csv,2007,2936,Other / rare,72.88148691150099,19.08869123434107
698,2111989.239,277103.742,10.312,CH,Kurla combine 08-09-26.csv,2006,2937,Other / rare,72.88147563204603,19.088692856959277
701,2111989.604,277104.491,10.277,TOP,Kurla combine 08-09-26.csv,2009,2938,Other / rare,72.88148270538372,19.088696235250783
640,2111989.635,278221.821,31.948,LV,Kurla combine 08-09-26.csv,2620,2939,LV,72.89209705662859,19.088818287548392
700,2111990.008,277105.113,10.271,CH,Kurla combine 08-09-26.csv,2008,2940,Other / rare,72.8814885677761,19.088699951890455
688,2111991.631,277099.492,10.167,LV,Kurla combine 08-09-26.csv,1996,2941,LV,72.88143498336268,19.08871399568655
53,2111991.906,277402.2,8.935,FT,Kurla combine 08-09-26.csv,1360,2942,FT,72.88431059412959,19.088749531065208
609,2111991.977,277406.415,9.029,LV,Kurla combine 08-09-26.csv,1917,2943,LV,72.88435062735843,19.088750632201386
165,2111992.588,277090.911,10.068,FT,Kurla combine 08-09-26.csv,2347,2944,FT,72.881353356332,19.088721701138947
5,2111993.577,277472.9693,6.07,NA,08.csv,6,2945,Other / rare,72.88498269206244,19.088772343166305
35,2111993.588,277089.749,9.237,BED,Additional data 01 Oct 2026.csv,36,2946,BED,72.88134220273291,19.08873060556038
110,2111995.636,277101.464,10.23,FT,Kurla combine 08-09-26.csv,1417,2947,FT,72.88145325652063,19.08875038185915
42,2111995.799,277891.91,22.941,LV,Kurla combine 08-09-26.csv,953,2948,LV,72.88896227057026,19.088838065444556
41,2112004.068,277871.752,21.154,LV,Kurla combine 08-09-26.csv,952,2949,LV,72.88876982722805,19.088910551576646
610,2112005.375,277409.247,9.075,LV,Kurla combine 08-09-26.csv,1918,2950,LV,72.88437599294613,19.088871943973075
94,2112007.663,277414.494,8.951,FT,Kurla combine 08-09-26.csv,2276,2951,FT,72.88442557550395,19.08889318032383
687,2112008.28,277107.158,10.235,LV,Kurla combine 08-09-26.csv,1995,2952,LV,72.88150589481307,19.08886519685808
55,2112010.08,278151.181,30.109,LV,Kurla combine 08-09-26.csv,966,2953,LV,72.89142365332877,19.088995254850285
164,2112010.596,277097.855,10.149,FT,Kurla combine 08-09-26.csv,2346,2954,FT,72.88141725271944,19.088885097103955
109,2112012.545,277108.843,10.251,FT,Kurla combine 08-09-26.csv,1416,2955,FT,72.88152141169925,19.088903899830388
92,2112013.577,278312.9693,30.93,LV,Kurla combine 08-09-26.csv,3713,2956,LV,72.8929602095338,19.08904442552685
611,2112014.484,277411.068,9.074,LV,Kurla combine 08-09-26.csv,1919,2957,LV,72.8843922465566,19.088954409735166
40,2112016.018,277853.778,19.044,LV,Kurla combine 08-09-26.csv,951,2958,LV,72.88859770961862,19.08901652000872
163,2112016.03,277100.28,10.16,FT,Kurla combine 08-09-26.csv,2345,2959,FT,72.88143966503202,19.08893443862858
43,2112017.326,277942.887,20.759,LV,Kurla combine 08-09-26.csv,954,2960,LV,72.88944407557882,19.08903803455932
17,2112017.574,277831.076,17.484,LV,Kurla combine 08-09-26.csv,2460,2961,LV,72.8883818674973,19.08902810068954
54,2112017.947,277407.668,8.997,FT,Kurla combine 08-09-26.csv,1361,2962,FT,72.88435954997394,19.088985314515682
39,2112018.174,277834.108,17.583,LV,Kurla combine 08-09-26.csv,950,2963,LV,72.8884106020835,19.08903384974317
686,2112025.03,277114.457,10.299,LV,Kurla combine 08-09-26.csv,1994,2964,LV,72.88157330837197,19.089017270085996
612,2112025.229,277413.489,9.101,LV,Kurla combine 08-09-26.csv,1920,2965,LV,72.88441401227004,19.089051716341732
641,2112025.261,278308.321,30.026,LV,Kurla combine 08-09-26.csv,2621,2966,LV,72.89291471603917,19.08914944391967
643,2112026.485,278368.26,32.243,LV,Kurla combine 08-09-26.csv,2623,2967,LV,72.89348398534571,19.089167011207703
37,2112031.685,277106.536,9.629,BED,Additional data 01 Oct 2026.csv,38,2968,BED,72.88149729616865,19.08907650854856
193,2112032.04,277282.132,11.796,CH,Kurla combine 08-09-26.csv,2375,2969,Other / rare,72.88316537184117,19.089098892718752
194,2112032.482,277281.962,11.784,CHTOP,Kurla combine 08-09-26.csv,2376,2970,Other / rare,72.88316370612702,19.0891028660372
192,2112032.917,277281.825,11.772,CH,Kurla combine 08-09-26.csv,2374,2971,Other / rare,72.88316235470828,19.089106779738568
191,2112033.13,277282.445,11.771,CH,Kurla combine 08-09-26.csv,2373,2972,Other / rare,72.88316822009142,19.089108771114184
190,2112033.387,277277.674,11.779,LV,Kurla combine 08-09-26.csv,2372,2973,LV,72.88312286728599,19.089110571310027
86,2112033.577,278192.9693,31.59,LV,Kurla combine 08-09-26.csv,3707,2974,LV,72.8918179462521,19.089212010749588
162,2112034.657,277108.757,10.409,FT,Kurla combine 08-09-26.csv,2344,2975,FT,72.881518053524,19.089103592499903
685,2112036.923,277120.073,10.425,LV,Kurla combine 08-09-26.csv,1993,2976,LV,72.8816252921403,19.089125293968646
189,2112037.507,277262.835,11.941,LV,Kurla combine 08-09-26.csv,2371,2977,LV,72.88298142738684,19.089146160548367
613,2112037.58,277416.263,9.105,LV,Kurla combine 08-09-26.csv,1921,2978,LV,72.88443894710218,19.089163565899923
95,2112037.601,277420.871,9.024,FT,Kurla combine 08-09-26.csv,2277,2979,FT,72.88448271957742,19.08916425832633
201,2112038.949,277351.649,11.371,LV END,Kurla combine 08-09-26.csv,2383,2980,Other / rare,72.88382497271668,19.089168878930085
200,2112039.235,277350.739,11.375,LV,Kurla combine 08-09-26.csv,2382,2981,LV,72.88381629510721,19.089171362593245
205,2112039.554,277342.581,11.269,CHTOP,Kurla combine 08-09-26.csv,2387,2982,Other / rare,72.88373875948906,19.089173353224506
204,2112039.562,277342.986,11.23,CH,Kurla combine 08-09-26.csv,2386,2983,Other / rare,72.88374260597107,19.089173469679263
203,2112039.723,277342.087,11.282,CH,Kurla combine 08-09-26.csv,2385,2984,Other / rare,72.88373404720845,19.08917482561382
187,2112039.995,277249.602,12.075,CH,Kurla combine 08-09-26.csv,2369,2985,Other / rare,72.88285543147462,19.08916718579349
202,2112040.406,277342.114,11.271,CH,Kurla combine 08-09-26.csv,2384,2986,Other / rare,72.88373422529,19.089180997007922
188,2112040.545,277249.675,12.093,CHTOP,Kurla combine 08-09-26.csv,2370,2987,Other / rare,72.88285606178735,19.089172161032344
185,2112040.727,277250.514,12.116,CH,Kurla combine 08-09-26.csv,2367,2988,Other / rare,72.88286401117342,19.089173896356865
186,2112040.905,277249.837,12.089,CH,Kurla combine 08-09-26.csv,2368,2989,Other / rare,72.88285755939972,19.089175430023815
198,2112041.671,277317.736,11.523,CH,Kurla combine 08-09-26.csv,2380,2990,Other / rare,72.88350249504751,19.08918976084814
199,2112041.789,277317.023,11.505,CH,Kurla combine 08-09-26.csv,2381,2991,Other / rare,72.88349570817465,19.089190748724317
144,2112042.189,277411.611,8.124,BED,Additional data 01 Oct 2026.csv,114,2992,BED,72.88439422525755,19.089204684068854
108,2112042.358,277123.09,10.488,FT,Kurla combine 08-09-26.csv,1415,2993,FT,72.88165332827403,19.089174709184583
206,2112042.392,277316.906,11.505,CHTOP,Kurla combine 08-09-26.csv,2388,2994,Other / rare,72.88349452746816,19.089196181887132
197,2112042.728,277317.812,11.576,CH,Kurla combine 08-09-26.csv,2379,2995,Other / rare,72.88350309566655,19.08919931533395
196,2112043.336,277307.291,11.488,LV,Kurla combine 08-09-26.csv,2378,2996,LV,72.88340307894362,19.089203657957345
195,2112043.634,277288.481,11.643,LV,Kurla combine 08-09-26.csv,2377,2997,LV,72.88322435436505,19.089204295887626
184,2112044.576,277239.247,12.261,LV,Kurla combine 08-09-26.csv,2366,2998,LV,72.88275653541875,19.089207427926773
C1,2112044.896,277110.565,10.729,ST,Kurla combine 08-09-26.csv,1006,2999,Other / rare,72.88153405233997,19.08919626242673
161,2112047.204,277114.53,10.502,FT,Kurla combine 08-09-26.csv,2343,3000,FT,72.8815714535761,19.08921754007789
180,2112047.42,277221.539,12.533,CH,Kurla combine 08-09-26.csv,2362,3001,Other / rare,72.88258798717165,19.089231179502775
96,2112047.444,277422.927,8.998,FT,Kurla combine 08-09-26.csv,2278,3002,FT,72.88450112146253,19.0892533787762
55,2112047.706,277414.446,9.037,FT,Kurla combine 08-09-26.csv,1362,3003,FT,72.8844205239018,19.089254819660425
183,2112047.833,277221.692,12.476,CHTOP,Kurla combine 08-09-26.csv,2365,3004,Other / rare,72.8825893931932,19.08923492617704
181,2112048.311,277221.874,12.467,CH,Kurla combine 08-09-26.csv,2363,3005,Other / rare,72.88259106724121,19.089239263058875
182,2112048.527,277221.286,12.442,CH,Kurla combine 08-09-26.csv,2364,3006,Other / rare,72.88258545657628,19.089241149627963
38,2112049.139,277113.559,9.502,BED,Additional data 01 Oct 2026.csv,39,3007,BED,72.88156200694915,19.089234909726546
614,2112049.661,277419.002,9.144,LV,Kurla combine 08-09-26.csv,1922,3008,LV,72.8844635804553,19.089272973158412
44,2112052.193,277935.93,20.792,LV,Kurla combine 08-09-26.csv,955,3009,LV,72.88937399335694,19.08935217630353
684,2112052.513,277127.659,10.61,LV,Kurla combine 08-09-26.csv,1992,3010,LV,72.88169556562332,19.08926692211275
179,2112053.106,277210.542,12.3,LV,Kurla combine 08-09-26.csv,2361,3011,LV,72.88248286525068,19.089281331059908
6,2112053.577,277492.9693,9.97,NA,08.csv,7,3012,Other / rare,72.88516580327509,19.089316409234197
176,2112060.763,277196.897,12.313,CH,Kurla combine 08-09-26.csv,2358,3013,Other / rare,72.88235236149019,19.089348994221705
C2,2112060.875,277119.737,10.808,ST,Kurla combine 08-09-26.csv,2642,3014,Other / rare,72.88161934766521,19.08934157708912
45,2112060.931,277287.405,18.626,LV,Kurla combine 08-09-26.csv,10,3015,LV,72.88321214634858,19.08936039451528
178,2112061.104,277197.108,12.279,CHTOP,Kurla combine 08-09-26.csv,2360,3016,Other / rare,72.88235432676423,19.089352096971584
175,2112061.118,277196.289,12.306,CH,Kurla combine 08-09-26.csv,2357,3017,Other / rare,72.88234654485588,19.089352133962183
177,2112061.576,277197.387,12.299,CH,Kurla combine 08-09-26.csv,2359,3018,Other / rare,72.88235692297236,19.089356390260715
642,2112062.189,278360.161,29.683,LV,Kurla combine 08-09-26.csv,2622,3019,LV,72.89340296604746,19.08948859046756
615,2112062.668,277421.853,9.15,LV,Kurla combine 08-09-26.csv,1923,3020,LV,72.88448917153504,19.089390755717165
160,2112064.631,277123.103,10.761,FT,Kurla combine 08-09-26.csv,2342,3021,FT,72.88165089219025,19.08937586673553
18,2112065.311,277825.598,17.566,LV,Kurla combine 08-09-26.csv,2461,3022,LV,72.88832435915607,19.08945863739378
54,2112068.14,278122.998,28.917,LV,Kurla combine 08-09-26.csv,965,3023,LV,72.891149278485,19.089516555506055
638,2112068.96,278124.204,28.901,LV,Kurla combine 08-09-26.csv,2618,3024,LV,72.89116064145546,19.089524092460227
39,2112069.228,277123.424,10.106,BED,Additional data 01 Oct 2026.csv,40,3025,BED,72.8816534133272,19.089417419101295
174,2112069.428,277181.534,11.966,LV,Kurla combine 08-09-26.csv,2356,3026,LV,72.8822054212365,19.08942557327576
53,2112072.031,278086.819,28.312,LV,Kurla combine 08-09-26.csv,964,3027,LV,72.89080513934061,19.089547761536583
683,2112072.551,277137.318,10.842,LV,Kurla combine 08-09-26.csv,1991,3028,LV,72.88178502107922,19.089448948330684
107,2112072.92,277138.114,10.812,FT,Kurla combine 08-09-26.csv,1414,3029,FT,72.88179254048396,19.08945236787391
7,2112073.577,277452.9693,8.83,NA,08.csv,8,3030,Other / rare,72.88478351749171,19.089492674114815
42,2112074.655,277167.339,10.642,BED,Additional data 01 Oct 2026.csv,43,3031,BED,72.88206997159578,19.089471229859168
616,2112074.684,277424.536,9.29,LV,Kurla combine 08-09-26.csv,1924,3032,LV,72.88451328041178,19.08949956982151
173,2112074.989,277162.035,11.673,LV,Kurla combine 08-09-26.csv,2355,3033,LV,72.88201954648838,19.089473666968605
143,2112076.725,277430.26,8.022,BED,Additional data 01 Oct 2026.csv,113,3034,BED,72.88456742291044,19.089518627438967
41,2112077.237,277158.913,10.562,BED,Additional data 01 Oct 2026.csv,42,3035,BED,72.88198962993698,19.089493628501515
637,2112079.876,278062.659,27.471,LV,Kurla combine 08-09-26.csv,2617,3036,LV,72.890574725977,19.08961598486511
97,2112080.609,277430.27,9.279,FT,Kurla combine 08-09-26.csv,2279,3037,FT,72.88456707217205,19.089553706510824
172,2112081.058,277145.313,11.296,LV,Kurla combine 08-09-26.csv,2354,3038,LV,72.88185999411782,19.089526651780226
40,2112082.099,277142.05,10.69,BED,Additional data 01 Oct 2026.csv,41,3039,BED,72.88182887677036,19.089535696993117
52,2112082.473,278062.02,27.509,LV,Kurla combine 08-09-26.csv,963,3040,LV,72.89056835839737,19.089639369997393
159,2112085.656,277132.49,10.979,FT,Kurla combine 08-09-26.csv,2341,3041,FT,72.8817376502832,19.089566777239458
617,2112087.389,277427.391,9.459,LV,Kurla combine 08-09-26.csv,1925,3042,LV,72.88453894420313,19.089614625329297
106,2112088.394,277144.937,10.969,FT,Kurla combine 08-09-26.csv,1413,3043,FT,72.88185557923224,19.089592864982215
56,2112089.702,277423.894,9.412,FT,Kurla combine 08-09-26.csv,1363,3044,FT,72.88450545800397,19.08963513342416
44,2112090.737,277479.586,9.749,LV,Kurla combine 08-09-26.csv,2487,3045,LV,72.88503440139087,19.089650556598645
45,2112092.379,277928.512,21.133,LV,Kurla combine 08-09-26.csv,956,3046,LV,72.88929892233435,19.089714305995667
45,2112093.2,277447.435,9.685,LV,Kurla combine 08-09-26.csv,2488,3047,LV,72.88472869105637,19.08966929365363
24,2112093.577,277492.9693,9.5,LV,Kurla combine 08-09-26.csv,3645,3048,LV,72.88516121409252,19.089677665614392
682,2112095.124,277147.926,11.102,LV,Kurla combine 08-09-26.csv,1990,3049,LV,72.88188320070216,19.089653972766378
645,2112096.358,278347.198,26.633,LV,Kurla combine 08-09-26.csv,2625,3050,LV,72.89327591454466,19.08979577786593
46,2112097.438,277434.606,9.579,LV,Kurla combine 08-09-26.csv,2489,3051,LV,72.88460633191706,19.08970616911501
44,2112098.531,277137.719,10.696,BED,Additional data 01 Oct 2026.csv,45,3052,BED,72.8817858450401,19.08968362764211
57,2112098.685,277425.862,9.396,FT,Kurla combine 08-09-26.csv,1364,3053,FT,72.8845231226437,19.089716477263504
142,2112098.853,277435.164,8.332,BED,Additional data 01 Oct 2026.csv,112,3054,BED,72.88461147041318,19.08971900943391
618,2112099.512,277430.188,9.513,LV,Kurla combine 08-09-26.csv,1926,3055,LV,72.8845641238264,19.089724418229334
39,2112100.643,277668.056,11.232,LV,Kurla combine 08-09-26.csv,2482,3056,LV,72.88682369221144,19.089760571549853
46,2112107.883,277959.936,21.52,LV,Kurla combine 08-09-26.csv,957,3057,LV,72.8895956696168,19.08985774997265
43,2112108.368,277143.679,10.869,BED,Additional data 01 Oct 2026.csv,44,3058,BED,72.88184133329662,19.089773120534115
158,2112109.068,277145.666,11.319,FT,Kurla combine 08-09-26.csv,2340,3059,FT,72.8818601289157,19.089779659577452
650,2112109.141,277143.071,11.457,LV,Kurla combine 08-09-26.csv,2643,3060,LV,72.88183546860554,19.089780035376858
105,2112109.271,277155.231,11.293,FT,Kurla combine 08-09-26.csv,1412,3061,FT,72.88195097096165,19.089782537854333
681,2112110.106,277155.11,11.292,LV,Kurla combine 08-09-26.csv,1989,3062,LV,72.88194972554226,19.089790065847247
19,2112112.859,277825.971,19.424,LV,Kurla combine 08-09-26.csv,2462,3063,LV,72.88832245551725,19.089888104347143
27,2112113.577,277572.9693,10.18,LV,Kurla combine 08-09-26.csv,3648,3064,LV,72.8859189038292,19.089867018251223
619,2112113.597,277433.448,9.505,LV,Kurla combine 08-09-26.csv,1927,3065,LV,72.88459347671716,19.089851981261457
98,2112115.469,277438.727,9.358,FT,Kurla combine 08-09-26.csv,2280,3066,FT,72.88464341132159,19.089869464008665
27,2112117.137,277701.765,12.656,LV,Kurla combine 08-09-26.csv,2470,3067,LV,72.88714203061565,19.08991320943131
45,2112117.153,277149.03,10.621,BED,Additional data 01 Oct 2026.csv,46,3068,BED,72.88189115712683,19.089853045862753
44,2112118.94,277295.782,12.101,LV,Kurla combine 08-09-26.csv,9,3069,LV,72.88328506456081,19.089885211429028
165,2112120.212,277307.577,11.581,LV,Kurla combine 08-09-26.csv,1193,3070,LV,72.88339696855074,19.089897987017657
880,2112120.212,277307.577,11.581,LV,Kurla combine 08-09-26.csv,3579,3071,LV,72.88339696855074,19.089897987017657
51,2112120.679,278073.309,28.216,LV,Kurla combine 08-09-26.csv,962,3072,LV,72.89067122988011,19.089985653404725
58,2112120.781,277430.794,9.456,FT,Kurla combine 08-09-26.csv,1365,3073,FT,72.88456743978584,19.08991657331494
164,2112120.811,277296.283,12.176,LV,Kurla combine 08-09-26.csv,1192,3074,LV,72.88328960910266,19.089902163870054
879,2112120.811,277296.283,12.176,LV,Kurla combine 08-09-26.csv,3578,3075,LV,72.88328960910266,19.089902163870054
47,2112124.133,277985.818,24.2,LV,Kurla combine 08-09-26.csv,958,3076,LV,72.88983968393906,19.090007327815467
48,2112124.206,278025.952,24.975,LV,Kurla combine 08-09-26.csv,959,3077,LV,72.8902209421852,19.09001235468957
651,2112124.436,277097.391,11.74,LV,Kurla combine 08-09-26.csv,2644,3078,LV,72.88139976091314,19.089913179569617
646,2112125.215,278322.387,24.076,LV,Kurla combine 08-09-26.csv,2626,3079,LV,72.89303691532074,19.090053702540345
680,2112125.963,277162.175,11.418,LV,Kurla combine 08-09-26.csv,1988,3080,LV,72.88201501946708,19.08993404838024
25,2112127.046,277725.473,14.219,LV,Kurla combine 08-09-26.csv,2468,3081,LV,72.88736611660195,19.090005285192515
620,2112127.228,277436.46,9.52,LV,Kurla combine 08-09-26.csv,1928,3082,LV,72.88462052579325,19.089975416975648
26,2112127.608,277705.847,13.602,LV,Kurla combine 08-09-26.csv,2469,3083,LV,72.88717960865091,19.09000822226388
24,2112128.73,277752.655,16.472,LV,Kurla combine 08-09-26.csv,2467,3084,LV,72.88762414785519,19.09002345574039
23,2112129.231,277776.993,20.169,LV,Kurla combine 08-09-26.csv,2466,3085,LV,72.88785529724565,19.09003063194096
22,2112129.829,277790.29,21.635,LV,Kurla combine 08-09-26.csv,2465,3086,LV,72.8879815479508,19.090037481227547
20,2112133.262,277821.183,21.379,LV,Kurla combine 08-09-26.csv,2463,3087,LV,72.88827463291707,19.0900718510793
42,2112133.57,277584.383,15.269,LV,Kurla combine 08-09-26.csv,2485,3088,LV,72.88602503886989,19.090048827786696
74,2112133.577,278052.9693,26.13,LV,Kurla combine 08-09-26.csv,3695,3089,LV,72.89047652982292,19.09009992802566
43,2112133.582,277584.128,10.822,LV,Kurla combine 08-09-26.csv,2486,3090,LV,72.88602261504,19.09004890836059
43,2112134.121,277258.06,12.104,LV,Kurla combine 08-09-26.csv,8,3091,LV,72.88292496985723,19.090018198517946
21,2112135.465,277813.857,21.798,LV,Kurla combine 08-09-26.csv,2464,3092,LV,72.88820478474551,19.090090949382326
49,2112137.416,278067.595,26.626,LV,Kurla combine 08-09-26.csv,960,3093,LV,72.89061503243632,19.090136190985753
104,2112138.256,277167.127,11.585,FT,Kurla combine 08-09-26.csv,1411,3094,FT,72.88206064993514,19.090045612207184
157,2112138.299,277157.407,11.373,FT,Kurla combine 08-09-26.csv,2339,3095,FT,72.88196830700348,19.090044938760172
141,2112139.607,277435.19,8.491,BED,Additional data 01 Oct 2026.csv,111,3096,BED,72.88460704038734,19.090087078185174
59,2112140.229,277434.932,9.492,FT,Kurla combine 08-09-26.csv,1366,3097,FT,72.8846045180529,19.09009266757041
160,2112140.515,277221.153,11.892,CH,Kurla combine 08-09-26.csv,1188,3098,Other / rare,72.88257362637891,19.09007191499473
875,2112140.515,277221.153,11.892,LV,Kurla combine 08-09-26.csv,3574,3099,LV,72.88257362637891,19.09007191499473
163,2112140.582,277221.584,11.884,LV,Kurla combine 08-09-26.csv,1191,3100,LV,72.88257771309544,19.09007256716744
878,2112140.582,277221.584,11.884,LV,Kurla combine 08-09-26.csv,3577,3101,LV,72.88257771309544,19.09007256716744
161,2112140.718,277220.113,11.932,CH,Kurla combine 08-09-26.csv,1189,3102,Other / rare,72.88256372326929,19.090073634789324
876,2112140.718,277220.113,11.932,LV,Kurla combine 08-09-26.csv,3575,3103,LV,72.88256372326929,19.090073634789324
621,2112140.985,277439.605,9.507,LV,Kurla combine 08-09-26.csv,1929,3104,LV,72.88464882391527,19.09010000515601
42,2112141.079,277220.181,11.885,LV,Kurla combine 08-09-26.csv,7,3105,LV,72.88256432778596,19.090076902548752
159,2112141.32,277221.351,11.916,CH,Kurla combine 08-09-26.csv,1187,3106,Other / rare,72.88257541486567,19.09007920689023
874,2112141.32,277221.351,11.916,LV,Kurla combine 08-09-26.csv,3573,3107,LV,72.88257541486567,19.09007920689023
162,2112141.36,277220.938,11.854,CHTOP,Kurla combine 08-09-26.csv,1190,3108,Other / rare,72.88257148685388,19.090079523042363
877,2112141.36,277220.938,11.854,LV,Kurla combine 08-09-26.csv,3576,3109,LV,72.88257148685388,19.090079523042363
41,2112143.541,277614.873,10.798,LV,Kurla combine 08-09-26.csv,2484,3110,LV,72.88631354497164,19.090142204178733
46,2112143.875,277159.151,10.671,BED,Additional data 01 Oct 2026.csv,47,3111,BED,72.88198423392858,19.090095488307718
679,2112144.759,277168.998,11.622,LV,Kurla combine 08-09-26.csv,1987,3112,LV,72.88207767685032,19.090104547721666
635,2112146.559,278084.087,28.481,LV,Kurla combine 08-09-26.csv,2615,3113,LV,72.89077065776175,19.090220559644656
40,2112147.592,277620.772,11.021,LV,Kurla combine 08-09-26.csv,2483,3114,LV,72.88636911992019,19.090179433528856
50,2112148.208,278085.214,28.646,LV,Kurla combine 08-09-26.csv,961,3115,LV,72.8907811754063,19.09023557509554
636,2112149.047,278077.856,27.993,LV,Kurla combine 08-09-26.csv,2616,3116,LV,72.89071117944256,19.09024235200347
652,2112149.878,277101.441,12.41,LV,Kurla combine 08-09-26.csv,2645,3117,LV,72.88143531085193,19.090143398658373
99,2112149.887,277446.338,9.414,FT,Kurla combine 08-09-26.csv,2281,3118,FT,72.88471176457776,19.09018113731268
28,2112151.142,277802.879,23.241,LV,Kurla combine 08-09-26.csv,2471,3119,LV,72.88809869938504,19.090231339300697
622,2112152.143,277441.873,9.55,LV,Kurla combine 08-09-26.csv,1930,3120,LV,72.88466908899206,19.090201025027888
79,2112153.577,278132.9693,29.67,LV,Kurla combine 08-09-26.csv,3700,3121,LV,72.8912342298103,19.090289259538757
143,2112155.091,277175.581,11.767,LV,Kurla combine 08-09-26.csv,3859,3122,LV,72.8821390268919,19.09019857914126
119,2112156.867,277178.271,11.856,LV,Kurla combine 08-09-26.csv,1430,3123,LV,72.88216437730497,19.090214912726516
38,2112156.977,277178.411,11.799,LV,Kurla combine 08-09-26.csv,3,3124,LV,72.88216569463887,19.09021592147197
41,2112157.136,277178.243,11.791,LV,Kurla combine 08-09-26.csv,6,3125,LV,72.8821640804032,19.09021733911228
39,2112157.321,277179.497,11.805,LV,Kurla combine 08-09-26.csv,4,3126,LV,72.8821759719017,19.090219146895695
634,2112158.077,278088.688,29.037,LV,Kurla combine 08-09-26.csv,2614,3127,LV,72.89081304862134,19.090325084318888
47,2112160.098,277619.732,10.948,LV,Kurla combine 08-09-26.csv,2490,3128,LV,72.88635780604204,19.090292267039082
678,2112161.946,277175.243,11.707,LV,Kurla combine 08-09-26.csv,1986,3129,LV,72.88213502832924,19.09026045240624
156,2112163.624,277166.017,11.844,FT,Kurla combine 08-09-26.csv,2338,3130,FT,72.88204719031087,19.09027459927205
623,2112163.924,277444.042,9.57,LV,Kurla combine 08-09-26.csv,1931,3131,LV,72.88468834210869,19.090307660663676
103,2112166.079,277177.03,11.709,FT,Kurla combine 08-09-26.csv,1410,3132,FT,72.88215152960998,19.09029797434483
29,2112167.268,277790.65,25.244,LV,Kurla combine 08-09-26.csv,2472,3133,LV,72.88798067808118,19.090375647974327
60,2112172.668,277441.228,9.49,FT,Kurla combine 08-09-26.csv,1367,3134,FT,72.8846606061205,19.09038632426058
16,2112173.577,277352.9693,11.46,LV,Kurla combine 08-09-26.csv,3637,3135,LV,72.88382205945008,19.0903849025383
55,2112173.577,277912.9693,23,LV,Kurla combine 08-09-26.csv,3676,3136,LV,72.88914197092261,19.090445948176324
140,2112174.19,277451.029,8.49,BED,Additional data 01 Oct 2026.csv,110,3137,BED,72.88475353928705,19.09040113936381
100,2112174.828,277451.304,9.498,FT,Kurla combine 08-09-26.csv,2282,3138,FT,72.88475607852511,19.090406931403223
624,2112175.763,277446.339,9.573,LV,Kurla combine 08-09-26.csv,1932,3139,LV,72.88470880456522,19.090414834085212
677,2112178.997,277181.385,11.809,LV,Kurla combine 08-09-26.csv,1985,3140,LV,72.88219141704694,19.090415117560834
155,2112180.537,277172.715,11.77,FT,Kurla combine 08-09-26.csv,2337,3141,FT,72.88210887670134,19.09042807884908
653,2112185.817,277097.113,12.627,LV,Kurla combine 08-09-26.csv,2646,3142,LV,72.88139006493448,19.090467504742506
61,2112187.458,277444.383,9.591,FT,Kurla combine 08-09-26.csv,1368,3143,FT,72.88468888075964,19.090520242972396
625,2112187.955,277448.93,9.646,LV,Kurla combine 08-09-26.csv,1933,3144,LV,72.884732019483,19.090525227667847
103,2112187.97,277444.457,9.572,FT,Kurla combine 08-09-26.csv,2285,3145,FT,72.88468952498948,19.09052487512575
30,2112188.968,277772.419,25.124,LV,Kurla combine 08-09-26.csv,2473,3146,LV,72.88780499968863,19.090569643844002
47,2112191.374,277176.19,11.193,BED,Additional data 01 Oct 2026.csv,48,3147,BED,72.88214064339213,19.09052633162241
70,2112193.577,278012.9693,28.81,LV,Kurla combine 08-09-26.csv,3691,3148,LV,72.89008966786346,19.09063746178629
647,2112194.667,278304.781,24.828,LV,Kurla combine 08-09-26.csv,2627,3149,LV,72.89286172118865,19.09067904173652
31,2112195.021,277443.736,9.612,LV,Kurla combine 08-09-26.csv,904,3150,LV,72.88468186641639,19.09058847690356
676,2112195.451,277186.795,11.869,LV,Kurla combine 08-09-26.csv,1984,3151,LV,72.88224092057666,19.09056431100931
102,2112195.463,277186.991,11.822,FT,Kurla combine 08-09-26.csv,1409,3152,FT,72.8822427811635,19.09056444079499
32,2112195.705,277770.052,24.94,LV,Kurla combine 08-09-26.csv,2475,3153,LV,72.88778174149843,19.090630230676986
626,2112196.859,277450.73,9.655,LV,Kurla combine 08-09-26.csv,1934,3154,LV,72.88474809737644,19.09060583968796
101,2112196.925,277455.926,9.622,FT,Kurla combine 08-09-26.csv,2283,3155,FT,72.88479745098299,19.09060700264039
102,2112201.423,277456.926,9.546,FT,Kurla combine 08-09-26.csv,2284,3156,FT,72.88480643465196,19.090647735003692
154,2112201.765,277179.534,11.985,FT,Kurla combine 08-09-26.csv,2336,3157,FT,72.8821712168825,19.09062054208299
48,2112202.107,277633.303,11.771,LV,Kurla combine 08-09-26.csv,2491,3158,LV,72.88648191136332,19.090673147213355
627,2112206.859,277452.85,9.735,LV,Kurla combine 08-09-26.csv,1935,3159,LV,72.88476708945683,19.090696385040516
675,2112210.992,277191.43,11.921,LV,Kurla combine 08-09-26.csv,1983,3160,LV,72.88228316670958,19.090705174138694
49,2112211.256,277661.442,12.735,LV,Kurla combine 08-09-26.csv,2492,3161,LV,72.8867481789077,19.090758842933404
25,2112213.577,277512.9693,11.33,LV,Kurla combine 08-09-26.csv,3646,3162,LV,72.88533744300548,19.09076361618127
29,2112213.577,277592.9693,13.47,LV,Kurla combine 08-09-26.csv,3650,3163,LV,72.88609743159138,19.090772340294865
30,2112213.577,277632.9693,14.97,LV,Kurla combine 08-09-26.csv,3651,3164,LV,72.88647742603956,19.09077670117765
81,2112213.577,278172.9693,28.85,LV,Kurla combine 08-09-26.csv,3702,3165,LV,72.89160736120805,19.090835496490577
139,2112215.756,277459.623,8.653,BED,Additional data 01 Oct 2026.csv,109,3166,BED,72.88483041094385,19.090777476386002
101,2112216.633,277193.707,11.891,FT,Kurla combine 08-09-26.csv,1408,3167,FT,72.88230414971942,19.09075636892964
31,2112217.57,277762.945,24.529,LV,Kurla combine 08-09-26.csv,2474,3168,LV,72.88771172026641,19.09082692846644
153,2112217.73,277184.235,11.969,FT,Kurla combine 08-09-26.csv,2335,3169,FT,72.88221404123638,19.090765241742357
104,2112217.938,277451.109,9.574,FT,Kurla combine 08-09-26.csv,2286,3170,FT,72.88474927879568,19.090796254042186
628,2112218.721,277455.571,9.778,LV,Kurla combine 08-09-26.csv,1936,3171,LV,72.88479157728466,19.0908038124391
633,2112221.789,278115.474,30.57,LV,Kurla combine 08-09-26.csv,2613,3172,LV,72.89106022225955,19.090903409382467
674,2112225.364,277196.281,11.949,LV,Kurla combine 08-09-26.csv,1982,3173,LV,72.88232759917679,19.09083550315949
654,2112225.56,277096.841,11.964,LV,Kurla combine 08-09-26.csv,2647,3174,LV,72.8813829128491,19.090826409403963
629,2112227.348,277457.801,9.812,LV,Kurla combine 08-09-26.csv,1937,3175,LV,72.88481177194704,19.090881969670132
138,2112229.316,277452.901,8.527,BED,Additional data 01 Oct 2026.csv,108,3176,BED,72.88476499679435,19.090899208887084
105,2112230.286,277463.199,9.743,FT,Kurla combine 08-09-26.csv,2287,3177,FT,72.88486271503287,19.09090909284993
A20,2112230.441,277199.673,12.03,ST,Kurla combine 08-09-26.csv,1005,3178,Other / rare,72.8823592393367,19.090881726029078
D21,2112230.441,277199.673,12.03,ST,Kurla combine 08-09-26.csv,2631,3179,Other / rare,72.8823592393367,19.090881726029078
D20,2112230.444,277199.676,12.035,ST,Kurla combine 08-09-26.csv,2630,3180,Other / rare,72.88235926749154,19.090881753450926
17,2112233.577,277352.9693,10.06,LV,Kurla combine 08-09-26.csv,3638,3181,LV,72.8838151708501,19.09092678656819
62,2112234.859,277455.271,9.729,FT,Kurla combine 08-09-26.csv,1369,3182,FT,72.88478687534989,19.09094952853859
630,2112236.683,277459.596,9.873,LV,Kurla combine 08-09-26.csv,1938,3183,LV,72.88482775293626,19.090966473677963
100,2112238.362,277200.361,11.978,FT,Kurla combine 08-09-26.csv,1407,3184,FT,72.88236486518106,19.090953338829767
152,2112239.675,277191.13,12.083,FT,Kurla combine 08-09-26.csv,2334,3185,FT,72.882277021236,19.090964188766957
137,2112241.031,277457.726,8.649,BED,Additional data 01 Oct 2026.csv,107,3186,BED,72.88480948922277,19.091005538216326
673,2112245.654,277202.475,12.091,LV,Kurla combine 08-09-26.csv,1981,3187,LV,72.88238411008105,19.09101942663974
631,2112245.827,277461.454,9.864,LV,Kurla combine 08-09-26.csv,1939,3188,LV,72.88484435434755,19.091049259559846
648,2112246.212,278292.444,26.665,LV,Kurla combine 08-09-26.csv,2628,3189,LV,72.89273862795059,19.09114322709545
34,2112250.026,277466.519,9.945,ROAD LV,Kurla combine 08-09-26.csv,907,3190,Other / rare,72.88489198932582,19.091087735010206
32,2112250.954,277459.902,9.882,LV,Kurla combine 08-09-26.csv,905,3191,LV,72.88482902218881,19.091095394257795
33,2112250.983,277463.314,9.907,LV,Kurla combine 08-09-26.csv,906,3192,LV,72.88486143241951,19.09109602841158
48,2112252.893,277195.443,11.309,BED,Additional data 01 Oct 2026.csv,49,3193,BED,72.88231647541178,19.09108403680161
106,2112254.302,277468.159,9.899,FT,Kurla combine 08-09-26.csv,2288,3194,FT,72.8849070784259,19.091126532220446
632,2112254.94,277463.428,9.868,LV,Kurla combine 08-09-26.csv,1940,3195,LV,72.88486206131383,19.091131778122858
33,2112257.591,277746.72,22.952,LV,Kurla combine 08-09-26.csv,2476,3196,LV,72.88755299804437,19.09118660724629
672,2112259.181,277205.974,12.194,LV,Kurla combine 08-09-26.csv,1980,3197,LV,72.88241579595996,19.091141976451617
151,2112259.885,277197.892,11.999,FT,Kurla combine 08-09-26.csv,2333,3198,FT,72.88233893722214,19.091147451789272
63,2112263.348,277461.275,9.872,FT,Kurla combine 08-09-26.csv,1370,3199,FT,72.88484064320359,19.09120747929627
99,2112265.288,277207.44,12.179,FT,Kurla combine 08-09-26.csv,1406,3200,FT,72.88242902112722,19.091197291283105
633,2112266.069,277465.769,9.968,LV,Kurla combine 08-09-26.csv,1941,3201,LV,72.8848830234006,19.091232544038604
34,2112266.247,277745.388,22.314,LV,Kurla combine 08-09-26.csv,2477,3202,LV,72.88753935210714,19.0912646380987
655,2112266.478,277095.454,12.404,LV,Kurla combine 08-09-26.csv,2648,3203,LV,72.88136503325049,19.091195804082464
625,2112268.149,278292.572,27.272,LV,Kurla combine 08-09-26.csv,2605,3204,LV,72.89273733588207,19.091341363971548
35,2112268.529,277736.607,20.733,LV,Kurla combine 08-09-26.csv,2478,3205,LV,72.88745567195986,19.091284291003333
36,2112273.249,277723.29,19.074,LV,Kurla combine 08-09-26.csv,2479,3206,LV,72.88732862080649,19.091325468182202
76,2112273.577,278092.9693,31.81,LV,Kurla combine 08-09-26.csv,3697,3207,LV,72.89084050371221,19.091368681542914
82,2112273.577,278172.9693,30.31,LV,Kurla combine 08-09-26.csv,3703,3208,LV,72.89160049776504,19.09137738322437
671,2112273.679,277209.169,12.214,LV,Kurla combine 08-09-26.csv,1979,3209,LV,72.88244448236067,19.091273262538788
699,2112277.093,276868.258,6.431,CW,Kurla combine 08-09-26.csv,2692,3210,Other / rare,72.8792054844844,19.091266831919402
700,2112277.318,276872.27,6.489,CW,Kurla combine 08-09-26.csv,2693,3211,Other / rare,72.87924357197667,19.09126930284665
698,2112277.582,276862.265,6.064,N,Kurla combine 08-09-26.csv,2691,3212,Other / rare,72.87914849564274,19.091270592678153
634,2112278.928,277468.517,9.98,LV,Kurla combine 08-09-26.csv,1942,3213,LV,72.88490765343275,19.09134897868834
150,2112278.955,277200.421,12.288,FT,Kurla combine 08-09-26.csv,2332,3214,FT,72.88236077135899,19.091319956658506
656,2112283.472,277099.323,11.316,LV,Kurla combine 08-09-26.csv,2649,3215,LV,72.8813998348123,19.091349706245065
107,2112284.559,277474.829,10.039,FT,Kurla combine 08-09-26.csv,2289,3216,FT,72.88496697054063,19.091400523144912
50,2112284.58,277649.395,13.88,LV,Kurla combine 08-09-26.csv,2493,3217,LV,72.88662532670436,19.09141974938145
632,2112285.321,278132.691,33.055,LV,Kurla combine 08-09-26.csv,2612,3218,LV,72.89121651318258,19.09147906777052
49,2112285.324,277202.28,11.401,BED,Additional data 01 Oct 2026.csv,50,3219,BED,72.88237769986291,19.09137768064331
697,2112285.885,276859.453,0.049,BAD,Kurla combine 08-09-26.csv,2690,3220,Other / rare,72.87912082665983,19.091345272547922
157,2112287.476,277352.744,10.324,LV,Kurla combine 08-09-26.csv,1186,3221,LV,72.88380684218369,19.091413545402183
873,2112287.476,277352.744,10.324,LV,Kurla combine 08-09-26.csv,3572,3222,LV,72.88380684218369,19.091413545402183
701,2112288.999,276891.462,6.316,CW,Kurla combine 08-09-26.csv,2694,3223,Other / rare,72.87942454910413,19.091376897610687
98,2112290.504,277212.368,12.261,FT,Kurla combine 08-09-26.csv,1405,3224,FT,72.88247293945145,19.091425565109887
635,2112290.944,277470.962,10.101,LV,Kurla combine 08-09-26.csv,1943,3225,LV,72.88492950176213,19.091457766805263
670,2112292.232,277212.581,12.265,LV,Kurla combine 08-09-26.csv,1978,3226,LV,72.8824747643985,19.091441194619367
696,2112294.748,276856.972,6.162,N,Kurla combine 08-09-26.csv,2689,3227,Other / rare,72.8790962376607,19.091425046189155
657,2112296.82,277029.04,10.045,LV,Kurla combine 08-09-26.csv,2650,3228,LV,72.88073062125405,19.09146257558904
136,2112300.925,277478.73,9.281,BED,Additional data 01 Oct 2026.csv,106,3229,BED,72.88500215159125,19.09154875671618
658,2112301.01,276942.654,1.217,LV,Kurla combine 08-09-26.csv,2651,3230,LV,72.8799094840884,19.091490972176928
149,2112302.073,277206.131,12.252,FT,Kurla combine 08-09-26.csv,2331,3231,FT,72.88241235955294,19.091529368048665
108,2112302.5,277478.928,10.169,FT,Kurla combine 08-09-26.csv,2290,3232,FT,72.88500385183727,19.09156300278183
68,2112303.453,278017.322,31.194,LV,Kurla combine 08-09-26.csv,980,3233,LV,72.89011844034955,19.091630273626663
64,2112303.741,277469.724,10.088,FT,Kurla combine 08-09-26.csv,1371,3234,FT,72.88491627236355,19.091573206647954
636,2112304.522,277473.96,10.219,LV,Kurla combine 08-09-26.csv,1944,3235,LV,72.88495642431036,19.091580722307356
156,2112306.675,277352.764,10.152,LV,Kurla combine 08-09-26.csv,1185,3236,LV,72.8838048278259,19.091586941426126
872,2112306.675,277352.764,10.152,LV,Kurla combine 08-09-26.csv,3571,3237,LV,72.8838048278259,19.091586941426126
153,2112308.324,277290.445,11.764,LV,Kurla combine 08-09-26.csv,1183,3238,LV,72.88321261477975,19.091595030847532
870,2112308.324,277290.445,11.764,LV,Kurla combine 08-09-26.csv,3569,3239,LV,72.88321261477975,19.091595030847532
37,2112308.702,277752.13,22.447,LV,Kurla combine 08-09-26.csv,2480,3240,LV,72.88759853464282,19.091648801711706
154,2112309.266,277297.289,11.22,LV,Kurla combine 08-09-26.csv,1184,3241,LV,72.8832775238377,19.091604285674318
871,2112309.266,277297.289,11.22,LV,Kurla combine 08-09-26.csv,3570,3242,LV,72.8832775238377,19.091604285674318
669,2112310.591,277216.944,12.256,LV,Kurla combine 08-09-26.csv,1977,3243,LV,72.88251410315914,19.091607478477563
56,2112313.577,277912.9693,26.38,LV,Kurla combine 08-09-26.csv,3677,3244,LV,72.88912593749507,19.091710348540374
67,2112313.577,277992.9693,28.54,LV,Kurla combine 08-09-26.csv,3688,3245,LV,72.88988593226487,19.091719057443406
148,2112314.837,277209.006,12.294,FT,Kurla combine 08-09-26.csv,2330,3246,FT,72.88243820524245,19.091644958752557
152,2112315.535,277290.86,11.744,LV,Kurla combine 08-09-26.csv,1182,3247,LV,72.88321572905781,19.091660201556
869,2112315.535,277290.86,11.744,LV,Kurla combine 08-09-26.csv,3568,3248,LV,72.88321572905781,19.091660201556
134,2112316.537,277477.741,9.174,BED,Additional data 01 Oct 2026.csv,104,3249,BED,72.8849909646749,19.091689647140473
135,2112316.944,277482.531,9.405,BED,Additional data 01 Oct 2026.csv,105,3250,BED,72.88503642251912,19.091693845477295
637,2112317.281,277477.34,10.313,LV,Kurla combine 08-09-26.csv,1945,3251,LV,72.88498706983634,19.09169632276008
97,2112317.411,277218.946,12.265,FT,Kurla combine 08-09-26.csv,1404,3252,FT,72.88253233840678,19.09166929123086
151,2112317.46,277292.151,11.717,LV,Kurla combine 08-09-26.csv,1181,3253,LV,72.88322777233593,19.091677727951204
868,2112317.46,277292.151,11.717,LV,Kurla combine 08-09-26.csv,3567,3254,LV,72.88322777233593,19.091677727951204
133,2112317.583,277482.915,10.413,TOP,Additional data 01 Oct 2026.csv,103,3255,Other / rare,72.88503999715743,19.09169965843727
109,2112317.679,277482.455,10.183,FT,Kurla combine 08-09-26.csv,2291,3256,FT,72.88503561618448,19.09170047527018
626,2112317.705,278262.82,27.112,LV,Kurla combine 08-09-26.csv,2606,3257,LV,72.89244902728599,19.091785692470932
695,2112317.849,276850.061,6.138,N,Kurla combine 08-09-26.csv,2688,3258,Other / rare,72.87902792581473,19.09163292385355
631,2112321.658,278168.76,32.73,LV,Kurla combine 08-09-26.csv,2611,3259,LV,72.89155500942587,19.09181116635079
694,2112326.968,276847.776,5.069,N,Kurla combine 08-09-26.csv,2687,3260,Other / rare,72.87900516922966,19.091715030945608
110,2112327.572,277484.554,10.522,FT,Kurla combine 08-09-26.csv,2292,3261,FT,72.88505442126615,19.09179005195875
67,2112328.174,277893.742,24.248,LV,Kurla combine 08-09-26.csv,979,3262,LV,72.88894160753256,19.091840086739612
638,2112329.044,277479.913,10.384,LV,Kurla combine 08-09-26.csv,1946,3263,LV,72.8850101632613,19.09180283989132
668,2112329.548,277221.888,12.402,LV,Kurla combine 08-09-26.csv,1976,3264,LV,72.88255889271915,19.091779226561346
693,2112330.963,276846.712,4.778,N,Kurla combine 08-09-26.csv,2686,3265,Other / rare,72.8789946016291,19.09175099486868
65,2112333.418,277476.169,10.299,FT,Kurla combine 08-09-26.csv,1372,3266,FT,72.88497409365337,19.09184193481197
18,2112333.577,277352.9693,10.44,LV,Kurla combine 08-09-26.csv,3639,3267,LV,72.88380368933218,19.091829926541934
692,2112334.699,276845.608,4.999,N,Kurla combine 08-09-26.csv,2685,3268,Other / rare,72.87898368383385,19.091784615289292
147,2112338.805,277215.5,12.343,FT,Kurla combine 08-09-26.csv,2329,3269,FT,72.88249714385849,19.09186213244741
639,2112341.294,277482.482,10.472,LV,Kurla combine 08-09-26.csv,1947,3270,LV,72.88503316282485,19.091913754879915
150,2112342.918,277295.457,11.855,LV,Kurla combine 08-09-26.csv,1180,3271,LV,72.88325625519053,19.09190801019532
867,2112342.918,277295.457,11.855,LV,Kurla combine 08-09-26.csv,3566,3272,LV,72.88325625519053,19.09190801019532
667,2112343.895,277225.033,12.303,LV,Kurla combine 08-09-26.csv,1975,3273,LV,72.8825871216439,19.091909143438095
96,2112344.848,277225.488,12.254,FT,Kurla combine 08-09-26.csv,1403,3274,FT,72.8825913346147,19.09191780004937
38,2112346.477,277755.303,22.167,LV,Kurla combine 08-09-26.csv,2481,3275,LV,72.88762434845499,19.091990309389374
136,2112347.483,277484.333,10.504,DIV,Kurla combine 08-09-26.csv,1447,3276,DIV,72.88505003697685,19.091969852184725
640,2112353.879,277485.378,10.424,LV,Kurla combine 08-09-26.csv,1948,3277,LV,72.8850592304452,19.092027731061695
9,2112354.384,277485.805,10.398,DIV,Kurla combine 08-09-26.csv,1016,3278,DIV,72.88506322896377,19.092032338504296
663,2112354.808,276845.687,4.512,LV,Kurla combine 08-09-26.csv,2656,3279,LV,72.87898212017744,19.091966235770812
111,2112355.832,277490.955,10.745,FT,Kurla combine 08-09-26.csv,2293,3280,FT,72.88511198742427,19.092045977798985
8,2112356.103,277481.679,10.249,CC,Kurla combine 08-09-26.csv,1015,3281,CC,72.8850238350106,19.092047413373436
52,2112356.272,277292.23,11.53,BED,Additional data 01 Oct 2026.csv,53,3282,BED,72.88322406527404,19.092028263112834
666,2112356.313,277227.274,12.364,LV,Kurla combine 08-09-26.csv,1974,3283,LV,72.88260698429553,19.09202154002421
690,2112356.355,276837.885,4.668,N,Kurla combine 08-09-26.csv,2683,3284,Other / rare,72.87890782404692,19.091979353706144
66,2112356.529,277887.93,22.744,LV,Kurla combine 08-09-26.csv,978,3285,LV,72.88888314600433,19.09209554002138
691,2112356.862,276837.463,1.204,BAD,Kurla combine 08-09-26.csv,2684,3286,Other / rare,72.87890375674753,19.09198388644022
146,2112358.778,277219.637,12.3,FT,Kurla combine 08-09-26.csv,2328,3287,FT,72.88253415028692,19.09204296828733
51,2112360.553,277244.922,11.167,BED,Additional data 01 Oct 2026.csv,52,3288,BED,72.88277415163898,19.092061760545526
66,2112360.653,277482.415,10.317,FT,Kurla combine 08-09-26.csv,1373,3289,FT,72.8850303048281,19.09208858656489
95,2112360.77,277228.728,12.257,FT,Kurla combine 08-09-26.csv,1402,3290,FT,72.88262028512648,19.092061951742338
53,2112361.281,277290.935,11.821,LV,Additional data 01 Oct 2026.csv,54,3291,LV,72.88321118759214,19.092073359975846
149,2112361.842,277296.015,11.824,LV,Kurla combine 08-09-26.csv,1179,3292,LV,72.88325938273748,19.092078981256638
866,2112361.842,277296.015,11.824,LV,Kurla combine 08-09-26.csv,3565,3293,LV,72.88325938273748,19.092078981256638
148,2112363.389,277278.687,11.857,LV,Kurla combine 08-09-26.csv,1178,3294,LV,72.88309459049977,19.092091060787332
865,2112363.389,277278.687,11.857,LV,Kurla combine 08-09-26.csv,3564,3295,LV,72.88309459049977,19.092091060787332
112,2112363.552,277483.016,10.293,FT,Kurla combine 08-09-26.csv,2294,3296,FT,72.88503568161514,19.092114834176964
54,2112364.01,277264.287,11.863,LV,Additional data 01 Oct 2026.csv,55,3297,LV,72.882957720374975,19.092095096839987
147,2112365.134,277250.693,11.92,LV,Kurla combine 08-09-26.csv,1177,3298,LV,72.88282844940508,19.092103763602587
864,2112365.134,277250.693,11.92,LV,Kurla combine 08-09-26.csv,3563,3299,LV,72.88282844940508,19.092103763602587
641,2112365.151,277487.595,10.419,LV,Kurla combine 08-09-26.csv,1949,3300,LV,72.88507899830802,19.092129774931976
145,2112366.963,277233.927,12.178,LV,Kurla combine 08-09-26.csv,1175,3301,LV,72.88266896370828,19.09211845097408
862,2112366.963,277233.927,12.178,LV,Kurla combine 08-09-26.csv,3561,3302,LV,72.88266896370828,19.09211845097408
55,2112367.501,277233.822,12.197,LV,Additional data 01 Oct 2026.csv,56,3303,LV,72.88266790441068,19.092123298395467
146,2112367.507,277246.303,11.974,LV,Kurla combine 08-09-26.csv,1176,3304,LV,72.88278647217629,19.09212471567171
863,2112367.507,277246.303,11.974,LV,Kurla combine 08-09-26.csv,3562,3305,LV,72.88278647217629,19.09212471567171
10,2112367.725,277488.452,10.462,DIV,Kurla combine 08-09-26.csv,1017,3306,DIV,72.88508684438033,19.092153115263738
659,2112368.321,276887.147,4.806,LV,Kurla combine 08-09-26.csv,2652,3307,LV,72.8793744306262,19.092092812237105
665,2112368.564,277230.594,12.241,LV,Kurla combine 08-09-26.csv,1973,3308,LV,72.88263711656136,19.092132546213225
32,2112373.577,277652.9693,16.37,LV,Kurla combine 08-09-26.csv,3653,3309,LV,72.88664907746566,19.09222390793166
11,2112374.071,277489.695,10.528,DIV,Kurla combine 08-09-26.csv,1018,3310,DIV,72.88509792458984,19.092210564169758
50,2112375.091,277218.233,11.98,BED,Additional data 01 Oct 2026.csv,51,3311,BED,72.88251893821379,19.09219014402731
630,2112376.805,278203.567,31.324,LV,Kurla combine 08-09-26.csv,2610,3312,LV,72.89187936650632,19.09231300869688
702,2112377.267,276891.978,4.331,LV,Kurla combine 08-09-26.csv,2695,3313,LV,72.87941929530382,19.092174135339093
145,2112377.314,277219.347,12.169,FT,Kurla combine 08-09-26.csv,2327,3314,FT,72.88252926572301,19.09221034248585
7,2112378.462,277486.221,10.342,CC,Kurla combine 08-09-26.csv,1014,3315,CC,72.88506441793449,19.092249842088563
627,2112380.01,278237.249,27.308,LV,Kurla combine 08-09-26.csv,2607,3316,LV,72.89219897843716,19.092345616864204
664,2112381.847,277231.787,12.144,LV,Kurla combine 08-09-26.csv,1972,3317,LV,72.88264692396442,19.092252640491367
65,2112383.046,277886.081,20.915,LV,Kurla combine 08-09-26.csv,977,3318,LV,72.88886254316355,19.09233482506187
703,2112383.965,276951.133,5.885,LV,Kurla combine 08-09-26.csv,2696,3319,LV,72.87998049146718,19.09224109724518
67,2112384.921,277487.252,10.482,FT,Kurla combine 08-09-26.csv,1374,3320,FT,72.88507347118443,19.092308288416437
94,2112389.739,277236.179,12.003,FT,Kurla combine 08-09-26.csv,1401,3321,FT,72.88268774097946,19.092324395919448
56,2112390.248,277237.169,11.076,BED,Additional data 01 Oct 2026.csv,57,3322,BED,72.88269708743292,19.092329101021893
57,2112390.328,277236.957,12.192,CH,Additional data 01 Oct 2026.csv,58,3323,Other / rare,72.88269506425769,19.09232980037953
58,2112390.336,277237.737,12.192,CH,Additional data 01 Oct 2026.csv,59,3324,Other / rare,72.88270247328235,19.092329957818862
59,2112391.312,277238.052,12.213,CH,Additional data 01 Oct 2026.csv,60,3325,Other / rare,72.88270535363553,19.09233880686062
662,2112392.453,276835.866,3.972,LV,Kurla combine 08-09-26.csv,2655,3326,LV,72.87888448936576,19.092305147206964
1,2112393.577,277112.9693,13.02,LV,Kurla combine 08-09-26.csv,3622,3327,LV,72.88151681709851,19.09234559817173
144,2112394.785,277222.816,12.241,FT,Kurla combine 08-09-26.csv,2326,3328,FT,72.88256021372392,19.092368508821473
663,2112396.322,277234.152,11.951,LV,Kurla combine 08-09-26.csv,1971,3329,LV,72.88266772834925,19.092383628191445
1006,2112400.197,277495.041,10.697,DIV,Kurla combine 08-09-26.csv,113,3330,DIV,72.88514571332078,19.09244710189458
93,2112407.59,277239.545,11.841,FT,Kurla combine 08-09-26.csv,1400,3331,FT,72.8827176669951,19.092485982923026
662,2112408.618,277237.166,11.873,LV,Kurla combine 08-09-26.csv,1970,3332,LV,72.88269494854597,19.092495007369042
6,2112409.99,277493.16,10.576,CC,Kurla combine 08-09-26.csv,1013,3333,CC,72.88512672016,19.09253534125774
143,2112410.802,277226.194,11.91,FT,Kurla combine 08-09-26.csv,2325,3334,FT,72.88259046432195,19.092513533572593
92,2112416.119,277242.252,11.679,FT,Kurla combine 08-09-26.csv,1399,3335,FT,72.88274240350904,19.092563307313146
661,2112416.682,276826.903,3.518,LV,Kurla combine 08-09-26.csv,2654,3336,LV,72.87879655313394,19.092522987573975
660,2112418.122,276873.348,4.043,LV,Kurla combine 08-09-26.csv,2653,3337,LV,72.87923761104408,19.092541074135635
689,2112420.273,276822.537,1.159,BAD,Kurla combine 08-09-26.csv,2682,3338,Other / rare,72.87875466319393,19.092554941496758
142,2112421.347,277228.194,11.965,FT,Kurla combine 08-09-26.csv,2324,3339,FT,72.88260825270385,19.092608988039935
141,2112421.351,277228.207,11.962,FT,Kurla combine 08-09-26.csv,2323,3340,FT,72.88260837574356,19.092609025585386
60,2112421.454,277227.388,11.335,BED,Additional data 01 Oct 2026.csv,61,3341,BED,72.88260058345655,19.09260986636586
688,2112421.695,276822.66,4.452,N,Kurla combine 08-09-26.csv,2681,3342,Other / rare,72.8787556680158,19.092567797562097
661,2112422.082,277241.167,11.586,LV,Kurla combine 08-09-26.csv,1969,3343,LV,72.88273141103438,19.092617043006875
140,2112423.195,277228.418,11.643,FT,Kurla combine 08-09-26.csv,2322,3344,FT,72.88261016837765,19.092625702517108
139,2112425.02,277227.637,11.724,FT,Kurla combine 08-09-26.csv,2321,3345,FT,72.88260253924929,19.092642099504097
1005,2112426.249,277500.567,10.859,DIV,Kurla combine 08-09-26.csv,112,3346,DIV,72.88519522063794,19.09268299092635
64,2112427.31,277905.118,20.371,LV,Kurla combine 08-09-26.csv,976,3347,LV,72.88903832407641,19.092736665243887
91,2112429.436,277246.199,11.226,FT,Kurla combine 08-09-26.csv,1398,3348,FT,72.88277836993299,19.092684009433334
660,2112432.44,277244.48,11.283,LV,Kurla combine 08-09-26.csv,1968,3349,LV,72.88276169442042,19.092710951997148
12,2112433.577,277292.9693,11.24,LV,Kurla combine 08-09-26.csv,3633,3350,LV,72.88322220982917,19.092726515851858
13,2112433.577,277332.9693,10.66,LV,Kurla combine 08-09-26.csv,3634,3351,LV,72.88360220802838,19.092730883093374
61,2112437.482,277249.144,10.138,BED,Additional data 01 Oct 2026.csv,62,3352,BED,72.88280542297085,19.092756997649314
138,2112439.176,277234.966,11.297,FT,Kurla combine 08-09-26.csv,2320,3353,FT,72.88267053802902,19.092770748363176
704,2112441.102,276946.56,7.624,LV,Kurla combine 08-09-26.csv,2697,3354,LV,72.87993047577814,19.092756622884544
628,2112441.375,278241.679,25.893,LV,Kurla combine 08-09-26.csv,2608,3355,LV,72.89223404530249,19.09290031330784
90,2112442.635,277251.421,10.974,FT,Kurla combine 08-09-26.csv,1397,3356,FT,72.88282646239959,19.092803785090975
1004,2112442.975,277504.258,10.924,DIV,Kurla combine 08-09-26.csv,111,3357,DIV,72.88522836574286,19.09283445287842
5,2112443.56,277500.838,10.857,CC,Kurla combine 08-09-26.csv,1012,3358,CC,72.88519580870991,19.092839363167446
659,2112443.65,277249.401,10.95,LV,Kurla combine 08-09-26.csv,1967,3359,LV,72.88280715588732,19.0928127313458
705,2112444.176,277001.658,8.227,LV,Kurla combine 08-09-26.csv,2698,3360,LV,72.88045354977184,19.092790410156542
137,2112452.038,277240.226,10.93,FT,Kurla combine 08-09-26.csv,2319,3361,FT,72.8827190301478,19.0928874846141
33,2112453.577,277672.9693,14.42,LV,Kurla combine 08-09-26.csv,3654,3362,LV,72.88682990368494,19.092948601361822
68,2112453.577,277992.9693,21.03,LV,Kurla combine 08-09-26.csv,3689,3363,LV,72.8898699033342,19.092983458241356
658,2112455.611,277254.689,10.789,LV,Kurla combine 08-09-26.csv,1966,3364,LV,72.882856017618,19.09292133334379
1003,2112458.793,277507.745,11.012,DIV,Kurla combine 08-09-26.csv,110,3365,DIV,72.88525967708817,19.09297769205699
136,2112462.537,277241.612,10.885,FT,Kurla combine 08-09-26.csv,2318,3366,FT,72.8827309909279,19.09298245657286
664,2112462.582,276818.051,5.592,LV,Kurla combine 08-09-26.csv,2657,3367,LV,72.8787071767774,19.092936558802574
62,2112464.078,277242.232,9.817,BED,Additional data 01 Oct 2026.csv,63,3368,BED,72.88273670387044,19.092996441662535
63,2112465.611,277921.299,20.162,LV,Kurla combine 08-09-26.csv,975,3369,LV,72.88918765668399,19.09308433993417
687,2112469.396,276816.036,1.452,BAD,Kurla combine 08-09-26.csv,2680,3370,Other / rare,72.87868725008923,19.092997878053257
686,2112470.846,276816.064,5.798,N,Kurla combine 08-09-26.csv,2679,3371,Other / rare,72.87868734918749,19.093010976600965
4,2112471.008,277506.719,10.993,CC,Kurla combine 08-09-26.csv,1011,3372,CC,72.88524852846368,19.0930878987643
135,2112471.72,277247.038,10.596,FT,Kurla combine 08-09-26.csv,2317,3373,FT,72.8827814827829,19.093065984453855
657,2112472.87,277262.7,10.737,LV,Kurla combine 08-09-26.csv,1965,3374,LV,72.88293013922133,19.0930780810275
22,2112473.577,277432.9693,11.47,LV,Kurla combine 08-09-26.csv,3643,3375,LV,72.88454761257871,19.09310305387509
1002,2112476.392,277511.43,11.129,DIV,Kurla combine 08-09-26.csv,109,3376,DIV,72.88529266510989,19.09313703776779
62,2112476.939,277950.226,20.957,LV,Kurla combine 08-09-26.csv,974,3377,LV,72.88946116624074,19.09318979750286
706,2112478.796,277059.705,8.596,LV,Kurla combine 08-09-26.csv,2699,3378,LV,72.88100101238915,19.09310942227504
61,2112483.754,277935.213,20.71,LV,Kurla combine 08-09-26.csv,973,3379,LV,72.88931776195973,19.093249712153742
656,2112484.282,277269.069,10.638,LV,Kurla combine 08-09-26.csv,1964,3380,LV,72.88298933363639,19.093181842821615
89,2112488.415,277275.441,10.523,FT,Kurla combine 08-09-26.csv,1396,3381,FT,72.8830493927487,19.0932198654174
134,2112490.054,277256.874,10.518,FT,Kurla combine 08-09-26.csv,2316,3382,FT,72.88287281833205,19.093232640223526
506,2112490.078,277929.846,20.446,LV,Kurla combine 08-09-26.csv,2500,3383,LV,72.88926605105047,19.09330624255298
1001,2112495.032,277515.402,11.183,DIV,Kurla combine 08-09-26.csv,108,3384,DIV,72.88532826022913,19.093305816478136
1000,2112495.055,277515.741,11.202,DIV,Kurla combine 08-09-26.csv,107,3385,DIV,72.88533147808991,19.093306061180414
504,2112497.623,277911.898,19.946,LV,Kurla combine 08-09-26.csv,1241,3386,LV,72.88909468041778,19.093372430383116
655,2112497.804,277275.507,10.337,LV,Kurla combine 08-09-26.csv,1963,3387,LV,72.88304894124612,19.0933046683778
133,2112499.284,277261.56,10.323,FT,Kurla combine 08-09-26.csv,2315,3388,FT,72.88291627493656,19.09331651173799
3,2112499.854,277512.143,11.045,CC,Kurla combine 08-09-26.csv,1010,3389,CC,72.88529674641983,19.093349010408502
2,2112502.567,277514.433,11.184,CC KH,Kurla combine 08-09-26.csv,1009,3390,Other / rare,72.8853181901181,19.093373762423266
88,2112504.834,277283.535,10.16,FT,Kurla combine 08-09-26.csv,1395,3391,FT,72.88312439963163,19.09336903574167
507,2112506.139,277942.768,20.596,LV,Kurla combine 08-09-26.csv,2501,3392,LV,72.8893869709698,19.093452703293874
654,2112507.024,277280.307,10.036,LV,Kurla combine 08-09-26.csv,1962,3393,LV,72.88309348210645,19.09338846199543
114,2112507.454,277522.443,11.227,FT,Kurla combine 08-09-26.csv,2296,3394,FT,72.88539372440268,19.09341877267507
361,2112507.969,277688.676,13.38,BT,Kurla combine 08-09-26.csv,839,3395,Other / rare,72.88697288083708,19.093441550232054
685,2112508.306,276810.861,4.608,N,Kurla combine 08-09-26.csv,2678,3396,Other / rare,72.87863360906526,19.093348722281643
129,2112509.361,277680.229,12.111,BED,Additional data 01 Oct 2026.csv,99,3397,BED,72.8868924745824,19.09345320121087
665,2112509.835,276815.587,4.5,LV,Kurla combine 08-09-26.csv,2658,3398,LV,72.8786783298836,19.093363048407557
356,2112510.912,277597.281,11.978,BT,Kurla combine 08-09-26.csv,834,3399,Other / rare,72.88610428942744,19.093458165452674
131,2112511.545,277562.74,10.696,BED,Additional data 01 Oct 2026.csv,101,3400,BED,72.88577607689204,19.093460115476848
355,2112511.595,277582.634,11.832,BT,Kurla combine 08-09-26.csv,833,3401,Other / rare,72.88596506439333,19.093462736653237
362,2112511.837,277701.812,13.601,BT,Kurla combine 08-09-26.csv,840,3402,Other / rare,72.88709722960593,19.093477915552395
354,2112512.105,277559.513,11.597,BT,Kurla combine 08-09-26.csv,832,3403,Other / rare,72.88574535611077,19.09346482111651
353,2112512.109,277532.73,11.472,BT,Kurla combine 08-09-26.csv,831,3404,Other / rare,72.88549091687123,19.09346193598469
503,2112512.33,277875.247,19.281,LV,Kurla combine 08-09-26.csv,1240,3405,LV,72.88874481013848,19.093501264260425
360,2112512.761,277670.655,13.132,BT,Kurla combine 08-09-26.csv,838,3406,Other / rare,72.88680113154963,19.09348286438083
1,2112512.857,277515.238,11.227,CC,Kurla combine 08-09-26.csv,1008,3407,CC,72.8853246568826,19.09346678341163
2,2112513.577,277112.9693,11.35,LV,Kurla combine 08-09-26.csv,3623,3408,LV,72.88150302313774,19.09342936434629
363,2112514,277717.891,13.835,BT,Kurla combine 08-09-26.csv,841,3409,Other / rare,72.8872497324712,19.0934992029788
69,2112514.109,277515.625,11.291,FT,Kurla combine 08-09-26.csv,1376,3410,FT,72.88532818972358,19.093478132949098
71,2112514.452,277499.654,11.183,FT,Kurla combine 08-09-26.csv,1378,3411,FT,72.88517642571873,19.09347948844056
132,2112514.489,277509.373,10.621,BED,Additional data 01 Oct 2026.csv,102,3412,BED,72.88526875206037,19.09348088286597
70,2112514.737,277510.127,11.441,FT,Kurla combine 08-09-26.csv,1377,3413,FT,72.8852758866096,19.09348320490802
352,2112514.751,277515.461,11.327,CC,Kurla combine 08-09-26.csv,830,3414,CC,72.88532655805476,19.09348391322194
74,2112514.889,277471.324,11.193,FT,Kurla combine 08-09-26.csv,1381,3415,FT,72.88490724034467,19.093480344329283
75,2112514.896,277468.259,11.24,FT,Kurla combine 08-09-26.csv,1382,3416,FT,72.88487812201993,19.09348007313055
72,2112514.937,277482.11,11.156,FT,Kurla combine 08-09-26.csv,1379,3417,FT,72.88500970191605,19.09348195464799
73,2112514.98,277475.349,11.16,FT,Kurla combine 08-09-26.csv,1380,3418,FT,72.88494546742984,19.093481605343133
113,2112515.125,277515.795,11.288,FT,Kurla combine 08-09-26.csv,2295,3419,FT,72.88532968814292,19.09348732740286
76,2112515.251,277464.414,11.27,FT,Kurla combine 08-09-26.csv,1383,3420,FT,72.88484155374961,19.09348285974892
351,2112515.291,277461.81,11.077,CC,Kurla combine 08-09-26.csv,829,3421,CC,72.88481681114114,19.093482936877113
77,2112515.779,277459.096,11.084,FT,Kurla combine 08-09-26.csv,1384,3422,FT,72.88479097211281,19.09348704806816
357,2112515.853,277621.948,12.409,BT,Kurla combine 08-09-26.csv,835,3423,Other / rare,72.88633805958055,19.093505479356367
132,2112516.151,277269.317,9.846,FT,Kurla combine 08-09-26.csv,2314,3424,FT,72.8829880287673,19.09346969136905
137,2112516.364,277514.588,11.386,LV,Kurla combine 08-09-26.csv,1448,3425,LV,72.88531807945921,19.093498385647948
79,2112516.435,277437.822,10.535,FT,Kurla combine 08-09-26.csv,1386,3426,FT,72.88458879368416,19.093490651263707
350,2112516.667,277435.423,10.499,CC,Kurla combine 08-09-26.csv,828,3427,CC,72.8845659765399,19.093492484757775
653,2112516.965,277284.983,9.841,LV,Kurla combine 08-09-26.csv,1961,3428,LV,72.88313676219099,19.093478753700072
78,2112517.116,277449.983,10.927,FT,Kurla combine 08-09-26.csv,1385,3429,FT,72.8847042450928,19.09349812867664
131,2112517.258,277269.475,9.923,FT,Kurla combine 08-09-26.csv,2313,3430,FT,72.8829894026018,19.09347970637567
68,2112517.323,277514.584,11.388,LV,Kurla combine 08-09-26.csv,1375,3431,LV,72.88531793141668,19.093507046330423
130,2112517.62,277646.554,11.613,BED,Additional data 01 Oct 2026.csv,100,3432,BED,72.88657161438789,19.09352412061791
642,2112517.727,277469.14,11.16,LV,Kurla combine 08-09-26.csv,1950,3433,LV,72.8848861666108,19.093505737160548
35,2112517.78,277506.871,11.376,ROAD LV,Kurla combine 08-09-26.csv,908,3434,Other / rare,72.88524460539155,19.09351033228002
130,2112517.965,277269.629,9.844,FT,Kurla combine 08-09-26.csv,2312,3435,FT,72.8829907843857,19.0934861083883
349,2112518.223,277426.392,10.456,CC,Kurla combine 08-09-26.csv,827,3436,CC,72.88448000337422,19.09350555208412
359,2112518.429,277649.621,12.797,BT,Kurla combine 08-09-26.csv,837,3437,Other / rare,72.88660065817467,19.093531761401522
358,2112518.686,277633.652,12.589,BT,Kurla combine 08-09-26.csv,836,3438,Other / rare,72.88644892288247,19.09353234145524
129,2112518.908,277269.924,9.871,FT,Kurla combine 08-09-26.csv,2311,3439,FT,72.88299347855906,19.093494657207824
117,2112518.942,277698.571,13.518,LV,Kurla combine 08-09-26.csv,124,3440,LV,72.88706562543513,19.093541730512268
501,2112518.942,277722.885,13.838,LV,Kurla combine 08-09-26.csv,2495,3441,LV,72.88729660903421,19.093544380523742
643,2112519.087,277464.613,11.065,LV,Kurla combine 08-09-26.csv,1951,3442,LV,72.8848430039823,19.093517525926742
123,2112519.309,277583.644,11.911,LV,Kurla combine 08-09-26.csv,130,3443,LV,72.88597377452156,19.09353251509628
125,2112519.455,277551.879,11.519,LV,Kurla combine 08-09-26.csv,132,3444,LV,72.88567198977627,19.093530369354713
124,2112519.6,277568.148,11.683,LV,Kurla combine 08-09-26.csv,131,3445,LV,72.8858265288885,19.093533453286625
722,2112519.981,277707.516,13.632,LV,Kurla combine 08-09-26.csv,396,3446,LV,72.88715048403179,19.09355208911441
684,2112520.041,276811.73,4.4,N,Kurla combine 08-09-26.csv,2677,3447,Other / rare,72.87864051373185,19.093454800473953
500,2112520.141,277754.314,14.831,LV,Kurla combine 08-09-26.csv,1237,3448,LV,72.8875950479311,19.093558634251153
721,2112520.229,277681.261,13.355,LV,Kurla combine 08-09-26.csv,395,3449,LV,72.88690103246253,19.093551467130766
63,2112520.633,277270.886,8.763,BED,Additional data 01 Oct 2026.csv,64,3450,BED,72.8830024193999,19.09351034141739
502,2112520.904,277751.875,14.82,LV,Kurla combine 08-09-26.csv,2496,3451,LV,72.88757178990375,19.09356525944524
501,2112520.988,277769.032,15.201,LV,Kurla combine 08-09-26.csv,1238,3452,LV,72.88773477227116,19.093567887630645
126,2112521.132,277528.354,11.444,LV,Kurla combine 08-09-26.csv,133,3453,LV,72.88544830953056,19.093542949042863
12,2112521.524,277518.62,11.465,CHOK,Kurla combine 08-09-26.csv,1019,3454,Other / rare,72.88535579141745,19.093545427541276
80,2112521.532,277419.525,10.588,FT,Kurla combine 08-09-26.csv,1387,3455,FT,72.88441438697465,19.093534687581702
118,2112521.776,277678.379,13.275,LV,Kurla combine 08-09-26.csv,125,3456,LV,72.88687347601153,19.09356512457424
505,2112522.412,277844.787,18.906,LV,Kurla combine 08-09-26.csv,2499,3457,LV,72.88845428402993,19.093589001449892
504,2112522.427,277844.801,18.896,LV,Kurla combine 08-09-26.csv,2498,3458,LV,72.88845441531176,19.093589138446216
14,2112522.576,277523.046,11.512,CHOK,Kurla combine 08-09-26.csv,1021,3459,Other / rare,72.88539771776829,19.093555411388117
644,2112522.836,277437.037,10.749,LV,Kurla combine 08-09-26.csv,1952,3460,LV,72.8845806014268,19.09354837560601
111,2112523.094,277700.327,13.527,CC,Kurla combine 08-09-26.csv,77,3461,CC,72.88708183144277,19.093579420352825
66,2112523.16,277292.437,8.806,BED,Additional data 01 Oct 2026.csv,67,3462,BED,72.88320686359569,19.093535517145142
37,2112523.174,277427.788,10.674,ROAD LV,Kurla combine 08-09-26.csv,910,3463,Other / rare,72.88449269704714,19.093550418898975
122,2112523.303,277616.574,12.324,LV,Kurla combine 08-09-26.csv,129,3464,LV,72.88628615201206,19.093572177418515
36,2112523.536,277508.443,11.445,ROAD LV,Kurla combine 08-09-26.csv,909,3465,Other / rare,72.88525887890465,19.093562488543814
364,2112523.573,277721.917,13.608,BT,Kurla combine 08-09-26.csv,842,3466,Other / rare,72.88728688210843,19.093586099522323
710,2112523.658,277534.353,11.61,DIV,Kurla combine 08-09-26.csv,384,3467,DIV,72.88550501028911,19.093566416743553
714,2112523.824,277598.646,12.106,DIV,Kurla combine 08-09-26.csv,388,3468,DIV,72.8861157758887,19.093574927881075
713,2112524.436,277561.937,11.709,DIV,Kurla combine 08-09-26.csv,387,3469,DIV,72.885766969491,19.093576451793755
711,2112524.542,277534.425,11.622,DIV,Kurla combine 08-09-26.csv,385,3470,DIV,72.88550559286239,19.0935744083614
712,2112524.763,277544.969,11.536,DIV,Kurla combine 08-09-26.csv,386,3471,DIV,72.88560573568017,19.09357755439111
119,2112524.844,277663.68,13.035,LV,Kurla combine 08-09-26.csv,126,3472,LV,72.88673348335558,19.093591230605426
715,2112525.305,277618.263,12.433,DIV,Kurla combine 08-09-26.csv,389,3473,DIV,72.88630196792937,19.0935904424693
13,2112525.536,277520.126,11.476,CHOK,Kurla combine 08-09-26.csv,1020,3474,Other / rare,72.88536963808217,19.093581825827002
503,2112525.68,277792.834,16.598,LV,Kurla combine 08-09-26.csv,2497,3475,LV,72.88796035426698,19.09361285645514
720,2112525.701,277659.496,13.026,LV,Kurla combine 08-09-26.csv,394,3476,LV,72.88669363697822,19.093598514406573
118,2112525.873,277404.967,9.424,BED,Additional data 01 Oct 2026.csv,88,3477,BED,72.88427558751361,19.093572304069017
508,2112525.977,277954.419,20.655,LV,Kurla combine 08-09-26.csv,2502,3478,LV,72.8894953839965,19.09363313731166
121,2112526.089,277631.598,12.578,LV,Kurla combine 08-09-26.csv,128,3479,LV,72.88642856081263,19.09359897705881
81,2112526.272,277405.493,10.439,FT,Kurla combine 08-09-26.csv,1388,3480,FT,72.88428053871132,19.093575965005936
120,2112526.314,277646.731,12.751,LV,Kurla combine 08-09-26.csv,127,3481,LV,72.88657229886819,19.09360265902621
719,2112526.392,277650.867,12.915,DIV,Kurla combine 08-09-26.csv,393,3482,DIV,72.88661158202437,19.093603814391017
348,2112527.22,277402.484,10.249,CC,Kurla combine 08-09-26.csv,826,3483,CC,72.88425184434996,19.093584198366056
718,2112527.41,277650.906,12.922,DIV,Kurla combine 08-09-26.csv,392,3484,DIV,72.8866118357835,19.093613012622235
502,2112527.497,277824.839,18.705,LV,Kurla combine 08-09-26.csv,1239,3485,LV,72.88826419466287,19.093632753290148
110,2112527.519,277680.289,13.26,CC,Kurla combine 08-09-26.csv,76,3486,CC,72.88689096255156,19.09361720019685
717,2112527.666,277648.669,12.924,DIV,Kurla combine 08-09-26.csv,391,3487,DIV,72.88659055486968,19.093615080783167
716,2112527.767,277634.172,12.712,DIV,Kurla combine 08-09-26.csv,390,3488,DIV,72.88645282142906,19.093614412412208
652,2112527.977,277290.3,9.655,LV,Kurla combine 08-09-26.csv,1960,3489,LV,72.88318600880086,19.093578788016732
116,2112528.019,277710.687,13.52,LV,Kurla combine 08-09-26.csv,123,3490,LV,72.88717968708129,19.09362502926038
112,2112528.386,277707.153,13.498,CC,Kurla combine 08-09-26.csv,78,3491,CC,72.88714607190202,19.093627958610718
117,2112529.979,277494.17,11.08,FT,Kurla combine 08-09-26.csv,2299,3492,FT,72.88512254582503,19.093619120790827
103,2112530.499,277509.475,11.344,BT,Kurla combine 08-09-26.csv,69,3493,Other / rare,72.88526788391195,19.09362548680559
683,2112530.737,276815.605,4.582,N,Kurla combine 08-09-26.csv,2676,3494,Other / rare,72.8786760949163,19.09355182402314
128,2112530.882,277276.658,9.654,FT,Kurla combine 08-09-26.csv,2310,3495,FT,72.88305607608004,19.093603534497813
116,2112531.095,277506.092,11.223,FT,Kurla combine 08-09-26.csv,2298,3496,FT,72.88523567696046,19.093630500468283
1007,2112531.11,277525.364,11.533,LV,Kurla combine 08-09-26.csv,114,3497,LV,72.88541875959164,19.093632738268948
106,2112531.946,277585.214,11.871,CC,Kurla combine 08-09-26.csv,72,3498,CC,72.88598723994043,19.09364681624174
104,2112532.013,277529.032,11.535,FT,Kurla combine 08-09-26.csv,70,3499,FT,72.88545350205065,19.093641293741076
118,2112532.25,277479.675,10.896,FT,Kurla combine 08-09-26.csv,2300,3500,FT,72.88498458246178,19.093638049687126
105,2112532.734,277549.02,11.54,CC,Kurla combine 08-09-26.csv,71,3501,CC,72.88564330573502,19.09364998559565
645,2112533.273,277405.885,10.403,LV,Kurla combine 08-09-26.csv,1953,3502,LV,72.88428345897267,19.093639236622874
126,2112533.559,277575.817,10.864,BED,Additional data 01 Oct 2026.csv,96,3503,BED,72.88589778318719,19.09366035911013
8,2112533.577,277212.9693,9.95,LV,Kurla combine 08-09-26.csv,3629,3504,LV,72.88245072372527,19.093620918026552
82,2112533.801,277389.358,10.207,FT,Kurla combine 08-09-26.csv,1389,3505,FT,72.88412639165728,19.093642201359714
107,2112533.832,277609.062,12.123,CC,Kurla combine 08-09-26.csv,73,3506,CC,72.8862135801891,19.093666450048076
109,2112534.251,277653.312,12.869,CC,Kurla combine 08-09-26.csv,75,3507,CC,72.88663390834122,19.093675058828673
108,2112534.552,277632.365,12.588,CC,Kurla combine 08-09-26.csv,74,3508,CC,72.88643487673107,19.093675493532224
125,2112535.217,277539.546,10.197,BED,Additional data 01 Oct 2026.csv,95,3509,BED,72.88555301764836,19.093671377219845
347,2112535.917,277380.662,10.117,CC,Kurla combine 08-09-26.csv,825,3510,CC,72.88404353660655,19.093660362619538
127,2112536.143,277526.715,11.498,LV,Kurla combine 08-09-26.csv,134,3511,LV,72.88543101662094,19.093678340710472
127,2112536.303,277632.009,11.847,BED,Additional data 01 Oct 2026.csv,97,3512,BED,72.88643129390273,19.093691268721237
122,2112536.402,277465.312,10.133,BED,Additional data 01 Oct 2026.csv,92,3513,BED,72.88484765719083,19.093673980949866
115,2112536.457,277505.964,11.178,FT,Kurla combine 08-09-26.csv,2297,3514,FT,72.88523384565447,19.09367891290267
128,2112536.721,277665.018,12.202,BED,Additional data 01 Oct 2026.csv,98,3515,BED,72.88674483244567,19.093698642578833
123,2112537.007,277500.124,10.6,BED,Additional data 01 Oct 2026.csv,93,3516,BED,72.88517830242066,19.093683243068156
119,2112537.029,277443.055,10.705,FT,Kurla combine 08-09-26.csv,2301,3517,FT,72.88463614334147,19.093677215007386
509,2112537.081,277881.719,19.735,LV,Kurla combine 08-09-26.csv,1246,3518,LV,72.88880345890324,19.093725505961714
124,2112537.265,277509.791,10.604,BED,Additional data 01 Oct 2026.csv,94,3519,BED,72.88527010951432,19.09368662777151
15,2112537.315,277527.623,11.667,CC,Kurla combine 08-09-26.csv,1022,3520,CC,72.88543950816329,19.09368902456589
64,2112537.694,277279.75,8.697,BED,Additional data 01 Oct 2026.csv,65,3521,BED,72.88308466760047,19.09366539400595
1008,2112537.902,277525.416,11.604,LV,Kurla combine 08-09-26.csv,115,3522,LV,72.88541847426026,19.09369408525706
646,2112537.919,277394.814,10.248,LV,Kurla combine 08-09-26.csv,1954,3523,LV,72.88417775093345,19.093679988174443
121,2112538.896,277435.623,10.544,FT,Kurla combine 08-09-26.csv,2303,3524,FT,72.88456532490837,19.093693265618064
120,2112539.129,277443.739,10.701,FT,Kurla combine 08-09-26.csv,2302,3525,FT,72.88464240030446,19.093696255592445
723,2112539.465,277716.403,13.443,LV,Kurla combine 08-09-26.csv,397,3526,LV,72.88723267703041,19.093729025853897
115,2112541.82,277717.161,13.407,LV,Kurla combine 08-09-26.csv,122,3527,LV,72.88723960806979,19.093750377456033
651,2112542.907,277295.759,9.394,LV,Kurla combine 08-09-26.csv,1959,3528,LV,72.883236154439615,19.093714222832784
1009,2112544.014,277526.327,11.023,LV,Kurla combine 08-09-26.csv,116,3529,LV,72.88542642747369,19.093749384590414
87,2112544.209,277300.092,9.342,FT,Kurla combine 08-09-26.csv,1394,3530,FT,72.88327716843737,19.093726454847836
647,2112544.307,277379.623,10.062,LV,Kurla combine 08-09-26.csv,1955,3531,LV,72.88403270277047,19.093736022644435
682,2112544.315,276821.343,1.246,BAD,Kurla combine 08-09-26.csv,2675,3532,Other / rare,72.87872904286289,19.09367507983465
346,2112544.747,277360.156,9.827,CC,Kurla combine 08-09-26.csv,824,3533,CC,72.88384771544149,19.093737871454547
117,2112545.637,277354.135,8.561,BED,Additional data 01 Oct 2026.csv,87,3534,BED,72.88379041365087,19.09374525211209
119,2112546.063,277419.338,9.788,BED,Additional data 01 Oct 2026.csv,89,3535,BED,72.8844097943825,19.093756216472652
122,2112548.259,277411.006,10.184,FT,Kurla combine 08-09-26.csv,2304,3536,FT,72.8843303881142,19.09377514009622
83,2112548.901,277350.193,9.672,FT,Kurla combine 08-09-26.csv,1390,3537,FT,72.8837525897739,19.093774300251557
724,2112549.451,277719.555,13.381,DV,Kurla combine 08-09-26.csv,398,3538,Other / rare,72.88726147631347,19.093819557122597
127,2112549.733,277284.173,9.277,FT,Kurla combine 08-09-26.csv,2309,3539,FT,72.88312530324053,19.093774605952017
725,2112549.789,277718.759,13.376,DV,Kurla combine 08-09-26.csv,399,3540,Other / rare,72.8872538755312,19.093822522986674
509,2112549.959,277966.179,20.524,LV,Kurla combine 08-09-26.csv,2503,3541,LV,72.88960435819298,19.093851009402464
648,2112550.965,277364.124,9.881,LV,Kurla combine 08-09-26.csv,1956,3542,LV,72.88388469751096,19.09379446184574
345,2112551.79,277343.839,9.631,CC,Kurla combine 08-09-26.csv,823,3543,CC,72.88369189490439,19.093799698285434
681,2112553.111,276827.195,4.707,N,Kurla combine 08-09-26.csv,2674,3544,Other / rare,72.87878362430249,19.09375516011008
123,2112553.291,277398.093,10.063,FT,Kurla combine 08-09-26.csv,2305,3545,FT,72.8842071366368,19.093819176741114
3,2112553.577,277152.9693,9.58,LV,Kurla combine 08-09-26.csv,3624,3546,LV,72.88187842514598,19.09379499073806
113,2112553.74,277713.474,13.309,CC,Kurla combine 08-09-26.csv,79,3547,CC,72.88720321484479,19.093857630102505
629,2112556.467,278245.118,24.452,LV,Kurla combine 08-09-26.csv,2609,3548,LV,72.89225355278893,19.093940134530257
650,2112556.543,277300.462,9.287,LV,Kurla combine 08-09-26.csv,1958,3549,LV,72.88327926676475,19.093837888466503
102,2112557.172,277295.594,9.328,LV,Kurla combine 08-09-26.csv,68,3550,LV,72.88323294843215,19.093843037651173
114,2112557.537,277722.222,13.284,LV,Kurla combine 08-09-26.csv,121,3551,LV,72.88728588592234,19.093892875836485
343,2112557.616,277286.757,9.257,CC,Kurla combine 08-09-26.csv,821,3552,CC,72.88314894577955,19.093846082602155
86,2112558.474,277304.672,9.442,FT,Kurla combine 08-09-26.csv,1393,3553,FT,72.8833190400484,19.093855787791533
84,2112558.509,277329.208,9.793,FT,Kurla combine 08-09-26.csv,1391,3554,FT,72.88355212850733,19.093858782878844
124,2112560.933,277380.089,9.871,FT,Kurla combine 08-09-26.csv,2306,3555,FT,72.88403522080328,19.09388622954495
120,2112561.017,277381.508,9.375,BED,Additional data 01 Oct 2026.csv,90,3556,BED,72.88404869169388,19.093887143073275
649,2112563.073,277303.234,9.331,LV,Kurla combine 08-09-26.csv,1957,3557,LV,72.88330485078632,19.09389716615545
126,2112563.195,277288.541,9.235,FT,Kurla combine 08-09-26.csv,2308,3558,FT,72.88316525297134,19.093896663560006
344,2112564.611,277318.027,9.336,CC,Kurla combine 08-09-26.csv,822,3559,CC,72.88344520796248,19.09391267167957
726,2112565.663,277722.986,13.305,DV,Kurla combine 08-09-26.csv,400,3560,Other / rare,72.88729221236969,19.093966348402535
85,2112566.213,277312.377,9.435,FT,Kurla combine 08-09-26.csv,1392,3561,FT,72.88339134883847,19.093926523066234
121,2112566.394,277366.085,9.047,BED,Additional data 01 Oct 2026.csv,91,3562,BED,72.88390155539368,19.093934021349945
523,2112568.53,278027.106,20.618,LV,Kurla combine 08-09-26.csv,2517,3563,LV,72.89018104216987,19.094025364259743
508,2112569.046,277897.309,20.057,LV,Kurla combine 08-09-26.csv,1245,3564,LV,72.88894790294141,19.0940158933618
342,2112570.19,277290.624,9.238,CC,Kurla combine 08-09-26.csv,820,3565,CC,72.88318423802852,19.093960065621054
D15,2112570.893,278456.868,25.609,ST,Kurla combine 08-09-26.csv,2603,3566,Other / rare,72.89426354745538,19.094093435336283
D16,2112570.893,278456.868,25.596,ST,Kurla combine 08-09-26.csv,1003,3567,Other / rare,72.89426354745538,19.094093435336283
365,2112570.941,277736.696,13.106,BT,Kurla combine 08-09-26.csv,843,3568,Other / rare,72.88742185300437,19.09401551040476
680,2112571.284,276840.919,5.345,N,Kurla combine 08-09-26.csv,2673,3569,Other / rare,72.87891191045033,19.09392078887937
113,2112572.021,277726.687,13.179,LV,Kurla combine 08-09-26.csv,120,3570,LV,72.88732664316355,19.094024173517028
666,2112572.53,276847.489,5.258,LV,Kurla combine 08-09-26.csv,2659,3571,LV,72.87897418201337,19.093932760841476
65,2112574.529,277291.547,8.195,BED,Additional data 01 Oct 2026.csv,66,3572,BED,72.88319250814922,19.09399935362878
101,2112577.017,277301.84,9.379,LV,Kurla combine 08-09-26.csv,67,3573,LV,72.8832900061488,19.094022947700307
69,2112577.86,278008.322,20.317,LV,Kurla combine 08-09-26.csv,981,3574,LV,72.89000152460099,19.094107583012008
114,2112581.662,277721.432,13.097,CC,Kurla combine 08-09-26.csv,80,3575,CC,72.88727561509776,19.09411067268227
727,2112581.866,277727.536,13.214,DV,Kurla combine 08-09-26.csv,401,3576,Other / rare,72.88733358006365,19.094113180353766
505,2112582.783,277978.542,20.012,LV,Kurla combine 08-09-26.csv,1242,3577,LV,72.88971804867553,19.094148803014363
510,2112583.487,277982.8,19.896,LV,Kurla combine 08-09-26.csv,2504,3578,LV,72.88975841937922,19.094155624679495
709,2112585.747,277309.706,9.247,BT,Kurla combine 08-09-26.csv,383,3579,Other / rare,72.88336373067239,19.094102650682718
112,2112586.369,277731.139,13.139,LV,Kurla combine 08-09-26.csv,119,3580,LV,72.88736729254931,19.094154241503354
125,2112589.162,277312.978,9.208,FT,Kurla combine 08-09-26.csv,2307,3581,FT,72.88339442254963,19.09413385016598
519,2112591.264,278012.486,20.415,LV,Kurla combine 08-09-26.csv,1256,3582,LV,72.89003954821551,19.094229093588183
506,2112593.386,277935.146,19.908,LV,Kurla combine 08-09-26.csv,1243,3583,LV,72.88930456907269,19.094239838548287
341,2112593.838,277296.719,9.1,CC,Kurla combine 08-09-26.csv,819,3584,CC,72.88323942438417,19.094174305583277
524,2112594.811,278041.924,20.759,LV,Kurla combine 08-09-26.csv,2518,3585,LV,72.89031880557518,19.094264332130127
85,2112595.522,277314.547,8.214,BED,Additional data 01 Oct 2026.csv,86,3586,BED,72.88340859762725,19.094191461154058
679,2112597.288,276861.977,5.945,N,Kurla combine 08-09-26.csv,2672,3587,Other / rare,72.87910896863431,19.094157944664335
99,2112597.829,277306.345,9.1,DIV,Kurla combine 08-09-26.csv,65,3588,DIV,72.88333041333365,19.094211400993657
100,2112598.034,277305.51,9.104,DIV,Kurla combine 08-09-26.csv,66,3589,DIV,72.88332245725476,19.09421316125279
507,2112598.39,277901.876,19.639,LV,Kurla combine 08-09-26.csv,1244,3590,LV,72.8889879283089,19.094281408918576
67,2112600.386,277297.006,8.185,BED,Additional data 01 Oct 2026.csv,68,3591,BED,72.88324139876335,19.09423347448866
111,2112601.015,277735.616,13.304,LV,Kurla combine 08-09-26.csv,118,3592,LV,72.88740814532815,19.094287003572255
128,2112604.964,277542.469,10.37,LV,Kurla combine 08-09-26.csv,135,3593,LV,72.88557278370571,19.094301609627443
366,2112605.169,277747.798,13.194,BT,Kurla combine 08-09-26.csv,844,3594,Other / rare,72.88752339898295,19.094325847686427
667,2112605.221,276872.76,6.187,LV,Kurla combine 08-09-26.csv,2660,3595,LV,72.87921049429347,19.094230770270748
669,2112606.417,276869.552,6.557,CW TOP1,Kurla combine 08-09-26.csv,2662,3596,Other / rare,72.87917988060504,19.09424122081224
678,2112606.988,276870.584,6.007,N,Kurla combine 08-09-26.csv,2671,3597,Other / rare,72.87918961890757,19.094246490632784
670,2112607.596,276870.399,1.368,BED,Kurla combine 08-09-26.csv,2663,3598,BED,72.87918779143337,19.09425196146532
728,2112607.86,277735.886,13.345,DV,Kurla combine 08-09-26.csv,402,3599,Other / rare,72.8874099256433,19.09434885305353
677,2112612.785,276877.812,6.209,N,Kurla combine 08-09-26.csv,2670,3600,Other / rare,72.87925761789809,19.094299636267788
4,2112613.577,277192.9693,9,LV,Kurla combine 08-09-26.csv,3625,3601,LV,72.88225153043622,19.094341244265802
708,2112613.74,277316.53,8.915,BT,Kurla combine 08-09-26.csv,382,3602,Other / rare,72.88342534378033,19.09435621162335
98,2112614.995,277310.193,9.062,DIV,Kurla combine 08-09-26.csv,64,3603,DIV,72.88336499783045,19.09436685408066
511,2112615.092,277990.783,18.904,LV,Kurla combine 08-09-26.csv,2505,3604,LV,72.88983063947663,19.094441932117874
340,2112615.652,277301.467,8.816,CC,Kurla combine 08-09-26.csv,818,3605,CC,72.88328202494766,19.094371834874202
729,2112616.507,277739.015,13.432,DV,Kurla combine 08-09-26.csv,403,3606,Other / rare,72.88743866009587,19.094427288733133
672,2112617.743,276890.783,6.164,N,Kurla combine 08-09-26.csv,2665,3607,Other / rare,72.8793802721105,19.094345832841455
510,2112617.914,277895.331,18.927,LV,Kurla combine 08-09-26.csv,1247,3608,LV,72.88892351368771,19.09445702571959
671,2112619.492,276893.614,1.265,BED,Kurla combine 08-09-26.csv,2664,3609,BED,72.87940696541101,19.094361938412664
129,2112619.927,277545.276,10.356,LV,Kurla combine 08-09-26.csv,136,3610,LV,72.88559773355142,19.094437052755403
84,2112622.376,277320.44,8.097,BED,Additional data 01 Oct 2026.csv,85,3611,BED,72.8834614970927,19.09443463367484
115,2112622.41,277734.773,13.33,CC,Kurla combine 08-09-26.csv,81,3612,CC,72.88739768404861,19.09448013888276
676,2112624.871,276908.16,6.213,N,Kurla combine 08-09-26.csv,2669,3613,Other / rare,72.87954453381916,19.094412109391833
525,2112625.118,278065.028,21.13,LV,Kurla combine 08-09-26.csv,2519,3614,LV,72.89053482631876,19.09454056221912
668,2112626.036,276921.698,5.772,LV,Kurla combine 08-09-26.csv,2661,3615,LV,72.87967301114895,19.09442411181403
675,2112629.512,276918.009,5.953,N,Kurla combine 08-09-26.csv,2668,3616,Other / rare,72.87963756559067,19.094455101346288
674,2112630.5,276920.063,5.7,N,Kurla combine 08-09-26.csv,2667,3617,Other / rare,72.8796569649732,19.09446424901829
673,2112634.26,276925.07,5.647,N,Kurla combine 08-09-26.csv,2666,3618,Other / rare,72.87970409901052,19.094498754660016
97,2112634.349,277314.505,8.945,DIV,Kurla combine 08-09-26.csv,63,3619,DIV,72.8834037390952,19.094542118520454
96,2112634.56,277313.646,8.914,DIV,Kurla combine 08-09-26.csv,62,3620,DIV,72.88339555431,19.09454393034901
339,2112637.372,277306.507,8.831,CC,Kurla combine 08-09-26.csv,817,3621,CC,72.88332741040277,19.094568547095175
367,2112639.745,277758.01,13.464,BT,Kurla combine 08-09-26.csv,845,3622,Other / rare,72.88761645031386,19.094639230885225
730,2112641.195,277746.284,13.618,DV,Kurla combine 08-09-26.csv,404,3623,Other / rare,72.88750488604259,19.094651048570128
604,2112641.995,278535.782,23.664,LV,Kurla combine 08-09-26.csv,2602,3624,LV,72.89500511671153,19.094744161184487
511,2112646.263,277879.372,18.213,LV,Kurla combine 08-09-26.csv,1248,3625,LV,72.8887686539436,19.094711319505816
94,2112646.529,277317.325,8.818,DIV,Kurla combine 08-09-26.csv,60,3626,DIV,72.8834291303064,19.09465242882172
95,2112646.712,277316.402,8.821,DIV,Kurla combine 08-09-26.csv,61,3627,DIV,72.88342034072765,19.09465398078361
707,2112650.857,277324.557,8.727,BT,Kurla combine 08-09-26.csv,381,3628,Other / rare,72.88349733769131,19.09469230635251
116,2112651.673,277742.607,13.454,CC,Kurla combine 08-09-26.csv,82,3629,CC,72.88746875303394,19.094745279042105
10,2112653.577,277252.9693,8.85,LV,Kurla combine 08-09-26.csv,3631,3630,LV,72.88281693737049,19.094709054004102
93,2112655.035,277319.093,8.781,DIV,Kurla combine 08-09-26.csv,59,3631,DIV,72.88344494945271,19.094729442910637
338,2112657.835,277311.134,8.693,CC,Kurla combine 08-09-26.csv,816,3632,CC,72.88336901679259,19.094753861752054
512,2112659.647,277995.397,18.24,LV,Kurla combine 08-09-26.csv,2506,3633,LV,72.88986937102119,19.09484482984277
130,2112663.348,277554.384,10.38,LV,Kurla combine 08-09-26.csv,137,3634,LV,72.88567927825824,19.094830198960583
731,2112670.116,277752.918,13.453,DV,Kurla combine 08-09-26.csv,405,3635,Other / rare,72.88756459432582,19.094912969187543
83,2112671.213,277332.809,8.891,N,Additional data 01 Oct 2026.csv,84,3636,Other / rare,72.88357339436436,19.094877050427776
82,2112673.012,277333.27,8.912,N,Additional data 01 Oct 2026.csv,83,3637,Other / rare,72.88357756728459,19.094893348241307
81,2112673.249,277332.171,7.858,BED,Additional data 01 Oct 2026.csv,82,3638,BED,72.88356709947755,19.094895368687943
5,2112673.577,277192.9693,8.9,LV,Kurla combine 08-09-26.csv,3626,3639,LV,72.88224463518694,19.094883127511423
75,2112673.577,278072.9693,20.54,LV,Kurla combine 08-09-26.csv,3696,3640,LV,72.89060472246018,19.094979080770955
68,2112675.239,277314.048,7.414,BED,Additional data 01 Oct 2026.csv,69,3641,BED,72.88339470097411,19.09491136232247
512,2112675.765,277880.668,17.185,LV,Kurla combine 08-09-26.csv,1249,3642,LV,72.8887775860876,19.094977905772762
368,2112678.682,277765.453,13.382,BT,Kurla combine 08-09-26.csv,846,3643,Other / rare,72.88768269624371,19.09499169833412
706,2112681.851,277331.304,8.535,BT,Kurla combine 08-09-26.csv,380,3644,Other / rare,72.8835578749531,19.09497296208237
732,2112682.224,277755.592,13.349,DV,Kurla combine 08-09-26.csv,406,3645,Other / rare,72.88758860962594,19.095022613008673
92,2112684.223,277325.284,8.703,DIV,Kurla combine 08-09-26.csv,58,3646,DIV,72.88350041201232,19.094993727242173
337,2112686.911,277317.251,8.677,CC,Kurla combine 08-09-26.csv,815,3647,CC,72.88342378909104,19.095017126498586
513,2112687.664,277883.596,16.871,LV,Kurla combine 08-09-26.csv,1250,3648,LV,72.88880403918508,19.09508568960941
733,2112692.999,277757.897,13.326,DV,Kurla combine 08-09-26.csv,407,3649,Other / rare,72.8876092722131,19.09512017773512
14,2112693.577,277332.9693,8.76,LV,Kurla combine 08-09-26.csv,3635,3650,LV,72.88357234869264,19.095079046044134
513,2112694.551,277999.362,18.198,LV,Kurla combine 08-09-26.csv,2507,3651,LV,72.88990304219139,19.095160494564368
117,2112695.542,277749.382,13.12,CC,Kurla combine 08-09-26.csv,83,3652,CC,72.887528087193175,19.095142216667398
110,2112701.809,277753.979,13.159,LV,Kurla combine 08-09-26.csv,117,3653,LV,72.88757104081446,19.095199317549564
514,2112702.467,277857.368,16.205,LV,Kurla combine 08-09-26.csv,1251,3654,LV,72.88855317382983,19.095216524960176
80,2112702.469,277338.58,7.593,BED,Additional data 01 Oct 2026.csv,81,3655,BED,72.88362462960797,19.095159965808904
734,2112704.675,277760.268,13.254,DV,Kurla combine 08-09-26.csv,408,3656,Other / rare,72.88763045854262,19.09522588696103
D5,2112704.931,277751.645,13.053,ST,Kurla combine 08-09-26.csv,84,3657,Other / rare,72.88754850963366,19.095227259275124
D5,2112704.977,277751.545,13.106,ST,Kurla combine 08-09-26.csv,106,3658,Other / rare,72.88754755434803,19.0952276638222
DD5,2112704.977,277751.545,13.106,ST,Kurla combine 08-09-26.csv,92,3659,Other / rare,72.88754755434803,19.0952276638222
69,2112707.226,277320.027,7.302,BED,Additional data 01 Oct 2026.csv,70,3660,BED,72.88344782797034,19.095200902385127
542,2112707.816,277744.26,13.073,LV,Kurla combine 08-09-26.csv,2540,3661,LV,72.88747802048728,19.095252510072925
369,2112708.036,277772.188,12.962,BT,Kurla combine 08-09-26.csv,847,3662,Other / rare,72.88774331475759,19.09525754053406
705,2112710.374,277337.401,8.404,BT,Kurla combine 08-09-26.csv,379,3663,Other / rare,72.88361252110226,19.095231230257593
91,2112715.564,277332.105,8.499,DIV,Kurla combine 08-09-26.csv,57,3664,DIV,72.88356161248811,19.095277524947285
336,2112717.106,277323.299,8.528,CC,Kurla combine 08-09-26.csv,814,3665,CC,72.88347777748662,19.095290489834156
515,2112720.358,277869.09,15.89,LV,Kurla combine 08-09-26.csv,1252,3666,LV,72.88866248443911,19.09537938301138
735,2112725.809,277763.971,13.145,DV,Kurla combine 08-09-26.csv,409,3667,Other / rare,72.88766321487539,19.095417160497533
370,2112729.826,277777.052,12.862,BT,Kurla combine 08-09-26.csv,848,3668,Other / rare,72.88778702568929,19.095454865188756
118,2112731.371,277755.887,13.045,CC,Kurla combine 08-09-26.csv,85,3669,CC,72.88758577818093,19.095466512260895
134,2112733.085,277444.097,9.451,LV,Kurla combine 08-09-26.csv,141,3670,LV,72.88462353688617,19.095447989156916
3,2112733.496,277461.811,9.615,LV,Kurla combine 08-09-26.csv,143,3671,LV,72.88479177480127,19.095453634177172
2,2112734.527,277389.176,8.948,LV,Kurla combine 08-09-26.csv,142,3672,LV,72.8841016154471,19.095455017972583
514,2112735.801,278004.667,18.224,LV,Kurla combine 08-09-26.csv,2508,3673,LV,72.88994871695661,19.095533618618482
89,2112736.761,277336.73,8.446,DIV,Kurla combine 08-09-26.csv,55,3674,DIV,72.8836031159355,19.09546946840539
133,2112736.898,277477.69,10.192,LV,Kurla combine 08-09-26.csv,140,3675,LV,72.8849422367158,19.09548609174009
90,2112736.996,277335.789,8.421,DIV,Kurla combine 08-09-26.csv,56,3676,DIV,72.8835941493391,19.095471488038612
70,2112737.305,277327.161,7.099,BED,Additional data 01 Oct 2026.csv,71,3677,BED,72.88351214687903,19.095473336658106
108,2112738.456,277361.612,8.683,LV,Kurla combine 08-09-26.csv,154,3678,LV,72.88383930310147,19.095487493242228
516,2112739.649,277850.875,15.523,LV,Kurla combine 08-09-26.csv,1253,3679,LV,72.88848722891244,19.09555162404714
335,2112739.98,277328.462,8.423,CC,Kurla combine 08-09-26.csv,813,3680,CC,72.88352419928188,19.095497637694216
736,2112742.504,277766.911,13.035,DV,Kurla combine 08-09-26.csv,410,3681,Other / rare,72.88768923150113,19.09556826041706
4,2112746.016,277523.5,10.331,LV,Kurla combine 08-09-26.csv,144,3682,LV,72.88537639100494,19.09557343823892
132,2112746.566,277543.975,10.95,LV,Kurla combine 08-09-26.csv,139,3683,LV,72.8855708430568,19.095580639137456
131,2112746.57,277543.975,10.953,LV,Kurla combine 08-09-26.csv,138,3684,LV,72.88557084259783,19.095580675263072
704,2112747.265,277345.548,8.263,BT,Kurla combine 08-09-26.csv,378,3685,Other / rare,72.88368568155975,19.095565296963443
79,2112748.058,277347.869,7.263,BED,Additional data 01 Oct 2026.csv,80,3686,BED,72.88370764026062,19.09557271227101
5,2112752.143,277571.777,10.843,LV,Kurla combine 08-09-26.csv,145,3687,LV,72.88583432585908,19.09563403989968
87,2112752.449,277340.365,8.398,DIV,Kurla combine 08-09-26.csv,53,3688,DIV,72.88363584705439,19.095611549813498
88,2112752.648,277339.434,8.364,DIV,Kurla combine 08-09-26.csv,54,3689,DIV,72.88362697958627,19.095613245409243
9,2112753.577,277232.9693,7.45,LV,Kurla combine 08-09-26.csv,3630,3690,LV,72.88261544568502,19.095610008361888
106,2112753.786,277696.564,12.909,LV,Kurla combine 08-09-26.csv,152,3691,LV,72.88701963139009,19.095662485483153
104,2112754.607,277594.258,11.463,LV,Kurla combine 08-09-26.csv,150,3692,LV,72.88604761575155,19.095658745216713
543,2112757.019,277761.288,12.819,LV,Kurla combine 08-09-26.csv,2541,3693,LV,72.88763414826589,19.095698738668457
371,2112757.311,277781.662,12.735,BT,Kurla combine 08-09-26.csv,849,3694,Other / rare,72.88782767087339,19.09570359609235
105,2112757.336,277643.547,12.25,LV,Kurla combine 08-09-26.csv,151,3695,LV,72.88651555514467,19.09568876686298
119,2112758.299,277760.242,12.773,CC,Kurla combine 08-09-26.csv,86,3696,CC,72.88762406437415,19.095710184890308
737,2112759.061,277769.466,12.984,DV,Kurla combine 08-09-26.csv,411,3697,Other / rare,72.88771160642054,19.095718072043788
515,2112761.227,278008.357,18.006,LV,Kurla combine 08-09-26.csv,2509,3698,LV,72.88998086104931,19.095763653487474
516,2112762.169,277989.97,17.522,LV,Kurla combine 08-09-26.csv,2510,3699,LV,72.88980607358494,19.095770159422337
107,2112764.321,277736.08,13.129,LV,Kurla combine 08-09-26.csv,153,3700,LV,72.8873938313283,19.0957619387573
71,2112768.831,277333.813,7.07,BED,Additional data 01 Oct 2026.csv,72,3701,BED,72.88357172069428,19.095758786719394
334,2112769.784,277334.569,8.084,CC,Kurla combine 08-09-26.csv,812,3702,CC,72.88357879333385,19.09576747618506
517,2112770.757,277952.398,16.951,LV,Kurla combine 08-09-26.csv,2511,3703,LV,72.8894481496723,19.09584363059453
86,2112773.351,277343.899,8.344,DIV,Kurla combine 08-09-26.csv,52,3704,DIV,72.88366701986871,19.095800709882955
6,2112773.577,277192.9693,7.08,LV,Kurla combine 08-09-26.csv,3627,3705,LV,72.88223314258644,19.09578626617803
77,2112773.577,278092.9693,21.12,LV,Kurla combine 08-09-26.csv,3698,3706,LV,72.89078327874023,19.095884400780704
100,2112774.665,277576.779,10.191,LV,Kurla combine 08-09-26.csv,146,3707,LV,72.88587926156534,19.09583799083404
78,2112776.356,277352.65,7.023,BED,Additional data 01 Oct 2026.csv,79,3708,BED,72.88374981040909,19.095828804682295
703,2112777.182,277351.6,8.199,BT,Kurla combine 08-09-26.csv,377,3709,Other / rare,72.8837397404042,19.095836149974584
738,2112782.417,277772.797,12.836,DV,Kurla combine 08-09-26.csv,412,3710,Other / rare,72.88774057411338,19.095929372847305
518,2112782.931,277896.862,15.624,LV,Kurla combine 08-09-26.csv,2512,3711,LV,72.88891915359865,19.095947531268457
517,2112784.668,277867.371,15.147,LV,Kurla combine 08-09-26.csv,1254,3712,LV,72.88863878500871,19.095960006633927
519,2112786.502,277833.512,14.13,LV,Kurla combine 08-09-26.csv,2513,3713,LV,72.88831690856172,19.095972881744885
520,2112788.944,277825.532,14.032,LV,Kurla combine 08-09-26.csv,2514,3714,LV,72.8882408173406,19.09599406707126
85,2112791.855,277347.208,8.201,DIV,Kurla combine 08-09-26.csv,51,3715,DIV,72.88369633061247,19.095968188099707
333,2112792.55,277338.561,8.037,CC,Kurla combine 08-09-26.csv,811,3716,CC,72.88361410306624,19.095973520784696
120,2112794.781,277765.336,12.536,CC,Kurla combine 08-09-26.csv,87,3717,CC,72.88766827603453,19.09604022421796
372,2112795.745,277786.422,12.653,BT,Kurla combine 08-09-26.csv,850,3718,Other / rare,72.88786848613721,19.09605122834397
518,2112800.144,277796.638,13.099,LV,Kurla combine 08-09-26.csv,1255,3719,LV,72.88796503568341,19.09609207076487
739,2112800.691,277775.402,12.701,DV,Kurla combine 08-09-26.csv,413,3720,Other / rare,72.88776322728056,19.09609469686536
526,2112802.348,278020.151,18.46,LV,Kurla combine 08-09-26.csv,2520,3721,LV,72.89008819751925,19.096136318851084
83,2112808.402,277349.004,8.064,DIV,Kurla combine 08-09-26.csv,49,3722,DIV,72.88371149243287,19.096117826680242
84,2112808.484,277348.091,8.056,DIV,Kurla combine 08-09-26.csv,50,3723,DIV,72.88370280937792,19.096118467569195
702,2112808.656,277355.759,7.945,BT,Kurla combine 08-09-26.csv,376,3724,Other / rare,72.88377563677757,19.0961208581828
82,2112810.855,277348.9,8.05,C LV,Kurla combine 08-09-26.csv,48,3725,Other / rare,72.88371022268693,19.09613996933581
521,2112811.629,277833.892,14.193,LV,Kurla combine 08-09-26.csv,2515,3726,LV,72.88831763904572,19.0961998556726
19,2112813.577,277352.9693,7.62,LV,Kurla combine 08-09-26.csv,3640,3727,LV,72.88374856903366,19.096164997092277
63,2112813.577,277952.9693,15.65,LV,Kurla combine 08-09-26.csv,3684,3728,LV,72.88944867254537,19.096230418555862
740,2112815.368,277778.178,12.678,DV,Kurla combine 08-09-26.csv,414,3729,Other / rare,72.88778791733428,19.096227553505432
522,2112816.171,277836.325,14.174,LV,Kurla combine 08-09-26.csv,2516,3730,LV,72.88834023247502,19.096241141456012
81,2112817.674,277344.994,7.938,LV,Kurla combine 08-09-26.csv,47,3731,LV,72.88367233190887,19.09620112793516
77,2112819.863,277357.789,6.758,BED,Additional data 01 Oct 2026.csv,78,3732,BED,72.88379363499276,19.09622229466238
332,2112820.779,277340.796,7.819,CC,Kurla combine 08-09-26.csv,810,3733,CC,72.88363209363172,19.096228712043356
373,2112822.07,277789.844,12.454,BT,Kurla combine 08-09-26.csv,851,3734,Other / rare,72.88789797823982,19.096289353339227
529,2112824.363,277111.671,1.845,NALA,Kurla combine 08-09-26.csv,1599,3735,Other / rare,72.88145496001398,19.096236049756953
532,2112824.655,277107.925,1.156,BED,Kurla combine 08-09-26.csv,1602,3736,BED,72.88141933890556,19.096238277474324
110,2112827.942,277180.053,6.072,LV,Kurla combine 08-09-26.csv,566,3737,LV,72.88210418757843,19.096275846177065
101,2112830.084,277588.714,9.667,LV,Kurla combine 08-09-26.csv,147,3738,LV,72.88598628775082,19.096339804154034
102,2112830.089,277588.719,9.672,LV,Kurla combine 08-09-26.csv,148,3739,LV,72.88598633467807,19.096339849856417
97,2112831.114,277177.71,6.098,LV,Kurla combine 08-09-26.csv,553,3740,LV,72.88208156413683,19.09630423771347
96,2112831.312,277194.654,6.102,LV,Kurla combine 08-09-26.csv,552,3741,LV,72.88224251194445,19.096307877316622
76,2112831.642,277358.033,6.977,BED,Additional data 01 Oct 2026.csv,77,3742,BED,72.88379460024018,19.09632870210251
701,2112831.697,277355.831,7.782,BT,Kurla combine 08-09-26.csv,375,3743,Other / rare,72.88377367456529,19.09632895841127
528,2112831.717,277130.452,2.58,NALA,Kurla combine 08-09-26.csv,1598,3744,Other / rare,72.88163253675944,19.096304519241915
108,2112832.446,277161.819,6.263,LV,Kurla combine 08-09-26.csv,564,3745,LV,72.88193044413676,19.096314531056592
109,2112832.766,277158.347,6.459,LV,Kurla combine 08-09-26.csv,565,3746,LV,72.88189742283053,19.09631704168617
7,2112833.577,277192.9693,7.95,LV,Kurla combine 08-09-26.csv,3628,3747,LV,72.8822262467151,19.09632814933235
78,2112833.577,278112.9693,19.67,LV,Kurla combine 08-09-26.csv,3699,3748,LV,72.89096641489715,19.096428463263223
741,2112833.811,277781.628,12.508,DV,Kurla combine 08-09-26.csv,415,3749,Other / rare,72.88781857884725,19.096394495913945
98,2112834.038,277166.508,6.147,LV,Kurla combine 08-09-26.csv,554,3750,LV,72.88197480734769,19.096329421415344
72,2112837.5,277337.665,6.636,BED,Additional data 01 Oct 2026.csv,73,3751,BED,72.88360042809656,19.09637938410448
80,2112838.175,277343.765,7.736,LV,Kurla combine 08-09-26.csv,46,3752,LV,72.88365830157313,19.09638614635375
331,2112839.355,277337.979,7.65,CC,Kurla combine 08-09-26.csv,809,3753,CC,72.88360319808508,19.096396171625738
525,2112840.706,277148.983,1.383,BED,Kurla combine 08-09-26.csv,1595,3754,BED,72.8818075506748,19.09638772755958
527,2112840.91,277154.011,4.861,NALA,Kurla combine 08-09-26.csv,1597,3755,Other / rare,72.88185529399867,19.096390119435007
374,2112841.235,277793.663,12.253,BT,Kurla combine 08-09-26.csv,852,3756,Other / rare,72.8879320626833,19.09646285663388
526,2112841.347,277139.81,1.387,BED,Kurla combine 08-09-26.csv,1596,3757,BED,72.88172033207618,19.096392514194115
107,2112841.747,277163.061,6.134,LV,Kurla combine 08-09-26.csv,563,3758,LV,72.8819411741853,19.096398667680322
95,2112843.106,277215.835,6.703,LV,Kurla combine 08-09-26.csv,551,3759,LV,72.88244237929281,19.09641670764111
99,2112843.769,277160.837,6.964,BRI,Kurla combine 08-09-26.csv,555,3760,Other / rare,72.88191981341063,19.096416686104863
106,2112844.348,277161.991,7.013,TOP,Kurla combine 08-09-26.csv,562,3761,Other / rare,72.88193071003502,19.096422041382876
100,2112844.513,277163.241,6.959,BRI,Kurla combine 08-09-26.csv,556,3762,Other / rare,72.88194256626419,19.09642366815799
530,2112848.568,277134.008,2.082,NALA,Kurla combine 08-09-26.csv,1600,3763,Other / rare,72.88166438202954,19.096457095705617
94,2112849.142,277218.408,6.93,LV,Kurla combine 08-09-26.csv,550,3764,LV,72.88246612954096,19.09647150219453
105,2112850.412,277159.648,7.018,TOP,Kurla combine 08-09-26.csv,561,3765,Other / rare,72.88190775410442,19.096476551654188
121,2112850.592,277775.287,12.226,CC,Kurla combine 08-09-26.csv,88,3766,CC,72.8877564144626,19.096545361123347
93,2112851.285,277235.665,6.8,LV,Kurla combine 08-09-26.csv,549,3767,LV,72.88262982760136,19.09649274171974
79,2112853.029,277340.302,7.622,LV,Kurla combine 08-09-26.csv,45,3768,LV,72.8836236963995,19.096519920553124
Z2,2112853.368,277157.095,5.605,ST,Kurla combine 08-09-26.csv,1615,3769,Other / rare,72.88188316039688,19.096502969432247
92,2112853.493,277256.641,6.77,LV,Kurla combine 08-09-26.csv,548,3770,LV,72.88282884937229,19.096514974380447
531,2112853.695,277155.896,0.53,BED,Kurla combine 08-09-26.csv,1601,3771,BED,72.88187173211422,19.096505791666793
Y5,2112854.019,277157.476,7.018,COGO,Kurla combine 08-09-26.csv,1614,3772,Other / rare,72.88188670512399,19.096508890498757
103,2112854.875,277593.856,9.667,LV,Kurla combine 08-09-26.csv,149,3773,LV,72.88603229345428,19.096564262606442
Z3,2112855.025,277156.037,5.608,NA,Kurla combine 08-09-26.csv,1616,3774,Other / rare,72.88187291874877,19.09651781881532
700,2112856.24,277351.27,7.563,BT,Kurla combine 08-09-26.csv,374,3775,Other / rare,72.88372752550333,19.096550117936932
90,2112857.029,277270.68,6.795,LV,Kurla combine 08-09-26.csv,546,3776,LV,72.88296181596192,19.096548442833257
742,2112857.249,277785.471,12.369,DV,Kurla combine 08-09-26.csv,416,3777,Other / rare,72.88785240140876,19.096606593081297
101,2112858.113,277155.118,6.951,BRI,Kurla combine 08-09-26.csv,557,3778,Other / rare,72.88186383312194,19.096545607297283
104,2112858.252,277157.09,7.013,TOP,Kurla combine 08-09-26.csv,560,3779,Other / rare,72.88188255146544,19.09654707816245
102,2112858.83,277157.5,6.867,BRI,Kurla combine 08-09-26.csv,558,3780,Other / rare,72.8818863800896,19.096552343107184
519,2112859.073,277228.193,5.511,NALA,Kurla combine 08-09-26.csv,1589,3781,Other / rare,72.88255794740193,19.09656226189423
521,2112859.452,277227.307,1.441,BED,Kurla combine 08-09-26.csv,1591,3782,BED,72.88254948669912,19.096565587997734
78,2112859.985,277338.143,7.947,LV,Kurla combine 08-09-26.csv,44,3783,LV,72.8836023865615,19.09658250718165
103,2112860.555,277156.767,6.248,LV,Kurla combine 08-09-26.csv,559,3784,LV,72.88187921817489,19.09656784214058
330,2112862.083,277333.611,8.068,CC,Kurla combine 08-09-26.csv,808,3785,CC,72.88355909078278,19.096600960179543
518,2112863.234,277254.341,5.841,NALA,Kurla combine 08-09-26.csv,1588,3786,Other / rare,72.88280587971579,19.096602697903982
89,2112863.319,277293.886,7.197,LV,Kurla combine 08-09-26.csv,545,3787,LV,72.88318155431416,19.096607784831825
91,2112864.108,277262.098,6.736,LV,Kurla combine 08-09-26.csv,547,3788,LV,72.88287947213193,19.096611438648335
500,2112864.969,277280.813,6.527,0,Kurla combine 08-09-26.csv,1570,3789,Other / rare,72.8830571689651,19.096621258826072
Y3,2112865.21,277281.304,6.953,COGO,Kurla combine 08-09-26.csv,1612,3790,Other / rare,72.88306180586255,19.096623489018437
527,2112865.628,278053.28,18.747,LV,Kurla combine 08-09-26.csv,2521,3791,LV,72.89039568441207,19.096711433956777
517,2112866.144,277273.581,2.092,NALA,Kurla combine 08-09-26.csv,1587,3792,Other / rare,72.88298832870188,19.09663108081196
74,2112866.263,277309.648,6.365,BED,Additional data 01 Oct 2026.csv,75,3793,BED,72.88333095788643,19.096636094623392
75,2112867.031,277351.586,6.688,BED,Additional data 01 Oct 2026.csv,76,3794,BED,72.88372928817645,19.096647610214028
86,2112868.111,277314.397,7.362,LV,Kurla combine 08-09-26.csv,542,3795,LV,72.88337586194477,19.096653303252957
743,2112868.22,277787.262,12.311,DV,Kurla combine 08-09-26.csv,417,3796,Other / rare,72.88786815867685,19.096705871942202
516,2112869.023,277287.102,2.21,BED,Kurla combine 08-09-26.csv,1586,3797,BED,72.88311644981493,19.096658558962787
73,2112869.078,277332.069,6.728,BED,Additional data 01 Oct 2026.csv,74,3798,BED,72.8835436380392,19.09666396639501
88,2112869.227,277294.107,7.114,LV,Kurla combine 08-09-26.csv,544,3799,LV,72.88318297512286,19.09666116642576
85,2112869.515,277326.457,8.29,LV,Kurla combine 08-09-26.csv,541,3800,LV,72.88349027283148,19.09666730029865
514,2112870.308,277296.795,6.468,CW,Kurla combine 08-09-26.csv,1584,3801,Other / rare,72.88320838741392,19.09667122292618
77,2112871.56,277335.384,8.598,LV,Kurla combine 08-09-26.csv,43,3802,LV,72.8835748460493,19.09668674429453
87,2112872.377,277311.513,7.281,LV,Kurla combine 08-09-26.csv,543,3803,LV,72.88334797337511,19.096691516222887
109,2112873.097,277346.984,8.493,LV,Kurla combine 08-09-26.csv,155,3804,LV,72.88368487162842,19.096701892168852
513,2112874.062,277320.884,7.465,NALA,Kurla combine 08-09-26.csv,1583,3805,Other / rare,72.88343680601545,19.096707757468053
603,2112874.12,278431.212,15.769,LV,Kurla combine 08-09-26.csv,2601,3806,LV,72.89398515749963,19.096829229282825
135,2112874.973,277356.161,7.959,LV,Kurla combine 08-09-26.csv,156,3807,LV,72.8837718393519,19.096719837069596
84,2112875.275,277328.598,8.478,LV,Kurla combine 08-09-26.csv,540,3808,LV,72.88350995109012,19.096719554914273
329,2112875.736,277330.44,8.506,CC,Kurla combine 08-09-26.csv,807,3809,CC,72.88352739747504,19.096723919528113
328,2112875.85,277327.77,8.559,BRI,Kurla combine 08-09-26.csv,806,3810,Other / rare,72.88350201889017,19.09672465754904
601,2112877.256,278369.598,16.475,LV,Kurla combine 08-09-26.csv,2599,3811,LV,72.89339945043716,19.096850856109825
512,2112877.795,277344.702,8.073,BRI,Kurla combine 08-09-26.csv,1582,3812,Other / rare,72.88366265260845,19.096744072486096
699,2112877.946,277346.079,8.57,BT,Kurla combine 08-09-26.csv,373,3813,Other / rare,72.88367571702067,19.09674558658096
697,2112878.095,277345.406,8.548,CW,Kurla combine 08-09-26.csv,371,3814,Other / rare,72.88366930628187,19.096746858773965
698,2112878.309,277345.947,8.575,CW,Kurla combine 08-09-26.csv,372,3815,Other / rare,72.88367442130294,19.096748850563856
136,2112879.173,277390.454,8.303,LV,Kurla combine 08-09-26.csv,157,3816,LV,72.88409714692716,19.096761512906973
76,2112880.057,277332.992,8.587,LV,Kurla combine 08-09-26.csv,42,3817,LV,72.88355114561682,19.096763222846437
375,2112881.199,277797.438,12.228,BT,Kurla combine 08-09-26.csv,853,3818,Other / rare,72.8879633450963,19.096824199611255
520,2112881.641,277275.219,7.165,NALA,Kurla combine 08-09-26.csv,1590,3819,Other / rare,72.8830021094854,19.096771219168584
510,2112884.543,277324.655,3.52,BED,Kurla combine 08-09-26.csv,1580,3820,BED,72.88347142726795,19.096802827288705
529,2112885.398,278126.263,18.019,LV,Kurla combine 08-09-26.csv,1266,3821,LV,72.89108677673224,19.096897927834533
501,2112886.347,277327.14,8.037,D4 ST,Kurla combine 08-09-26.csv,1571,3822,Other / rare,72.88349482801397,19.096819391282317
D4,2112886.587,277327.658,8.504,ST,Kurla combine 08-09-26.csv,35,3823,Other / rare,72.88349972154369,19.09682161538168
Y4,2112886.7,277325.01,8.851,COGO,Kurla combine 08-09-26.csv,1613,3824,Other / rare,72.88347455206316,19.09682234676834
524,2112886.701,277325.015,7.926,0,Kurla combine 08-09-26.csv,1594,3825,Other / rare,72.88347459944924,19.09682235634573
71,2112886.819,277328.307,8.534,LV,Kurla combine 08-09-26.csv,37,3826,LV,72.88350586051727,19.09682378153483
70,2112886.819,277328.34,8.523,LV,Kurla combine 08-09-26.csv,36,3827,LV,72.88350617402351,19.096823785138387
324,2112886.838,277328.309,8.508,LV,Kurla combine 08-09-26.csv,802,3828,LV,72.88350587733517,19.096823953349688
693,2112886.844,277328.331,8.503,LV,Kurla combine 08-09-26.csv,367,3829,LV,72.88350608565014,19.096824009940413
83,2112887.928,277327.52,8.511,LV,Kurla combine 08-09-26.csv,539,3830,LV,72.88349825648046,19.09683371140967
82,2112888.001,277327.538,8.495,LV,Kurla combine 08-09-26.csv,538,3831,LV,72.88349841909856,19.096834372666915
515,2112888.147,277314.48,8.11,NALA,Kurla combine 08-09-26.csv,1585,3832,Other / rare,72.88337434885449,19.096834265285963
744,2112888.878,277789.755,12.189,DV,Kurla combine 08-09-26.csv,418,3833,Other / rare,72.88788947469497,19.096892714650025
137,2112889.133,277510.44,8.626,LV,Kurla combine 08-09-26.csv,158,3834,LV,72.88523589396685,19.096864560772012
520,2112889.704,278061.7,18.505,LV,Kurla combine 08-09-26.csv,1257,3835,LV,72.89047291987586,19.096929791185612
523,2112889.706,277323.21,9.006,NALA,Kurla combine 08-09-26.csv,1593,3836,Other / rare,72.88345710642506,19.096849298572348
522,2112889.708,277323.749,8.84,TBM BRI 1,Kurla combine 08-09-26.csv,1592,3837,Other / rare,72.88346222679792,19.096849375494596
327,2112890.133,277324.55,9.318,TBM1,Kurla combine 08-09-26.csv,805,3838,Other / rare,72.8834697876311,19.096853301306282
72,2112893.204,277329.758,8.587,LV,Kurla combine 08-09-26.csv,38,3839,LV,72.88351891186997,19.096881605423906
502,2112893.276,277342.511,2.949,BED,Kurla combine 08-09-26.csv,1572,3840,BED,72.8836400595614,19.09688364825097
326,2112894.106,277323.279,9.311,BRI,Kurla combine 08-09-26.csv,804,3841,Other / rare,72.88345725651085,19.09688904423338
325,2112894.571,277324.891,8.523,BRI,Kurla combine 08-09-26.csv,803,3842,Other / rare,72.88347251740728,19.096893419863118
600,2112896.824,278386.918,16.125,LV,Kurla combine 08-09-26.csv,2598,3843,LV,72.89356175774878,19.097029465962052
511,2112897.352,277339.89,8.647,BRI,Kurla combine 08-09-26.csv,1581,3844,Other / rare,72.88361469137904,19.096920174015423
696,2112897.761,277340.532,8.565,CW,Kurla combine 08-09-26.csv,370,3845,Other / rare,72.88362074352621,19.09692393795745
602,2112898.49,278401.081,15.827,LV,Kurla combine 08-09-26.csv,2600,3846,LV,72.89369611952695,19.09704605156425
73,2112899.898,277328.319,8.358,LV,Kurla combine 08-09-26.csv,39,3847,LV,72.8835044721695,19.096941904428633
566,2112901.349,277608.095,9.647,LV,Kurla combine 08-09-26.csv,1303,3848,LV,72.88616223505812,19.096985541228328
599,2112903.586,278242.638,18.853,LV,Kurla combine 08-09-26.csv,2597,3849,LV,72.89219028695618,19.09707485095913
122,2112903.922,277781.88,11.831,CC,Kurla combine 08-09-26.csv,89,3850,CC,72.88781293590795,19.097027725120295
528,2112904.408,278180.198,18.378,LV,Kurla combine 08-09-26.csv,1265,3851,LV,72.89159699697818,19.097075483360573
507,2112907.696,277338.966,8.167,BRI,Kurla combine 08-09-26.csv,1577,3852,Other / rare,72.88360472506123,19.097013493850262
745,2112907.953,277791.172,12.086,DV,Kurla combine 08-09-26.csv,419,3853,Other / rare,72.88790074994999,19.097065143366436
694,2112908.427,277339.629,8.042,CW,Kurla combine 08-09-26.csv,368,3854,Other / rare,72.88361093972979,19.097020168194533
695,2112908.434,277340.126,8.042,CW,Kurla combine 08-09-26.csv,369,3855,Other / rare,72.8836156605257,19.09702028568382
527,2112910.141,278159.182,18.225,LV,Kurla combine 08-09-26.csv,1264,3856,LV,72.89139668358045,19.097124974309818
74,2112913.039,277327.679,7.595,LV,Kurla combine 08-09-26.csv,40,3857,LV,72.88349688255681,19.09706051606856
506,2112915.404,277338.714,7.277,BRI,Kurla combine 08-09-26.csv,1576,3858,Other / rare,72.88360144564531,19.097083080310245
508,2112916.153,277344.654,7.344,BRI,Kurla combine 08-09-26.csv,1578,3859,Other / rare,72.88365779083131,19.097090493434642
526,2112917.049,278132.931,17.881,LV,Kurla combine 08-09-26.csv,1263,3860,LV,72.89114650175883,19.097184507371985
509,2112919.693,277344.234,9.068,NALA,Kurla combine 08-09-26.csv,1579,3861,Other / rare,72.88365339413802,19.09712241870582
503,2112923.635,277338.039,4.342,BED,Kurla combine 08-09-26.csv,1573,3862,BED,72.88359408756133,19.09715734399801
504,2112924.707,277337.447,7.123,BRI,Kurla combine 08-09-26.csv,1574,3863,Other / rare,72.88358834030284,19.097166961006963
505,2112924.765,277337.9,7.106,BRI,Kurla combine 08-09-26.csv,1575,3864,Other / rare,72.88359263723552,19.09716753429364
75,2112925.586,277326.02,7.605,LV,Kurla combine 08-09-26.csv,41,3865,LV,72.88347968044414,19.097173651782185
528,2112925.764,278075.423,17.984,LV,Kurla combine 08-09-26.csv,2522,3866,LV,72.8905991633649,19.097256958255375
376,2112926.277,277803.701,11.807,BT,Kurla combine 08-09-26.csv,854,3867,Other / rare,72.88801767796288,19.09723200037201
750,2112927.58,277791.946,11.917,DIV,Kurla combine 08-09-26.csv,425,3868,DIV,72.88790585327891,19.097242487353906
746,2112933.805,277792.276,11.895,DV,Kurla combine 08-09-26.csv,420,3869,Other / rare,72.88790827478034,19.097298743892082
525,2112946.009,278136.962,17.423,LV,Kurla combine 08-09-26.csv,1262,3870,LV,72.89118148271733,19.09744649638403
598,2112946.285,278270.714,18.08,LV,Kurla combine 08-09-26.csv,2596,3871,LV,72.89245213209719,19.097463537741763
2,2112950.621,277805.201,11.907,LV,Kurla combine 08-09-26.csv,1785,3872,LV,72.88802913789658,19.09745202467814
4,2112950.769,277804.801,11.835,LV,Kurla combine 08-09-26.csv,1786,3873,LV,72.88802532083079,19.097453317740484
123,2112953.226,277784.493,11.528,CC,Kurla combine 08-09-26.csv,90,3874,CC,72.88783210804574,19.097473294887845
57,2112953.577,277912.9693,13.08,LV,Kurla combine 08-09-26.csv,3678,3875,LV,72.88905262570633,19.09749046211767
565,2112953.779,277618.49,9.517,LV,Kurla combine 08-09-26.csv,1302,3876,LV,72.8862549750133,19.097460191647308
747,2112961.693,277793.368,11.617,DV,Kurla combine 08-09-26.csv,421,3877,Other / rare,72.88791545220238,19.097550731072737
529,2112963.823,278090.486,17.467,LV,Kurla combine 08-09-26.csv,2523,3878,LV,72.89073790881814,19.097602324944788
378,2112963.839,277800.634,11.535,CC,Kurla combine 08-09-26.csv,857,3879,CC,72.88798423508419,19.097570904297474
125,2112964.335,277784.34,11.394,CC,Kurla combine 08-09-26.csv,93,3880,CC,72.88782938100597,19.097573608228217
37,2112973.577,277712.9693,10.83,LV,Kurla combine 08-09-26.csv,3658,3881,LV,72.88715028124409,19.09764929733477
72,2112973.577,278032.9693,17.63,LV,Kurla combine 08-09-26.csv,3693,3882,LV,72.89019036735249,19.097684157170086
80,2112973.577,278152.9693,18.6,LV,Kurla combine 08-09-26.csv,3701,3883,LV,72.89133040134793,19.09769721668907
524,2112977.707,278139.15,17.373,LV,Kurla combine 08-09-26.csv,1261,3884,LV,72.89119864133505,19.09773301293672
751,2112977.837,277793.571,11.475,DIV,Kurla combine 08-09-26.csv,426,3885,DIV,72.8879155301222,19.097696556401303
377,2112978.95,277803.048,11.344,BT,Kurla combine 08-09-26.csv,855,3886,Other / rare,72.88800543656589,19.09770764111395
597,2112984.573,278308.808,15.491,LV,Kurla combine 08-09-26.csv,2595,3887,LV,72.89280965693978,19.097813475772654
521,2112984.95,278101.117,17.366,LV,Kurla combine 08-09-26.csv,1258,3888,LV,72.89083648776842,19.09779428900853
748,2112986.476,277793.684,11.462,DV,Kurla combine 08-09-26.csv,422,3889,Other / rare,72.8879156133328,19.09777459113174
523,2112988.338,278117.939,17.166,LV,Kurla combine 08-09-26.csv,1260,3890,LV,72.89099591383635,19.09782671811303
564,2112988.724,277626.389,9.391,LV,Kurla combine 08-09-26.csv,1301,3891,LV,72.88632600857571,19.09777665566582
124,2112991.915,277784.548,11.173,CC,Kurla combine 08-09-26.csv,91,3892,CC,72.88782819534315,19.097822717378907
522,2112993.295,278103.646,17.149,LV,Kurla combine 08-09-26.csv,1259,3893,LV,72.89085955871157,19.097869931549916
69,2112993.577,277992.9693,15.78,LV,Kurla combine 08-09-26.csv,3690,3894,LV,72.88980806560522,19.09786043100246
71,2112993.577,278012.9693,17.31,LV,Kurla combine 08-09-26.csv,3692,3895,LV,72.88999807136082,19.097862608491965
379,2112993.578,277803.581,11.24,CC,Kurla combine 08-09-26.csv,858,3896,CC,72.88800882341903,19.09783981077894
749,2113003.352,277793.133,11.236,DV,Kurla combine 08-09-26.csv,423,3897,Other / rare,72.88790844410872,19.097926945285487
752,2113003.717,277793.142,11.265,DIV,Kurla combine 08-09-26.csv,427,3898,DIV,72.88790848776937,19.097930242733614
530,2113004.736,278077.853,16.899,LV,Kurla combine 08-09-26.csv,2524,3899,LV,72.89061320778458,19.097970453085292
582,2113005.188,278308.851,15.11,LV,Kurla combine 08-09-26.csv,2580,3900,LV,72.89280770773082,19.097999663705796
5,2113007.597,277803.212,11.199,LLV,Kurla combine 08-09-26.csv,1787,3901,Other / rare,72.88800371082151,19.09796638201568
126,2113011.816,277783.831,10.986,CC,Kurla combine 08-09-26.csv,94,3902,CC,72.88781910219842,19.098002373465118
43,2113013.577,277792.9693,11.97,LV,Kurla combine 08-09-26.csv,3664,3903,LV,72.88790571676351,19.098019273687232
49,2113013.577,277872.9693,12.11,LV,Kurla combine 08-09-26.csv,3670,3904,LV,72.88866573973098,19.098027990389337
51,2113013.577,277892.9693,12.64,LV,Kurla combine 08-09-26.csv,3672,3905,LV,72.88885574553746,19.098030169075493
60,2113013.577,277932.9693,12.78,LV,Kurla combine 08-09-26.csv,3681,3906,LV,72.88923575722794,19.098034525860545
64,2113013.577,277952.9693,13.6,LV,Kurla combine 08-09-26.csv,3685,3907,LV,72.88942576311192,19.098036703959448
73,2113013.577,278032.9693,17.2,LV,Kurla combine 08-09-26.csv,3694,3908,LV,72.89018578690617,19.09804541439755
596,2113013.624,278289.757,15.143,LV,Kurla combine 08-09-26.csv,2594,3909,LV,72.89262534384702,19.098073776881144
6,2113014.061,277843.232,12.049,LV,Kurla combine 08-09-26.csv,1788,3910,LV,72.88838317132401,19.098029121822524
583,2113018.641,278332.198,14.991,FT,Kurla combine 08-09-26.csv,2581,3911,FT,72.89302797310494,19.098123702042344
563,2113027.651,277634.062,9.391,LV,Kurla combine 08-09-26.csv,1300,3912,LV,72.88639443847488,19.09812905809378
581,2113034.059,278286.718,14.762,LV,Kurla combine 08-09-26.csv,2579,3913,LV,72.89259413497868,19.09825800399959
595,2113034.577,278274.094,15.017,LV,Kurla combine 08-09-26.csv,2593,3914,LV,72.89247414360287,19.098261309541726
753,2113036.234,277792.216,10.924,DIV,Kurla combine 08-09-26.csv,428,3915,DIV,72.88789596286648,19.098223816409895
380,2113037.547,277802.333,10.777,CC,Kurla combine 08-09-26.csv,859,3916,CC,72.88799192685296,19.098236777186443
531,2113037.564,278085.661,16.298,LV,Kurla combine 08-09-26.csv,2525,3917,LV,72.89068362777574,19.0982677867747
584,2113053.435,278311.124,14.344,FT,Kurla combine 08-09-26.csv,2582,3918,FT,72.89282378391997,19.09843565099984
44,2113053.577,277832.9693,11.2,LV,Kurla combine 08-09-26.csv,3665,3919,LV,72.88828114352827,19.098384889198982
83,2113053.577,278172.9693,17.9,LV,Kurla combine 08-09-26.csv,3704,3920,LV,72.89151125187301,19.098421907650007
381,2113059.973,277801.499,10.57,CC,Kurla combine 08-09-26.csv,860,3921,CC,72.88798143282594,19.098439224866343
754,2113063.94,277791.081,10.673,DIV,Kurla combine 08-09-26.csv,429,3922,DIV,72.88788200383372,19.098473917149832
127,2113067.987,277782.642,10.509,CC,Kurla combine 08-09-26.csv,95,3923,CC,72.88780136675031,19.09850954757384
34,2113073.577,277672.9693,9.36,LV,Kurla combine 08-09-26.csv,3655,3924,LV,72.88675880110695,19.098548077377576
35,2113073.577,277692.9693,9.67,LV,Kurla combine 08-09-26.csv,3656,3925,LV,72.88694880727255,19.098550258087755
42,2113073.577,277752.9693,9.4,LV,Kurla combine 08-09-26.csv,3663,3926,LV,72.88751882592456,19.098556799043763
45,2113073.577,277832.9693,10.22,LV,Kurla combine 08-09-26.csv,3666,3927,LV,72.88827885115586,19.098565517577875
580,2113073.982,278256.602,14.07,FT,Kurla combine 08-09-26.csv,2578,3928,FT,72.89230345597299,19.098615291306803
579,2113077.082,278263.4,14.24,LV,Kurla combine 08-09-26.csv,2577,3929,LV,72.89236768469011,19.098644028082866
562,2113079.655,277645.566,9.301,LV,Kurla combine 08-09-26.csv,1299,3930,LV,72.88649776410765,19.098599982027405
531,2113083.534,278052.849,15.889,LV,Kurla combine 08-09-26.csv,1268,3931,LV,72.89036663964355,19.098679390259885
532,2113084.322,278080.46,15.436,LV,Kurla combine 08-09-26.csv,2526,3932,LV,72.89062886326127,19.098689512438764
530,2113084.405,278075.274,15.921,LV,Kurla combine 08-09-26.csv,1267,3933,LV,72.89057958499843,19.098689697588636
755,2113089.176,277791.244,10.65,DIV,Kurla combine 08-09-26.csv,430,3934,DIV,72.88788065930564,19.09870185174092
47,2113093.577,277852.9693,10.11,LV,Kurla combine 08-09-26.csv,3668,3935,LV,72.88846656533595,19.09874832511926
87,2113093.577,278192.9693,17.11,LV,Kurla combine 08-09-26.csv,3708,3936,LV,72.89169668111997,19.09878534099537
89,2113093.577,278232.9693,16.18,LV,Kurla combine 08-09-26.csv,3710,3937,LV,72.89207669523213,19.098789692084907
594,2113095.18,278245.537,13.942,LV,Kurla combine 08-09-26.csv,2592,3938,LV,72.89219590944094,19.098805536403656
382,2113096.399,277800.986,10.494,CC,Kurla combine 08-09-26.csv,861,3939,CC,72.88797238343554,19.09876814735807
578,2113101.259,278251.629,13.91,LV,Kurla combine 08-09-26.csv,2576,3940,LV,72.89225309013905,19.098861101103598
532,2113103.587,277957.184,12.347,LV,Kurla combine 08-09-26.csv,1269,3941,LV,72.88945549296703,19.09885008157895
561,2113111.799,277652.178,9.295,LV,Kurla combine 08-09-26.csv,1298,3942,LV,72.88655689279314,19.098891008681353
36,2113113.577,277692.9693,9.73,LV,Kurla combine 08-09-26.csv,3657,3943,LV,72.88694421956774,19.09891151452374
48,2113113.577,277852.9693,10.67,LV,Kurla combine 08-09-26.csv,3669,3944,LV,72.88846427311773,19.098928953512708
52,2113113.577,277892.9693,11.51,LV,Kurla combine 08-09-26.csv,3673,3945,LV,72.88884428676373,19.098933311302357
756,2113118.772,277791.969,10.491,DIV,Kurla combine 08-09-26.csv,431,3946,DIV,72.88788415408553,19.098969224550224
533,2113122.053,277958.41,12.374,LV,Kurla combine 08-09-26.csv,1270,3947,LV,72.88946502497183,19.099016989395523
585,2113124.304,278271.308,13.634,FT,Kurla combine 08-09-26.csv,2583,3948,FT,72.89243741146149,19.099071370870096
383,2113125.018,277801.221,10.307,CC,Kurla combine 08-09-26.csv,862,3949,CC,72.8879713351874,19.099026643083725
128,2113129.591,277784.032,10.429,CC,Kurla combine 08-09-26.csv,96,3950,CC,72.88780750952641,19.09906607040946
53,2113133.577,277892.9693,12.02,LV,Kurla combine 08-09-26.csv,3674,3951,LV,72.88884199493147,19.099113939736323
533,2113136.994,278079.573,14.864,LV,Kurla combine 08-09-26.csv,2527,3952,LV,72.89061440579388,19.099165119490472
129,2113139.755,277787.641,10.323,LV,Kurla combine 08-09-26.csv,97,3953,LV,72.88784063099955,19.099158259057887
577,2113140.491,278230.662,13.106,LV,Kurla combine 08-09-26.csv,2575,3954,LV,72.89204940728891,19.099213142121847
559,2113141.094,277738.63,11.205,LV,Kurla combine 08-09-26.csv,2557,3955,LV,72.88737485592091,19.099165009923585
560,2113141.629,277658.88,9.29,LV,Kurla combine 08-09-26.csv,1297,3956,LV,72.886617142111,19.09916114646289
534,2113144.472,278096.029,14.413,LV,Kurla combine 08-09-26.csv,2528,3957,LV,72.89076988769173,19.099234447630614
8,2113146.756,277835.235,11.709,LV,Kurla combine 08-09-26.csv,1790,3958,LV,72.88829198821549,19.099226674635762
7,2113147.195,277802.815,10.329,LV,Kurla combine 08-09-26.csv,1789,3959,LV,72.88798393638797,19.099227106523585
534,2113149.398,277977.135,12.574,LV,Kurla combine 08-09-26.csv,1271,3960,LV,72.88963978671175,19.09926599287645
547,2113155.205,277666.711,9.498,LV,Kurla combine 08-09-26.csv,2545,3961,LV,72.88668998199059,19.099284610834356
548,2113156.503,277662.106,9.34,LV,Kurla combine 08-09-26.csv,2546,3962,LV,72.88664608398612,19.09929583143152
546,2113158.175,277692.012,9.984,LV,Kurla combine 08-09-26.csv,2544,3963,LV,72.88693000969688,19.099314192989382
757,2113160.447,277793.595,10.302,DIV,Kurla combine 08-09-26.csv,432,3964,DIV,72.88789482385575,19.099345786022106
758,2113160.611,277794.723,10.332,DIV,Kurla combine 08-09-26.csv,433,3965,DIV,72.88790552146031,19.09934739011042
384,2113161.025,277802.085,10.201,CC,Kurla combine 08-09-26.csv,863,3966,CC,72.88797541565333,19.0993519314558
559,2113161.892,277709.783,10.37,LV,Kurla combine 08-09-26.csv,1296,3967,LV,72.88709841417351,19.099349700342273
130,2113164.683,277785.517,10.175,CC,Kurla combine 08-09-26.csv,98,3968,CC,72.88781759429355,19.099383162691268
567,2113164.976,277735.682,10.824,LV,Kurla combine 08-09-26.csv,1304,3969,LV,72.8873441102434,19.0993803767522
544,2113165.549,277785.084,10.231,LV,Kurla combine 08-09-26.csv,2542,3970,LV,72.88781338135013,19.099390936704058
759,2113166.41,277794.418,10.283,LV,Kurla combine 08-09-26.csv,434,3971,LV,72.88790195902453,19.099399730050337
558,2113167.896,277771.148,10.541,LV,Kurla combine 08-09-26.csv,1295,3972,LV,72.88768071520825,19.099410614493
58,2113173.577,277912.9693,12.37,LV,Kurla combine 08-09-26.csv,3679,3973,LV,72.88902741866886,19.099477375260488
545,2113175.092,277741.887,10.598,LV,Kurla combine 08-09-26.csv,2543,3974,LV,72.88740189994476,19.099472414952224
760,2113175.374,277794.762,10.294,LV,Kurla combine 08-09-26.csv,435,3975,LV,72.88790419946973,19.09948072515282
385,2113180.625,277803.465,10.093,CC,Kurla combine 08-09-26.csv,864,3976,CC,72.8879862791931,19.099529097609857
576,2113182.34,278196.406,11.997,FT,Kurla combine 08-09-26.csv,2574,3977,FT,72.89171917326462,19.099587372423873
761,2113185.3,277795.516,10.253,LV,Kurla combine 08-09-26.csv,436,3978,LV,72.88791022477646,19.09957045316128
549,2113186.489,277665.598,9.126,LV,Kurla combine 08-09-26.csv,2547,3979,LV,72.8866758194609,19.09956702805176
535,2113188.284,278101.418,13.857,LV,Kurla combine 08-09-26.csv,2529,3980,LV,72.89081606928654,19.0996307192829
762,2113190.671,277795.68,10.211,DV,Kurla combine 08-09-26.csv,437,3981,Other / rare,72.88791116707478,19.09961897876878
38,2113193.577,277712.9693,8.67,LV,Kurla combine 08-09-26.csv,3659,3982,LV,72.88712505127458,19.09963620799755
535,2113200.106,277988.265,12.993,LV,Kurla combine 08-09-26.csv,1272,3983,LV,72.88973971740111,19.099725170430215
386,2113205.081,277805.17,10.009,CC,Kurla combine 08-09-26.csv,865,3984,CC,72.88799967365883,19.09975015573823
586,2113205.752,278229.549,11.992,FT,Kurla combine 08-09-26.csv,2584,3985,FT,72.89203136610281,19.099802421855763
11,2113207.227,277928.171,11.154,LV,Kurla combine 08-09-26.csv,1793,3986,LV,72.88916798497785,19.099782938486513
763,2113208.389,277796.903,10.139,DV,Kurla combine 08-09-26.csv,438,3987,Other / rare,72.88792075473715,19.099779130681856
575,2113210.194,278192.106,11.982,LV,Kurla combine 08-09-26.csv,2573,3988,LV,72.89167513387974,19.099838466283224
12,2113212.807,277983.774,12.622,LV,Kurla combine 08-09-26.csv,1794,3989,LV,72.88969559623378,19.099839389527187
61,2113213.577,277932.9693,12.21,LV,Kurla combine 08-09-26.csv,3682,3990,LV,72.88921284315234,19.0998408106623
536,2113214.316,277984.627,12.618,LV,Kurla combine 08-09-26.csv,1273,3991,LV,72.88970352721816,19.099853110837017
764,2113217.38,277797.447,10.103,DV,Kurla combine 08-09-26.csv,439,3992,Other / rare,72.88792489215946,19.099860391428106
765,2113217.431,277798.247,10.087,DV,Kurla combine 08-09-26.csv,440,3993,Other / rare,72.88793248662428,19.0998609392201
550,2113220.594,277672.778,9.074,LV,Kurla combine 08-09-26.csv,2548,3994,LV,72.88674011989649,19.099875827214976
10,2113222.156,277868.689,10.39,LV,Kurla combine 08-09-26.csv,1792,3995,LV,72.8886011717077,19.09991128872954
387,2113227.95,277806.344,9.922,CC,Kurla combine 08-09-26.csv,866,3996,CC,72.88800820535685,19.09995682313678
536,2113228.644,278108.174,13.614,LV,Kurla combine 08-09-26.csv,2530,3997,LV,72.8908756332845,19.099995963203057
131,2113229.737,277794.475,9.966,LV,Kurla combine 08-09-26.csv,99,3998,LV,72.88789524028667,19.09997166871397
9,2113231.947,277810.636,10.091,LV,Kurla combine 08-09-26.csv,1791,3999,LV,72.88804852283631,19.099993389460494
132,2113235.017,277790.515,9.972,CC,Kurla combine 08-09-26.csv,100,4000,CC,72.88785701336022,19.100018922982468
766,2113237.889,277799.339,9.929,LV,Kurla combine 08-09-26.csv,441,4001,LV,72.88794051561115,19.10004582293241
537,2113241.423,278140.473,13.047,LV,Kurla combine 08-09-26.csv,2531,4002,LV,72.89118102441051,19.10011489094116
18,2113250.711,277786.651,7.06,BED,Kurla combine 08-09-26.csv,1801,4003,BED,72.8878185044409,19.100160240856294
539,2113250.742,278167.198,11.978,LV,Kurla combine 08-09-26.csv,2533,4004,LV,72.89143385663367,19.100201962954323
538,2113250.746,278165.873,11.919,LV,Kurla combine 08-09-26.csv,2532,4005,LV,72.89142126810513,19.10020185490859
388,2113252.138,277803.297,9.953,CC,Kurla combine 08-09-26.csv,867,4006,CC,72.88797648461095,19.10017494294228
133,2113252.538,277796.005,9.984,LV,Kurla combine 08-09-26.csv,101,4007,LV,72.88790716177779,19.10017776076563
41,2113253.577,277732.9693,9.68,LV,Kurla combine 08-09-26.csv,3662,4008,LV,72.88730817790115,19.100180273162128
551,2113253.629,277679.368,9.752,LV,Kurla combine 08-09-26.csv,2549,4009,LV,72.8867989380152,19.100174898424
574,2113254.387,278167.712,11.963,LV,Kurla combine 08-09-26.csv,2572,4010,LV,72.89143832265378,19.100234938464798
20,2113257.093,277675.762,9.605,BRI,Kurla combine 08-09-26.csv,1803,4011,Other / rare,72.88676428220845,19.10020578999514
19,2113257.419,277675.79,6.158,BED,Kurla combine 08-09-26.csv,1802,4012,BED,72.88676451082358,19.100208737287655
22,2113261.046,277691.767,9.699,BRI,Kurla combine 08-09-26.csv,1805,4013,Other / rare,72.88691588273052,19.100243236425893
17,2113261.508,277810.783,7.296,BED,Kurla combine 08-09-26.csv,1800,4014,BED,72.88804653046635,19.100260383168415
23,2113261.694,277688.735,9.566,LV,Kurla combine 08-09-26.csv,1806,4015,LV,72.88688700317255,19.100248758162593
767,2113263.436,277801.391,9.902,LV,Kurla combine 08-09-26.csv,442,4016,LV,72.88795708154684,19.1002767721437
540,2113264.302,278157.773,11.851,CC,Kurla combine 08-09-26.csv,2534,4017,CC,72.8913427629455,19.100323403673784
587,2113267.283,278194.549,11.903,FT,Kurla combine 08-09-26.csv,2585,4018,FT,72.89169180990264,19.100354327789148
134,2113267.467,277795.556,9.888,CC,Kurla combine 08-09-26.csv,102,4019,CC,72.88790118447633,19.100312541823605
537,2113267.714,278002.756,12.112,LV,Kurla combine 08-09-26.csv,1274,4020,LV,72.88986964363401,19.100337345047137
557,2113269.458,277801.725,9.946,LV,Kurla combine 08-09-26.csv,1294,4021,LV,72.88795956427589,19.100331195728526
21,2113273.864,277693.955,9.492,BRI,Kurla combine 08-09-26.csv,1804,4022,Other / rare,72.88693519934996,19.100359239612153
389,2113276.24,277808.008,9.922,CC,Kurla combine 08-09-26.csv,868,4023,CC,72.88801847787349,19.100393131552423
768,2113284.769,277802.831,10.029,LV,Kurla combine 08-09-26.csv,443,4024,LV,72.88796831636239,19.10046959626803
556,2113286.505,277802.826,10.028,DIV,Kurla combine 08-09-26.csv,1293,4025,DIV,72.88796806983049,19.100485274259807
770,2113286.505,277803.554,10.059,DV,Kurla combine 08-09-26.csv,445,4026,Other / rare,72.88797498614036,19.100485353603418
555,2113286.659,277803.529,10.048,DIV,Kurla combine 08-09-26.csv,1292,4027,DIV,72.88797473097391,19.10048674171665
769,2113286.735,277802.8,10.042,DV,Kurla combine 08-09-26.csv,444,4028,Other / rare,72.88796779645025,19.100487348651587
573,2113287.602,278149.242,11.803,LV,Kurla combine 08-09-26.csv,2571,4029,LV,72.89125904757864,19.100532907788708
552,2113292.576,277692.336,9.184,LV,Kurla combine 08-09-26.csv,2550,4030,LV,72.88691767181902,19.10052805880009
390,2113299.77,277812.157,10.042,CC,Kurla combine 08-09-26.csv,869,4031,CC,72.88805519755,19.10060609293966
571,2113300.23,278131.851,11.612,FT,Kurla combine 08-09-26.csv,2569,4032,FT,72.89109237963838,19.100645064180412
572,2113303.289,278137.983,11.708,LV,Kurla combine 08-09-26.csv,2570,4033,LV,72.89115028623809,19.10067335866207
135,2113305.722,277796.107,10.026,CC,Kurla combine 08-09-26.csv,103,4034,CC,72.88790203319267,19.100658098650115
541,2113306.632,278132.649,11.689,CC,Kurla combine 08-09-26.csv,2535,4035,CC,72.89109922810069,19.100702970261015
771,2113307.34,277804.472,10.098,DV,Kurla combine 08-09-26.csv,446,4036,Other / rare,72.88798131883242,19.100673623189042
538,2113312.979,278023.584,11.996,LV,Kurla combine 08-09-26.csv,1275,4037,LV,72.89006233414716,19.10074842045564
570,2113313.567,278130.661,11.656,LV,Kurla combine 08-09-26.csv,2568,4038,LV,72.89107954726389,19.100765386897752
561,2113315.249,277880.935,12.354,LV,Kurla combine 08-09-26.csv,2559,4039,LV,72.88870684444478,19.100753384879077
554,2113317.801,277806.202,10.141,DIV,Kurla combine 08-09-26.csv,1291,4040,DIV,72.88799655524974,19.10076828937258
391,2113319.823,277814.015,10.055,CC,Kurla combine 08-09-26.csv,870,4041,CC,72.88807055039284,19.10078740240869
569,2113321.949,278116.948,11.38,FT,Kurla combine 08-09-26.csv,2567,4042,FT,72.89094830780628,19.100839595935287
89,2113323.408,277814.177,10.037,CC,Kurla combine 08-09-26.csv,1001,4043,CC,72.88807167846248,19.100819797688647
588,2113323.81,278162.116,11.548,FT,Kurla combine 08-09-26.csv,2586,4044,FT,72.89137721181649,19.10086131887969
772,2113324.898,277806.004,10.218,DV,Kurla combine 08-09-26.csv,447,4045,Other / rare,72.88799386049716,19.10083236374505
560,2113329.947,277846.615,11.251,LV,Kurla combine 08-09-26.csv,2558,4046,LV,72.8883791043868,19.100882389128238
136,2113331.24,277798.152,10.102,CC,Kurla combine 08-09-26.csv,104,4047,CC,72.88791853586692,19.10088878517733
62,2113333.577,277932.9693,9.57,LV,Kurla combine 08-09-26.csv,3683,4048,LV,72.88919909346689,19.100924581360786
70,2113335.697,277800.305,10.145,LV,Kurla combine 08-09-26.csv,982,4049,LV,72.88793847932452,19.100929272853758
568,2113336.993,277828.917,10.941,LV,Kurla combine 08-09-26.csv,1305,4050,LV,72.8882101576778,19.100944095865337
773,2113338.757,277807.029,10.193,DV,Kurla combine 08-09-26.csv,448,4051,Other / rare,72.88800200952916,19.10095764183863
553,2113338.781,277807.887,10.164,DIV,Kurla combine 08-09-26.csv,1290,4052,DIV,72.88801015816611,19.100957952105386
553,2113343.016,277700.27,9.358,LV,Kurla combine 08-09-26.csv,2551,4053,LV,72.88698726252869,19.10098446821103
568,2113346.497,278108.566,11.007,LV,Kurla combine 08-09-26.csv,2566,4054,LV,72.8908658643135,19.101060387231175
774,2113346.706,277807.692,10.145,DV,Kurla combine 08-09-26.csv,449,4055,Other / rare,72.88800739697915,19.101029504815504
392,2113354.169,277816.374,10.136,CC,Kurla combine 08-09-26.csv,871,4056,CC,72.88808902434786,19.10109785249719
589,2113354.394,278139.211,11.091,FT,Kurla combine 08-09-26.csv,2587,4057,FT,72.89115610239425,19.10113504370232
539,2113355.275,278032.812,11.103,LV,Kurla combine 08-09-26.csv,1276,4058,LV,72.89014516003776,19.101131418453555
552,2113355.793,277808.921,10.32,DIV,Kurla combine 08-09-26.csv,1289,4059,DIV,72.88801803121996,19.10111170723035
775,2113358.029,277808.249,10.2,DV,Kurla combine 08-09-26.csv,450,4060,Other / rare,72.88801139055164,19.101131828232752
776,2113371.501,277808.495,10.262,DV,Kurla combine 08-09-26.csv,451,4061,Other / rare,72.8880121830915,19.101253526263434
562,2113372.006,277863.526,11.308,LV,Kurla combine 08-09-26.csv,2560,4062,LV,72.88853494565593,19.101264084249266
65,2113373.577,277952.9693,10.25,LV,Kurla combine 08-09-26.csv,3686,4063,LV,72.88938451962194,19.10128801672751
567,2113374.93,278083.852,10.687,LV,Kurla combine 08-09-26.csv,2565,4064,LV,72.89062781373799,19.101314487801908
569,2113375.888,277814.779,10.223,LV,Kurla combine 08-09-26.csv,1306,4065,LV,72.88807138108383,19.101293831968167
570,2113376.143,277820.3,10.805,LV,Kurla combine 08-09-26.csv,1307,4066,LV,72.888123803958493,19.101296736693
551,2113377.398,277809.338,10.309,DIV,Kurla combine 08-09-26.csv,1288,4067,DIV,72.88801951589133,19.101306876394684
137,2113377.79,277800.134,10.218,CC,Kurla combine 08-09-26.csv,105,4068,CC,72.88793202859691,19.101309413539713
393,2113379.203,277816.441,10.156,CC,Kurla combine 08-09-26.csv,872,4069,CC,72.88808679081289,19.101323952246013
88,2113385.634,277816.525,10.211,CC,Kurla combine 08-09-26.csv,1000,4070,CC,72.88808685155345,19.1013820424308
14,2113386.461,277978.483,10.255,LV,Kurla combine 08-09-26.csv,1796,4071,LV,72.88962543599898,19.10140715638686
572,2113389.485,277873.925,11.215,LV,Kurla combine 08-09-26.csv,1309,4072,LV,72.88863173767554,19.10142307749479
777,2113389.5,277808.546,10.404,DV,Kurla combine 08-09-26.csv,452,4073,Other / rare,72.888010604,19.101416088252925
778,2113389.638,277809.167,10.353,DV,Kurla combine 08-09-26.csv,453,4074,Other / rare,72.88801648797552,19.101417402271796
571,2113391.149,277844.481,11.194,LV,Kurla combine 08-09-26.csv,1308,4075,LV,72.88835181472433,19.101434897354387
540,2113391.186,278060.78,10.554,LV,Kurla combine 08-09-26.csv,1277,4076,LV,72.89040675679652,19.10145879104807
566,2113391.52,278054.916,10.42,FT,Kurla combine 08-09-26.csv,2564,4077,FT,72.89035100763647,19.101461169133557
D11,2113392.585,277820.624,10.758,LV,Kurla combine 08-09-26.csv,2539,4078,LV,72.88812499710704,19.101445266533016
563,2113392.882,277820.502,10.901,LV,Kurla combine 08-09-26.csv,2561,4079,LV,72.88812380399837,19.101447935567037
550,2113396.282,277809.332,10.383,DIV,Kurla combine 08-09-26.csv,1287,4080,DIV,72.8880172938062,19.101477424973304
590,2113398.724,278098.483,10.591,FT,Kurla combine 08-09-26.csv,2588,4081,FT,72.89076409092385,19.101530974280738
565,2113407.338,278047.745,10.454,CC,Kurla combine 08-09-26.csv,2563,4082,CC,72.89028106794986,19.10160324752895
71,2113408.711,277801.961,10.288,LV,Kurla combine 08-09-26.csv,983,4083,LV,72.8879458406855,19.10158887302793
554,2113408.995,277714.034,9.665,LV,Kurla combine 08-09-26.csv,2552,4084,LV,72.8871104589086,19.10158185237808
549,2113411.353,277808.948,10.413,DIV,Kurla combine 08-09-26.csv,1286,4085,DIV,72.88801191768594,19.1016134955666
84,2113416.527,278042.102,10.48,CC+LV,Kurla combine 08-09-26.csv,996,4086,Other / rare,72.89022640416073,19.10168562292157
13,2113416.929,278019.13,10.863,LV,Kurla combine 08-09-26.csv,1795,4087,LV,72.89000811246008,19.101686752263255
D8,2113421.278,278029.728,10.38,ST,Kurla combine 08-09-26.csv,1002,4088,Other / rare,72.89010830069847,19.101727183925718
D8,2113421.278,278029.728,10.38,CC,Kurla combine 08-09-26.csv,2536,4089,CC,72.89010830069847,19.101727183925718
564,2113422.08,278030.797,10.407,CC,Kurla combine 08-09-26.csv,2562,4090,CC,72.89011836488233,19.101734543527616
D10,2113430.173,277815.848,10.33,CC,Kurla combine 08-09-26.csv,2538,4091,CC,72.88807531334785,19.101784218826474
D8,2113431.278,278029.728,10.38,ST,Kurla combine 08-09-26.csv,1797,4092,Other / rare,72.89010715529086,19.10181749818965
591,2113432.322,278055.214,10.487,LV,Kurla combine 08-09-26.csv,2589,4093,LV,72.8903491658653,19.101829701899955
548,2113434.795,277808.701,10.425,DIV,Kurla combine 08-09-26.csv,1285,4094,DIV,72.8880068833377,19.10182518305666
83,2113450.072,278004.573,10.547,CC+LV,Kurla combine 08-09-26.csv,995,4095,Other / rare,72.88986601692105,19.10198449561611
15,2113451.315,277995.67,7.852,BED,Kurla combine 08-09-26.csv,1798,4096,BED,72.88978129137055,19.101994752129603
16,2113451.99,277996.534,10.771,LV,Kurla combine 08-09-26.csv,1799,4097,LV,72.88978942249474,19.102000942433364
547,2113457.679,277810.814,10.476,DIV,Kurla combine 08-09-26.csv,1284,4098,DIV,72.88802433413993,19.102032088239635
592,2113459.148,278039.5,10.717,FT,Kurla combine 08-09-26.csv,2590,4099,FT,72.89019680217987,19.102070268060118
72,2113463.732,277805.145,10.441,LV,Kurla combine 08-09-26.csv,984,4100,LV,72.88796978169701,19.102086137490172
555,2113465.855,277727.201,10.236,LV,Kurla combine 08-09-26.csv,2553,4101,LV,72.8872290300887,19.10209681399659
87,2113465.988,277820.604,10.421,CC,Kurla combine 08-09-26.csv,999,4102,CC,72.8881163915449,19.102108197292523
546,2113468.614,277813.916,10.498,DIV,Kurla combine 08-09-26.csv,1283,4103,DIV,72.88805255099129,19.102131184850442
82,2113476.66,277959.594,10.307,FT,Kurla combine 08-09-26.csv,994,4104,FT,72.88943564653465,19.102219724406737
545,2113479.189,277818.006,10.498,DIV,Kurla combine 08-09-26.csv,1282,4105,DIV,72.88809019566528,19.102227137834316
81,2113486.602,277963.155,10.435,CC,Kurla combine 08-09-26.csv,993,4106,CC,72.88946833879487,19.10230990267581
86,2113488.108,277829.392,10.375,FT,Kurla combine 08-09-26.csv,998,4107,FT,72.88819734611434,19.102308929972533
544,2113492.237,277822.987,10.499,DIV,Kurla combine 08-09-26.csv,1281,4108,DIV,72.8881360218184,19.1023455226117
73,2113495.966,277814.792,10.43,CC,Kurla combine 08-09-26.csv,985,4109,CC,72.88805773740239,19.102378307562915
593,2113504.046,277987.933,10.212,FT,Kurla combine 08-09-26.csv,2591,4110,FT,72.88970174466797,19.102470145526755
543,2113504.702,277828.879,10.527,DIV,Kurla combine 08-09-26.csv,1280,4111,DIV,72.88819056986142,19.10245874135614
80,2113518.604,277921.633,10.344,CC,Kurla combine 08-09-26.csv,992,4112,CC,72.88907018999788,19.102594403117877
542,2113521.769,277838.688,10.586,DIV,Kurla combine 08-09-26.csv,1279,4113,DIV,72.88828180401627,19.10261394955535
85,2113523.523,277848.597,10.488,FT,Kurla combine 08-09-26.csv,997,4114,FT,72.88837574388118,19.10263087055781
556,2113526.696,277740.748,10.818,LV,Kurla combine 08-09-26.csv,2554,4115,LV,72.88735075544392,19.102647771055764
79,2113536.726,277879.677,10.605,FT,Kurla combine 08-09-26.csv,991,4116,FT,72.88866950763523,19.102753499200514
74,2113537.437,277838.453,10.491,CC,Kurla combine 08-09-26.csv,986,4117,CC,72.88827777511511,19.102755428151415
D9,2113539.062,277878.316,10.57,ST,Kurla combine 08-09-26.csv,2537,4118,Other / rare,72.88865630960777,19.102774448288812
541,2113541.395,277853.239,10.588,DIV,Kurla combine 08-09-26.csv,1278,4119,DIV,72.88841779661884,19.102792785894593
78,2113546.695,277867.708,10.529,CC END,Kurla combine 08-09-26.csv,990,4120,Other / rare,72.88855465268145,19.102842229153882
77,2113551.479,277862.16,10.621,DIV,Kurla combine 08-09-26.csv,989,4121,DIV,72.88850139514092,19.102884830867392
76,2113552.04,277861.674,10.582,DIV,Kurla combine 08-09-26.csv,988,4122,DIV,72.88849671355547,19.10288984453015
75,2113558.354,277855.225,10.587,CC END,Kurla combine 08-09-26.csv,987,4123,Other / rare,72.88843472057557,19.102946166100505
557,2113587.532,277752.987,11.105,LV,Kurla combine 08-09-26.csv,2555,4124,LV,72.88746005523859,19.10319854031377
558,2113621.941,277756.758,11.409,LV,Kurla combine 08-09-26.csv,2556,4125,LV,72.88749193545081,19.103509713233453
