"ID","Northing","Easting","Elevation","Code","Source_file","Source_row"
"A1",2111862.529,277144.357,8.266,"S","1 KURLA LV.csv",1
"500",2111928.874,277083.571,10.059,"FT","1 KURLA LV.csv",2
"501",2111920.634,277082.604,10.126,"FT","1 KURLA LV.csv",3
"502",2111914.33,277082.16,10.11,"FT","1 KURLA LV.csv",4
"503",2111913.741,277084.527,10.144,"FT","1 KURLA LV.csv",5
"504",2111913.641,277084.812,10.147,"FT","1 KURLA LV.csv",6
"505",2111913.31,277085.098,10.173,"FT","1 KURLA LV.csv",7
"506",2111912.692,277085.302,10.125,"FT","1 KURLA LV.csv",8
"507",2111911.707,277085.4,10.269,"FT","1 KURLA LV.csv",9
"508",2111912.851,277085.879,10.448,"CH","1 KURLA LV.csv",10
"509",2111912.831,277087.041,10.539,"CH","1 KURLA LV.csv",11
"510",2111911.75,277087.002,10.474,"CH","1 KURLA LV.csv",12
"511",2111912.82,277086.387,10.469,"CH TOP","1 KURLA LV.csv",13
"512",2111902.07,277085.481,10.193,"FT","1 KURLA LV.csv",14
"513",2111894.494,277085.524,10.338,"FT","1 KURLA LV.csv",15
"514",2111883.431,277084.868,10.175,"FT","1 KURLA LV.csv",16
"515",2111872.26,277084.339,10.221,"FT","1 KURLA LV.csv",17
"516",2111858.585,277083.697,10.22,"FT","1 KURLA LV.csv",18
"517",2111850.768,277083.002,10.347,"FT","1 KURLA LV.csv",19
"518",2111840.567,277082.186,10.296,"FT","1 KURLA LV.csv",20
"519",2111830.45,277081.431,10.265,"FT","1 KURLA LV.csv",21
"520",2111836.021,277081.933,10.252,"FT","1 KURLA LV.csv",22
"521",2111822.09,277079.161,10.19,"FT","1 KURLA LV.csv",23
"522",2111805.018,277074.997,10,"FT","1 KURLA LV.csv",24
"523",2111794.353,277072.112,9.841,"FT","1 KURLA LV.csv",25
"524",2111789.838,277071.291,9.795,"FT","1 KURLA LV.csv",26
"525",2111787.315,277071.029,9.686,"FT","1 KURLA LV.csv",27
"526",2111762.104,277065.515,9.24,"FT","1 KURLA LV.csv",28
"527",2111751.312,277062.845,9.256,"FT","1 KURLA LV.csv",29
"528",2111741.115,277060.83,9.027,"FT","1 KURLA LV.csv",30
"529",2111722.799,277057.915,8.901,"FT","1 KURLA LV.csv",31
"530",2111717.558,277057.045,8.871,"FT","1 KURLA LV.csv",32
"531",2111704.374,277054.861,8.835,"FT","1 KURLA LV.csv",33
"532",2111687.957,277052.118,8.994,"FT","1 KURLA LV.csv",34
"533",2111682.949,277050.631,8.942,"FT","1 KURLA LV.csv",35
"534",2111678.952,277049.754,8.878,"FT","1 KURLA LV.csv",36
"535",2111673.669,277048.955,8.811,"FT","1 KURLA LV.csv",37
"536",2111670.366,277048.468,8.808,"FT","1 KURLA LV.csv",38
"537",2111670.331,277048.486,8.824,"FT","1 KURLA LV.csv",39
"538",2111667.762,277048.117,8.822,"FT","1 KURLA LV.csv",40
"539",2111666.715,277048.064,8.808,"FT","1 KURLA LV.csv",41
"540",2111664.158,277048.125,8.76,"FT","1 KURLA LV.csv",42
"541",2111661.415,277048.899,8.743,"FT","1 KURLA LV.csv",43
"542",2111659.426,277049.98,8.711,"FT","1 KURLA LV.csv",44
"543",2111656.985,277052.509,8.547,"FT","1 KURLA LV.csv",45
"544",2111656.438,277053.772,8.702,"FT","1 KURLA LV.csv",46
"545",2111655.782,277055.142,8.803,"FT","1 KURLA LV.csv",47
"546",2111666.681,277045.088,8.889,"LV","1 KURLA LV.csv",48
"547",2111681.806,277046.47,8.908,"LV","1 KURLA LV.csv",49
"548",2111704.856,277051.526,8.905,"LV","1 KURLA LV.csv",50
"549",2111724.282,277055.719,8.882,"LV","1 KURLA LV.csv",51
"550",2111744.922,277059.842,9.067,"LV","1 KURLA LV.csv",52
"551",2111763.951,277064.152,9.27,"LV","1 KURLA LV.csv",53
"552",2111783.083,277068.63,9.577,"LV","1 KURLA LV.csv",54
"553",2111784.131,277083.935,8.665,"LV","1 KURLA LV.csv",55
"554",2111778.968,277086.061,8.611,"LV","1 KURLA LV.csv",56
"555",2111649.349,277050.365,8.716,"LV","1 KURLA LV.csv",57
"556",2111646.533,277064.818,8.584,"LV","1 KURLA LV.csv",58
"557",2111645.837,277076.853,8.443,"LV","1 KURLA LV.csv",59
"558",2111645.565,277091.089,8.233,"LV","1 KURLA LV.csv",60
"559",2111645.204,277102.027,8.14,"LV","1 KURLA LV.csv",61
"560",2111644.519,277116.119,8.028,"LV","1 KURLA LV.csv",62
"561",2111643.25,277128.36,7.969,"LV","1 KURLA LV.csv",63
"562",2111642.828,277139.919,7.902,"LV","1 KURLA LV.csv",64
"563",2111643.207,277135.138,7.9,"LV","1 KURLA LV.csv",65
"564",2111641.977,277155.949,7.755,"LV","1 KURLA LV.csv",66
"565",2111640.133,277175.349,7.631,"LV","1 KURLA LV.csv",67
"566",2111639.496,277183.96,7.543,"LV","1 KURLA LV.csv",68
"567",2111638.596,277193.213,7.458,"LV","1 KURLA LV.csv",69
"568",2111636.437,277212.654,7.319,"LV","1 KURLA LV.csv",70
"569",2111634.058,277235.007,7.176,"LV","1 KURLA LV.csv",71
"570",2111631.637,277255.276,7.061,"LV","1 KURLA LV.csv",72
"571",2111630.759,277261.244,6.979,"LV","1 KURLA LV.csv",73
"572",2111629.835,277270.08,6.931,"LV","1 KURLA LV.csv",74
"573",2111628.258,277282.917,6.843,"LV","1 KURLA LV.csv",75
"574",2111626.894,277293.706,6.812,"LV","1 KURLA LV.csv",76
"575",2111624.924,277307.24,6.748,"LV","1 KURLA LV.csv",77
"576",2111623.129,277319.649,6.676,"LV","1 KURLA LV.csv",78
"577",2111622.6,277327.22,6.713,"LV","1 KURLA LV.csv",79
"578",2111620.543,277338.996,6.651,"LV","1 KURLA LV.csv",80
"579",2111632.776,277327.96,6.672,"LV","1 KURLA LV.csv",81
"580",2111641.485,277330.12,6.699,"LV","1 KURLA LV.csv",82
"581",2111654.11,277332.968,6.721,"LV","1 KURLA LV.csv",83
"582",2111660.458,277334.302,6.786,"LV","1 KURLA LV.csv",84
"583",2111669.666,277336.278,6.825,"LV","1 KURLA LV.csv",85
"584",2111681.798,277338.987,6.959,"LV","1 KURLA LV.csv",86
"585",2111693.541,277341.681,6.965,"LV","1 KURLA LV.csv",87
"586",2111705.756,277344.366,7.044,"LV","1 KURLA LV.csv",88
"587",2111718.668,277347.11,7.144,"LV","1 KURLA LV.csv",89
"588",2111730.947,277349.733,7.115,"LV","1 KURLA LV.csv",90
"589",2111742.54,277352.137,7.112,"LV","1 KURLA LV.csv",91
"590",2111755.218,277354.813,7.239,"LV","1 KURLA LV.csv",92
"591",2111769.126,277357.774,7.351,"LV","1 KURLA LV.csv",93
"592",2111784.545,277360.932,7.451,"LV","1 KURLA LV.csv",94
"593",2111797.756,277363.832,7.61,"LV","1 KURLA LV.csv",95
"594",2111810.459,277366.621,7.665,"LV","1 KURLA LV.csv",96
"595",2111824.752,277370.121,7.812,"LV","1 KURLA LV.csv",97
"596",2111835.974,277372.296,8.012,"LV","1 KURLA LV.csv",98
"597",2111848.821,277375.243,8.172,"LV","1 KURLA LV.csv",99
"598",2111863.434,277378.61,8.287,"LV","1 KURLA LV.csv",100
"599",2111875.724,277381.117,8.388,"LV","1 KURLA LV.csv",101
"600",2111887.13,277383.598,8.469,"LV","1 KURLA LV.csv",102
"601",2111897.657,277386.024,8.542,"LV","1 KURLA LV.csv",103
"602",2111907.906,277388.243,8.608,"LV","1 KURLA LV.csv",104
"603",2111920.655,277391.135,8.711,"LV","1 KURLA LV.csv",105
"604",2111934.699,277394.214,8.777,"LV","1 KURLA LV.csv",106
"605",2111945.92,277396.733,8.864,"LV","1 KURLA LV.csv",107
"606",2111955.959,277398.804,8.841,"LV","1 KURLA LV.csv",108
"607",2111968.046,277401.418,8.954,"LV","1 KURLA LV.csv",109
"608",2111981.093,277404.122,8.977,"LV","1 KURLA LV.csv",110
"609",2111991.977,277406.415,9.029,"LV","1 KURLA LV.csv",111
"610",2112005.375,277409.247,9.075,"LV","1 KURLA LV.csv",112
"611",2112014.484,277411.068,9.074,"LV","1 KURLA LV.csv",113
"612",2112025.229,277413.489,9.101,"LV","1 KURLA LV.csv",114
"613",2112037.58,277416.263,9.105,"LV","1 KURLA LV.csv",115
"614",2112049.661,277419.002,9.144,"LV","1 KURLA LV.csv",116
"615",2112062.668,277421.853,9.15,"LV","1 KURLA LV.csv",117
"616",2112074.684,277424.536,9.29,"LV","1 KURLA LV.csv",118
"617",2112087.389,277427.391,9.459,"LV","1 KURLA LV.csv",119
"618",2112099.512,277430.188,9.513,"LV","1 KURLA LV.csv",120
"619",2112113.597,277433.448,9.505,"LV","1 KURLA LV.csv",121
"620",2112127.228,277436.46,9.52,"LV","1 KURLA LV.csv",122
"621",2112140.985,277439.605,9.507,"LV","1 KURLA LV.csv",123
"622",2112152.143,277441.873,9.55,"LV","1 KURLA LV.csv",124
"623",2112163.924,277444.042,9.57,"LV","1 KURLA LV.csv",125
"624",2112175.763,277446.339,9.573,"LV","1 KURLA LV.csv",126
"625",2112187.955,277448.93,9.646,"LV","1 KURLA LV.csv",127
"626",2112196.859,277450.73,9.655,"LV","1 KURLA LV.csv",128
"627",2112206.859,277452.85,9.735,"LV","1 KURLA LV.csv",129
"628",2112218.721,277455.571,9.778,"LV","1 KURLA LV.csv",130
"629",2112227.348,277457.801,9.812,"LV","1 KURLA LV.csv",131
"630",2112236.683,277459.596,9.873,"LV","1 KURLA LV.csv",132
"631",2112245.827,277461.454,9.864,"LV","1 KURLA LV.csv",133
"632",2112254.94,277463.428,9.868,"LV","1 KURLA LV.csv",134
"633",2112266.069,277465.769,9.968,"LV","1 KURLA LV.csv",135
"634",2112278.928,277468.517,9.98,"LV","1 KURLA LV.csv",136
"635",2112290.944,277470.962,10.101,"LV","1 KURLA LV.csv",137
"636",2112304.522,277473.96,10.219,"LV","1 KURLA LV.csv",138
"637",2112317.281,277477.34,10.313,"LV","1 KURLA LV.csv",139
"638",2112329.044,277479.913,10.384,"LV","1 KURLA LV.csv",140
"639",2112341.294,277482.482,10.472,"LV","1 KURLA LV.csv",141
"640",2112353.879,277485.378,10.424,"LV","1 KURLA LV.csv",142
"641",2112365.151,277487.595,10.419,"LV","1 KURLA LV.csv",143
"642",2112517.727,277469.14,11.16,"LV","1 KURLA LV.csv",144
"643",2112519.087,277464.613,11.065,"LV","1 KURLA LV.csv",145
"644",2112522.836,277437.037,10.749,"LV","1 KURLA LV.csv",146
"645",2112533.273,277405.885,10.403,"LV","1 KURLA LV.csv",147
"646",2112537.919,277394.814,10.248,"LV","1 KURLA LV.csv",148
"647",2112544.307,277379.623,10.062,"LV","1 KURLA LV.csv",149
"648",2112550.965,277364.124,9.881,"LV","1 KURLA LV.csv",150
"649",2112563.073,277303.234,9.331,"LV","1 KURLA LV.csv",151
"650",2112556.543,277300.462,9.287,"LV","1 KURLA LV.csv",152
"651",2112542.907,277295.759,9.394,"LV","1 KURLA LV.csv",153
"652",2112527.977,277290.3,9.655,"LV","1 KURLA LV.csv",154
"653",2112516.965,277284.983,9.841,"LV","1 KURLA LV.csv",155
"654",2112507.024,277280.307,10.036,"LV","1 KURLA LV.csv",156
"655",2112497.804,277275.507,10.337,"LV","1 KURLA LV.csv",157
"656",2112484.282,277269.069,10.638,"LV","1 KURLA LV.csv",158
"657",2112472.87,277262.7,10.737,"LV","1 KURLA LV.csv",159
"658",2112455.611,277254.689,10.789,"LV","1 KURLA LV.csv",160
"659",2112443.65,277249.401,10.95,"LV","1 KURLA LV.csv",161
"660",2112432.44,277244.48,11.283,"LV","1 KURLA LV.csv",162
"661",2112422.082,277241.167,11.586,"LV","1 KURLA LV.csv",163
"662",2112408.618,277237.166,11.873,"LV","1 KURLA LV.csv",164
"663",2112396.322,277234.152,11.951,"LV","1 KURLA LV.csv",165
"664",2112381.847,277231.787,12.144,"LV","1 KURLA LV.csv",166
"665",2112368.564,277230.594,12.241,"LV","1 KURLA LV.csv",167
"666",2112356.313,277227.274,12.364,"LV","1 KURLA LV.csv",168
"667",2112343.895,277225.033,12.303,"LV","1 KURLA LV.csv",169
"668",2112329.548,277221.888,12.402,"LV","1 KURLA LV.csv",170
"669",2112310.591,277216.944,12.256,"LV","1 KURLA LV.csv",171
"670",2112292.232,277212.581,12.265,"LV","1 KURLA LV.csv",172
"671",2112273.679,277209.169,12.214,"LV","1 KURLA LV.csv",173
"672",2112259.181,277205.974,12.194,"LV","1 KURLA LV.csv",174
"673",2112245.654,277202.475,12.091,"LV","1 KURLA LV.csv",175
"674",2112225.364,277196.281,11.949,"LV","1 KURLA LV.csv",176
"675",2112210.992,277191.43,11.921,"LV","1 KURLA LV.csv",177
"676",2112195.451,277186.795,11.869,"LV","1 KURLA LV.csv",178
"677",2112178.997,277181.385,11.809,"LV","1 KURLA LV.csv",179
"678",2112161.946,277175.243,11.707,"LV","1 KURLA LV.csv",180
"679",2112144.759,277168.998,11.622,"LV","1 KURLA LV.csv",181
"680",2112125.963,277162.175,11.418,"LV","1 KURLA LV.csv",182
"681",2112110.106,277155.11,11.292,"LV","1 KURLA LV.csv",183
"682",2112095.124,277147.926,11.102,"LV","1 KURLA LV.csv",184
"683",2112072.551,277137.318,10.842,"LV","1 KURLA LV.csv",185
"684",2112052.513,277127.659,10.61,"LV","1 KURLA LV.csv",186
"685",2112036.923,277120.073,10.425,"LV","1 KURLA LV.csv",187
"686",2112025.03,277114.457,10.299,"LV","1 KURLA LV.csv",188
"687",2112008.28,277107.158,10.235,"LV","1 KURLA LV.csv",189
"688",2111991.631,277099.492,10.167,"LV","1 KURLA LV.csv",190
"689",2111973.759,277092.549,10.172,"LV","1 KURLA LV.csv",191
"690",2111959.062,277087.834,10.136,"LV","1 KURLA LV.csv",192
"691",2111947.073,277084.973,10.119,"LV","1 KURLA LV.csv",193
"692",2111936.968,277083.15,10.087,"LV","1 KURLA LV.csv",194
"693",2111925.242,277081.993,10.113,"LV","1 KURLA LV.csv",195
"694",2111914.325,277081.508,10.126,"LV","1 KURLA LV.csv",196
"695",2111903.498,277081.632,10.181,"LV","1 KURLA LV.csv",197
"696",2111891.525,277082.176,10.227,"LV","1 KURLA LV.csv",198
"697",2111988.501,277104.488,10.319,"LV","1 KURLA LV.csv",199
"698",2111989.239,277103.742,10.312,"CH","1 KURLA LV.csv",200
"699",2111989.045,277104.927,10.307,"CH","1 KURLA LV.csv",201
"700",2111990.008,277105.113,10.271,"CH","1 KURLA LV.csv",202
"701",2111989.604,277104.491,10.277,"TOP","1 KURLA LV.csv",203
"702",2111988.628,277107.634,10.43,"TOP","1 KURLA LV.csv",204
"703",2111987.805,277113.749,10.358,"LV","1 KURLA LV.csv",205
"704",2111987.398,277128.211,10.333,"LV","1 KURLA LV.csv",206
"705",2111986.356,277144.562,10.262,"LV","1 KURLA LV.csv",207
"706",2111986.161,277145.297,10.251,"CH","1 KURLA LV.csv",208
"707",2111985.563,277145.173,10.244,"CH","1 KURLA LV.csv",209
"708",2111985.408,277146.298,10.238,"CH","1 KURLA LV.csv",210
"709",2111986.113,277145.879,10.249,"TOP","1 KURLA LV.csv",211
"710",2111983.094,277162.088,10.112,"TOP","1 KURLA LV.csv",212
"711",2111982.959,277161.918,10.092,"CH","1 KURLA LV.csv",213
"712",2111983.596,277162.153,10.15,"CH","1 KURLA LV.csv",214
"713",2111983.745,277161.098,10.15,"CH","1 KURLA LV.csv",215
"714",2111983.943,277166.065,10.061,"LV","1 KURLA LV.csv",216
"715",2111982.24,277180.938,9.806,"LV","1 KURLA LV.csv",217
"716",2111979.372,277194.568,9.655,"LV","1 KURLA LV.csv",218
"717",2111973.122,277216.982,9.636,"LV","1 KURLA LV.csv",219
"718",2111969.746,277229.767,9.702,"LV","1 KURLA LV.csv",220
"719",2111966.764,277242.008,9.767,"LV","1 KURLA LV.csv",221
"720",2111964.292,277255.494,9.892,"LV","1 KURLA LV.csv",222
"721",2111962.151,277268.069,10.047,"LV","1 KURLA LV.csv",223
"722",2111959.891,277281.925,10.238,"LV","1 KURLA LV.csv",224
"723",2111958.435,277297.905,10.409,"LV","1 KURLA LV.csv",225
"724",2111956.2,277313.261,10.586,"LV","1 KURLA LV.csv",226
"725",2111953.382,277315.784,10.586,"CH","1 KURLA LV.csv",227
"726",2111953.312,277316.217,10.62,"CH","1 KURLA LV.csv",228
"727",2111952.85,277316.077,10.653,"CH","1 KURLA LV.csv",229
"728",2111953.077,277316.148,10.62,"TOP","1 KURLA LV.csv",230
"729",2111954.392,277325.217,10.769,"LV","1 KURLA LV.csv",231
"730",2111952.219,277338.788,10.83,"LV","1 KURLA LV.csv",232
"731",2111950.094,277349.636,10.706,"LV","1 KURLA LV.csv",233
"732",2111948.93,277364.172,10.43,"LV","1 KURLA LV.csv",234
"733",2111949.105,277376.2,9.907,"LV","1 KURLA LV.csv",235
"734",2111947.79,277389.618,9.11,"LV","1 KURLA LV.csv",236
"735",2111947.247,277392.722,9.03,"LV","1 KURLA LV.csv",237
"50",2111870.651,277346.969,7.53,"LV","1 KURLA LV.csv",238
"51",2111875.264,277345.1,7.549,"LV","1 KURLA LV.csv",239
"52",2111884.274,277348.331,7.588,"LV","1 KURLA LV.csv",240
"53",2111886.082,277353.034,7.851,"LV","1 KURLA LV.csv",241
"54",2111884.442,277357.894,8.393,"LV","1 KURLA LV.csv",242
"55",2111887.12,277359.969,8.799,"CW","1 KURLA LV.csv",243
"56",2111887.682,277359.999,8.712,"CW","1 KURLA LV.csv",244
"57",2111877.832,277336.187,7.505,"LV","1 KURLA LV.csv",245
"58",2111879.792,277331.791,7.617,"LV","1 KURLA LV.csv",246
"D5",2112704.977,277751.545,13.106,"ST","28 RTK.csv",1
"1",2112512.857,277515.238,11.227,"CC","28 RTK.csv",2
"2",2112502.567,277514.433,11.184,"CC KH","28 RTK.csv",3
"3",2112499.854,277512.143,11.045,"CC","28 RTK.csv",4
"4",2112471.008,277506.719,10.993,"CC","28 RTK.csv",5
"5",2112443.56,277500.838,10.857,"CC","28 RTK.csv",6
"6",2112409.99,277493.16,10.576,"CC","28 RTK.csv",7
"7",2112378.462,277486.221,10.342,"CC","28 RTK.csv",8
"8",2112356.103,277481.679,10.249,"CC","28 RTK.csv",9
"9",2112354.384,277485.805,10.398,"DIV","28 RTK.csv",10
"10",2112367.725,277488.452,10.462,"DIV","28 RTK.csv",11
"11",2112374.071,277489.695,10.528,"DIV","28 RTK.csv",12
"12",2112521.524,277518.62,11.465,"CHOK","28 RTK.csv",13
"13",2112525.536,277520.126,11.476,"CHOK","28 RTK.csv",14
"14",2112522.576,277523.046,11.512,"CHOK","28 RTK.csv",15
"15",2112537.315,277527.623,11.667,"CC","28 RTK.csv",16
"D7",2111304.661,277515.973,5.501,"ST","28 RTK.csv",17
"16",2110723.347,277530.579,4.773,"LV","28 RTK.csv",18
"17",2111157.969,277235.569,4.199,"LV","28 RTK.csv",19
"18",2111162.119,277197.14,3.439,"LV","28 RTK.csv",20
"19",2111158.823,277151.541,3.371,"LV","28 RTK.csv",21
"20",2111165.203,277107.471,3.472,"LV","28 RTK.csv",22
"1000",2112495.055,277515.741,11.202,"DIV","F-2.csv",2
"1001",2112495.032,277515.402,11.183,"DIV","F-2.csv",3
"1002",2112476.392,277511.43,11.129,"DIV","F-2.csv",4
"1003",2112458.793,277507.745,11.012,"DIV","F-2.csv",5
"1004",2112442.975,277504.258,10.924,"DIV","F-2.csv",6
"1005",2112426.249,277500.567,10.859,"DIV","F-2.csv",7
"1006",2112400.197,277495.041,10.697,"DIV","F-2.csv",8
"1007",2112531.11,277525.364,11.533,"LV","F-2.csv",9
"1008",2112537.902,277525.416,11.604,"LV","F-2.csv",10
"1009",2112544.014,277526.327,11.023,"LV","F-2.csv",11
"110",2112701.809,277753.979,13.159,"LV","F-2.csv",12
"111",2112601.015,277735.616,13.304,"LV","F-2.csv",13
"112",2112586.369,277731.139,13.139,"LV","F-2.csv",14
"113",2112572.021,277726.687,13.179,"LV","F-2.csv",15
"114",2112557.537,277722.222,13.284,"LV","F-2.csv",16
"115",2112541.82,277717.161,13.407,"LV","F-2.csv",17
"116",2112528.019,277710.687,13.52,"LV","F-2.csv",18
"117",2112518.942,277698.571,13.518,"LV","F-2.csv",19
"118",2112521.776,277678.379,13.275,"LV","F-2.csv",20
"119",2112524.844,277663.68,13.035,"LV","F-2.csv",21
"120",2112526.314,277646.731,12.751,"LV","F-2.csv",22
"121",2112526.089,277631.598,12.578,"LV","F-2.csv",23
"122",2112523.303,277616.574,12.324,"LV","F-2.csv",24
"123",2112519.309,277583.644,11.911,"LV","F-2.csv",25
"124",2112519.6,277568.148,11.683,"LV","F-2.csv",26
"125",2112519.455,277551.879,11.519,"LV","F-2.csv",27
"126",2112521.132,277528.354,11.444,"LV","F-2.csv",28
"127",2112536.143,277526.715,11.498,"LV","F-2.csv",29
"128",2112604.964,277542.469,10.37,"LV","F-2.csv",30
"129",2112619.927,277545.276,10.356,"LV","F-2.csv",31
"130",2112663.348,277554.384,10.38,"LV","F-2.csv",32
"131",2112746.57,277543.975,10.953,"LV","F-2.csv",33
"132",2112746.566,277543.975,10.95,"LV","F-2.csv",34
"133",2112736.898,277477.69,10.192,"LV","F-2.csv",35
"134",2112733.085,277444.097,9.451,"LV","F-2.csv",36
"2",2112734.527,277389.176,8.948,"LV","F-2.csv",37
"3",2112733.496,277461.811,9.615,"LV","F-2.csv",38
"4",2112746.016,277523.5,10.331,"LV","F-2.csv",39
"5",2112752.143,277571.777,10.843,"LV","F-2.csv",40
"100",2112774.665,277576.779,10.191,"LV","F-2.csv",41
"101",2112830.084,277588.714,9.667,"LV","F-2.csv",42
"102",2112830.089,277588.719,9.672,"LV","F-2.csv",43
"103",2112854.875,277593.856,9.667,"LV","F-2.csv",44
"104",2112754.607,277594.258,11.463,"LV","F-2.csv",45
"105",2112757.336,277643.547,12.25,"LV","F-2.csv",46
"106",2112753.786,277696.564,12.909,"LV","F-2.csv",47
"107",2112764.321,277736.08,13.129,"LV","F-2.csv",48
"108",2112738.456,277361.612,8.683,"LV","F-2.csv",49
"109",2112873.097,277346.984,8.493,"LV","F-2.csv",50
"135",2112874.973,277356.161,7.959,"LV","F-2.csv",51
"136",2112879.173,277390.454,8.303,"LV","F-2.csv",52
"137",2112889.133,277510.44,8.626,"LV","F-2.csv",53
"138",2110715.383,277527.473,4.631,"FT","F-2.csv",55
"139",2111089.097,277233.191,3.771,"FT","F-2.csv",56
"140",2111165.64,277229.166,4.483,"FT","F-2.csv",57
"141",2111198.365,277237.543,4.13,"FT","F-2.csv",58
"142",2111233.396,277244.806,4.196,"FT","F-2.csv",59
"143",2111263.219,277251.177,4.183,"FT","F-2.csv",60
"144",2111310.54,277260.104,4.287,"FT","F-2.csv",61
"145",2111360.379,277271.821,4.407,"FT","F-2.csv",62
"146",2111412.145,277283.291,4.832,"FT","F-2.csv",63
"147",2111438.733,277288.815,5.27,"FT","F-2.csv",64
"148",2111446.556,277289.066,6.196,"FT","F-2.csv",65
"500",2112508.072,277522.482,11.317,"FT","F1.csv",2
"501",2112495.738,277520.167,11.269,"FT","F1.csv",3
"502",2112472.357,277514.763,11.168,"FT","F1.csv",4
"503",2112441.387,277507.743,10.869,"FT","F1.csv",5
"504",2112424.69,277504.598,10.854,"FT","F1.csv",6
"505",2112535.339,277522.198,11.726,"CC","F1.csv",7
"506",2112546.437,277524.86,10.887,"CC","F1.csv",8
"507",2112546.313,277528.741,10.956,"CC","F1.csv",9
"508",2110726.495,277529.89,4.674,"FT","F1.csv",11
"509",2111156.935,277223.428,4.059,"LV","F1.csv",12
"510",2111138.321,277220.775,3.921,"LV","F1.csv",13
"511",2111099.207,277211.101,3.76,"LV","F1.csv",14
"512",2111052.227,277202.669,3.774,"LV","F1.csv",15
"4",2111784.122,277083.813,8.734,"LV","job1 kur.csv",2
"5",2111778.961,277086.056,8.645,"LV","job1 kur.csv",3
"6",2111778.967,277086.065,8.584,"LV","job1 kur.csv",4
"7",2111778.96,277086.058,8.628,"LV","job1 kur.csv",5
"8",2111651.678,277069.623,8.705,"FT","job1 kur.csv",6
"9",2111650.958,277076.671,8.427,"FT","job1 kur.csv",7
"10",2111649.73,277086.94,8.263,"FT","job1 kur.csv",8
"11",2111648.869,277094.947,8.217,"FT","job1 kur.csv",9
"12",2111648.306,277100.211,8.073,"FT","job1 kur.csv",10
"13",2111648.213,277106.053,8.123,"FT","job1 kur.csv",11
"14",2111647.719,277111.5,8.02,"FT","job1 kur.csv",12
"15",2111646.753,277121.288,8.068,"FT","job1 kur.csv",13
"16",2111645.741,277135.35,8.008,"FT","job1 kur.csv",14
"17",2111644.703,277142.29,7.91,"FT","job1 kur.csv",15
"18",2111643.412,277158.425,7.749,"FT","job1 kur.csv",16
"19",2111642.66,277174.635,7.586,"FT","job1 kur.csv",17
"20",2111641.219,277193.066,7.563,"FT","job1 kur.csv",18
"21",2111640.547,277198.307,7.461,"FT","job1 kur.csv",19
"22",2111638.604,277210.597,7.445,"FT","job1 kur.csv",20
"23",2111637.708,277214.184,7.359,"FT","job1 kur.csv",21
"24",2111636.026,277232.195,7.218,"FT","job1 kur.csv",22
"25",2111635.361,277238.344,7.082,"FT","job1 kur.csv",23
"26",2111634.492,277250.987,7.205,"FT","job1 kur.csv",24
"27",2111633.539,277261.576,7.039,"FT","job1 kur.csv",25
"28",2111632.66,277267.808,7.004,"FT","job1 kur.csv",26
"29",2111630.068,277289.922,6.859,"FT","job1 kur.csv",27
"30",2111628.576,277301.243,6.722,"FT","job1 kur.csv",28
"31",2111626.614,277313.28,6.772,"FT","job1 kur.csv",29
"32",2111625.425,277321.303,6.829,"FT","job1 kur.csv",30
"33",2111625.42,277321.299,6.842,"FT","job1 kur.csv",31
"34",2111627.889,277321.771,6.801,"FT","job1 kur.csv",32
"35",2111640.584,277324.765,6.644,"FT","job1 kur.csv",33
"36",2111659.203,277329.243,6.73,"FT","job1 kur.csv",34
"37",2111678.096,277333.88,6.913,"FT","job1 kur.csv",35
"38",2111697.006,277338.219,6.886,"FT","job1 kur.csv",36
"39",2111724.837,277344.23,7.03,"FT","job1 kur.csv",37
"40",2111741.293,277347.683,7.079,"FT","job1 kur.csv",38
"41",2111761.15,277351.895,7.266,"FT","job1 kur.csv",39
"42",2111788.699,277357.646,7.409,"FT","job1 kur.csv",40
"43",2111819.669,277364.441,7.711,"FT","job1 kur.csv",41
"44",2111825.087,277365.694,7.729,"FT","job1 kur.csv",42
"45",2111847.986,277370.971,8.037,"FT","job1 kur.csv",43
"46",2111864.422,277374.73,8.293,"FT","job1 kur.csv",44
"47",2111883.572,277378.67,8.329,"FT","job1 kur.csv",45
"48",2111905.141,277383.461,8.524,"FT","job1 kur.csv",46
"49",2111927.568,277388.628,8.727,"FT","job1 kur.csv",47
"50",2111942.19,277391.734,8.934,"FT","job1 kur.csv",48
"51",2111951.045,277393.476,8.768,"FT","job1 kur.csv",49
"52",2111972.138,277398.101,8.87,"FT","job1 kur.csv",50
"53",2111991.906,277402.2,8.935,"FT","job1 kur.csv",51
"54",2112017.947,277407.668,8.997,"FT","job1 kur.csv",52
"55",2112047.706,277414.446,9.037,"FT","job1 kur.csv",53
"56",2112089.702,277423.894,9.412,"FT","job1 kur.csv",54
"57",2112098.685,277425.862,9.396,"FT","job1 kur.csv",55
"58",2112120.781,277430.794,9.456,"FT","job1 kur.csv",56
"59",2112140.229,277434.932,9.492,"FT","job1 kur.csv",57
"60",2112172.668,277441.228,9.49,"FT","job1 kur.csv",58
"61",2112187.458,277444.383,9.591,"FT","job1 kur.csv",59
"62",2112234.859,277455.271,9.729,"FT","job1 kur.csv",60
"63",2112263.348,277461.275,9.872,"FT","job1 kur.csv",61
"64",2112303.741,277469.724,10.088,"FT","job1 kur.csv",62
"65",2112333.418,277476.169,10.299,"FT","job1 kur.csv",63
"66",2112360.653,277482.415,10.317,"FT","job1 kur.csv",64
"67",2112384.921,277487.252,10.482,"FT","job1 kur.csv",65
"68",2112517.323,277514.584,11.388,"LV","job1 kur.csv",66
"69",2112514.109,277515.625,11.291,"FT","job1 kur.csv",67
"70",2112514.737,277510.127,11.441,"FT","job1 kur.csv",68
"71",2112514.452,277499.654,11.183,"FT","job1 kur.csv",69
"72",2112514.937,277482.11,11.156,"FT","job1 kur.csv",70
"73",2112514.98,277475.349,11.16,"FT","job1 kur.csv",71
"74",2112514.889,277471.324,11.193,"FT","job1 kur.csv",72
"75",2112514.896,277468.259,11.24,"FT","job1 kur.csv",73
"76",2112515.251,277464.414,11.27,"FT","job1 kur.csv",74
"77",2112515.779,277459.096,11.084,"FT","job1 kur.csv",75
"78",2112517.116,277449.983,10.927,"FT","job1 kur.csv",76
"79",2112516.435,277437.822,10.535,"FT","job1 kur.csv",77
"80",2112521.532,277419.525,10.588,"FT","job1 kur.csv",78
"81",2112526.272,277405.493,10.439,"FT","job1 kur.csv",79
"82",2112533.801,277389.358,10.207,"FT","job1 kur.csv",80
"83",2112548.901,277350.193,9.672,"FT","job1 kur.csv",81
"84",2112558.509,277329.208,9.793,"FT","job1 kur.csv",82
"85",2112566.213,277312.377,9.435,"FT","job1 kur.csv",83
"86",2112558.474,277304.672,9.442,"FT","job1 kur.csv",84
"87",2112544.209,277300.092,9.342,"FT","job1 kur.csv",85
"88",2112504.834,277283.535,10.16,"FT","job1 kur.csv",86
"89",2112488.415,277275.441,10.523,"FT","job1 kur.csv",87
"90",2112442.635,277251.421,10.974,"FT","job1 kur.csv",88
"91",2112429.436,277246.199,11.226,"FT","job1 kur.csv",89
"92",2112416.119,277242.252,11.679,"FT","job1 kur.csv",90
"93",2112407.59,277239.545,11.841,"FT","job1 kur.csv",91
"94",2112389.739,277236.179,12.003,"FT","job1 kur.csv",92
"95",2112360.77,277228.728,12.257,"FT","job1 kur.csv",93
"96",2112344.848,277225.488,12.254,"FT","job1 kur.csv",94
"97",2112317.411,277218.946,12.265,"FT","job1 kur.csv",95
"98",2112290.504,277212.368,12.261,"FT","job1 kur.csv",96
"99",2112265.288,277207.44,12.179,"FT","job1 kur.csv",97
"100",2112238.362,277200.361,11.978,"FT","job1 kur.csv",98
"101",2112216.633,277193.707,11.891,"FT","job1 kur.csv",99
"102",2112195.463,277186.991,11.822,"FT","job1 kur.csv",100
"103",2112166.079,277177.03,11.709,"FT","job1 kur.csv",101
"104",2112138.256,277167.127,11.585,"FT","job1 kur.csv",102
"105",2112109.271,277155.231,11.293,"FT","job1 kur.csv",103
"106",2112088.394,277144.937,10.969,"FT","job1 kur.csv",104
"107",2112072.92,277138.114,10.812,"FT","job1 kur.csv",105
"108",2112042.358,277123.09,10.488,"FT","job1 kur.csv",106
"109",2112012.545,277108.843,10.251,"FT","job1 kur.csv",107
"110",2111995.636,277101.464,10.23,"FT","job1 kur.csv",108
"111",2111980.323,277095.27,10.112,"FT KH","job1 kur.csv",109
"112",2111979.165,277096.46,10.229,"FT","job1 kur.csv",110
"113",2111972.149,277093.02,10.135,"FT","job1 kur.csv",111
"114",2111961.127,277089.689,10.235,"FT","job1 kur.csv",112
"115",2111952.333,277087.505,10.087,"FT","job1 kur.csv",113
"116",2111940.286,277085,10.113,"FT","job1 kur.csv",114
"117",2111921.587,277082.714,10.089,"FT","job1 kur.csv",115
"118",2111914.282,277082.228,10.06,"FT MATCH","job1 kur.csv",116
"A4",2111786.698,277070.38,9.668,"ST","job1 kur.csv",117
"A36",2111788.768,277098.533,8.338,"ST","job1 kur.csv",118
"A9",2111871.215,277180.969,8.251,"ST","job1 kur.csv",119
"A19",2111911.783,277217.653,9.059,"ST","job1 kur.csv",120
"119",2112156.867,277178.271,11.856,"LV","job1 kur.csv",121
"120",2111780.633,277101.716,8.533,"LV","job1 kur.csv",122
"121",2111782.87,277084.344,8.615,"LV","job1 kur.csv",123
"122",2111686.648,277152.513,7.675,"LV","job1 kur.csv",124
"123",2111636.526,277237.129,7.309,"LV","job1 kur.csv",125
"124",2111711.896,277336.478,7.226,"LV","job1 kur.csv",126
"125",2111715.059,277319.715,7.584,"LV","job1 kur.csv",127
"126",2111717.065,277306.39,7.794,"LV","job1 kur.csv",128
"127",2111721.4,277284.512,7.718,"LV","job1 kur.csv",129
"128",2111612.089,277343.46,7.317,"NALA","job1 kur.csv",130
"129",2111610.612,277350.481,7.212,"NALA","job1 kur.csv",131
"130",2111608.788,277350.327,6.778,"NALA","job1 kur.csv",132
"131",2111607.938,277350.15,6.869,"NALA","job1 kur.csv",133
"132",2111607.206,277349.455,6.896,"NALA","job1 kur.csv",134
"133",2111606.94,277348.506,6.91,"NALA","job1 kur.csv",135
"134",2111611.411,277343.471,6.119,"NALA","job1 kur.csv",136
"135",2111895.349,277381.195,8.58,"TOP","job1 kur.csv",137
"136",2112347.483,277484.333,10.504,"DIV","job1 kur.csv",138
"137",2112516.364,277514.588,11.386,"LV","job1 kur.csv",139
"C2",2111427.669,277183.332,5.687,"BZSE","K-3.csv",1
"500",2111427.628,277183.11,5.659,"LV","K-3.csv",2
"501",2111406.95,277220.547,5.323,"DIV","K-3.csv",3
"502",2111407.588,277219.563,5.328,"DIV","K-3.csv",4
"503",2111414.361,277224.735,5.419,"DIV","K-3.csv",5
"504",2111427.583,277236.308,5.616,"DIV","K-3.csv",6
"505",2111438.978,277248.977,5.777,"DIV","K-3.csv",7
"506",2111450.111,277265.157,5.966,"DIV","K-3.csv",8
"507",2111462.282,277289.91,6.206,"DIV","K-3.csv",9
"508",2111473.717,277318.993,6.367,"DIV","K-3.csv",10
"509",2111489.467,277360.027,6.465,"DIV","K-3.csv",11
"510",2111499.729,277387.566,6.501,"DIV","K-3.csv",12
"511",2111512.294,277421.553,6.665,"DIV","K-3.csv",13
"512",2111522.106,277448.551,6.78,"DIV","K-3.csv",14
"513",2111532.403,277476.716,6.953,"DIV","K-3.csv",15
"514",2111541.425,277502.31,7.142,"DIV","K-3.csv",16
"515",2111553.91,277537.452,7.527,"DIV","K-3.csv",17
"516",2111560.45,277556.032,7.698,"DIV","K-3.csv",18
"517",2111573.424,277593.658,8.044,"DIV","K-3.csv",19
"518",2111578.12,277612.329,8.239,"DIV","K-3.csv",20
"519",2111581.519,277634.11,8.431,"DIV","K-3.csv",21
"520",2111582.169,277661.695,8.839,"DIV","K-3.csv",22
"521",2111578.07,277699.795,9.761,"DIV","K-3.csv",23
"522",2111572.947,277743.041,10.981,"DIV","K-3.csv",24
"523",2111565.657,277795.36,12.176,"DIV","K-3.csv",25
"524",2111560.066,277834.52,12.583,"DIV","K-3.csv",26
"525",2111554.922,277872.826,12.884,"DIV","K-3.csv",27
"526",2111548.849,277918.588,12.951,"DIV","K-3.csv",28
"527",2111545.189,277950.986,13.021,"DIV","K-3.csv",29
"528",2111541.416,277989.969,12.713,"DIV","K-3.csv",30
"529",2111539.288,278022.304,11.243,"DIV","K-3.csv",31
"530",2111538.127,278023.024,12.081,"DIV","K-3.csv",32
"531",2111580.884,277551.013,7.467,"FT","K-3.csv",33
"532",2111582.656,277549.161,7.471,"FT","K-3.csv",34
"533",2111586.589,277531.796,7.344,"FT","K-3.csv",35
"534",2111594.843,277466.352,6.956,"FT","K-3.csv",36
"535",2111602.329,277432.195,6.675,"FT","K-3.csv",37
"536",2111606.848,277397.05,6.672,"FT","K-3.csv",38
"537",2111610.682,277366.566,6.447,"FT","K-3.csv",39
"538",2111615.012,277331.303,6.55,"FT","K-3.csv",40
"539",2111602.295,277328.187,6.705,"FT","K-3.csv",41
"540",2111579.667,277322.983,6.735,"FT","K-3.csv",42
"541",2111560.596,277318.178,6.704,"FT","K-3.csv",43
"542",2111528.03,277311.026,6.596,"FT","K-3.csv",44
"543",2111500.111,277304.824,6.507,"FT","K-3.csv",45
"544",2111477.744,277301.086,6.253,"FT","K-3.csv",46
"545",2111388.201,277220.896,4.886,"FT","K-3.csv",47
"546",2111365.884,277208.523,4.486,"FT","K-3.csv",48
"547",2111339.362,277194.965,4.227,"FT","K-3.csv",49
"548",2111323.18,277187.282,4.103,"FT","K-3.csv",50
"549",2111297.249,277174.066,3.925,"FT","K-3.csv",51
"550",2111260.707,277155.376,3.729,"FT","K-3.csv",52
"551",2111232.339,277140.735,3.485,"FT","K-3.csv",53
"552",2111201.544,277125.068,3.392,"FT","K-3.csv",54
"553",2111174.127,277109.554,3.348,"FT","K-3.csv",55
"554",2111144.731,277092.622,3.393,"FT","K-3.csv",56
"555",2111116.338,277071.782,3.268,"FT","K-3.csv",57
"556",2111082.29,277047.412,3.344,"FT","K-3.csv",58
"557",2111033.661,277012.169,3.423,"FT","K-3.csv",59
"558",2110995.854,276984.012,3.445,"FT","K-3.csv",60
"559",2110977.802,276971.203,3.449,"FT","K-3.csv",61
"560",2110962.282,276959.371,3.428,"LV","K-3.csv",62
"561",2110955.524,276940.224,3.876,"TBM NO 2","K-3.csv",63
"562",2110954.77,276940.285,3.444,"DIV","K-3.csv",64
"563",2110955.574,276940.283,3.47,"DIV","K-3.csv",65
"564",2110955.411,276939.498,3.445,"DIV","K-3.csv",66
"C3",2110950.382,276959.96,4.192,"ST","K-3.csv",67
"565",2110932.26,276936.484,3.186,"FT","K-3.csv",68
"566",2110917.095,276924.907,3.111,"FT","K-3.csv",69
"567",2110956.832,276941.359,3.471,"LV","K-3.csv",70
"568",2110974.869,276954.792,3.504,"LV","K-3.csv",71
"569",2111007.294,276979.7,3.637,"LV","K-3.csv",72
"570",2111022.931,276991.147,3.603,"LV","K-3.csv",73
"571",2111024.922,276993.376,3.631,"DIV","K-3.csv",74
"572",2111025.575,276992.621,3.605,"DIV","K-3.csv",75
"573",2111044.164,277006.112,3.54,"DIV","K-3.csv",76
"574",2111086.724,277036.96,3.377,"DIV","K-3.csv",77
"575",2111136.671,277073.075,3.43,"DIV","K-3.csv",78
"576",2111153.998,277085.648,3.448,"DIV","K-3.csv",79
"577",2111154.119,277086.453,3.404,"DIV","K-3.csv",80
"578",2111153.445,277086.609,3.411,"DIV","K-3.csv",81
"579",2111154.467,277086.667,3.453,"LV","K-3.csv",82
"580",2111173.817,277098.51,3.471,"LV","K-3.csv",83
"581",2111176.091,277100.734,3.454,"DLV","K-3.csv",84
"582",2111176.719,277099.741,3.492,"DLV","K-3.csv",85
"583",2111208.224,277115.926,3.569,"DLV","K-3.csv",86
"584",2111247.453,277135.914,3.739,"DLV","K-3.csv",87
"585",2111284.697,277154.812,3.968,"DLV","K-3.csv",88
"586",2111314.523,277169.999,4.128,"DLV","K-3.csv",89
"587",2111338.542,277182.04,4.301,"DLV","K-3.csv",90
"588",2111378.628,277202.264,4.829,"DLV","K-3.csv",91
"589",2111392.731,277210.307,5.074,"DLV","K-3.csv",92
"590",2111392.154,277211.373,5.08,"DLV","K-3.csv",93
"591",2111394.264,277211.78,5.164,"LV","K-3.csv",94
"592",2111406.399,277219.463,5.317,"LV","K-3.csv",95
"593",2111407.211,277208.378,5.107,"LV","K-3.csv",96
"594",2111414.921,277197.933,5.384,"LV","K-3.csv",97
"595",2111423.745,277187.057,5.731,"LV","K-3.csv",98
"596",2111512.025,277470.454,6.748,"FT","K-3.csv",99
"597",2111496.22,277473.975,6.244,"FT","K-3.csv",100
"598",2111470.109,277478.093,5.794,"FT","K-3.csv",101
"599",2111451.538,277480.307,5.55,"FT","K-3.csv",102
"600",2111419.15,277484.52,5.462,"FT","K-3.csv",103
"601",2111395.18,277487.013,5.229,"FT","K-3.csv",104
"602",2111370.032,277489.424,5.13,"FT","K-3.csv",105
"603",2111344.189,277489.773,5.098,"FT","K-3.csv",106
"604",2111343.852,277490.111,5.126,"FT","K-3.csv",107
"605",2111343.867,277490.715,5.161,"FT","K-3.csv",108
"606",2111344.034,277492.188,5.288,"FT","K-3.csv",109
"607",2111337.153,277492.992,5.181,"FT","K-3.csv",110
"608",2111336.368,277493.125,5.176,"FT","K-3.csv",111
"609",2111333.678,277494.934,5.028,"FT","K-3.csv",112
"610",2111330.519,277498.557,5.012,"FT","K-3.csv",113
"611",2111327.616,277502.161,4.998,"FT","K-3.csv",114
"612",2111327.035,277504.395,4.898,"FT","K-3.csv",115
"613",2111296.561,277500.19,4.85,"FT","K-3.csv",116
"614",2111284.369,277500.154,4.919,"FT","K-3.csv",117
"615",2111283.783,277499.735,4.849,"FT","K-3.csv",118
"616",2111283.283,277499.744,4.782,"FT","K-3.csv",119
"617",2111273.129,277499.806,4.714,"FT","K-3.csv",120
"618",2111242.917,277500.559,4.646,"FT","K-3.csv",121
"619",2111209.483,277501.384,4.634,"FT","K-3.csv",122
"620",2111172.694,277502.018,4.59,"FT","K-3.csv",123
"621",2111152.373,277502.485,4.603,"FT","K-3.csv",124
"622",2111130.453,277503.055,4.622,"FT","K-3.csv",125
"623",2111100.843,277503.661,4.598,"FT","K-3.csv",126
"624",2111105.416,277494.417,4.635,"FT","K-3.csv",127
"625",2111105.508,277496.913,4.716,"LV","K-3.csv",128
"626",2111152.454,277495.992,4.713,"LV","K-3.csv",129
"627",2111310.061,277494.396,4.92,"LV","K-3.csv",130
"628",2111368.127,277481.51,5.248,"LV","K-3.csv",131
"629",2111431.027,277475.708,5.651,"LV","K-3.csv",132
"630",2111484.357,277468.914,6.205,"LV","K-3.csv",133
"D2",2111562.95,278286.745,12.089,"ST","K-3.csv",134
"631",2111596.08,278333.619,11.415,"DIV","K-3.csv",135
"632",2111597.12,278333.319,11.419,"DIV","K-3.csv",136
"633",2111591.37,278317.002,11.583,"DIV","K-3.csv",137
"634",2111582.57,278292.327,11.921,"DIV","K-3.csv",138
"635",2111574.944,278270.954,12.13,"DIV","K-3.csv",139
"636",2111573.838,278271.095,12.104,"DIV","K-3.csv",140
"637",2111573.652,278269.416,12.103,"LV","K-3.csv",141
"638",2111568.725,278255.9,12.168,"LV","K-3.csv",142
"639",2111563.724,278242.588,12.175,"LV","K-3.csv",143
"640",2111557.653,278225.948,12.173,"LV","K-3.csv",144
"641",2111556.581,278224.733,12.147,"DV","K-3.csv",145
"642",2111557.234,278224.931,12.206,"DV","K-3.csv",146
"643",2111557.657,278224.229,12.169,"DV","K-3.csv",147
"644",2111551.755,278207.492,12.125,"DV","K-3.csv",148
"645",2111549.199,278199.843,12.064,"DV","K-3.csv",149
"646",2111547.492,278193.84,12,"DV","K-3.csv",150
"647",2111546.182,278193.643,11.981,"DV","K-3.csv",151
"648",2111545.859,278189.353,11.996,"LV","K-3.csv",152
"649",2111543.355,278179.472,12.001,"LV","K-3.csv",153
"650",2111542.387,278177.36,11.971,"DV","K-3.csv",154
"651",2111543.068,278177.636,11.997,"DV","K-3.csv",155
"652",2111543.475,278176.984,12.001,"DV","K-3.csv",156
"653",2111539.335,278156.435,11.997,"DV","K-3.csv",157
"654",2111535.328,278128.226,12.064,"DV","K-3.csv",158
"655",2111532.212,278096.922,12.087,"DV","K-3.csv",159
"656",2111531.371,278096.913,12.02,"DV","K-3.csv",160
"657",2111531.442,278091.486,12.07,"LV","K-3.csv",161
"658",2111530.664,278085.877,12.101,"DL","K-3.csv",162
"659",2111531.533,278085.761,12.119,"DL","K-3.csv",163
"660",2111532.047,278072.826,12.153,"DL","K-3.csv",164
"661",2111534.395,278050.478,12.285,"DL","K-3.csv",165
"662",2111534.004,278049.738,12.283,"DL","K-3.csv",166
"663",2111533.399,278050.231,12.245,"DL","K-3.csv",167
"664",2111534.176,278048.131,12.256,"LV","K-3.csv",168
"665",2111535.345,278039.335,12.269,"LV","K-3.csv",169
"666",2111494.067,278036.992,11.716,"FT","K-3.csv",170
"667",2111479.188,278033.828,11.515,"FT","K-3.csv",171
"668",2111476.674,278031.644,11.45,"FT","K-3.csv",172
"669",2111471.875,278031.991,11.524,"FT","K-3.csv",173
"670",2111444.922,278025.758,11.069,"FT","K-3.csv",174
"671",2111422.012,278020.438,10.83,"FT","K-3.csv",175
"672",2111418.452,278017.621,10.72,"FT","K-3.csv",176
"673",2111416.129,278016.571,10.613,"FT","K-3.csv",177
"674",2111406.542,278014.691,10.567,"FT","K-3.csv",178
"675",2111400.751,278015.802,10.505,"FT","K-3.csv",179
"676",2111334.74,277999.565,9.479,"FT","K-3.csv",180
"677",2111300.059,277991.533,8.969,"FT","K-3.csv",181
"678",2111255.668,277978.29,7.929,"FT","K-3.csv",182
"679",2111193.709,277963.152,6.432,"FT","K-3.csv",183
"680",2111078.569,277915.726,4.719,"CC","K-3.csv",184
"681",2111100.084,277874.335,4.348,"CC","K-3.csv",185
"682",2111116.944,277845.823,4.272,"CC","K-3.csv",186
"683",2111134.224,277816.331,4.187,"CC","K-3.csv",187
"684",2111154.947,277781.085,4.132,"CC","K-3.csv",188
"685",2111172.537,277750.861,4.14,"CC","K-3.csv",189
"686",2111191.524,277718.152,4.189,"CC","K-3.csv",190
"687",2111214.115,277679.261,4.213,"CC","K-3.csv",191
"688",2111235.202,277643.278,4.293,"CC","K-3.csv",192
"689",2111253.676,277611.501,4.29,"CC","K-3.csv",193
"690",2111286.317,277555.583,4.672,"CC","K-3.csv",194
"691",2111312.346,277510.136,4.898,"CC","K-3.csv",195
"692",2111385.163,277469.316,-0.179,"FT","K-3.csv",196
"1",2111427.602,277183.133,5.671,"LV","K-4.csv",2
"2",2111397.463,277226.864,5.066,"FT","K-4.csv",3
"3",2111417.352,277242.481,5.365,"FT","K-4.csv",4
"4",2111436.104,277264.911,5.766,"FT","K-4.csv",5
"5",2111440.221,277271.426,5.823,"FT END","K-4.csv",6
"6",2111446.013,277282.104,6.014,"CC","K-4.csv",7
"7",2111455.944,277305.736,6.223,"FT","K-4.csv",8
"8",2111468.264,277337.546,6.289,"FT","K-4.csv",9
"9",2111481.885,277373.132,6.293,"FT","K-4.csv",10
"10",2111491.798,277399.805,6.336,"FT","K-4.csv",11
"11",2111498.711,277418.669,6.472,"FT","K-4.csv",12
"12",2111508.957,277448.544,6.636,"FT TURN","K-4.csv",13
"13",2111508.956,277448.551,6.645,"FT TURN","K-4.csv",14
"14",2111503.687,277456.009,6.573,"FT","K-4.csv",15
"15",2111499.696,277460.601,6.499,"FT","K-4.csv",16
"16",2111523.764,277487.314,6.824,"FT","K-4.csv",17
"17",2111532.009,277510.385,7.019,"FT","K-4.csv",18
"18",2111541.943,277538.353,7.248,"FT","K-4.csv",19
"19",2111553.176,277570.77,7.68,"FT","K-4.csv",20
"20",2111564.477,277604.268,8.021,"FT","K-4.csv",21
"21",2111570.349,277641.049,8.285,"FT","K-4.csv",22
"22",2111570.454,277663.867,8.77,"FT","K-4.csv",23
"23",2111565.901,277708.003,9.822,"FT","K-4.csv",24
"24",2111559.671,277757.251,11.386,"FT","K-4.csv",25
"25",2111553.471,277800.951,12.194,"FT","K-4.csv",26
"26",2111545.684,277856.269,12.634,"FT","K-4.csv",27
"27",2111539.728,277900.733,12.83,"FT","K-4.csv",28
"28",2111533.464,277952.566,12.838,"FT","K-4.csv",29
"29",2111530.489,277985.755,12.575,"FT","K-4.csv",30
"30",2111586.541,277559.006,7.599,"LV","K-4.csv",31
"31",2111591.952,277527.848,7.227,"LV","K-4.csv",32
"32",2111597.402,277486.482,6.963,"LV","K-4.csv",33
"33",2111608.062,277418.742,6.664,"LV","K-4.csv",34
"34",2111615.642,277363.207,6.618,"LV","K-4.csv",35
"35",2111617.832,277332.38,6.634,"LV","K-4.csv",36
"36",2111613.243,277325.929,6.598,"LV","K-4.csv",37
"37",2111593.821,277321.986,6.81,"LV","K-4.csv",38
"38",2111563.93,277314.616,6.825,"LV","K-4.csv",39
"39",2111526.41,277306.235,6.765,"LV","K-4.csv",40
"40",2111478.414,277296.424,6.21,"LV","K-4.csv",41
"41",2111480.097,277291.637,6.324,"FT","K-4.csv",42
"42",2111574.906,278305.539,11.627,"FT","K-4.csv",44
"43",2111568.162,278286.555,11.873,"FT","K-4.csv",45
"44",2111557.51,278257.612,12.038,"FT","K-4.csv",46
"45",2111550.158,278244.112,12.054,"FT","K-4.csv",47
"46",2111545.175,278230.41,12.017,"FT","K-4.csv",48
"47",2111539.773,278215.391,11.988,"FT","K-4.csv",49
"48",2111534.041,278197.332,11.873,"FT","K-4.csv",50
"49",2111527.379,278167.464,11.879,"FT","K-4.csv",51
"50",2111523.123,278143.063,11.978,"FT","K-4.csv",52
"51",2111520.296,278118.6,11.879,"FT","K-4.csv",53
"52",2111518.929,278101.804,11.816,"FT KHTKI","K-4.csv",54
"53",2111521.219,278101.525,11.86,"FT","K-4.csv",55
"54",2111520.258,278084.773,11.983,"FT","K-4.csv",56
"55",2111521.661,278062.224,12.059,"FT","K-4.csv",57
"56",2111523.29,278046.662,12.065,"FT","K-4.csv",58
"57",2111521.932,278043.453,12.023,"FT","K-4.csv",59
"58",2111511.748,278040.845,11.896,"FT","K-4.csv",60
"59",2111521.865,278035.44,12.069,"LV","K-4.csv",61
"60",2111496.417,278031.94,11.91,"LV","K-4.csv",62
"61",2111466.014,278026.354,11.591,"LV","K-4.csv",63
"62",2111436.916,278017.959,11.102,"LV","K-4.csv",64
"63",2111387.868,278009.104,10.416,"LV","K-4.csv",65
"64",2111335.649,277996.323,9.602,"LV","K-4.csv",66
"65",2111302.159,277987.211,9.189,"LV","K-4.csv",67
"66",2111279.366,277982.067,8.624,"LV","K-4.csv",68
"67",2111253.475,277975.1,7.871,"LV","K-4.csv",69
"68",2111212.584,277964.799,6.963,"LV","K-4.csv",70
"69",2111180.875,277957.834,6.365,"LV","K-4.csv",71
"70",2111109.187,277937.498,5.093,"LV","K-4.csv",72
"71",2111091.381,277933.109,4.971,"LV","K-4.csv",73
"72",2111080.831,277923.186,4.818,"LV","K-4.csv",74
"73",2111085.315,277910.175,4.686,"LV","K-4.csv",75
"74",2111096.467,277885.122,4.489,"LV","K-4.csv",76
"75",2111124.936,277836.193,4.277,"LV","K-4.csv",77
"76",2111165.362,277766.789,4.19,"LV","K-4.csv",78
"77",2111185.394,277735.976,4.248,"C LV","K-4.csv",79
"78",2111210.418,277692.816,4.31,"C LV","K-4.csv",80
"79",2111241.796,277639.17,4.363,"C LV","K-4.csv",81
"80",2111266.168,277597.36,4.419,"C LV","K-4.csv",82
"81",2111307.59,277526.358,4.96,"C LV","K-4.csv",83
"Z1",2111862.529,277144.357,8.266,"BASE","k1.csv",1
"38",2112156.977,277178.411,11.799,"LV","k1.csv",2
"39",2112157.321,277179.497,11.805,"LV","k1.csv",3
"40",2111960.274,277090.871,10.409,"LV","k1.csv",4
"41",2112157.136,277178.243,11.791,"LV","k1.csv",5
"42",2112141.079,277220.181,11.885,"LV","k1.csv",6
"43",2112134.121,277258.06,12.104,"LV","k1.csv",7
"44",2112118.94,277295.782,12.101,"LV","k1.csv",8
"45",2112060.931,277287.405,18.626,"LV","k1.csv",9
"46",2111688.188,277035.115,8.873,"CC","k1.csv",10
"47",2111695.982,277013.51,8.812,"CC","k1.csv",11
"48",2111701.823,276998.821,8.833,"CC","k1.csv",12
"49",2111708.232,276980.856,8.701,"CC","k1.csv",13
"50",2111712.693,276965.666,8.405,"CC","k1.csv",14
"51",2111719.174,276946.88,7.948,"CC","k1.csv",15
"52",2111719.351,276941.926,7.658,"CC","k1.csv",16
"53",2111709.774,276935.472,7.403,"CC","k1.csv",17
"54",2111700.05,276929.075,7.245,"CC","k1.csv",18
"55",2111688.68,276924.164,7.188,"CC","k1.csv",19
"56",2111673.722,276917.503,7.118,"CC","k1.csv",20
"57",2111657.181,276910.714,6.956,"CC","k1.csv",21
"58",2111635.172,276901.347,6.803,"CC","k1.csv",22
"59",2111596.997,276888.772,6.617,"CC","k1.csv",23
"60",2111576.299,276861.135,6.152,"FT","k1.csv",24
"61",2111557.247,276852.365,5.658,"FT","k1.csv",25
"62",2111524.093,276837.609,4.501,"FT","k1.csv",26
"63",2111404.972,276730.533,3.496,"LV","k1.csv",27
"64",2111379.784,276721.629,3.33,"LV","k1.csv",28
"65",2111366.179,276716.751,3.221,"LV","k1.csv",29
"66",2111362.906,276712.067,3.145,"NALA","k1.csv",30
"67",2111334.89,276726.46,4.454,"NALA","k1.csv",31
"68",2111607.6,276771.673,6.103,"FT","k1.csv",32
"69",2111603.536,276787.275,6.054,"FT","k1.csv",33
"1",2111427.611,277183.114,5.689,"LV","k2 26826.csv",2
"2",2111398.844,277201.859,4.907,"FT","k2 26826.csv",3
"3",2111413.91,277211.288,5.175,"FT","k2 26826.csv",4
"4",2111425.645,277220.61,5.281,"FT","k2 26826.csv",5
"5",2111438.641,277232.675,5.446,"FT","k2 26826.csv",6
"6",2111451.193,277248.082,5.703,"FT","k2 26826.csv",7
"7",2111463.75,277268.352,5.915,"FT","k2 26826.csv",8
"8",2111471.815,277286.256,6.203,"FT","k2 26826.csv",9
"9",2111478.712,277304.249,6.329,"FT","k2 26826.csv",10
"10",2111490.13,277333.01,6.245,"FT","k2 26826.csv",11
"11",2111500.535,277359.193,6.349,"FT","k2 26826.csv",12
"12",2111509.93,277384.439,6.19,"FT","k2 26826.csv",13
"13",2111521.586,277417.113,6.512,"FT","k2 26826.csv",14
"14",2111531.937,277444.812,6.702,"FT","k2 26826.csv",15
"15",2111547.996,277487.946,6.979,"FT","k2 26826.csv",16
"16",2111561.665,277526.981,7.32,"FT","k2 26826.csv",17
"17",2111573.683,277553.431,7.484,"FT","k2 26826.csv",18
"18",2111587.335,277595.677,7.983,"FT","k2 26826.csv",19
"19",2111590.522,277623.606,8.167,"FT","k2 26826.csv",20
"20",2111592.728,277661.14,8.706,"FT","k2 26826.csv",21
"21",2111586.412,277718.688,10.095,"FT","k2 26826.csv",22
"22",2111582.751,277748.534,10.976,"FT","k2 26826.csv",23
"23",2111579.078,277774.858,11.764,"FT","k2 26826.csv",24
"24",2111575.235,277801.651,12.062,"FT","k2 26826.csv",25
"25",2111570.536,277835.086,12.352,"FT","k2 26826.csv",26
"26",2111564.508,277879.214,12.667,"FT","k2 26826.csv",27
"27",2111559.081,277920.105,12.845,"FT","k2 26826.csv",28
"28",2111554.9,277956.692,12.837,"FT","k2 26826.csv",29
"29",2111546.216,278040.824,12.108,"FT","k2 26826.csv",30
"30",2111590.887,277563.697,7.714,"FT","k2 26826.csv",31
"31",2111592.277,277557.015,7.624,"FT","k2 26826.csv",32
"32",2111595.874,277529.404,7.159,"FT","k2 26826.csv",33
"33",2111602.545,277482.24,6.735,"FT","k2 26826.csv",34
"34",2111603.982,277472.282,6.768,"FT","k2 26826.csv",35
"35",2111610.454,277428.087,6.605,"FT","k2 26826.csv",36
"36",2111615.589,277391.455,6.492,"FT","k2 26826.csv",37
"37",2111621.884,277340.505,6.656,"FT","k2 26826.csv",38
"38",2111612.057,277320.306,6.649,"FT","k2 26826.csv",39
"39",2111584.979,277315.112,6.731,"FT","k2 26826.csv",40
"40",2111531.431,277302.098,6.61,"FT","k2 26826.csv",41
"41",2111386.259,277194.652,4.647,"FT","k2 26826.csv",42
"42",2111355.031,277177.777,4.408,"FT","k2 26826.csv",43
"43",2111316.574,277159.349,3.97,"FT","k2 26826.csv",44
"44",2111275.651,277138.497,3.828,"FT","k2 26826.csv",45
"45",2111241.044,277120.851,3.523,"FT","k2 26826.csv",46
"46",2111174.188,277086.372,3.346,"FT","k2 26826.csv",47
"47",2111145.853,277067.213,3.229,"FT","k2 26826.csv",48
"48",2111099.447,277033.422,3.252,"FT","k2 26826.csv",49
"49",2111066.041,277009.224,3.329,"FT","k2 26826.csv",50
"50",2111049.854,276997.587,3.42,"FT","k2 26826.csv",51
"51",2111013.716,276969.445,3.451,"FT","k2 26826.csv",52
"52",2111000.006,276960.024,3.437,"FT","k2 26826.csv",53
"53",2110972.3,276939.075,3.299,"FT","k2 26826.csv",54
"54",2110942.773,276916.725,3.211,"FT","k2 26826.csv",55
"55",2110925.65,276903.754,3.226,"FT","k2 26826.csv",56
"56",2110920.182,276912.76,3.274,"LV","k2 26826.csv",57
"57",2111025.905,276970.141,3.629,"FT","k2 26826.csv",58
"58",2111027.135,276975.814,3.584,"LV","k2 26826.csv",59
"59",2111031.831,276982.248,3.542,"BT","k2 26826.csv",60
"60",2111053.057,276982.873,3.482,"BT","k2 26826.csv",61
"61",2111053.245,276973.679,3.559,"BT","k2 26826.csv",62
"62",2111051.747,276976.679,3.531,"LV","k2 26826.csv",63
"63",2111075.353,276977.273,3.647,"LV","k2 26826.csv",64
"64",2111101.29,276976.978,3.677,"FT","k2 26826.csv",65
"65",2111102.648,276983.52,3.77,"FT","k2 26826.csv",66
"66",2111132.101,276982.901,3.854,"LV","k2 26826.csv",67
"67",2111151.251,276986.351,4.003,"FT","k2 26826.csv",68
"68",2111151.116,276980.199,3.959,"FT","k2 26826.csv",69
"69",2111189.159,276984.704,4.287,"LV","k2 26826.csv",70
"70",2111232.291,276984.162,5.099,"BT","k2 26826.csv",71
"71",2111230.261,276989.755,5.077,"BT","k2 26826.csv",72
"72",2111287.122,276990.902,6.501,"LV","k2 26826.csv",73
"73",2111302.417,276988.668,6.508,"BT","k2 26826.csv",74
"74",2111308.226,276994.874,6.557,"BT","k2 26826.csv",75
"75",2111351.915,276998.988,7.122,"LV","k2 26826.csv",76
"76",2111393.001,277005.965,7.561,"BT","k2 26826.csv",77
"77",2111399.692,276999.367,7.874,"BT","k2 26826.csv",78
"78",2111399.188,277000.783,7.87,"LV","k2 26826.csv",79
"79",2111439.627,277004.331,8.182,"BT","k2 26826.csv",80
"80",2111439.099,277012.046,8.061,"BT","k2 26826.csv",81
"81",2111439.331,277010.124,8.057,"LV","k2 26826.csv",82
"82",2111505.735,277453.301,6.609,"FT","k2 26826.csv",83
"83",2111499.678,277460.568,6.454,"FT","k2 26826.csv",84
"84",2111449.114,277469.378,5.631,"CC","k2 26826.csv",85
"85",2111414.95,277473.133,5.43,"CC","k2 26826.csv",86
"86",2111366.142,277478.274,5.157,"CC","k2 26826.csv",87
"87",2111329.445,277484.995,5.064,"CC","k2 26826.csv",88
"88",2111313.501,277488.425,4.884,"CC","k2 26826.csv",89
"89",2111290.984,277491.154,4.841,"CC","k2 26826.csv",90
"90",2111283.026,277490.36,4.778,"FT","k2 26826.csv",91
"91",2111257.011,277490.947,4.673,"FT","k2 26826.csv",92
"92",2111210.572,277494.559,4.716,"LV","k2 26826.csv",93
"93",2111242.868,277494.246,4.781,"LV","k2 26826.csv",94
"94",2111259.527,277493.247,4.753,"LV","k2 26826.csv",95
"95",2111289.249,277493.381,4.844,"LV","k2 26826.csv",96
"96",2111334.498,277485.338,5.109,"LV","k2 26826.csv",97
"97",2111397.832,277475.871,5.361,"LV","k2 26826.csv",98
"98",2111500.596,277466.527,6.571,"LV","k2 26826.csv",99
"99",2111606.102,278327.597,11.378,"FT","k2 26826.csv",101
"100",2111593.954,278293.5,11.874,"FT","k2 26826.csv",102
"101",2111586.184,278271.568,12.072,"FT","k2 26826.csv",103
"102",2111569.609,278229.38,12.124,"FT","k2 26826.csv",104
"103",2111558.716,278194.945,11.948,"FT","k2 26826.csv",105
"104",2111552.489,278168.53,11.887,"FT","k2 26826.csv",106
"105",2111547.56,278143.807,11.831,"FT","k2 26826.csv",107
"106",2111543.441,278106.525,11.89,"FT","k2 26826.csv",108
"107",2111543.184,278065.163,11.991,"FT","k2 26826.csv",109
"108",2111545.706,278044.274,12.105,"FT","k2 26826.csv",110
"109",2111523.812,278026.211,12.16,"FT","k2 26826.csv",111
"110",2111513.372,278028.743,11.878,"FT","k2 26826.csv",112
"111",2111511.911,278028.961,11.854,"FT","k2 26826.csv",113
"112",2111490.837,278024.931,11.73,"FT","k2 26826.csv",114
"113",2111463.879,278018.142,11.369,"FT","k2 26826.csv",115
"114",2111305.739,277981.826,9.158,"FT","k2 26826.csv",116
"115",2111107.103,277930.45,4.996,"FT","k2 26826.csv",117
"116",2111094.451,277923.061,4.702,"FT","k2 26826.csv",118
"117",2111097.775,277892.677,4.4,"CC","k2 26826.csv",119
"118",2111126.836,277843.248,4.247,"CC","k2 26826.csv",120
"119",2111139.676,277820.937,4.206,"CC","k2 26826.csv",121
"120",2111161.003,277784.6,4.13,"CC","k2 26826.csv",122
"121",2111175.749,277759.253,4.175,"CC","k2 26826.csv",123
"122",2111188.254,277737.742,4.177,"CC","k2 26826.csv",124
"123",2111215.62,277690.627,4.232,"CC","k2 26826.csv",125
"124",2111248.091,277635.406,4.3,"CC","k2 26826.csv",126
"125",2111266.412,277603.906,4.335,"CC","k2 26826.csv",127
"126",2111290.821,277562.174,4.62,"CC","k2 26826.csv",128
"127",2111324.051,277504.875,4.988,"CC","k2 26826.csv",129
"A1",2111862.529,277144.357,8.266,"BASE","k23.csv",1
"1",2111782.891,277084.328,8.657,"BASELV","k23.csv",2
"2",2111653.753,277092.276,8.634,"LV","k23.csv",3
"3",2111676.112,277097.037,8.889,"LV","k23.csv",4
"4",2111675.463,277110.685,8.82,"LV","k23.csv",5
"5",2111689.828,277113.914,8.851,"LV","k23.csv",6
"6",2111648.649,277115.585,8.208,"LV","k23.csv",7
"7",2111654.915,277117.495,8.291,"LV","k23.csv",8
"8",2111642.358,277195.796,7.586,"LV","k23.csv",9
"9",2111637.79,277234.931,7.367,"LV","k23.csv",10
"10",2111646.785,277237.348,7.435,"LV","k23.csv",11
"11",2111652.473,277241.801,7.484,"NALI TOP","k23.csv",12
"12",2111652.397,277242.307,7.48,"NALI TOP","k23.csv",13
"13",2111637.069,277263.105,7.317,"CH TOP","k23.csv",14
"14",2111643.921,277264.67,7.517,"LV","k23.csv",15
"15",2111678.043,277264.872,7.849,"LV","k23.csv",16
"16",2111677.841,277267.284,7.864,"LV","k23.csv",17
"17",2111677.476,277269.899,7.922,"LV","k23.csv",18
"18",2111719.397,277272.633,7.711,"ROAD LV","k23.csv",19
"19",2111718.931,277275.105,7.742,"ROAD LV","k23.csv",20
"20",2111717.888,277277.728,7.718,"ROAD LV","k23.csv",21
"21",2111746.697,277276.928,7.604,"ROAD LV","k23.csv",22
"22",2111747.037,277277.759,7.563,"CH TOP LV","k23.csv",23
"23",2111745.727,277283.738,7.459,"NAKI TOP LV","k23.csv",24
"24",2111746.333,277283.978,7.454,"NAKI TOP LV","k23.csv",25
"25",2111745.938,277284.028,6.994,"NALI BED LV","k23.csv",26
"26",2111623.653,277345.461,7.529,"NALA+BRIDGE","k23.csv",27
"27",2111623.357,277348.059,7.545,"NALA+BRIDGE","k23.csv",28
"28",2111623.349,277348.073,7.543,"NALA+BRIDGE","k23.csv",29
"29",2111908.548,277381.921,8.203,"NALI BEDLV","k23.csv",30
"30",2111945.086,277391.655,9.081,"LV","k23.csv",31
"31",2112195.021,277443.736,9.612,"LV","k23.csv",32
"32",2112250.954,277459.902,9.882,"LV","k23.csv",33
"33",2112250.983,277463.314,9.907,"LV","k23.csv",34
"34",2112250.026,277466.519,9.945,"ROAD LV","k23.csv",35
"35",2112517.78,277506.871,11.376,"ROAD LV","k23.csv",36
"36",2112523.536,277508.443,11.445,"ROAD LV","k23.csv",37
"37",2112523.174,277427.788,10.674,"ROAD LV","k23.csv",38
"1",2111424.447,277185.845,5.725,"LV","k5.csv",2
"2",2111419.805,277192.528,5.533,"LV","k5.csv",3
"3",2111422.187,277194.617,5.561,"LV","k5.csv",4
"4",2111415.819,277190.298,5.513,"LV","k5.csv",5
"5",2111412.236,277196.862,5.387,"LV","k5.csv",6
"6",2111413.932,277199.57,5.382,"LV","k5.csv",7
"7",2111415.827,277201.399,5.371,"LV","k5.csv",8
"8",2111406.013,277204.022,5.274,"LV","k5.csv",9
"9",2111418.504,277186.36,5.638,"LV","k5.csv",10
"10",2111420.036,277176.604,5.828,"LV","k5.csv",11
"11",2111422.846,277176.24,5.806,"LV","k5.csv",12
"12",2111415.983,277176.386,5.855,"LV","k5.csv",13
"13",2111413.707,277162.453,5.838,"LV","k5.csv",14
"14",2111418.761,277160.554,5.851,"LV","k5.csv",15
"15",2111423.493,277157.438,5.938,"LV","k5.csv",16
"16",2111423.705,277142.907,5.961,"LV","k5.csv",17
"17",2111418.64,277128.862,5.589,"LV","k5.csv",18
"18",2111429.961,277124.409,5.787,"LV","k5.csv",19
"19",2111420.75,277108.088,5.439,"LV","k5.csv",20
"20",2111425.364,277107.838,5.467,"LV","k5.csv",21
"21",2111431.417,277109.055,5.748,"LV","k5.csv",22
"22",2111424.684,277084.983,5.268,"LV","k5.csv",23
"23",2111425.792,277073.311,5.263,"LV","k5.csv",24
"24",2111430.174,277072.514,5.092,"LV","k5.csv",25
"25",2111432.648,277074.746,5.676,"LV","k5.csv",26
"26",2111427.954,277061.354,5.179,"LV","k5.csv",27
"27",2111428.746,277048.637,5.527,"LV","k5.csv",28
"28",2111436.746,277041.611,6.067,"LV","k5.csv",29
"29",2111440.549,277032.581,6.649,"LV","k5.csv",30
"30",2111442.236,277025.298,7.318,"LV","k5.csv",31
"31",2111447.767,277025.543,7.412,"LV","k5.csv",32
"32",2111447.91,277016.086,7.83,"LV","k5.csv",33
"33",2111448.862,277014.382,8.046,"LV","k5.csv",34
"34",2111441.354,277012.482,8.071,"LV","k5.csv",35
"35",2111446.629,277030.258,7.087,"LV","k5.csv",36
"36",2111445.651,277038.547,6.305,"LV","k5.csv",37
"37",2111443.494,277046.349,5.754,"LV","k5.csv",38
"38",2111443.158,277052.567,5.772,"LV","k5.csv",39
"39",2111449.776,277041.964,6.185,"LV","k5.csv",40
"40",2111458.734,277042.898,6.08,"LV","k5.csv",41
"41",2111463.737,277042.924,6.058,"LV","k5.csv",42
"42",2111468.249,277043.291,7.452,"LV","k5.csv",43
"43",2111479.071,277044.085,7.413,"LV","k5.csv",44
"44",2111489.477,277044.895,7.396,"LV","k5.csv",45
"45",2111500.53,277050.432,7.457,"LV","k5.csv",46
"46",2111505.02,277058.956,7.457,"LV","k5.csv",47
"47",2111507.14,277069.347,7.444,"LV","k5.csv",48
"48",2111509.322,277069.181,7.485,"LV","k5.csv",49
"49",2111507.762,277058.37,7.497,"LV","k5.csv",50
"50",2111508.41,277082.717,7.424,"LV","k5.csv",51
"51",2111512.935,277082.479,7.468,"LV","k5.csv",52
"52",2111513.004,277101.228,7.425,"LV","k5.csv",53
"53",2111514.335,277107.357,7.421,"LV","k5.csv",54
"54",2111517.431,277106.488,7.534,"LV","k5.csv",55
"55",2111517.925,277124.036,7.482,"LV","k5.csv",56
"56",2111521.292,277139.142,7.408,"LV","k5.csv",57
"57",2111523.282,277137.389,7.43,"LV","k5.csv",58
"58",2111522.282,277142.529,7.445,"LV","k5.csv",59
"59",2111529.537,277144.561,7.578,"LV","k5.csv",60
"60",2111529.55,277144.65,7.563,"LV","k5.csv",61
"61",2111528.641,277148.991,7.897,"LV","k5.csv",62
"62",2111528.678,277156.281,7.51,"LV","k5.csv",63
"63",2111530.313,277166.282,7.497,"LV","k5.csv",64
"64",2111534.157,277166.429,7.439,"LV","k5.csv",65
"65",2111527.444,277167.368,7.413,"LV","k5.csv",66
"66",2111525.896,277182.696,7.389,"LV","k5.csv",67
"67",2111521.975,277188.832,7.385,"LV","k5.csv",68
"68",2111525.249,277190.954,7.358,"LV","k5.csv",69
"69",2111516.914,277194.673,7.385,"LV","k5.csv",70
"70",2111515.68,277191.76,7.386,"LV","k5.csv",71
"71",2111506.327,277194.013,7.382,"LV","k5.csv",72
"72",2111507.409,277196.67,7.485,"LV","k5.csv",73
"73",2111492.457,277197.265,7.392,"LV","k5.csv",74
"74",2111483.734,277198.74,7.388,"LV","k5.csv",75
"75",2111484.615,277201.662,7.458,"LV","k5.csv",76
"76",2111475.323,277200.523,7.394,"LV","k5.csv",77
"77",2111464.806,277202.49,7.379,"LV","k5.csv",78
"78",2111465.139,277205.193,7.542,"LV","k5.csv",79
"79",2111455.85,277204.236,6.646,"LV","k5.csv",80
"80",2111447.984,277201.472,6.656,"LV","k5.csv",81
"81",2111447.44,277208.128,6.021,"LV","k5.csv",82
"82",2111456.028,277216.852,6.349,"LV","k5.csv",83
"83",2111459.497,277218.228,6.369,"LV","k5.csv",84
"84",2111453.16,277218.668,6.292,"LV","k5.csv",85
"85",2111457.008,277227.977,6.523,"LV","k5.csv",86
"86",2111453.588,277229.93,6.258,"LV","k5.csv",87
"87",2111449.177,277229.706,6.06,"LV","k5.csv",88
"88",2111444.2,277234.996,5.759,"LV","k5.csv",89
"89",2111447.819,277240.127,5.89,"LV","k5.csv",90
"90",2111451.077,277244.035,5.963,"LV","k5.csv",91
"91",2111444.242,277205.628,6.014,"LV","k5.csv",92
"92",2111436.191,277198.971,6.002,"LV","k5.csv",93
"93",2111439.71,277193.93,6.321,"LV","k5.csv",94
"94",2111428.261,277193.34,5.95,"LV","k5.csv",95
"95",2111427.944,277178.266,5.4,"LV","k5.csv",96
"96",2111427.41,277172.597,6,"LV","k5.csv",97
"97",2111428.902,277162.998,6.012,"LV","k5.csv",98
"98",2111430.475,277151.84,5.892,"LV","k5.csv",99
"99",2111430.731,277140.832,5.963,"LV","k5.csv",100
"100",2111433.023,277130.818,5.922,"LV","k5.csv",101
"101",2111434.067,277115.395,5.964,"LV","k5.csv",102
"102",2111435.529,277101.705,5.958,"LV","k5.csv",103
"103",2111437.809,277090.002,5.876,"LV","k5.csv",104
"104",2111439.239,277076.214,6.038,"LV","k5.csv",105
"105",2111441.954,277067.081,6.015,"LV","k5.csv",106
"106",2111443.902,277057.244,6.014,"LV","k5.csv",107
"107",2111443.231,277053.737,6.073,"LV","k5.csv",108
"108",2111443.697,277048.884,5.766,"LV","k5.csv",109
"109",2111430.967,277050.731,5.655,"TEM","k5.csv",110
"110",2111429.176,277056.902,5.301,"TEM","k5.csv",111
"111",2111430.062,277057.348,5.275,"TEM","k5.csv",112
"112",2111429.067,277060.944,5.22,"TEM","k5.csv",113
"113",2111428.905,277069.763,5.121,"TEM","k5.csv",114
"114",2111433.33,277070.453,5.807,"TEM","k5.csv",115
"115",2111419.704,277088.79,5.223,"LV","k5.csv",116
"116",2111437.594,277187.016,5.131,"BED","k5.csv",117
"117",2111481.603,277192.545,4.953,"BED","k5.csv",118
"118",2111505.651,277188.001,4.854,"BED","k5.csv",119
"119",2111520.937,277168.43,5.078,"BED","k5.csv",120
"120",2111524.353,277159.649,7.453,"STR","k5.csv",121
"121",2111519.633,277160.433,6.901,"STR","k5.csv",122
"122",2111518.816,277156.183,6.843,"STR","k5.csv",123
"123",2111516.745,277144.904,4.635,"BED","k5.csv",124
"124",2111509.923,277113.977,4.919,"BED","k5.csv",125
"125",2111511.3,277113.471,5.745,"FFL","k5.csv",126
"126",2111501.811,277077.816,4.955,"BED","k5.csv",127
"127",2111490.71,277051.393,5.049,"BED","k5.csv",128
"128",2111461.429,277047.54,5.176,"BED","k5.csv",129
"129",2111447.69,277053.901,4.069,"BED","k5.csv",130
"130",2111441.732,277074.521,4.382,"BED","k5.csv",131
"131",2111437.121,277118.506,4.647,"BED","k5.csv",132
"132",2111430.754,277170.032,4.863,"BED","k5.csv",133
"133",2111461.015,277226.891,7.091,"LV","k5.csv",134
"134",2111484.869,277223.724,10.282,"LV","k5.csv",135
"135",2111485.174,277223.508,7.388,"LV","k5.csv",136
"136",2111497.999,277219.969,7.341,"LV","k5.csv",137
"137",2111527.999,277201.166,7.111,"LV","k5.csv",138
"138",2111527.126,277193.16,7.094,"LV","k5.csv",139
"139",2111532.902,277166.468,7.42,"LV","k5.csv",140
"140",2111553.268,277167.451,7.601,"LV","k5.csv",141
"141",2111576.634,277169.667,7.614,"LV","k5.csv",142
"142",2111605.64,277171.755,7.66,"LV","k5.csv",143
"143",2111633.432,277174.731,7.629,"LV","k5.csv",144
"144",2111339.869,276998.654,6.97,"LV","k5.csv",145
"145",2111318.228,277017.922,4.721,"LV","k5.csv",146
"146",2111300.335,277031.272,4.179,"LV","k5.csv",147
"147",2111299.146,277045.654,3.906,"LV","k5.csv",148
"148",2111285.594,277054.258,3.626,"LV","k5.csv",149
"149",2111275.242,277044.17,3.457,"LV","k5.csv",150
"150",2111268.183,277062.64,3.737,"LV","k5.csv",151
"151",2111252.38,277061.271,3.642,"LV","k5.csv",152
"152",2111234.576,277064.091,3.677,"LV","k5.csv",153
"153",2111218.364,277064.551,3.7,"LV","k5.csv",154
"154",2111190.084,277074.916,3.576,"LV","k5.csv",155
"155",2111173.039,277071.635,3.58,"LV","k5.csv",156
"156",2111166.515,277075.865,3.491,"LV","k5.csv",157
"157",2111172.13,277076.575,3.562,"LV","k5.csv",158
"158",2111175.034,277057.928,3.433,"LV","k5.csv",159
"159",2111170.415,277056.236,3.516,"LV","k5.csv",160
"160",2111174.398,277031.357,3.554,"LV","k5.csv",161
"161",2111179.986,277031.24,3.54,"LV","k5.csv",162
"162",2111177.583,277005.482,3.65,"LV","k5.csv",163
"163",2111186.828,277007.08,3.812,"LV","k5.csv",164
"164",2111178.073,276989.839,4.005,"LV","k5.csv",165
"165",2111184.491,276989.86,4.063,"LV","k5.csv",166
"166",2111184.468,276989.867,4.033,"LV","k5.csv",167
"167",2111147.487,276990.7,4.014,"LV","k5.csv",168
"168",2111143.763,277006.78,4.079,"LV","k5.csv",169
"169",2111145.302,277018.816,4.118,"LV","k5.csv",170
"170",2111140.736,276986.302,3.927,"LV","k5.csv",171
"171",2111139.371,276997.736,3.418,"LV","k5.csv",172
"172",2111119.476,277006.648,3.432,"LV","k5.csv",173
"173",2111081.941,276972.991,3.793,"LV","k5.csv",174
"174",2111086.168,276972.319,3.851,"LV","k5.csv",175
"175",2111079.09,276971.651,3.908,"LV","k5.csv",176
"176",2111087.602,276954.935,4.154,"LV","k5.csv",177
"177",2111083.134,276951.461,4.228,"LV","k5.csv",178
"178",2111107.253,276945.066,4.372,"LV","k5.csv",179
"179",2111108.174,276952.727,4.348,"LV","k5.csv",180
"180",2111135.108,276942.27,4.326,"LV","k5.csv",181
"181",2111135.121,276931.659,3.977,"LV","k5.csv",182
"182",2111143.897,276947.713,4.28,"LV","k5.csv",183
"183",2111154.986,276930.983,4.072,"LV","k5.csv",184
"184",2111159.862,276927.477,3.94,"LV","k5.csv",185
"185",2111168.95,276927.394,3.991,"LV","k5.csv",186
"186",2111170.427,276936.014,4.07,"LV","k5.csv",187
"187",2111178.633,276956.413,4.251,"LV","k5.csv",188
"188",2111178.06,276981.445,4.139,"LV","k5.csv",189
"189",2111163.125,276902.958,3.383,"LV","k5.csv",190
"190",2111172.913,276908.277,3.729,"LV","k5.csv",191
"191",2111184.468,276889.644,3.944,"LV","k5.csv",192
"192",2111198.301,276906.675,3.991,"LV","k5.csv",193
"193",2111226.566,276904.013,4.213,"LV","k5.csv",194
"194",2111243.853,276900.978,4.303,"LV","k5.csv",195
"195",2111279.55,276906.986,4.425,"LV","k5.csv",196
"196",2111292.344,276900.052,4.284,"LV","k5.csv",197
"197",2111299.137,276882.2,4.041,"LV","k5.csv",198
"198",2111303.466,276867.139,3.935,"LV","k5.csv",199
"199",2111308.383,276856.926,3.12,"LV","k5.csv",200
"200",2111282.01,276833.869,2.928,"LV","k5.csv",201
"201",2111293.156,276817.125,2.992,"LV","k5.csv",202
"202",2111355.038,276726.871,3.086,"LV","k5.csv",203
"203",2111580.504,276911.308,6.536,"LV","k5.csv",204
"204",2111557.751,276905.91,6.183,"LV","k5.csv",205
"205",2111556.531,276913.001,6.095,"LV","k5.csv",206
"206",2111526.489,276910.653,5.492,"LV","k5.csv",207
"207",2111527.057,276904.412,5.705,"LV","k5.csv",208
"208",2111502.788,276908.978,5.139,"LV","k5.csv",209
"209",2111502.994,276902.404,5.172,"LV","k5.csv",210
"210",2111474.8,276905.832,4.84,"LV","k5.csv",211
"211",2111474.924,276901.403,4.887,"LV","k5.csv",212
"212",2111451.168,276896.9,4.639,"LV","k5.csv",213
"213",2111454.048,276877.108,4.504,"LV","k5.csv",214
"214",2111453.743,276857.048,4.452,"LV","k5.csv",215
"215",2111446.512,276850.103,4.415,"LV","k5.csv",216
"216",2111425.146,276850.038,4.323,"LV","k5.csv",217
"217",2111434.723,276857.647,4.308,"LV","k5.csv",218
"218",2111436.057,276880.827,4.442,"LV","k5.csv",219
"219",2111437.208,276896.447,4.447,"LV","k5.csv",220
"220",2111438.509,276903.409,4.395,"LV","k5.csv",221
"221",2111439.372,276897.238,4.418,"LV","k5.csv",222
"222",2111416.642,276896.343,4.14,"LV","k5.csv",223
"223",2111416.093,276905.949,4.227,"LV","k5.csv",224
"224",2111405.794,276917.538,4.313,"LV","k5.csv",225
"225",2111405.446,276908.017,4.175,"LV","k5.csv",226
"226",2111392.077,276907.319,4.337,"LV","k5.csv",227
"227",2111425.373,276911.62,4.413,"LV","k5.csv",228
"228",2111428.672,276914.681,4.601,"LV","k5.csv",229
"229",2111452.934,276913.772,4.583,"LV","k5.csv",230
"230",2111451.769,276930.437,4.779,"LV","k5.csv",231
"231",2111451.031,276942.37,4.868,"LV","k5.csv",232
"232",2111444.453,276927.984,4.709,"LV","k5.csv",233
"233",2111458.831,276928.828,4.748,"LV","k5.csv",234
"2",2111604.513,276750.644,6.29,"0","KURLA NALA 123.csv",2
"3",2111596.113,276811.975,6.102,"0","KURLA NALA 123.csv",3
"5",2111662.504,276759.609,1.029,"BED","KURLA NALA 123.csv",4
"6",2111625.625,276747.961,-0.567,"BED","KURLA NALA 123.csv",5
"7",2111664.184,276759.524,-0.257,"BED","KURLA NALA 123.csv",6
"8",2111725.83,276761.293,-0.315,"BED","KURLA NALA 123.csv",7
"9",2111792.256,276765.69,-0.243,"BED","KURLA NALA 123.csv",8
"10",2111831.863,276763.68,5.568,"CW","KURLA NALA 123.csv",9
"11",2111833.107,276776.816,3.573,"CW","KURLA NALA 123.csv",10
"12",2111833.362,276777.412,3.679,"CW","KURLA NALA 123.csv",11
"13",2111833.619,276777.693,3.996,"CW","KURLA NALA 123.csv",12
"14",2111831.037,276780.519,0.655,"BED","KURLA NALA 123.csv",13
"15",2111871.348,276869.434,8.064,"CW","KURLA NALA 123.csv",14
"16",2111617.275,276850.099,0.511,"BED","KURLA NALA 123.csv",15
"17",2111695.362,276861.69,0.224,"BED","KURLA NALA 123.csv",16
"18",2111868.519,276867.712,-0.487,"BED","KURLA NALA 123.csv",17
"19",2111599.27,276809.421,6.193,"0","KURLA NALA 123.csv",18
"20",2111587.905,276726.534,-1.815,"BED","KURLA NALA 123.csv",19
"21",2111604.512,276750.649,6.292,"LV","KURLA NALA 123.csv",20
"22",2111604.511,276750.65,6.292,"0","KURLA NALA 123.csv",21
"23",2111524.364,276685.404,-2.538,"BED","KURLA NALA 123.csv",22
"24",2111421.926,276620.642,-0.188,"BED","KURLA NALA 123.csv",23
"25",2111595.364,276779.581,-0.028,"BED","KURLA NALA 123.csv",24
"26",2111571.173,276778.937,1.701,"BED","KURLA NALA 123.csv",25
"27",2111595.568,276784.872,6.301,"0","KURLA NALA 123.csv",26
"28",2111386.481,276623.705,6.05,"CW","KURLA NALA 123.csv",27
"29",2111402.875,276610.674,6.136,"CW","KURLA NALA 123.csv",28
"30",2111411.154,276604.177,6.045,"CW","KURLA NALA 123.csv",29
"31",2111413.649,276602.125,6.071,"CW","KURLA NALA 123.csv",30
"32",2111412.224,276726.479,-0.061,"BED","KURLA NALA 123.csv",31
"33",2111339.658,276723.089,4.605,"NALA","KURLA NALA 123.csv",32
"34",2111325.19,276732.087,-0.955,"BED","KURLA NALA 123.csv",33
"35",2111326.251,276732.039,4.736,"NALA","KURLA NALA 123.csv",34
"36",2111308.338,276743.17,4.793,"NALA","KURLA NALA 123.csv",35
"37",2111275.419,276763.703,4.7,"NALA","KURLA NALA 123.csv",36
"38",2111272.19,276765.622,4.696,"NALA","KURLA NALA 123.csv",37
"39",2111266.936,276768.115,4.672,"NALA","KURLA NALA 123.csv",38
"40",2111261.565,276770.568,4.664,"NALA","KURLA NALA 123.csv",39
"41",2111244.078,276777.703,-0.301,"BED","KURLA NALA 123.csv",40
"42",2111244.806,276777.997,4.525,"NALA","KURLA NALA 123.csv",41
"43",2111326.844,276733.451,4.542,"0","KURLA NALA 123.csv",42
"44",2111318.222,276741.273,4.628,"LV","KURLA NALA 123.csv",43
"45",2111325.792,276744.559,4.605,"LV","KURLA NALA 123.csv",44
"46",2111302.573,276749.748,4.596,"LV","KURLA NALA 123.csv",45
"47",2111305.776,276754.434,4.192,"LV","KURLA NALA 123.csv",46
"48",2111282.528,276762.305,4.627,"LV","KURLA NALA 123.csv",47
"49",2111286.199,276768.179,4.301,"LV","KURLA NALA 123.csv",48
"50",2111266.85,276770.708,4.621,"LV","KURLA NALA 123.csv",49
"51",2111270.367,276776.545,4.152,"LV","KURLA NALA 123.csv",50
"52",2111248.977,276778.801,4.499,"LV","KURLA NALA 123.csv",51
"53",2111251.451,276784.592,3.88,"LV","KURLA NALA 123.csv",52
"54",2111228.504,276787.945,4.461,"LV","KURLA NALA 123.csv",53
"55",2111229.748,276795.177,4.278,"LV","KURLA NALA 123.csv",54
"56",2111219.061,276791.528,4.462,"LV","KURLA NALA 123.csv",55
"57",2111221.508,276797.282,4.286,"LV","KURLA NALA 123.csv",56
"58",2111199.99,276799.207,4.47,"LV","KURLA NALA 123.csv",57
"59",2111193.976,276805.847,4.243,"LV","KURLA NALA 123.csv",58
"60",2111177.129,276809.3,4.436,"LV","KURLA NALA 123.csv",59
"61",2111158.418,276817.931,4.415,"LV","KURLA NALA 123.csv",60
"62",2111223.871,276799.309,3.921,"LV","KURLA NALA 123.csv",61
"63",2111132.988,276826.172,4.394,"LV","KURLA NALA 123.csv",62
"64",2111116.689,276831.412,4.292,"LV","KURLA NALA 123.csv",63
"65",2111256.824,276786.119,4.424,"LV","KURLA NALA 123.csv",64
"66",2111202.757,276687.018,7.892,"CW","KURLA NALA 123.csv",65
"67",2111151.955,276817.658,-0.027,"BED","KURLA NALA 123.csv",66
"68",2111151.729,276818.452,4.463,"NALA","KURLA NALA 123.csv",67
"69",2111176.964,276807.491,4.571,"NALA","KURLA NALA 123.csv",68
"70",2111209.493,276793.377,4.53,"NALA","KURLA NALA 123.csv",69
"71",2111239.801,276783.94,4.45,"0","KURLA NALA 123.csv",70
"72",2111106.701,276834.273,5.879,"CW","KURLA NALA 123.csv",71
"73",2111145.506,276827.77,4.213,"LV","KURLA NALA 123.csv",72
"74",2111116.712,276837.069,4.427,"LV","KURLA NALA 123.csv",73
"75",2111091.697,276838.636,4.332,"LV","KURLA NALA 123.csv",74
"76",2111104.865,276841.782,4.284,"LV","KURLA NALA 123.csv",75
"77",2111090.928,276853.382,8.299,"STR","KURLA NALA 123.csv",76
"78",2111098.046,276853.586,8.27,"STR","KURLA NALA 123.csv",77
"79",2111097.115,276870.468,8.22,"STR","KURLA NALA 123.csv",78
"80",2111106.716,276843.799,3.662,"LV","KURLA NALA 123.csv",79
"81",2111068.626,276844.95,4.286,"LV","KURLA NALA 123.csv",80
"82",2111068.273,276841.682,4.494,"NALA","KURLA NALA 123.csv",81
"83",2111086.344,276848.71,4.863,"LV","KURLA NALA 123.csv",82
"84",2111047.912,276850.73,4.253,"LV","KURLA NALA 123.csv",83
"85",2111035.885,276849.804,0.036,"BED","KURLA NALA 123.csv",84
"86",2111036.724,276850.14,4.261,"NALA","KURLA NALA 123.csv",85
"87",2111117.043,276841.015,3.274,"LV","KURLA NALA 123.csv",86
"88",2111140.723,276834.857,4.264,"LV","KURLA NALA 123.csv",87
"89",2111036.115,276854.482,4.171,"LV","KURLA NALA 123.csv",88
"90",2111023.643,276853.732,4.18,"NALA","KURLA NALA 123.csv",89
"91",2111008.766,276857.545,4.146,"NALA","KURLA NALA 123.csv",90
"92",2111080.095,276842.7,4.289,"LV","KURLA NALA 123.csv",91
"93",2111001.293,276858.815,4.081,"NALA","KURLA NALA 123.csv",92
"94",2111055.45,276849.801,4.226,"LV","KURLA NALA 123.csv",93
"95",2110985.821,276857.604,4.102,"NALA","KURLA NALA 123.csv",94
"96",2111026.573,276859.35,4.087,"LV","KURLA NALA 123.csv",95
"97",2110966.086,276855.236,4.163,"NALA","KURLA NALA 123.csv",96
"98",2110997.63,276864.405,3.975,"LV","KURLA NALA 123.csv",97
"99",2110960.329,276858.942,4.048,"LV","KURLA NALA 123.csv",98
"100",2110916.831,276844.375,4.12,"LV","KURLA NALA 123.csv",99
"101",2110964.46,276854.224,-2.251,"BED","KURLA NALA 123.csv",100
"102",2110943.477,276850.49,4.114,"NALA","KURLA NALA 123.csv",101
"103",2110878.335,276809.068,4.002,"LV","KURLA NALA 123.csv",102
"104",2110925.738,276846.05,4.091,"NALA","KURLA NALA 123.csv",103
"105",2110923.264,276844.974,4.15,"NALA","KURLA NALA 123.csv",104
"106",2110921.137,276843.645,4.148,"NALA","KURLA NALA 123.csv",105
"107",2110901.219,276825.403,4.17,"NALA","KURLA NALA 123.csv",106
"108",2110845.865,276777.821,3.812,"LV","KURLA NALA 123.csv",107
"109",2110886.567,276811.995,4.139,"NALA","KURLA NALA 123.csv",108
"110",2110840.511,276763.794,3.764,"LV","KURLA NALA 123.csv",109
"111",2110886.439,276811.162,-1.196,"BED","KURLA NALA 123.csv",110
"112",2110864.642,276791.365,4.06,"NALA","KURLA NALA 123.csv",111
"113",2110842.154,276763.426,3.767,"NALA","KURLA NALA 123.csv",112
"114",2110852.352,276779.583,3.936,"NALA","KURLA NALA 123.csv",113
"115",2110850.838,276778.026,3.938,"NALA","KURLA NALA 123.csv",114
"116",2110849.643,276776.485,3.938,"NALA","KURLA NALA 123.csv",115
"117",2110848.589,276774.633,3.911,"NALA","KURLA NALA 123.csv",116
"118",2110844.541,276766.557,-0.096,"BED","KURLA NALA 123.csv",117
"119",2111040.959,276744.385,9.069,"ANGL","KURLA NALA 123.csv",118
"120",2111091.129,276726.42,8.886,"ANGL","KURLA NALA 123.csv",119
"121",2111147.145,276661.057,9.64,"ANGL","KURLA NALA 123.csv",120
"122",2111027.562,276776.036,8.073,"ANGL","KURLA NALA 123.csv",121
"123",2111026.579,276749.107,9.208,"ANGL","KURLA NALA 123.csv",122
"500",2112864.969,277280.813,6.527,"0","KURLA NALA 123.csv",123
"501",2112886.347,277327.14,8.037,"D4 ST","KURLA NALA 123.csv",124
"502",2112893.276,277342.511,2.949,"BED","KURLA NALA 123.csv",125
"503",2112923.635,277338.039,4.342,"BED","KURLA NALA 123.csv",126
"504",2112924.707,277337.447,7.123,"BRI","KURLA NALA 123.csv",127
"505",2112924.765,277337.9,7.106,"BRI","KURLA NALA 123.csv",128
"506",2112915.404,277338.714,7.277,"BRI","KURLA NALA 123.csv",129
"507",2112907.696,277338.966,8.167,"BRI","KURLA NALA 123.csv",130
"508",2112916.153,277344.654,7.344,"BRI","KURLA NALA 123.csv",131
"509",2112919.693,277344.234,9.068,"NALA","KURLA NALA 123.csv",132
"510",2112884.543,277324.655,3.52,"BED","KURLA NALA 123.csv",133
"511",2112897.352,277339.89,8.647,"BRI","KURLA NALA 123.csv",134
"512",2112877.795,277344.702,8.073,"BRI","KURLA NALA 123.csv",135
"513",2112874.062,277320.884,7.465,"NALA","KURLA NALA 123.csv",136
"514",2112870.308,277296.795,6.468,"CW","KURLA NALA 123.csv",137
"515",2112888.147,277314.48,8.11,"NALA","KURLA NALA 123.csv",138
"516",2112869.023,277287.102,2.21,"BED","KURLA NALA 123.csv",139
"517",2112866.144,277273.581,2.092,"NALA","KURLA NALA 123.csv",140
"518",2112863.234,277254.341,5.841,"NALA","KURLA NALA 123.csv",141
"519",2112859.073,277228.193,5.511,"NALA","KURLA NALA 123.csv",142
"520",2112881.641,277275.219,7.165,"NALA","KURLA NALA 123.csv",143
"521",2112859.452,277227.307,1.441,"BED","KURLA NALA 123.csv",144
"522",2112889.708,277323.749,8.84,"TBM BRI 1","KURLA NALA 123.csv",145
"523",2112889.706,277323.21,9.006,"NALA","KURLA NALA 123.csv",146
"524",2112886.701,277325.015,7.926,"0","KURLA NALA 123.csv",147
"525",2112840.706,277148.983,1.383,"BED","KURLA NALA 123.csv",148
"526",2112841.347,277139.81,1.387,"BED","KURLA NALA 123.csv",149
"527",2112840.91,277154.011,4.861,"NALA","KURLA NALA 123.csv",150
"528",2112831.717,277130.452,2.58,"NALA","KURLA NALA 123.csv",151
"529",2112824.363,277111.671,1.845,"NALA","KURLA NALA 123.csv",152
"530",2112848.568,277134.008,2.082,"NALA","KURLA NALA 123.csv",153
"531",2112853.695,277155.896,0.53,"BED","KURLA NALA 123.csv",154
"532",2112824.655,277107.925,1.156,"BED","KURLA NALA 123.csv",155
"D3",2111604.514,276750.64,6.292,"COGO","KURLA NALA 123.csv",156
"D8",2111796.239,276758.717,30.087,"COGO","KURLA NALA 123.csv",157
"G2",2111596.118,276811.971,6.11,,"KURLA NALA 123.csv",158
"H2",2111595.565,276784.869,6.302,,"KURLA NALA 123.csv",159
"H3",2111610.006,276730.295,6.413,"ST","KURLA NALA 123.csv",160
"H4",2111429.155,276621.419,4.86,"ST","KURLA NALA 123.csv",161
"H5",2111326.833,276733.457,4.566,"ST","KURLA NALA 123.csv",162
"H6",2111239.8,276783.941,4.463,"ST","KURLA NALA 123.csv",163
"H7",2111106.652,276834.339,4.31,"ST","KURLA NALA 123.csv",164
"N1",2111599.272,276809.432,6.259,"ST","KURLA NALA 123.csv",165
"Y3",2112865.21,277281.304,6.953,"COGO","KURLA NALA 123.csv",167
"Y4",2112886.7,277325.01,8.851,"COGO","KURLA NALA 123.csv",168
"Y5",2112854.019,277157.476,7.018,"COGO","KURLA NALA 123.csv",169
"Z2",2112853.368,277157.095,5.605,"ST","KURLA NALA 123.csv",170
"Z3",2112855.025,277156.037,5.608,,"KURLA NALA 123.csv",171
"1",2111787.888,277068.306,9.672,"LV","kurla01 rtk.csv",2
"2",2111801.459,277071.492,9.95,"LV","kurla01 rtk.csv",3
"3",2111816.549,277075.408,10.152,"LV","kurla01 rtk.csv",4
"4",2111830.044,277077.679,10.287,"LV","kurla01 rtk.csv",5
"5",2111849.072,277080.208,10.266,"LV","kurla01 rtk.csv",6
"6",2111870.9,277081.837,10.227,"LV","kurla01 rtk.csv",7
"7",2111888.057,277081.842,10.227,"LV","kurla01 rtk.csv",8
"8",2111905.349,277080.987,10.17,"LV","kurla01 rtk.csv",9
"9",2111920.493,277081.113,10.122,"LV","kurla01 rtk.csv",10
"10",2111929.775,277082.039,10.094,"LV","kurla01 rtk.csv",11
"11",2111935.182,277073.308,9.988,"FT","kurla01 rtk.csv",12
"12",2111921.146,277070.155,10.064,"FT","kurla01 rtk.csv",13
"13",2111900.915,277069.287,10.299,"FT","kurla01 rtk.csv",14
"14",2111891.764,277072.251,10.442,"FT","kurla01 rtk.csv",15
"15",2111877.217,277073.002,10.314,"FT","kurla01 rtk.csv",16
"16",2111858.551,277072.375,10.234,"FT","kurla01 rtk.csv",17
"17",2111840.257,277070.54,10.369,"FT","kurla01 rtk.csv",18
"18",2111817.585,277067.205,10.09,"FT","kurla01 rtk.csv",19
"19",2111803.066,277063.62,9.964,"FT","kurla01 rtk.csv",20
"20",2111787.565,277059.34,9.699,"FT","kurla01 rtk.csv",21
"21",2111786.23,277059.124,9.685,"FT","kurla01 rtk.csv",22
"22",2111785.15,277059.243,9.797,"FT","kurla01 rtk.csv",23
"23",2111782.965,277059.66,9.624,"FT","kurla01 rtk.csv",24
"24",2111770.214,277056.553,9.26,"FT","kurla01 rtk.csv",25
"25",2111754.116,277053.103,9.154,"FT","kurla01 rtk.csv",26
"26",2111740.404,277050.571,9.028,"FT","kurla01 rtk.csv",27
"27",2111719.714,277044.265,9.036,"FT","kurla01 rtk.csv",28
"28",2111703.468,277040.263,8.857,"FT","kurla01 rtk.csv",29
"29",2111694.109,277038.228,8.865,"FT","kurla01 rtk.csv",30
"30",2111685.289,277033.447,8.753,"FT","kurla01 rtk.csv",31
"31",2111680.49,277031.959,8.747,"FT","kurla01 rtk.csv",32
"32",2111679.127,277031.659,8.698,"FT","kurla01 rtk.csv",33
"33",2111678.036,277031.846,8.801,"FT","kurla01 rtk.csv",34
"34",2111675.285,277032.089,8.781,"FT","kurla01 rtk.csv",35
"35",2111674.212,277031.839,8.785,"FT","kurla01 rtk.csv",36
"36",2111667.346,277030.161,8.877,"FT","kurla01 rtk.csv",37
"37",2111666.63,277030.186,8.831,"FT","kurla01 rtk.csv",38
"38",2111664.598,277030.935,8.842,"FT","kurla01 rtk.csv",39
"39",2111651.261,277027.809,8.831,"FT","kurla01 rtk.csv",40
"40",2111648.624,277031.59,9.008,"LV","kurla01 rtk.csv",41
"41",2111660.476,277034.83,8.942,"LV","kurla01 rtk.csv",42
"42",2111674.821,277037.841,8.906,"LV","kurla01 rtk.csv",43
"43",2111688.523,277040.882,8.873,"LV","kurla01 rtk.csv",44
"44",2111700.538,277043.632,8.837,"LV","kurla01 rtk.csv",45
"45",2111709.524,277052.384,8.833,"LV","kurla01 rtk.csv",46
"46",2111727.004,277055.68,8.919,"LV","kurla01 rtk.csv",47
"47",2111741.138,277058.862,9.037,"LV","kurla01 rtk.csv",48
"48",2111758.604,277063.141,9.188,"LV","kurla01 rtk.csv",49
"49",2111772.093,277065.911,9.415,"LV","kurla01 rtk.csv",50
"50",2111783.409,277068.457,9.6,"LV","kurla01 rtk.csv",51
"51",2111783.769,277072.47,9.674,"LV","kurla01 rtk.csv",52
"52",2111784.184,277083.999,8.703,"LV","kurla01 rtk.csv",53
"53",2111778.968,277086.036,8.61,"LV","kurla01 rtk.csv",54
"54",2111636.67,277052.176,8.783,"FT","kurla01 rtk.csv",55
"55",2111639.932,277052.9,8.738,"FT","kurla01 rtk.csv",56
"56",2111641.127,277064.186,8.575,"FT","kurla01 rtk.csv",57
"57",2111640.767,277083.935,8.286,"FT","kurla01 rtk.csv",58
"58",2111640.144,277101.306,8.085,"FT","kurla01 rtk.csv",59
"59",2111640.158,277101.302,8.081,"FT","kurla01 rtk.csv",60
"60",2111639.157,277119.998,7.949,"FT","kurla01 rtk.csv",61
"61",2111638.166,277136.054,7.83,"FT","kurla01 rtk.csv",62
"62",2111637.861,277155.504,7.724,"FT","kurla01 rtk.csv",63
"63",2111635.997,277176.353,7.568,"FT","kurla01 rtk.csv",64
"64",2111634.205,277194.106,7.428,"FT","kurla01 rtk.csv",65
"65",2111632.256,277212.056,7.307,"FT","kurla01 rtk.csv",66
"66",2111629.822,277233.573,7.15,"FT","kurla01 rtk.csv",67
"67",2111627.602,277254.061,7.003,"FT","kurla01 rtk.csv",68
"68",2111626.133,277265.068,6.93,"FT","kurla01 rtk.csv",69
"69",2111623.868,277282.467,6.822,"FT","kurla01 rtk.csv",70
"70",2111623.343,277282.869,6.823,"FT","kurla01 rtk.csv",71
"71",2111620.518,277304.075,6.676,"FT","kurla01 rtk.csv",72
"72",2111618.552,277318.995,6.627,"FT","kurla01 rtk.csv",73
"73",2111627.136,277332.723,6.698,"FT","kurla01 rtk.csv",74
"74",2111641.737,277335.833,6.77,"FT","kurla01 rtk.csv",75
"75",2111656.508,277338.961,6.85,"FT","kurla01 rtk.csv",76
"76",2111673.927,277342.796,6.862,"FT","kurla01 rtk.csv",77
"77",2111674.487,277342.37,6.904,"FT","kurla01 rtk.csv",78
"78",2111696.95,277347.217,6.969,"FT","kurla01 rtk.csv",79
"79",2111705.136,277349.049,6.972,"FT","kurla01 rtk.csv",80
"80",2111723.984,277353.092,6.996,"FT","kurla01 rtk.csv",81
"81",2111749.976,277358.776,7.131,"FT","kurla01 rtk.csv",82
"82",2111760.308,277360.966,7.198,"FT","kurla01 rtk.csv",83
"83",2111786.677,277366.636,7.491,"FT","kurla01 rtk.csv",84
"84",2111817.815,277373.208,7.671,"FT","kurla01 rtk.csv",85
"85",2111842.963,277378.616,8.064,"FT","kurla01 rtk.csv",86
"86",2111854.602,277381.109,8.096,"FT","kurla01 rtk.csv",87
"87",2111862.215,277382.844,8.177,"FT","kurla01 rtk.csv",88
"88",2111883.949,277387.677,8.347,"FT","kurla01 rtk.csv",89
"89",2111903.908,277392.176,8.497,"FT","kurla01 rtk.csv",90
"90",2111920.258,277395.711,8.604,"FT","kurla01 rtk.csv",91
"91",2111936.951,277399.425,8.686,"FT","kurla01 rtk.csv",92
"92",2111963.635,277405.19,8.794,"FT","kurla01 rtk.csv",93
"93",2111981.678,277409.039,8.902,"FT","kurla01 rtk.csv",94
"94",2112007.663,277414.494,8.951,"FT","kurla01 rtk.csv",95
"95",2112037.601,277420.871,9.024,"FT","kurla01 rtk.csv",96
"96",2112047.444,277422.927,8.998,"FT","kurla01 rtk.csv",97
"97",2112080.609,277430.27,9.279,"FT","kurla01 rtk.csv",98
"98",2112115.469,277438.727,9.358,"FT","kurla01 rtk.csv",99
"99",2112149.887,277446.338,9.414,"FT","kurla01 rtk.csv",100
"100",2112174.828,277451.304,9.498,"FT","kurla01 rtk.csv",101
"101",2112196.925,277455.926,9.622,"FT","kurla01 rtk.csv",102
"102",2112201.423,277456.926,9.546,"FT","kurla01 rtk.csv",103
"103",2112187.97,277444.457,9.572,"FT","kurla01 rtk.csv",104
"104",2112217.938,277451.109,9.574,"FT","kurla01 rtk.csv",105
"105",2112230.286,277463.199,9.743,"FT","kurla01 rtk.csv",106
"106",2112254.302,277468.159,9.899,"FT","kurla01 rtk.csv",107
"107",2112284.559,277474.829,10.039,"FT","kurla01 rtk.csv",108
"108",2112302.5,277478.928,10.169,"FT","kurla01 rtk.csv",109
"109",2112317.679,277482.455,10.183,"FT","kurla01 rtk.csv",110
"110",2112327.572,277484.554,10.522,"FT","kurla01 rtk.csv",111
"111",2112355.832,277490.955,10.745,"FT","kurla01 rtk.csv",112
"112",2112363.552,277483.016,10.293,"FT","kurla01 rtk.csv",113
"113",2112515.125,277515.795,11.288,"FT","kurla01 rtk.csv",114
"114",2112507.454,277522.443,11.227,"FT","kurla01 rtk.csv",115
"115",2112536.457,277505.964,11.178,"FT","kurla01 rtk.csv",116
"116",2112531.095,277506.092,11.223,"FT","kurla01 rtk.csv",117
"117",2112529.979,277494.17,11.08,"FT","kurla01 rtk.csv",118
"118",2112532.25,277479.675,10.896,"FT","kurla01 rtk.csv",119
"119",2112537.029,277443.055,10.705,"FT","kurla01 rtk.csv",120
"120",2112539.129,277443.739,10.701,"FT","kurla01 rtk.csv",121
"121",2112538.896,277435.623,10.544,"FT","kurla01 rtk.csv",122
"122",2112548.259,277411.006,10.184,"FT","kurla01 rtk.csv",123
"123",2112553.291,277398.093,10.063,"FT","kurla01 rtk.csv",124
"124",2112560.933,277380.089,9.871,"FT","kurla01 rtk.csv",125
"125",2112589.162,277312.978,9.208,"FT","kurla01 rtk.csv",126
"126",2112563.195,277288.541,9.235,"FT","kurla01 rtk.csv",127
"127",2112549.733,277284.173,9.277,"FT","kurla01 rtk.csv",128
"128",2112530.882,277276.658,9.654,"FT","kurla01 rtk.csv",129
"129",2112518.908,277269.924,9.871,"FT","kurla01 rtk.csv",130
"130",2112517.965,277269.629,9.844,"FT","kurla01 rtk.csv",131
"131",2112517.258,277269.475,9.923,"FT","kurla01 rtk.csv",132
"132",2112516.151,277269.317,9.846,"FT","kurla01 rtk.csv",133
"133",2112499.284,277261.56,10.323,"FT","kurla01 rtk.csv",134
"134",2112490.054,277256.874,10.518,"FT","kurla01 rtk.csv",135
"135",2112471.72,277247.038,10.596,"FT","kurla01 rtk.csv",136
"136",2112462.537,277241.612,10.885,"FT","kurla01 rtk.csv",137
"137",2112452.038,277240.226,10.93,"FT","kurla01 rtk.csv",138
"138",2112439.176,277234.966,11.297,"FT","kurla01 rtk.csv",139
"139",2112425.02,277227.637,11.724,"FT","kurla01 rtk.csv",140
"140",2112423.195,277228.418,11.643,"FT","kurla01 rtk.csv",141
"141",2112421.351,277228.207,11.962,"FT","kurla01 rtk.csv",142
"142",2112421.347,277228.194,11.965,"FT","kurla01 rtk.csv",143
"143",2112410.802,277226.194,11.91,"FT","kurla01 rtk.csv",144
"144",2112394.785,277222.816,12.241,"FT","kurla01 rtk.csv",145
"145",2112377.314,277219.347,12.169,"FT","kurla01 rtk.csv",146
"146",2112358.778,277219.637,12.3,"FT","kurla01 rtk.csv",147
"147",2112338.805,277215.5,12.343,"FT","kurla01 rtk.csv",148
"148",2112314.837,277209.006,12.294,"FT","kurla01 rtk.csv",149
"149",2112302.073,277206.131,12.252,"FT","kurla01 rtk.csv",150
"150",2112278.955,277200.421,12.288,"FT","kurla01 rtk.csv",151
"151",2112259.885,277197.892,11.999,"FT","kurla01 rtk.csv",152
"152",2112239.675,277191.13,12.083,"FT","kurla01 rtk.csv",153
"153",2112217.73,277184.235,11.969,"FT","kurla01 rtk.csv",154
"154",2112201.765,277179.534,11.985,"FT","kurla01 rtk.csv",155
"155",2112180.537,277172.715,11.77,"FT","kurla01 rtk.csv",156
"156",2112163.624,277166.017,11.844,"FT","kurla01 rtk.csv",157
"157",2112138.299,277157.407,11.373,"FT","kurla01 rtk.csv",158
"158",2112109.068,277145.666,11.319,"FT","kurla01 rtk.csv",159
"159",2112085.656,277132.49,10.979,"FT","kurla01 rtk.csv",160
"160",2112064.631,277123.103,10.761,"FT","kurla01 rtk.csv",161
"161",2112047.204,277114.53,10.502,"FT","kurla01 rtk.csv",162
"162",2112034.657,277108.757,10.409,"FT","kurla01 rtk.csv",163
"163",2112016.03,277100.28,10.16,"FT","kurla01 rtk.csv",164
"164",2112010.596,277097.855,10.149,"FT","kurla01 rtk.csv",165
"165",2111992.588,277090.911,10.068,"FT","kurla01 rtk.csv",166
"166",2111970.821,277082.965,10.049,"FT","kurla01 rtk.csv",167
"167",2111960.247,277079.015,10.279,"FT","kurla01 rtk.csv",168
"168",2111941.863,277074.78,10.203,"FT","kurla01 rtk.csv",169
"169",2111921.128,277070.059,10.182,"FT","kurla01 rtk.csv",170
"170",2111900.489,277069.24,10.27,"FT","kurla01 rtk.csv",171
"171",2111901.976,277085.608,10.149,"FT","kurla01 rtk.csv",172
"172",2112081.058,277145.313,11.296,"LV","kurla01 rtk.csv",173
"173",2112074.989,277162.035,11.673,"LV","kurla01 rtk.csv",174
"174",2112069.428,277181.534,11.966,"LV","kurla01 rtk.csv",175
"175",2112061.118,277196.289,12.306,"CH","kurla01 rtk.csv",176
"176",2112060.763,277196.897,12.313,"CH","kurla01 rtk.csv",177
"177",2112061.576,277197.387,12.299,"CH","kurla01 rtk.csv",178
"178",2112061.104,277197.108,12.279,"CHTOP","kurla01 rtk.csv",179
"179",2112053.106,277210.542,12.3,"LV","kurla01 rtk.csv",180
"180",2112047.42,277221.539,12.533,"CH","kurla01 rtk.csv",181
"181",2112048.311,277221.874,12.467,"CH","kurla01 rtk.csv",182
"182",2112048.527,277221.286,12.442,"CH","kurla01 rtk.csv",183
"183",2112047.833,277221.692,12.476,"CHTOP","kurla01 rtk.csv",184
"184",2112044.576,277239.247,12.261,"LV","kurla01 rtk.csv",185
"185",2112040.727,277250.514,12.116,"CH","kurla01 rtk.csv",186
"186",2112040.905,277249.837,12.089,"CH","kurla01 rtk.csv",187
"187",2112039.995,277249.602,12.075,"CH","kurla01 rtk.csv",188
"188",2112040.545,277249.675,12.093,"CHTOP","kurla01 rtk.csv",189
"189",2112037.507,277262.835,11.941,"LV","kurla01 rtk.csv",190
"190",2112033.387,277277.674,11.779,"LV","kurla01 rtk.csv",191
"191",2112033.13,277282.445,11.771,"CH","kurla01 rtk.csv",192
"192",2112032.917,277281.825,11.772,"CH","kurla01 rtk.csv",193
"193",2112032.04,277282.132,11.796,"CH","kurla01 rtk.csv",194
"194",2112032.482,277281.962,11.784,"CHTOP","kurla01 rtk.csv",195
"195",2112043.634,277288.481,11.643,"LV","kurla01 rtk.csv",196
"196",2112043.336,277307.291,11.488,"LV","kurla01 rtk.csv",197
"197",2112042.728,277317.812,11.576,"CH","kurla01 rtk.csv",198
"198",2112041.671,277317.736,11.523,"CH","kurla01 rtk.csv",199
"199",2112041.789,277317.023,11.505,"CH","kurla01 rtk.csv",200
"200",2112039.235,277350.739,11.375,"LV","kurla01 rtk.csv",201
"201",2112038.949,277351.649,11.371,"LV END","kurla01 rtk.csv",202
"202",2112040.406,277342.114,11.271,"CH","kurla01 rtk.csv",203
"203",2112039.723,277342.087,11.282,"CH","kurla01 rtk.csv",204
"204",2112039.562,277342.986,11.23,"CH","kurla01 rtk.csv",205
"205",2112039.554,277342.581,11.269,"CHTOP","kurla01 rtk.csv",206
"206",2112042.392,277316.906,11.505,"CHTOP","kurla01 rtk.csv",207
"207",2111859.873,277218.167,8.263,"CW","kurla01 rtk.csv",208
"208",2111860.488,277218.17,8.035,"CW","kurla01 rtk.csv",209
"209",2111859.236,277221.257,7.413,"CW","kurla01 rtk.csv",210
"210",2111860.634,277218.048,8.015,"FT","kurla01 rtk.csv",211
"211",2111861.528,277218.079,8,"FT","kurla01 rtk.csv",212
"212",2111861.997,277218.178,7.991,"FT","kurla01 rtk.csv",213
"213",2111862.486,277218.292,7.981,"FT","kurla01 rtk.csv",214
"214",2111862.931,277218.857,7.991,"FT","kurla01 rtk.csv",215
"215",2111863.118,277219.395,7.983,"FT","kurla01 rtk.csv",216
"216",2111863.178,277220.422,8.001,"FT","kurla01 rtk.csv",217
"217",2111863.256,277221.546,7.981,"FT+OTLA","kurla01 rtk.csv",218
"218",2111901.66,277307.621,7.972,"BED","kurla01 rtk.csv",219
"219",2111899.996,277316.319,7.95,"BED","kurla01 rtk.csv",220
"220",2111896.302,277359.493,8.793,"NALI","kurla01 rtk.csv",221
"221",2111897.295,277344.178,8.833,"NALI","kurla01 rtk.csv",222
"AUTO0000",2111782.556,277082.72,-7.357,,"kurla01 rtk.csv",223
"501",2111785.457,277086.663,8.518,"LV","kurla01 rtk.csv",224
"502",2111782.918,277084.398,8.677,"LV","kurla01 rtk.csv",225
"503",2111748.727,277063.56,9.234,"LV","kurla01 rtk.csv",226
"504",2111747.049,277063.326,9.216,"CHTOP","kurla01 rtk.csv",227
"505",2111661.949,277091.152,8.805,"LV","kurla01 rtk.csv",228
"506",2111667.736,277080.774,8.862,"LV","kurla01 rtk.csv",229
"507",2111682.432,277081.557,8.862,"LV","kurla01 rtk.csv",230
"508",2111698.5,277082.871,8.89,"LV","kurla01 rtk.csv",231
"509",2111696.92,277098.542,8.947,"LV","kurla01 rtk.csv",232
"510",2111686.264,277097.658,8.897,"LV","kurla01 rtk.csv",233
"511",2111648.357,277115.184,8.195,"LV","kurla01 rtk.csv",234
"512",2111646.886,277138.849,8.048,"LV","kurla01 rtk.csv",235
"513",2111655.475,277139.507,7.699,"LV","kurla01 rtk.csv",236
"514",2111671.946,277143.824,7.666,"LV","kurla01 rtk.csv",237
"515",2111643.299,277195.522,7.608,"LV","kurla01 rtk.csv",238
"516",2111646.127,277196.264,7.68,"LV","kurla01 rtk.csv",239
"517",2111669.979,277200.641,7.647,"LV","kurla01 rtk.csv",240
"518",2111701.205,277205.747,7.764,"LV","kurla01 rtk.csv",241
"519",2111711.715,277195.229,8.013,"LV","kurla01 rtk.csv",242
"520",2111739.808,277198.565,8.132,"LV","kurla01 rtk.csv",243
"521",2111754.768,277200.431,8.184,"LV","kurla01 rtk.csv",244
"522",2111642.756,277239.354,6.977,"NB","kurla01 rtk.csv",245
"523",2111647.811,277237.422,7.418,"LV","kurla01 rtk.csv",246
"524",2111652.712,277216.7,7.342,"LV","kurla01 rtk.csv",247
"525",2111634.866,277264.17,7.203,"LV","kurla01 rtk.csv",248
"526",2111658.032,277266.739,7.852,"LV","kurla01 rtk.csv",249
"527",2111624.112,277347.736,5.641,"NALA BL","kurla01 rtk.csv",250
"528",2111700.25,277337.06,7.075,"LV","kurla01 rtk.csv",251
"A1",2111862.529,277144.357,8.266,"ST","LV 4.csv",1
"1",2111862.529,277143.544,8.28,"LV","LV 4.csv",2
"2",2111895.861,277068.416,10.425,"CH","LV 4.csv",3
"3",2111897.142,277068.256,10.445,"CH","LV 4.csv",4
"4",2111897.259,277069.245,10.449,"CH","LV 4.csv",5
"5",2111897.217,277068.702,10.457,"CH TOP","LV 4.csv",6
"6",2111896.629,277067.319,10.405,"LV","LV 4.csv",7
"7",2111896.735,277054.997,10.759,"LV","LV 4.csv",8
"8",2111895.443,277037.016,10.701,"LV","LV 4.csv",9
"9",2111894.169,277019.003,10.686,"LV","LV 4.csv",10
"10",2111891.361,276993.881,10.791,"LV","LV 4.csv",11
"11",2111888.848,276980.618,10.078,"LV","LV 4.csv",12
"12",2111887.594,276975.208,9.702,"LV","LV 4.csv",13
"13",2111886.854,276969.751,8.988,"LV","LV 4.csv",14
"14",2111886.212,276963.248,8.125,"LV","LV 4.csv",15
"15",2111885.023,276950.955,6.774,"LV","LV 4.csv",16
"16",2111885.109,276933.456,6.073,"LV","LV 4.csv",17
"17",2111869.965,276876.099,6.036,"LV","LV 4.csv",18
"18",2111857.739,276876.35,5.753,"LV","LV 4.csv",19
"19",2111843.534,276873.395,5.495,"LV","LV 4.csv",20
"20",2111829.7,276870.134,5.345,"LV","LV 4.csv",21
"21",2111828.249,276870.477,5.331,"CH","LV 4.csv",22
"22",2111828.432,276870.731,5.337,"CH TOP","LV 4.csv",23
"23",2111808.958,276869.801,5.245,"LV","LV 4.csv",24
"24",2111792.63,276868.866,5.254,"CH","LV 4.csv",25
"25",2111792.595,276869.195,5.268,"CH TOP","LV 4.csv",26
"26",2111777.98,276868.644,5.232,"LV","LV 4.csv",27
"27",2111760.832,276867.455,5.237,"CH","LV 4.csv",28
"28",2111761.163,276867.546,5.27,"CH TOP","LV 4.csv",29
"29",2111762.259,276867.766,5.252,"LV","LV 4.csv",30
"30",2111740.769,276866.69,5.346,"LV","LV 4.csv",31
"31",2111728.225,276866.293,5.398,"CH","LV 4.csv",32
"32",2111728.113,276867.711,5.349,"CH","LV 4.csv",33
"33",2111726.993,276867.641,5.357,"CH","LV 4.csv",34
"34",2111727.056,276866.998,5.387,"CH TOP","LV 4.csv",35
"35",2111724.795,276866.401,5.425,"LV","LV 4.csv",36
"36",2111704.287,276865.407,5.444,"LV","LV 4.csv",37
"37",2111697.818,276865.941,5.407,"CH TOP","LV 4.csv",38
"38",2111697.788,276866.251,5.421,"CH","LV 4.csv",39
"39",2111684.64,276865.135,5.429,"LV","LV 4.csv",40
"40",2111666.629,276863.762,5.442,"CH TOP","LV 4.csv",41
"41",2111666.317,276863.865,5.408,"CH","LV 4.csv",42
"42",2111663.812,276863.529,5.382,"LV","LV 4.csv",43
"43",2111647.074,276861.105,5.404,"LV","LV 4.csv",44
"44",2111635.437,276858.867,5.408,"CH TOP","LV 4.csv",45
"45",2111635.1,276858.863,5.406,"CH","LV 4.csv",46
"46",2111623.369,276855.443,5.419,"LV","LV 4.csv",47
"47",2111607.623,276851.028,5.535,"LV","LV 4.csv",48
"48",2111605.111,276850.879,5.541,"CH","LV 4.csv",49
"49",2111605.4,276849.448,5.579,"CH","LV 4.csv",50
"50",2111604.282,276849.236,5.587,"CH","LV 4.csv",51
"51",2111604.168,276849.929,5.585,"CH TOP","LV 4.csv",52
"52",2111600.191,276849.019,5.676,"CH TOP","LV 4.csv",53
"53",2111600.578,276848.974,5.649,"CH","LV 4.csv",54
"54",2111600.48,276848.245,5.651,"CH","LV 4.csv",55
"55",2111599.435,276848.337,5.666,"CH","LV 4.csv",56
"56",2111601.212,276849.177,5.659,"LV","LV 4.csv",57
"57",2111595.159,276848.135,5.927,"LV","LV 4.csv",58
"58",2111590.156,276848.451,6.27,"LV","LV 4.csv",59
"59",2111587.16,276839.809,6.23,"LV","LV 4.csv",60
"60",2111590.489,276826.371,6.216,"LV","LV 4.csv",61
"61",2111594.089,276809.35,6.212,"LV","LV 4.csv",62
"62",2111599.056,276789.181,6.228,"LV","LV 4.csv",63
"63",2111604.578,276769.747,6.231,"LV","LV 4.csv",64
"D3",2111604.453,276750.556,6.327,"ST","LV 4.csv",65
"64",2111609.701,276749.154,6.174,"LV","LV 4.csv",66
"65",2111612.074,276737.994,6.159,"LV","LV 4.csv",67
"66",2111616.253,276727.894,5.871,"LV","LV 4.csv",68
"67",2111621.843,276713.7,5.114,"LV","LV 4.csv",69
"68",2111616.803,276739.25,6.351,"LV","LV 4.csv",70
"69",2111619.315,276740.126,6.041,"CH","LV 4.csv",71
"70",2111619.162,276741.42,6.048,"CH","LV 4.csv",72
"71",2111620.144,276741.474,6.028,"CH","LV 4.csv",73
"72",2111619.56,276741.434,6.041,"CH TOP","LV 4.csv",74
"73",2111621.658,276742.015,5.953,"LV","LV 4.csv",75
"74",2111632.653,276745.586,5.419,"LV","LV 4.csv",76
"75",2111637.926,276747.077,5.2,"CH","LV 4.csv",77
"76",2111638.642,276747.301,5.222,"CH","LV 4.csv",78
"77",2111638.946,276746.302,5.22,"CH","LV 4.csv",79
"78",2111638.877,276746.505,5.224,"CH TOP","LV 4.csv",80
"79",2111643.036,276749.14,5.171,"LV","LV 4.csv",81
"80",2111655.766,276753.793,5.139,"LV","LV 4.csv",82
"81",2111676.092,276755.314,5.188,"LV","LV 4.csv",83
"82",2111696.282,276755.704,5.422,"LV","LV 4.csv",84
"83",2111696.231,276757.387,5.517,"CH","LV 4.csv",85
"84",2111695.995,276757.186,5.496,"CH TOP","LV 4.csv",86
"85",2111711.547,276756.56,5.46,"LV","LV 4.csv",87
"86",2111728.618,276759.482,5.649,"CH","LV 4.csv",88
"87",2111728.61,276759.17,5.664,"CH TOP","LV 4.csv",89
"88",2111738.453,276758.524,5.525,"LV","LV 4.csv",90
"89",2111755.398,276759.589,5.598,"LV","LV 4.csv",91
"90",2111760.354,276761.133,5.653,"CH","LV 4.csv",92
"91",2111760.277,276760.848,5.641,"CH TOP","LV 4.csv",93
"92",2111776.901,276760.867,5.529,"LV","LV 4.csv",94
"93",2111800.45,276761.512,5.479,"LV","LV 4.csv",95
"94",2111796.239,276758.717,5.629,"TBMJ8A","LV 4.csv",96
"95",2111811.093,276762.647,5.497,"LV","LV 4.csv",97
"96",2111824.709,276763.274,5.285,"LV","LV 4.csv",98
"97",2111822.501,276761.538,5.366,"CH","LV 4.csv",99
"98",2111822.785,276761.576,5.357,"CH TOP","LV 4.csv",100
"99",2111607.698,276726.738,4.16,"LV","LV 4.csv",101
"100",2111598.123,276723.86,4.314,"LV","LV 4.csv",102
"101",2111586.537,276718.462,5.067,"LV","LV 4.csv",103
"102",2111583.798,276717.543,5.196,"CH","LV 4.csv",104
"103",2111583.945,276716.173,5.193,"CH","LV 4.csv",105
"104",2111585.063,276716.282,5.171,"CH","LV 4.csv",106
"105",2111584.973,276717.095,5.159,"CH TOP","LV 4.csv",107
"106",2111579.606,276713.96,5.21,"LV","LV 4.csv",108
"107",2111559.66,276701.292,5.236,"LV","LV 4.csv",109
"108",2111541.021,276688.514,5.13,"LV","LV 4.csv",110
"109",2111525.504,276679,5.095,"LV","LV 4.csv",111
"110",2111506.227,276665.592,5.031,"LV","LV 4.csv",112
"111",2111491.137,276654.185,5.023,"LV","LV 4.csv",113
"112",2111469.338,276639.468,4.995,"LV","LV 4.csv",114
"113",2111447.347,276625.422,4.947,"LV","LV 4.csv",115
"114",2111426.224,276615.554,4.87,"LV","LV 4.csv",116
"115",2111413.19,276608.701,4.811,"LV","LV 4.csv",117
"116",2111409.831,276607.431,4.812,"LV","LV 4.csv",118
"117",2111401.516,276611.533,5.34,"NALA+CW ARPOT","LV 4.csv",119
"118",2111401.019,276611.967,4.758,"NALA OFF","LV 4.csv",120
"119",2111411.503,276603.696,4.873,"CW","LV 4.csv",121
"120",2111625.841,276701.355,4.228,"LV","LV 4.csv",122
"121",2111621.804,276726.751,5.96,"BRI","LV 4.csv",123
"122",2111618.4,276735.09,6.311,"BRI","LV 4.csv",124
"123",2111618.829,276735.363,6.22,"BRI OFF","LV 4.csv",125
"124",2111611.62,276756.253,6.108,"FT","LV 4.csv",126
"125",2111604.274,276784.555,6.044,"FT","LV 4.csv",127
"126",2111597.223,276811.757,6.107,"FT","LV 4.csv",128
"127",2111589.654,276841.1,6.18,"FT","LV 4.csv",129
"128",2111581.419,276854.401,6.363,"LV","LV 4.csv",130
"129",2111584.63,276843.196,6.286,"LV","LV 4.csv",131
"130",2111581.186,276865.321,6.45,"LV","LV 4.csv",132
"131",2111587.634,276883.902,6.595,"LV","LV 4.csv",133
"132",2111586.936,276911.17,6.673,"LV","LV 4.csv",134
"133",2111584.482,276929.403,6.849,"LV","LV 4.csv",135
"134",2111583.96,276934.486,6.882,"CH","LV 4.csv",136
"135",2111583.641,276934.456,6.889,"CH TOP","LV 4.csv",137
"136",2111581.862,276955.499,7.36,"LV","LV 4.csv",138
"137",2111581.13,276970.767,7.64,"CH","LV 4.csv",139
"138",2111580.829,276970.66,7.678,"CH TOP","LV 4.csv",140
"139",2111579.864,276987.987,8.161,"LV","LV 4.csv",141
"140",2111578.864,277003.007,8.469,"LV","LV 4.csv",142
"141",2111864.324,277138.001,7.997,"LV","LV 4.csv",144
"142",2111781.743,277078.106,9.147,"LV","LV 4.csv",145
"143",2112155.091,277175.581,11.767,"LV","LV 4.csv",146
"144",2111691.864,277033.5,8.909,"LV","LV 4.csv",147
"145",2111697.749,277018.355,8.76,"LV","LV 4.csv",148
"146",2111707.253,276994.267,8.73,"LV","LV 4.csv",149
"147",2111714.424,276971.872,8.543,"LV","LV 4.csv",150
"148",2111721.778,276950.97,8.05,"LV","LV 4.csv",151
"149",2111725.439,276941.171,7.64,"LV","LV 4.csv",152
"150",2111718.479,276936.103,7.464,"LV","LV 4.csv",153
"151",2111706.507,276928.763,7.312,"LV","LV 4.csv",154
"152",2111689.658,276921.269,7.164,"LV","LV 4.csv",155
"153",2111674.724,276914.905,7.154,"LV","LV 4.csv",156
"154",2111655.101,276906.703,6.973,"LV","LV 4.csv",157
"155",2111633.95,276898.419,6.736,"LV","LV 4.csv",158
"156",2111613.253,276891.39,6.676,"LV","LV 4.csv",159
"157",2111612.611,276894.431,6.685,"CC","LV 4.csv",160
"158",2111623.965,276897.538,6.791,"CC","LV 4.csv",161
"159",2111600.771,276886.852,6.668,"LV","LV 4.csv",162
"160",2111573.973,276856.811,5.996,"LV","LV 4.csv",163
"161",2111557.985,276850.512,5.604,"LV","LV 4.csv",164
"162",2111540.59,276842.568,5.179,"LV","LV 4.csv",165
"163",2111524.13,276834.316,4.558,"LV","LV 4.csv",166
"164",2111488.152,276786.287,4.459,"NALA","LV 4.csv",167
"165",2111459.952,276764.342,4.951,"NALA","LV 4.csv",168
"166",2111411.203,276726.272,6.164,"NALA TOP","LV 4.csv",169
"167",2111383.473,276712.184,3.519,"NALA","LV 4.csv",170
"168",2111372.143,276711.047,3.395,"NALA","LV 4.csv",171
"169",2111348.151,276717.578,3.335,"NALA","LV 4.csv",172
"170",2111345.471,276719.25,3.495,"NALA","LV 4.csv",173
"171",2111325.826,276732.039,4.797,"NALA","LV 4.csv",174
"172",2111600.14,276777.791,6.138,"LV","LV 4.csv",175
"1",2111863.023,277141.916,8.274,"LV","LV3.csv",2
"2",2111639.089,277036.574,8.961,"BT","LV3.csv",3
"3",2111620.534,277033.398,8.923,"BT","LV3.csv",4
"4",2111592.722,277030.297,8.978,"BT","LV3.csv",5
"5",2111567.704,277027.581,8.987,"BT","LV3.csv",6
"6",2111524.651,277023.147,9.058,"CC","LV3.csv",7
"7",2111499.61,277020.21,8.927,"CC","LV3.csv",8
"8",2111471.227,277016.969,8.461,"CC","LV3.csv",9
"9",2111448.63,277014.427,8.027,"CC","LV3.csv",10
"10",2111428.903,277009.345,7.966,"CC","LV3.csv",11
"11",2111397.095,277006.592,7.635,"CC","LV3.csv",12
"12",2111368.68,277003.49,7.323,"CC","LV3.csv",13
"13",2111345.881,276999.688,7.037,"CC","LV3.csv",14
"14",2111328.509,276992.114,6.877,"CH","LV3.csv",15
"15",2111328.576,276992.272,6.875,"CH","LV3.csv",16
"16",2111328.462,276991.923,6.889,"CH TOP","LV3.csv",17
"17",2111331.47,276992.381,6.925,"CH TOP","LV3.csv",18
"18",2111331.454,276992.346,6.914,"CH","LV3.csv",19
"19",2111338.567,276994.465,7.024,"CH TOP","LV3.csv",20
"20",2111384.583,276999.81,7.611,"CH","LV3.csv",21
"21",2111384.609,277000.146,7.591,"CH TOP","LV3.csv",22
"22",2111397.173,277000.301,7.788,"CH","LV3.csv",23
"23",2111419.318,277003.272,8.004,"CH TOP","LV3.csv",24
"24",2111419.238,277003.57,7.973,"CH","LV3.csv",25
"25",2111450.536,277007.726,8.144,"CH","LV3.csv",26
"26",2111450.355,277007.355,8.194,"CH TOP","LV3.csv",27
"27",2111481.604,277011.377,8.747,"CH TOP","LV3.csv",28
"28",2111481.586,277011.648,8.753,"CH","LV3.csv",29
"29",2111511.61,277015.58,9.187,"CH","LV3.csv",30
"30",2111511.577,277015.185,9.197,"CH TOP","LV3.csv",31
"31",2111527.58,277014.642,9.142,"CH TOP","LV3.csv",32
"32",2111527.416,277014.935,9.127,"CH","LV3.csv",33
"33",2111862.524,277143.54,8.267,"LV","LV3.csv",34
"34",2111893.415,277068.238,10.6,"CC","LV3.csv",35
"35",2111893.777,277056.515,10.611,"CC","LV3.csv",36
"36",2111892.971,277038.341,10.609,"CC","LV3.csv",37
"37",2111891.535,277032.971,10.565,"CC","LV3.csv",38
"38",2111889.375,277022.013,10.799,"CC","LV3.csv",39
"39",2111892.235,277020.769,10.795,"CC","LV3.csv",40
"40",2111890.881,277003.006,10.841,"CC","LV3.csv",41
"41",2111890.454,276997.862,10.854,"CC","LV3.csv",42
"42",2111887.845,276997.987,11.066,"CC","LV3.csv",43
"43",2111887.225,276986.852,10.494,"CC","LV3.csv",44
"44",2111885.972,276973.834,9.485,"CC","LV3.csv",45
"45",2111884.067,276961.817,7.916,"CC","LV3.csv",46
"46",2111883.281,276953.089,6.846,"CC","LV3.csv",47
"47",2111881.785,276952.921,6.814,"CC","LV3.csv",48
"48",2111883.623,276931.617,5.98,"CC","LV3.csv",49
"49",2111884.156,276916.844,6.177,"CC","LV3.csv",50
"50",2111870.635,276881.897,6.073,"NALI","LV3.csv",51
"51",2111854.669,276879.441,5.663,"NALI","LV3.csv",52
"52",2111842.581,276878.8,5.473,"NALI","LV3.csv",53
"53",2111842.016,276876.885,5.475,"FT","LV3.csv",54
"54",2111841.401,276874.906,5.451,"FT","LV3.csv",55
"55",2111840.601,276874.157,5.429,"FT","LV3.csv",56
"56",2111839.347,276874.074,5.411,"FT","LV3.csv",57
"57",2111825.146,276873.35,5.162,"FT","LV3.csv",58
"58",2111805.863,276872.474,5.164,"FT","LV3.csv",59
"59",2111780.088,276871.398,5.178,"FT","LV3.csv",60
"60",2111780.414,276875.975,5.385,"NALI END","LV3.csv",61
"61",2111780.57,276877.284,5.268,"NALI END","LV3.csv",62
"62",2111762.874,276870.634,5.133,"FT","LV3.csv",63
"63",2111736.329,276869.27,5.371,"FT","LV3.csv",64
"64",2111713.209,276868.504,5.272,"FT","LV3.csv",65
"65",2111690.676,276867.852,5.332,"FT","LV3.csv",66
"66",2111688.584,276867.867,5.361,"FT","LV3.csv",67
"67",2111687.898,276868.707,5.471,"FT","LV3.csv",68
"68",2111686.494,276872.066,5.672,"FT","LV3.csv",69
"69",2111679.778,276871.938,5.605,"FT","LV3.csv",70
"70",2111678.647,276869.321,5.436,"FT","LV3.csv",71
"71",2111678.629,276869.331,5.446,"FT","LV3.csv",72
"72",2111676.746,276867.555,5.334,"FT","LV3.csv",73
"73",2111671.335,276867.574,5.299,"FT","LV3.csv",74
"74",2111665.884,276866.974,5.284,"FT","LV3.csv",75
"75",2111648.674,276864.058,5.236,"FT","LV3.csv",76
"76",2111633.304,276861.412,5.356,"FT","LV3.csv",77
"77",2111601.925,276852.044,5.53,"FT","LV3.csv",78
"78",2111595.133,276850.802,6.011,"FT","LV3.csv",79
"79",2111580.971,276836.878,6.633,"BRI","LV3.csv",80
"80",2111580.606,276836.704,6.601,"BRI","LV3.csv",81
"81",2111588.524,276807.799,6.664,"BRI","LV3.csv",82
"82",2111597.732,276771.951,6.657,"BRI","LV3.csv",83
"83",2111603.689,276749.086,6.549,"BRI","LV3.csv",84
"84",2111606.75,276737.442,6.468,"BRI","LV3.csv",85
"85",2111606.369,276737.24,6.007,"BRI","LV3.csv",86
"86",2111618.779,276735.46,6.222,"CC","LV3.csv",87
"87",2111620.962,276736.283,6.048,"CC","LV3.csv",88
"88",2111631.025,276740.976,5.515,"CC","LV3.csv",89
"89",2111638.14,276744.279,5.216,"CC","LV3.csv",90
"90",2111639.653,276745.881,5.22,"FT+BT","LV3.csv",91
"91",2111654.023,276750.584,5.052,"FT+BT","LV3.csv",92
"92",2111660.114,276752.239,5.062,"FT+BT","LV3.csv",93
"93",2111665.478,276753.021,5.063,"FT+BT","LV3.csv",94
"94",2111681.672,276753.069,5.217,"FT+BT","LV3.csv",95
"95",2111699.45,276753.374,5.338,"FT+BT","LV3.csv",96
"96",2111710.497,276753.751,5.345,"FT+BT","LV3.csv",97
"97",2111724.401,276754.734,5.332,"FT+BT","LV3.csv",98
"98",2111750.161,276756.495,5.4,"FT+BT","LV3.csv",99
"99",2111770.717,276757.869,5.364,"FT+BT","LV3.csv",100
"100",2111790.732,276758.862,5.439,"FT+BT","LV3.csv",101
"101",2111809.362,276759.721,5.428,"FT+BT","LV3.csv",102
"102",2111825.285,276760.494,5.363,"FT+BT","LV3.csv",103
"103",2111608.712,276723.891,3.913,"CC","LV3.csv",104
"104",2111600.663,276720.318,4.133,"CC","LV3.csv",105
"105",2111591.447,276716.055,4.86,"CC","LV3.csv",106
"106",2111585.979,276712.486,5.161,"CC","LV3.csv",107
"107",2111584.104,276711.992,5.166,"FT","LV3.csv",108
"108",2111578.695,276706.94,5.176,"FT","LV3.csv",109
"109",2111576.502,276705.328,5.171,"FT","LV3.csv",110
"110",2111569.792,276700.592,5.126,"FT","LV3.csv",111
"111",2111562.766,276696.191,5.134,"FT","LV3.csv",112
"112",2111551.25,276688.918,5.101,"FT","LV3.csv",113
"113",2111528,276674.056,5.024,"FT","LV3.csv",114
"114",2111513.22,276664.471,4.968,"FT","LV3.csv",115
"115",2111511.757,276663.485,4.923,"FT","LV3.csv",116
"116",2111497.241,276652.614,4.894,"FT","LV3.csv",117
"117",2111481.237,276640.664,4.834,"FT","LV3.csv",118
"118",2111472.504,276634.163,4.818,"FT","LV3.csv",119
"119",2111463.568,276628.427,4.828,"FT","LV3.csv",120
"120",2111455.394,276623.348,4.814,"FT","LV3.csv",121
"121",2111446.17,276618.204,5.109,"FT","LV3.csv",122
"122",2111432.604,276612.912,4.715,"FT","LV3.csv",123
"123",2111413.342,276605.755,4.777,"FT END","LV3.csv",124
"124",2111413.789,276604.633,4.885,"FT OFF","LV3.csv",125
"125",2111623.806,276700.749,4.266,"FT","LV3.csv",126
"126",2111622.406,276700.021,4.405,"FT","LV3.csv",127
"127",2111618.268,276714.679,5.369,"FT","LV3.csv",128
"128",2111608.95,276737.869,6.155,"FT","LV3.csv",129
"129",2111608.576,276738.645,6.105,"FT","LV3.csv",130
"130",2111603.124,276759.404,6.104,"FT","LV3.csv",131
"131",2111596.357,276785.677,6.1,"FT","LV3.csv",132
"132",2111589.796,276811.153,6.105,"FT","LV3.csv",133
"133",2111582.727,276838.096,6.223,"FT","LV3.csv",134
"134",2111584.701,276864.582,6.456,"BT","LV3.csv",135
"135",2111588.271,276875.927,6.435,"BT","LV3.csv",136
"136",2111594.811,276881.46,6.518,"BT","LV3.csv",137
"137",2111592.371,276893.721,6.643,"BT","LV3.csv",138
"138",2111589.834,276909.365,6.652,"BT","LV3.csv",139
"139",2111588.219,276931.814,6.936,"BT","LV3.csv",140
"140",2111586.9,276945.255,7.152,"BT","LV3.csv",141
"141",2111587.226,276958.099,7.27,"BT","LV3.csv",142
"142",2111585.496,276977.148,7.928,"BT","LV3.csv",143
"143",2111583.447,276999.464,8.454,"BT","LV3.csv",144
"144",2111582.702,277017.961,8.873,"BT","LV3.csv",145
"PRS34919543312",2111863.68,277144.306,-14.477,"1","LV3.csv",146
"145",2112366.963,277233.927,12.178,"LV","LV3.csv",148
"146",2112367.507,277246.303,11.974,"LV","LV3.csv",149
"147",2112365.134,277250.693,11.92,"LV","LV3.csv",150
"148",2112363.389,277278.687,11.857,"LV","LV3.csv",151
"149",2112361.842,277296.015,11.824,"LV","LV3.csv",152
"150",2112342.918,277295.457,11.855,"LV","LV3.csv",153
"151",2112317.46,277292.151,11.717,"LV","LV3.csv",154
"152",2112315.535,277290.86,11.744,"LV","LV3.csv",155
"153",2112308.324,277290.445,11.764,"LV","LV3.csv",156
"154",2112309.266,277297.289,11.22,"LV","LV3.csv",157
"155",2112309.325,277335.591,16.62,"LV","LV3.csv",158
"156",2112306.675,277352.764,10.152,"LV","LV3.csv",159
"157",2112287.476,277352.744,10.324,"LV","LV3.csv",160
"158",2112143.867,277201.323,25.73,"LV","LV3.csv",161
"159",2112141.32,277221.351,11.916,"CH","LV3.csv",162
"160",2112140.515,277221.153,11.892,"CH","LV3.csv",163
"161",2112140.718,277220.113,11.932,"CH","LV3.csv",164
"162",2112141.36,277220.938,11.854,"CHTOP","LV3.csv",165
"163",2112140.582,277221.584,11.884,"LV","LV3.csv",166
"164",2112120.811,277296.283,12.176,"LV","LV3.csv",167
"165",2112120.212,277307.577,11.581,"LV","LV3.csv",168
"166",2111779.414,277068.538,9.468,"LV","LV3.csv",169
"167",2111694.566,277035.91,8.849,"CC","LV3.csv",170
"168",2111694.976,277032.897,8.826,"CC","LV3.csv",171
"169",2111701.504,277016.856,8.695,"CC","LV3.csv",172
"170",2111709.347,276997.27,8.689,"CC","LV3.csv",173
"171",2111715.78,276982.006,8.71,"CC","LV3.csv",174
"172",2111715.246,276981.198,8.66,"CC","LV3.csv",175
"173",2111717.279,276972.588,8.526,"CC","LV3.csv",176
"174",2111718.127,276969.648,8.467,"CC","LV3.csv",177
"175",2111720.269,276963.808,8.417,"CC","LV3.csv",178
"176",2111723.843,276956.068,8.235,"CC","LV3.csv",179
"177",2111728.058,276945.01,7.81,"CC","LV3.csv",180
"178",2111731.53,276936.347,7.335,"CC","LV3.csv",181
"179",2111719.723,276932.763,7.468,"CC","LV3.csv",182
"180",2111712.224,276928.304,7.261,"CC","LV3.csv",183
"181",2111709.574,276923.332,7.299,"CC","LV3.csv",184
"182",2111694.174,276917.359,7.058,"CC","LV3.csv",185
"183",2111657.059,276902.676,6.86,"CC","LV3.csv",186
"184",2111633.99,276894.329,6.703,"CC","LV3.csv",187
"185",2111612.169,276886.865,6.615,"CC","LV3.csv",188
"186",2111600.278,276882.119,6.51,"CC","LV3.csv",189
"187",2111576.785,276855.515,6.101,"FT","LV3.csv",190
"188",2111557.275,276846.823,5.517,"FT","LV3.csv",191
"189",2111552.957,276845.876,5.493,"FT","LV3.csv",192
"190",2111532.739,276835.85,4.687,"FT","LV3.csv",193
"191",2111533.281,276833.353,4.5,"FT","LV3.csv",194
"192",2111526.28,276829.326,4.423,"FT","LV3.csv",195
"193",2111503.15,276806.881,4.676,"LV","LV3.csv",196
"194",2111486.53,276796.924,4.66,"LV","LV3.csv",197
"195",2111479.618,276786.13,4.266,"LV","LV3.csv",198
"196",2111461.871,276775.386,4.455,"LV","LV3.csv",199
"197",2111451.944,276767.605,4.437,"LV","LV3.csv",200
"198",2111436.651,276757.837,4.239,"LV","LV3.csv",201
"199",2111420.707,276744.895,3.858,"LV","LV3.csv",202
"200",2111407.789,276732.587,3.513,"LV","LV3.csv",203
"201",2111400.478,276728.134,3.526,"LV","LV3.csv",204
"202",2111391.376,276727.459,3.408,"LV","LV3.csv",205
"203",2111368.304,276713.59,3.243,"LV","LV3.csv",206
"204",2111350.373,276721.842,3.259,"LV","LV3.csv",207
"205",2111340.533,276727.097,4.122,"LV","LV3.csv",208
"206",2111327.599,276734.315,4.575,"LV","LV3.csv",209
"207",2111596.168,276795.078,6.149,"LV","LV3.csv",210
"A1",2111862.529,277144.357,32.724,"ST","NEW LV 2.csv",1
"501",2111636.479,277025.015,33.23,"FT","NEW LV 2.csv",2
"502",2111635.396,277025.643,33.208,"BT","NEW LV 2.csv",3
"503",2111613.767,277023.913,33.475,"BT","NEW LV 2.csv",4
"504",2111596.068,277021.19,33.57,"BT","NEW LV 2.csv",5
"505",2111569.827,277015.851,33.387,"BT","NEW LV 2.csv",6
"506",2111558.765,277015.203,33.528,"FT","NEW LV 2.csv",7
"507",2111540.189,277013.1,33.458,"FT","NEW LV 2.csv",8
"508",2111539.551,277013.381,33.484,"CC","NEW LV 2.csv",9
"509",2111523.074,277011.42,33.508,"CC","NEW LV 2.csv",10
"510",2111516.289,277010.219,33.521,"FT","NEW LV 2.csv",11
"511",2111508.92,277011.789,33.724,"CC","NEW LV 2.csv",12
"512",2111497.606,277011.197,33.688,"CC","NEW LV 2.csv",13
"513",2111474.678,277008.596,33.189,"CC","NEW LV 2.csv",14
"514",2111459.435,277007.884,32.864,"CC","NEW LV 2.csv",15
"515",2111453.05,277007.331,32.682,"CC","NEW LV 2.csv",16
"516",2111432.303,277002.562,32.638,"CC","NEW LV 2.csv",17
"517",2111432.059,277002.307,32.671,"BT","NEW LV 2.csv",18
"518",2111405.171,276999.783,32.347,"BT","NEW LV 2.csv",19
"519",2111378.403,276996.694,32.153,"BT","NEW LV 2.csv",20
"520",2111355.466,276994.154,31.738,"BT","NEW LV 2.csv",21
"521",2111334.931,276992.05,31.383,"BT","NEW LV 2.csv",22
"522",2111329.36,276992.312,31.367,"LV","NEW LV 2.csv",23
"523",2111360.085,276996.182,31.781,"LV","NEW LV 2.csv",24
"524",2111384.061,276999.706,32.117,"LV","NEW LV 2.csv",25
"525",2111413.262,277002.982,32.422,"LV","NEW LV 2.csv",26
"526",2111438.407,277006.981,32.573,"LV","NEW LV 2.csv",27
"527",2111465.784,277010.187,32.916,"LV","NEW LV 2.csv",28
"528",2111487.815,277012.411,33.363,"LV","NEW LV 2.csv",29
"529",2111516.908,277015.046,33.653,"LV","NEW LV 2.csv",30
"530",2111533.57,277015.571,33.593,"LV","NEW LV 2.csv",31
"531",2111551.013,277018.084,33.533,"LV","NEW LV 2.csv",32
"532",2111568.129,277020.384,33.545,"LV","NEW LV 2.csv",33
"533",2111577.619,277020.971,33.47,"LV","NEW LV 2.csv",34
"534",2111578.864,277004.721,32.992,"LV","NEW LV 2.csv",35
"535",2111574.009,277011.27,33.043,"BT","NEW LV 2.csv",36
"536",2111582.951,277011.647,33.305,"BT","NEW LV 2.csv",37
"537",2111588.132,277022.25,33.486,"LV","NEW LV 2.csv",38
"538",2111605.159,277024.748,33.383,"LV","NEW LV 2.csv",39
"539",2111621.943,277027.488,33.357,"LV","NEW LV 2.csv",40
"540",2111643.82,277030.848,33.403,"LV","NEW LV 2.csv",41
"541",2111862.448,277143.555,32.715,"LV","NEW LV 2.csv",42
"542",2111900.157,277067.069,34.907,"CW","NEW LV 2.csv",43
"543",2111905.707,277067.314,34.839,"CW","NEW LV 2.csv",44
"544",2111900.066,277067.109,34.855,"CC","NEW LV 2.csv",45
"545",2111900.102,277060.015,35.201,"CC","NEW LV 2.csv",46
"546",2111900.113,277059.969,35.201,"CW","NEW LV 2.csv",47
"547",2111897.698,277035.817,35.183,"CW","NEW LV 2.csv",48
"548",2111895.678,277014.333,35.128,"CW","NEW LV 2.csv",49
"549",2111893.837,276995.557,35.331,"CW","NEW LV 2.csv",50
"550",2111892.317,276980.493,34.698,"CW","NEW LV 2.csv",51
"551",2111888.593,276974.959,34.161,"CW","NEW LV 2.csv",52
"552",2111888.601,276969.561,33.352,"CW","NEW LV 2.csv",53
"553",2111888.909,276963.677,32.604,"CW","NEW LV 2.csv",54
"554",2111889.353,276951.385,31.493,"CW","NEW LV 2.csv",55
"555",2111889.607,276938.811,30.782,"CW","NEW LV 2.csv",56
"556",2111890.317,276923.57,30.61,"CW","NEW LV 2.csv",57
"557",2111886.317,276886.994,31.341,"CW","NEW LV 2.csv",58
"558",2111871.075,276867.878,30.464,"NALA","NEW LV 2.csv",59
"559",2111857.228,276869.11,30.302,"NALA","NEW LV 2.csv",60
"560",2111842.759,276868.315,29.988,"NALA","NEW LV 2.csv",61
"561",2111828.117,276867.436,29.772,"NALA","NEW LV 2.csv",62
"562",2111815.779,276866.947,29.729,"NALA","NEW LV 2.csv",63
"563",2111807.799,276866.636,29.646,"NALA","NEW LV 2.csv",64
"564",2111791.497,276865.904,29.687,"NALA","NEW LV 2.csv",65
"565",2111777.278,276865.315,29.757,"NALA","NEW LV 2.csv",66
"566",2111766.491,276864.815,29.7,"NALA","NEW LV 2.csv",67
"567",2111753.429,276864.151,29.784,"NALA","NEW LV 2.csv",68
"568",2111742.179,276863.476,29.846,"NALA","NEW LV 2.csv",69
"569",2111729.861,276862.934,29.939,"NALA","NEW LV 2.csv",70
"570",2111712.029,276862.524,29.918,"NALA","NEW LV 2.csv",71
"571",2111688.513,276861.976,29.885,"NALA","NEW LV 2.csv",72
"572",2111678.68,276861.799,29.852,"NALA","NEW LV 2.csv",73
"573",2111671.713,276861.602,29.908,"NALA","NEW LV 2.csv",74
"574",2111670.22,276861.49,29.929,"NALA","NEW LV 2.csv",75
"575",2111668.38,276861.303,29.865,"NALA","NEW LV 2.csv",76
"576",2111664.573,276860.719,29.875,"NALA","NEW LV 2.csv",77
"577",2111650.394,276858.5,29.94,"NALA","NEW LV 2.csv",78
"578",2111643.694,276857.469,29.977,"NALA","NEW LV 2.csv",79
"579",2111642.152,276857.208,29.989,"NALA","NEW LV 2.csv",80
"580",2111640.963,276856.97,29.804,"NALA","NEW LV 2.csv",81
"581",2111626.643,276853.497,29.833,"NALA","NEW LV 2.csv",82
"582",2111605.931,276847.066,30.007,"NALA","NEW LV 2.csv",83
"583",2111600.54,276845.392,30.016,"NALA END","NEW LV 2.csv",84
"584",2111600.708,276844.949,29.773,"NALA OFF","NEW LV 2.csv",85
"585",2111591.53,276841.793,30.861,"BRI","NEW LV 2.csv",86
"586",2111592.097,276841.979,30.757,"BRI","NEW LV 2.csv",87
"587",2111595.284,276827.099,30.853,"BRI","NEW LV 2.csv",88
"588",2111599.433,276811.148,30.766,"BRI","NEW LV 2.csv",89
"589",2111603.491,276795.573,30.763,"BRI","NEW LV 2.csv",90
"590",2111608.606,276775.779,30.815,"BRI","NEW LV 2.csv",91
"591",2111612.758,276759.753,30.802,"BRI","NEW LV 2.csv",92
"592",2111617.218,276742.454,30.776,"BRI","NEW LV 2.csv",93
"593",2111617.784,276742.553,30.507,"BRI","NEW LV 2.csv",94
"594",2111617.509,276743.715,30.516,"NALA","NEW LV 2.csv",95
"595",2111619.477,276745.199,30.49,"NALA","NEW LV 2.csv",96
"596",2111620.176,276745.689,30.484,"NALA","NEW LV 2.csv",97
"597",2111632.319,276749.769,29.817,"NALA","NEW LV 2.csv",98
"598",2111643.153,276753.154,29.7,"NALA","NEW LV 2.csv",99
"599",2111649.601,276755.296,29.67,"NALA","NEW LV 2.csv",100
"600",2111653.496,276756.478,29.671,"NALA","NEW LV 2.csv",101
"601",2111657.022,276757.454,29.69,"NALA","NEW LV 2.csv",102
"602",2111659.894,276758.139,29.693,"NALA","NEW LV 2.csv",103
"603",2111663.852,276758.785,29.686,"NALA","NEW LV 2.csv",104
"604",2111666.398,276758.816,29.699,"NALA","NEW LV 2.csv",105
"605",2111671.234,276758.848,29.73,"NALA","NEW LV 2.csv",106
"606",2111680.85,276758.838,29.833,"NALA","NEW LV 2.csv",107
"607",2111695.952,276758.888,30.059,"NALA","NEW LV 2.csv",108
"608",2111703.109,276758.825,30.068,"NALA","NEW LV 2.csv",109
"609",2111708.212,276759.234,30.077,"NALA","NEW LV 2.csv",110
"610",2111732.228,276761.05,30.171,"NALA","NEW LV 2.csv",111
"611",2111739.109,276761.61,30.212,"NALA","NEW LV 2.csv",112
"612",2111747.095,276762.046,30.172,"NALA","NEW LV 2.csv",113
"613",2111760.876,276763.078,30.194,"NALA","NEW LV 2.csv",114
"614",2111770.143,276763.608,30.191,"NALA","NEW LV 2.csv",115
"615",2111783.165,276764.277,30.163,"NALA","NEW LV 2.csv",116
"616",2111799.313,276764.936,30.068,"NALA","NEW LV 2.csv",117
"617",2111810.641,276765.469,30.043,"NALA","NEW LV 2.csv",118
"618",2111818.209,276765.864,29.77,"NALA","NEW LV 2.csv",119
"619",2111818.239,276766.435,29.084,"NALA OFF","NEW LV 2.csv",120
"620",2111818.233,276766.432,29.092,"NALA OFF","NEW LV 2.csv",121
"621",2111825.37,276766.586,29.617,"NALA+BT","NEW LV 2.csv",122
"622",2111600.231,276733.62,29.382,"NALA","NEW LV 2.csv",123
"623",2111592.911,276728.907,29.242,"NALA","NEW LV 2.csv",124
"624",2111582.59,276722.206,29.653,"NALA","NEW LV 2.csv",125
"625",2111569.435,276713.294,29.807,"NALA","NEW LV 2.csv",126
"626",2111557.599,276705.715,29.729,"NALA","NEW LV 2.csv",127
"627",2111536.27,276692.023,29.596,"NALA","NEW LV 2.csv",128
"628",2111519.058,276681.061,29.648,"NALA","NEW LV 2.csv",129
"629",2111506.31,276672.964,29.709,"NALA","NEW LV 2.csv",130
"630",2111487.241,276658.693,29.584,"NALA","NEW LV 2.csv",131
"631",2111470.267,276646.201,29.528,"NALA","NEW LV 2.csv",132
"632",2111466.517,276643.38,29.535,"NALA","NEW LV 2.csv",133
"633",2111464.72,276642.145,29.542,"NALA","NEW LV 2.csv",134
"634",2111463.216,276641.138,29.608,"NALA","NEW LV 2.csv",135
"635",2111461.971,276640.245,29.574,"NALA","NEW LV 2.csv",136
"636",2111453.709,276635.03,29.604,"NALA","NEW LV 2.csv",137
"637",2111451.329,276633.559,29.525,"NALA","NEW LV 2.csv",138
"638",2111448.85,276632.162,29.529,"NALA","NEW LV 2.csv",139
"639",2111444.02,276629.489,29.488,"NALA","NEW LV 2.csv",140
"640",2111441.837,276628.464,29.465,"NALA","NEW LV 2.csv",141
"641",2111429.487,276623.069,29.449,"NALA","NEW LV 2.csv",142
"642",2111419.223,276618.707,29.321,"NALA","NEW LV 2.csv",143
"643",2111412.148,276615.865,29.424,"NALA","NEW LV 2.csv",144
"644",2111630.265,276705.267,28.653,"BRI","NEW LV 2.csv",145
"645",2111627.174,276713.315,29.747,"BRI","NEW LV 2.csv",146
"646",2111623.409,276722.707,30.292,"BRI","NEW LV 2.csv",147
"647",2111615.68,276741.395,30.752,"FT","NEW LV 2.csv",148
"648",2111608.156,276769.803,30.549,"FT","NEW LV 2.csv",149
"649",2111600.02,276800.909,30.494,"FT","NEW LV 2.csv",150
"650",2111593.568,276826.15,30.607,"FT","NEW LV 2.csv",151
"651",2111577.392,276853.743,30.687,"BT","NEW LV 2.csv",152
"652",2111576.42,276861.518,30.66,"BT","NEW LV 2.csv",153
"653",2111578.714,276867.536,30.807,"BT","NEW LV 2.csv",154
"654",2111581.238,276874.328,31.037,"BT","NEW LV 2.csv",155
"655",2111583.167,276881.923,31.031,"BT","NEW LV 2.csv",156
"656",2111583.556,276889.74,30.952,"BT","NEW LV 2.csv",157
"657",2111584.067,276900.19,31.058,"BT","NEW LV 2.csv",158
"658",2111583.11,276906.896,31.08,"BT","NEW LV 2.csv",159
"659",2111581.73,276917.138,31.098,"BT","NEW LV 2.csv",160
"660",2111580.604,276929.362,31.276,"BT","NEW LV 2.csv",161
"661",2111579.379,276942.32,31.554,"BT","NEW LV 2.csv",162
"662",2111577.593,276954.625,31.697,"BT","NEW LV 2.csv",163
"663",2111576.454,276971.996,32.168,"BT","NEW LV 2.csv",164
"664",2111575.203,276985.77,32.411,"BT","NEW LV 2.csv",165
"665",2111573.648,277003.4,32.826,"BT","NEW LV 2.csv",166
"666",2111572.652,277014.23,33.189,"BT","NEW LV 2.csv",167
"1",2111863.68,277144.306,9.981,,"NEW LV 2.csv",168
"C2",2111427.669,277183.332,5.687,"ST","NEW NALA.csv",1
"1",2111612.07,277344.745,5.555,"BED","NEW NALA.csv",2
"2",2111612.075,277342.864,5.507,"BRI","NEW NALA.csv",3
"3",2111613.833,277343.103,5.45,"BRI","NEW NALA.csv",4
"4",2111612.371,277353.312,4.805,"BRI","NEW NALA.csv",5
"5",2111519.953,277354.983,6.486,"NALA","NEW NALA.csv",6
"6",2111503.571,277360.644,4.735,"BED NALA","NEW NALA.csv",7
"7",2111674.841,277342.494,5.593,"BED","NEW NALA.csv",8
"8",2111674.8,277342.491,5.584,"BED","NEW NALA.csv",9
"9",2111626.207,277320.991,5.699,"BED","NEW NALA.csv",10
"10",2111626.209,277320.985,5.7,"BED","NEW NALA.csv",11
"D6",2111815.09,277733.116,10.487,"ST","sak-ak.csv",1
"1",2111806.314,277725.942,9.967,"LV","sak-ak.csv",2
"2",2111783.436,277718.473,9.936,"LV","sak-ak.csv",3
"3",2111766.47,277708.013,9.743,"LV","sak-ak.csv",4
"4",2111754.387,277700.289,9.633,"LV","sak-ak.csv",5
"5",2111746.937,277692.706,9.674,"DIV","sak-ak.csv",6
"6",2111746.645,277693.344,9.641,"DIV","sak-ak.csv",7
"7",2111746.924,277692.693,9.675,"DIV","sak-ak.csv",8
"8",2111737.952,277688.968,9.593,"DIV","sak-ak.csv",9
"9",2111727.354,277683.542,9.526,"DIV","sak-ak.csv",10
"10",2111727.679,277682.981,9.534,"DIV","sak-ak.csv",11
"11",2111720.146,277679.579,9.448,"LV","sak-ak.csv",12
"12",2111704.548,277671.966,9.282,"LV","sak-ak.csv",13
"13",2111692.994,277666.925,9.229,"DIV","sak-ak.csv",14
"14",2111692.775,277667.499,9.273,"DIV","sak-ak.csv",15
"15",2111681.552,277663.567,9.138,"DIV","sak-ak.csv",16
"16",2111669.716,277659.828,9.019,"DIV","sak-ak.csv",17
"17",2111661.272,277657.578,8.911,"DIV","sak-ak.csv",18
"18",2111648.022,277654.431,8.811,"DIV","sak-ak.csv",19
"19",2111635.763,277651.967,8.687,"DIV","sak-ak.csv",20
"20",2111630.219,277650.998,8.708,"DIV","sak-ak.csv",21
"21",2111618.364,277648.421,8.558,"DIV","sak-ak.csv",22
"22",2111610.644,277646.768,8.521,"DIV","sak-ak.csv",23
"23",2111599.8,277644.598,8.508,"DIV","sak-ak.csv",24
"24",2111598.871,277650.6,8.55,"FT","sak-ak.csv",25
"25",2111590.092,277643.123,8.435,"LV","sak-ak.csv",26
"26",2111600.007,277643.958,8.509,"DIV","sak-ak.csv",27
"27",2111600.037,277632.096,8.82,"FT","sak-ak.csv",28
"28",2111621.524,277639.506,8.566,"FT","sak-ak.csv",29
"29",2111651.951,277648.293,8.746,"FT","sak-ak.csv",30
"30",2111649.264,277661.597,8.725,"FT","sak-ak.csv",31
"31",2111676.016,277669.085,9.038,"FT","sak-ak.csv",32
"32",2111699.368,277661.978,9.204,"FT","sak-ak.csv",33
"33",2111731.193,277676.852,9.308,"FT","sak-ak.csv",34
"34",2111747.666,277683.381,9.696,"FT","sak-ak.csv",35
"35",2111753.779,277684.499,9.681,"FT","sak-ak.csv",36
"36",2111760.374,277687.792,9.824,"LV","sak-ak.csv",37
"37",2111785.274,277680.845,9.701,"LV","sak-ak.csv",38
"38",2111820.293,277673.857,9.866,"LV","sak-ak.csv",39
"39",2112018.174,277834.108,17.583,"LV","sak-ak.csv",40
"40",2112016.018,277853.778,19.044,"LV","sak-ak.csv",41
"41",2112004.068,277871.752,21.154,"LV","sak-ak.csv",42
"42",2111995.799,277891.91,22.941,"LV","sak-ak.csv",43
"43",2112017.326,277942.887,20.759,"LV","sak-ak.csv",44
"44",2112052.193,277935.93,20.792,"LV","sak-ak.csv",45
"45",2112092.379,277928.512,21.133,"LV","sak-ak.csv",46
"46",2112107.883,277959.936,21.52,"LV","sak-ak.csv",47
"47",2112124.133,277985.818,24.2,"LV","sak-ak.csv",48
"48",2112124.206,278025.952,24.975,"LV","sak-ak.csv",49
"49",2112137.416,278067.595,26.626,"LV","sak-ak.csv",50
"50",2112148.208,278085.214,28.646,"LV","sak-ak.csv",51
"51",2112120.679,278073.309,28.216,"LV","sak-ak.csv",52
"52",2112082.473,278062.02,27.509,"LV","sak-ak.csv",53
"53",2112072.031,278086.819,28.312,"LV","sak-ak.csv",54
"54",2112068.14,278122.998,28.917,"LV","sak-ak.csv",55
"55",2112010.08,278151.181,30.109,"LV","sak-ak.csv",56
"56",2111896.505,278174.328,31.188,"LV","sak-ak.csv",57
"57",2111836.253,278189.778,29.405,"LV","sak-ak.csv",58
"58",2111778.988,278207.386,25.116,"LV","sak-ak.csv",59
"59",2111688.616,278222.964,19.91,"LV","sak-ak.csv",60
"60",2111576.761,278257.85,12.073,"LV","sak-ak.csv",61
"61",2112483.754,277935.213,20.71,"LV","sak-ak.csv",63
"62",2112476.939,277950.226,20.957,"LV","sak-ak.csv",64
"63",2112465.611,277921.299,20.162,"LV","sak-ak.csv",65
"64",2112427.31,277905.118,20.371,"LV","sak-ak.csv",66
"65",2112383.046,277886.081,20.915,"LV","sak-ak.csv",67
"66",2112356.529,277887.93,22.744,"LV","sak-ak.csv",68
"67",2112328.174,277893.742,24.248,"LV","sak-ak.csv",69
"68",2112303.453,278017.322,31.194,"LV","sak-ak.csv",70
"69",2112577.86,278008.322,20.317,"LV","sak-ak.csv",71
"70",2113335.697,277800.305,10.145,"LV","sak-ak.csv",72
"71",2113408.711,277801.961,10.288,"LV","sak-ak.csv",73
"72",2113463.732,277805.145,10.441,"LV","sak-ak.csv",74
"73",2113495.966,277814.792,10.43,"CC","sak-ak.csv",75
"74",2113537.437,277838.453,10.491,"CC","sak-ak.csv",76
"75",2113558.354,277855.225,10.587,"CC END","sak-ak.csv",77
"76",2113552.04,277861.674,10.582,"DIV","sak-ak.csv",78
"77",2113551.479,277862.16,10.621,"DIV","sak-ak.csv",79
"78",2113546.695,277867.708,10.529,"CC END","sak-ak.csv",80
"79",2113536.726,277879.677,10.605,"FT","sak-ak.csv",81
"80",2113518.604,277921.633,10.344,"CC","sak-ak.csv",82
"81",2113486.602,277963.155,10.435,"CC","sak-ak.csv",83
"82",2113476.66,277959.594,10.307,"FT","sak-ak.csv",84
"83",2113450.072,278004.573,10.547,"CC+LV","sak-ak.csv",85
"84",2113416.527,278042.102,10.48,"CC+LV","sak-ak.csv",86
"85",2113523.523,277848.597,10.488,"FT","sak-ak.csv",87
"86",2113488.108,277829.392,10.375,"FT","sak-ak.csv",88
"87",2113465.988,277820.604,10.421,"CC","sak-ak.csv",89
"88",2113385.634,277816.525,10.211,"CC","sak-ak.csv",90
"89",2113323.408,277814.177,10.037,"CC","sak-ak.csv",91
"D8",2113421.278,278029.728,10.38,"ST","sak-ak.csv",92
"D16",2112570.893,278456.868,25.596,"ST","sak-ak.csv",93
"A20",2112230.441,277199.673,12.03,"ST","sak-ak.csv",95
"C1",2112044.896,277110.565,10.729,"ST","sak-ak.csv",96
"500",2112520.141,277754.314,14.831,"LV","SAKI NAKA 2.csv",2
"501",2112520.988,277769.032,15.201,"LV","SAKI NAKA 2.csv",3
"502",2112527.497,277824.839,18.705,"LV","SAKI NAKA 2.csv",4
"503",2112512.33,277875.247,19.281,"LV","SAKI NAKA 2.csv",5
"504",2112497.623,277911.898,19.946,"LV","SAKI NAKA 2.csv",6
"505",2112582.783,277978.542,20.012,"LV","SAKI NAKA 2.csv",7
"506",2112593.386,277935.146,19.908,"LV","SAKI NAKA 2.csv",8
"507",2112598.39,277901.876,19.639,"LV","SAKI NAKA 2.csv",9
"508",2112569.046,277897.309,20.057,"LV","SAKI NAKA 2.csv",10
"509",2112537.081,277881.719,19.735,"LV","SAKI NAKA 2.csv",11
"510",2112617.914,277895.331,18.927,"LV","SAKI NAKA 2.csv",12
"511",2112646.263,277879.372,18.213,"LV","SAKI NAKA 2.csv",13
"512",2112675.765,277880.668,17.185,"LV","SAKI NAKA 2.csv",14
"513",2112687.664,277883.596,16.871,"LV","SAKI NAKA 2.csv",15
"514",2112702.467,277857.368,16.205,"LV","SAKI NAKA 2.csv",16
"515",2112720.358,277869.09,15.89,"LV","SAKI NAKA 2.csv",17
"516",2112739.649,277850.875,15.523,"LV","SAKI NAKA 2.csv",18
"517",2112784.668,277867.371,15.147,"LV","SAKI NAKA 2.csv",19
"518",2112800.144,277796.638,13.099,"LV","SAKI NAKA 2.csv",20
"519",2112591.264,278012.486,20.415,"LV","SAKI NAKA 2.csv",21
"520",2112889.704,278061.7,18.505,"LV","SAKI NAKA 2.csv",22
"521",2112984.95,278101.117,17.366,"LV","SAKI NAKA 2.csv",23
"522",2112993.295,278103.646,17.149,"LV","SAKI NAKA 2.csv",24
"523",2112988.338,278117.939,17.166,"LV","SAKI NAKA 2.csv",25
"524",2112977.707,278139.15,17.373,"LV","SAKI NAKA 2.csv",26
"525",2112946.009,278136.962,17.423,"LV","SAKI NAKA 2.csv",27
"526",2112917.049,278132.931,17.881,"LV","SAKI NAKA 2.csv",28
"527",2112910.141,278159.182,18.225,"LV","SAKI NAKA 2.csv",29
"528",2112904.408,278180.198,18.378,"LV","SAKI NAKA 2.csv",30
"529",2112885.398,278126.263,18.019,"LV","SAKI NAKA 2.csv",31
"530",2113084.405,278075.274,15.921,"LV","SAKI NAKA 2.csv",32
"531",2113083.534,278052.849,15.889,"LV","SAKI NAKA 2.csv",33
"532",2113103.587,277957.184,12.347,"LV","SAKI NAKA 2.csv",34
"533",2113122.053,277958.41,12.374,"LV","SAKI NAKA 2.csv",35
"534",2113149.398,277977.135,12.574,"LV","SAKI NAKA 2.csv",36
"535",2113200.106,277988.265,12.993,"LV","SAKI NAKA 2.csv",37
"536",2113214.316,277984.627,12.618,"LV","SAKI NAKA 2.csv",38
"537",2113267.714,278002.756,12.112,"LV","SAKI NAKA 2.csv",39
"538",2113312.979,278023.584,11.996,"LV","SAKI NAKA 2.csv",40
"539",2113355.275,278032.812,11.103,"LV","SAKI NAKA 2.csv",41
"540",2113391.186,278060.78,10.554,"LV","SAKI NAKA 2.csv",42
"541",2113541.395,277853.239,10.588,"DIV","SAKI NAKA 2.csv",43
"542",2113521.769,277838.688,10.586,"DIV","SAKI NAKA 2.csv",44
"543",2113504.702,277828.879,10.527,"DIV","SAKI NAKA 2.csv",45
"544",2113492.237,277822.987,10.499,"DIV","SAKI NAKA 2.csv",46
"545",2113479.189,277818.006,10.498,"DIV","SAKI NAKA 2.csv",47
"546",2113468.614,277813.916,10.498,"DIV","SAKI NAKA 2.csv",48
"547",2113457.679,277810.814,10.476,"DIV","SAKI NAKA 2.csv",49
"548",2113434.795,277808.701,10.425,"DIV","SAKI NAKA 2.csv",50
"549",2113411.353,277808.948,10.413,"DIV","SAKI NAKA 2.csv",51
"550",2113396.282,277809.332,10.383,"DIV","SAKI NAKA 2.csv",52
"551",2113377.398,277809.338,10.309,"DIV","SAKI NAKA 2.csv",53
"552",2113355.793,277808.921,10.32,"DIV","SAKI NAKA 2.csv",54
"553",2113338.781,277807.887,10.164,"DIV","SAKI NAKA 2.csv",55
"554",2113317.801,277806.202,10.141,"DIV","SAKI NAKA 2.csv",56
"555",2113286.659,277803.529,10.048,"DIV","SAKI NAKA 2.csv",57
"556",2113286.505,277802.826,10.028,"DIV","SAKI NAKA 2.csv",58
"557",2113269.458,277801.725,9.946,"LV","SAKI NAKA 2.csv",59
"558",2113167.896,277771.148,10.541,"LV","SAKI NAKA 2.csv",60
"559",2113161.892,277709.783,10.37,"LV","SAKI NAKA 2.csv",61
"560",2113141.629,277658.88,9.29,"LV","SAKI NAKA 2.csv",62
"561",2113111.799,277652.178,9.295,"LV","SAKI NAKA 2.csv",63
"562",2113079.655,277645.566,9.301,"LV","SAKI NAKA 2.csv",64
"563",2113027.651,277634.062,9.391,"LV","SAKI NAKA 2.csv",65
"564",2112988.724,277626.389,9.391,"LV","SAKI NAKA 2.csv",66
"565",2112953.779,277618.49,9.517,"LV","SAKI NAKA 2.csv",67
"566",2112901.349,277608.095,9.647,"LV","SAKI NAKA 2.csv",68
"567",2113164.976,277735.682,10.824,"LV","SAKI NAKA 2.csv",69
"568",2113336.993,277828.917,10.941,"LV","SAKI NAKA 2.csv",70
"569",2113375.888,277814.779,10.223,"LV","SAKI NAKA 2.csv",71
"570",2113376.143,277820.3,10.805,"LV","SAKI NAKA 2.csv",72
"571",2113391.149,277844.481,11.194,"LV","SAKI NAKA 2.csv",73
"572",2113389.485,277873.925,11.215,"LV","SAKI NAKA 2.csv",74
"2",2112950.621,277805.201,11.907,"LV","SAKI NAKA 4.csv",2
"4",2112950.769,277804.801,11.835,"LV","SAKI NAKA 4.csv",3
"5",2113007.597,277803.212,11.199,"LLV","SAKI NAKA 4.csv",4
"6",2113014.061,277843.232,12.049,"LV","SAKI NAKA 4.csv",5
"7",2113147.195,277802.815,10.329,"LV","SAKI NAKA 4.csv",6
"8",2113146.756,277835.235,11.709,"LV","SAKI NAKA 4.csv",7
"9",2113231.947,277810.636,10.091,"LV","SAKI NAKA 4.csv",8
"10",2113222.156,277868.689,10.39,"LV","SAKI NAKA 4.csv",9
"11",2113207.227,277928.171,11.154,"LV","SAKI NAKA 4.csv",10
"12",2113212.807,277983.774,12.622,"LV","SAKI NAKA 4.csv",11
"13",2113416.929,278019.13,10.863,"LV","SAKI NAKA 4.csv",12
"14",2113386.461,277978.483,10.255,"LV","SAKI NAKA 4.csv",13
"D8",2113431.278,278029.728,10.38,"ST","SAKI NAKA 4.csv",14
"15",2113451.315,277995.67,7.852,"BED","SAKI NAKA 4.csv",15
"16",2113451.99,277996.534,10.771,"LV","SAKI NAKA 4.csv",16
"17",2113261.508,277810.783,7.296,"BED","SAKI NAKA 4.csv",17
"18",2113250.711,277786.651,7.06,"BED","SAKI NAKA 4.csv",18
"19",2113257.419,277675.79,6.158,"BED","SAKI NAKA 4.csv",19
"20",2113257.093,277675.762,9.605,"BRI","SAKI NAKA 4.csv",20
"21",2113273.864,277693.955,9.492,"BRI","SAKI NAKA 4.csv",21
"22",2113261.046,277691.767,9.699,"BRI","SAKI NAKA 4.csv",22
"23",2113261.694,277688.735,9.566,"LV","SAKI NAKA 4.csv",23
"1",2111816.101,277729.979,10.059,"LV","SAKI NAKA.csv",2
"2",2111814.434,277737.129,10.476,"N","SAKI NAKA.csv",3
"3",2111812.049,277749.943,10.37,"N","SAKI NAKA.csv",4
"4",2111809.839,277760.721,10.631,"N","SAKI NAKA.csv",5
"5",2111807.463,277771.136,10.696,"N","SAKI NAKA.csv",6
"6",2111807.709,277771.373,10.414,"BL","SAKI NAKA.csv",7
"7",2111809.131,277765.419,9.626,"BL","SAKI NAKA.csv",8
"8",2111812.221,277751.229,9.447,"BL","SAKI NAKA.csv",9
"9",2111814.928,277736.946,9.464,"BL","SAKI NAKA.csv",10
"10",2111813.165,277732.57,10.414,"LV","SAKI NAKA.csv",11
"11",2111816.208,277727.48,9.973,"LV","SAKI NAKA.csv",12
"12",2111840.174,277722.646,10.217,"LV","SAKI NAKA.csv",13
"13",2111865.014,277728.501,10.284,"LV","SAKI NAKA.csv",14
"14",2111897.549,277761.981,11.263,"LV","SAKI NAKA.csv",15
"15",2111909.252,277803.309,13.135,"LV","SAKI NAKA.csv",16
"16",2111975.213,277826.676,15.601,"LV","SAKI NAKA.csv",17
"17",2112017.574,277831.076,17.484,"LV","SAKI NAKA.csv",18
"18",2112065.311,277825.598,17.566,"LV","SAKI NAKA.csv",19
"19",2112112.859,277825.971,19.424,"LV","SAKI NAKA.csv",20
"20",2112133.262,277821.183,21.379,"LV","SAKI NAKA.csv",21
"21",2112135.465,277813.857,21.798,"LV","SAKI NAKA.csv",22
"22",2112129.829,277790.29,21.635,"LV","SAKI NAKA.csv",23
"23",2112129.231,277776.993,20.169,"LV","SAKI NAKA.csv",24
"24",2112128.73,277752.655,16.472,"LV","SAKI NAKA.csv",25
"25",2112127.046,277725.473,14.219,"LV","SAKI NAKA.csv",26
"26",2112127.608,277705.847,13.602,"LV","SAKI NAKA.csv",27
"27",2112117.137,277701.765,12.656,"LV","SAKI NAKA.csv",28
"28",2112151.142,277802.879,23.241,"LV","SAKI NAKA.csv",29
"29",2112167.268,277790.65,25.244,"LV","SAKI NAKA.csv",30
"30",2112188.968,277772.419,25.124,"LV","SAKI NAKA.csv",31
"31",2112217.57,277762.945,24.529,"LV","SAKI NAKA.csv",32
"32",2112195.705,277770.052,24.94,"LV","SAKI NAKA.csv",33
"33",2112257.591,277746.72,22.952,"LV","SAKI NAKA.csv",34
"34",2112266.247,277745.388,22.314,"LV","SAKI NAKA.csv",35
"35",2112268.529,277736.607,20.733,"LV","SAKI NAKA.csv",36
"36",2112273.249,277723.29,19.074,"LV","SAKI NAKA.csv",37
"37",2112308.702,277752.13,22.447,"LV","SAKI NAKA.csv",38
"38",2112346.477,277755.303,22.167,"LV","SAKI NAKA.csv",39
"39",2112100.643,277668.056,11.232,"LV","SAKI NAKA.csv",40
"40",2112147.592,277620.772,11.021,"LV","SAKI NAKA.csv",41
"41",2112143.541,277614.873,10.798,"LV","SAKI NAKA.csv",42
"42",2112133.57,277584.383,15.269,"LV","SAKI NAKA.csv",43
"43",2112133.582,277584.128,10.822,"LV","SAKI NAKA.csv",44
"44",2112090.737,277479.586,9.749,"LV","SAKI NAKA.csv",45
"45",2112093.2,277447.435,9.685,"LV","SAKI NAKA.csv",46
"46",2112097.438,277434.606,9.579,"LV","SAKI NAKA.csv",47
"47",2112160.098,277619.732,10.948,"LV","SAKI NAKA.csv",48
"48",2112202.107,277633.303,11.771,"LV","SAKI NAKA.csv",49
"49",2112211.256,277661.442,12.735,"LV","SAKI NAKA.csv",50
"50",2112284.58,277649.395,13.88,"LV","SAKI NAKA.csv",51
"501",2112518.942,277722.885,13.838,"LV","SAKI NAKA.csv",53
"502",2112520.904,277751.875,14.82,"LV","SAKI NAKA.csv",54
"503",2112525.68,277792.834,16.598,"LV","SAKI NAKA.csv",55
"504",2112522.427,277844.801,18.896,"LV","SAKI NAKA.csv",56
"505",2112522.412,277844.787,18.906,"LV","SAKI NAKA.csv",57
"506",2112490.078,277929.846,20.446,"LV","SAKI NAKA.csv",58
"507",2112506.139,277942.768,20.596,"LV","SAKI NAKA.csv",59
"508",2112525.977,277954.419,20.655,"LV","SAKI NAKA.csv",60
"509",2112549.959,277966.179,20.524,"LV","SAKI NAKA.csv",61
"510",2112583.487,277982.8,19.896,"LV","SAKI NAKA.csv",62
"511",2112615.092,277990.783,18.904,"LV","SAKI NAKA.csv",63
"512",2112659.647,277995.397,18.24,"LV","SAKI NAKA.csv",64
"513",2112694.551,277999.362,18.198,"LV","SAKI NAKA.csv",65
"514",2112735.801,278004.667,18.224,"LV","SAKI NAKA.csv",66
"515",2112761.227,278008.357,18.006,"LV","SAKI NAKA.csv",67
"516",2112762.169,277989.97,17.522,"LV","SAKI NAKA.csv",68
"517",2112770.757,277952.398,16.951,"LV","SAKI NAKA.csv",69
"518",2112782.931,277896.862,15.624,"LV","SAKI NAKA.csv",70
"519",2112786.502,277833.512,14.13,"LV","SAKI NAKA.csv",71
"520",2112788.944,277825.532,14.032,"LV","SAKI NAKA.csv",72
"521",2112811.629,277833.892,14.193,"LV","SAKI NAKA.csv",73
"522",2112816.171,277836.325,14.174,"LV","SAKI NAKA.csv",74
"523",2112568.53,278027.106,20.618,"LV","SAKI NAKA.csv",75
"524",2112594.811,278041.924,20.759,"LV","SAKI NAKA.csv",76
"525",2112625.118,278065.028,21.13,"LV","SAKI NAKA.csv",77
"526",2112802.348,278020.151,18.46,"LV","SAKI NAKA.csv",78
"527",2112865.628,278053.28,18.747,"LV","SAKI NAKA.csv",79
"528",2112925.764,278075.423,17.984,"LV","SAKI NAKA.csv",80
"529",2112963.823,278090.486,17.467,"LV","SAKI NAKA.csv",81
"530",2113004.736,278077.853,16.899,"LV","SAKI NAKA.csv",82
"531",2113037.564,278085.661,16.298,"LV","SAKI NAKA.csv",83
"532",2113084.322,278080.46,15.436,"LV","SAKI NAKA.csv",84
"533",2113136.994,278079.573,14.864,"LV","SAKI NAKA.csv",85
"534",2113144.472,278096.029,14.413,"LV","SAKI NAKA.csv",86
"535",2113188.284,278101.418,13.857,"LV","SAKI NAKA.csv",87
"536",2113228.644,278108.174,13.614,"LV","SAKI NAKA.csv",88
"537",2113241.423,278140.473,13.047,"LV","SAKI NAKA.csv",89
"538",2113250.746,278165.873,11.919,"LV","SAKI NAKA.csv",90
"539",2113250.742,278167.198,11.978,"LV","SAKI NAKA.csv",91
"540",2113264.302,278157.773,11.851,"CC","SAKI NAKA.csv",92
"541",2113306.632,278132.649,11.689,"CC","SAKI NAKA.csv",93
"D8",2113421.278,278029.728,10.38,"CC","SAKI NAKA.csv",94
"D9",2113539.062,277878.316,10.57,"ST","SAKI NAKA.csv",95
"D10",2113430.173,277815.848,10.33,"CC","SAKI NAKA.csv",96
"D11",2113392.585,277820.624,10.758,"LV","SAKI NAKA.csv",97
"542",2112707.816,277744.26,13.073,"LV","SAKI NAKA.csv",98
"543",2112757.019,277761.288,12.819,"LV","SAKI NAKA.csv",99
"544",2113165.549,277785.084,10.231,"LV","SAKI NAKA.csv",100
"545",2113175.092,277741.887,10.598,"LV","SAKI NAKA.csv",101
"546",2113158.175,277692.012,9.984,"LV","SAKI NAKA.csv",102
"547",2113155.205,277666.711,9.498,"LV","SAKI NAKA.csv",103
"548",2113156.503,277662.106,9.34,"LV","SAKI NAKA.csv",104
"549",2113186.489,277665.598,9.126,"LV","SAKI NAKA.csv",105
"550",2113220.594,277672.778,9.074,"LV","SAKI NAKA.csv",106
"551",2113253.629,277679.368,9.752,"LV","SAKI NAKA.csv",107
"552",2113292.576,277692.336,9.184,"LV","SAKI NAKA.csv",108
"553",2113343.016,277700.27,9.358,"LV","SAKI NAKA.csv",109
"554",2113408.995,277714.034,9.665,"LV","SAKI NAKA.csv",110
"555",2113465.855,277727.201,10.236,"LV","SAKI NAKA.csv",111
"556",2113526.696,277740.748,10.818,"LV","SAKI NAKA.csv",112
"557",2113587.532,277752.987,11.105,"LV","SAKI NAKA.csv",113
"558",2113621.941,277756.758,11.409,"LV","SAKI NAKA.csv",114
"559",2113141.094,277738.63,11.205,"LV","SAKI NAKA.csv",115
"560",2113329.947,277846.615,11.251,"LV","SAKI NAKA.csv",116
"561",2113315.249,277880.935,12.354,"LV","SAKI NAKA.csv",117
"562",2113372.006,277863.526,11.308,"LV","SAKI NAKA.csv",118
"563",2113392.882,277820.502,10.901,"LV","SAKI NAKA.csv",119
"564",2113422.08,278030.797,10.407,"CC","SAKI NAKA.csv",120
"565",2113407.338,278047.745,10.454,"CC","SAKI NAKA.csv",121
"566",2113391.52,278054.916,10.42,"FT","SAKI NAKA.csv",122
"567",2113374.93,278083.852,10.687,"LV","SAKI NAKA.csv",123
"568",2113346.497,278108.566,11.007,"LV","SAKI NAKA.csv",124
"569",2113321.949,278116.948,11.38,"FT","SAKI NAKA.csv",125
"570",2113313.567,278130.661,11.656,"LV","SAKI NAKA.csv",126
"571",2113300.23,278131.851,11.612,"FT","SAKI NAKA.csv",127
"572",2113303.289,278137.983,11.708,"LV","SAKI NAKA.csv",128
"573",2113287.602,278149.242,11.803,"LV","SAKI NAKA.csv",129
"574",2113254.387,278167.712,11.963,"LV","SAKI NAKA.csv",130
"575",2113210.194,278192.106,11.982,"LV","SAKI NAKA.csv",131
"576",2113182.34,278196.406,11.997,"FT","SAKI NAKA.csv",132
"577",2113140.491,278230.662,13.106,"LV","SAKI NAKA.csv",133
"578",2113101.259,278251.629,13.91,"LV","SAKI NAKA.csv",134
"579",2113077.082,278263.4,14.24,"LV","SAKI NAKA.csv",135
"580",2113073.982,278256.602,14.07,"FT","SAKI NAKA.csv",136
"581",2113034.059,278286.718,14.762,"LV","SAKI NAKA.csv",137
"582",2113005.188,278308.851,15.11,"LV","SAKI NAKA.csv",138
"583",2113018.641,278332.198,14.991,"FT","SAKI NAKA.csv",139
"584",2113053.435,278311.124,14.344,"FT","SAKI NAKA.csv",140
"585",2113124.304,278271.308,13.634,"FT","SAKI NAKA.csv",141
"586",2113205.752,278229.549,11.992,"FT","SAKI NAKA.csv",142
"587",2113267.283,278194.549,11.903,"FT","SAKI NAKA.csv",143
"588",2113323.81,278162.116,11.548,"FT","SAKI NAKA.csv",144
"589",2113354.394,278139.211,11.091,"FT","SAKI NAKA.csv",145
"590",2113398.724,278098.483,10.591,"FT","SAKI NAKA.csv",146
"591",2113432.322,278055.214,10.487,"LV","SAKI NAKA.csv",147
"592",2113459.148,278039.5,10.717,"FT","SAKI NAKA.csv",148
"593",2113504.046,277987.933,10.212,"FT","SAKI NAKA.csv",149
"594",2113095.18,278245.537,13.942,"LV","SAKI NAKA.csv",150
"595",2113034.577,278274.094,15.017,"LV","SAKI NAKA.csv",151
"596",2113013.624,278289.757,15.143,"LV","SAKI NAKA.csv",152
"597",2112984.573,278308.808,15.491,"LV","SAKI NAKA.csv",153
"598",2112946.285,278270.714,18.08,"LV","SAKI NAKA.csv",154
"599",2112903.586,278242.638,18.853,"LV","SAKI NAKA.csv",155
"600",2112896.824,278386.918,16.125,"LV","SAKI NAKA.csv",156
"601",2112877.256,278369.598,16.475,"LV","SAKI NAKA.csv",157
"602",2112898.49,278401.081,15.827,"LV","SAKI NAKA.csv",158
"603",2112874.12,278431.212,15.769,"LV","SAKI NAKA.csv",159
"604",2112641.995,278535.782,23.664,"LV","SAKI NAKA.csv",160
"D15",2112570.893,278456.868,25.609,"ST","SAKI NAKA.csv",161
"625",2112268.149,278292.572,27.272,"LV","SAKI NAKA.csv",163
"626",2112317.705,278262.82,27.112,"LV","SAKI NAKA.csv",164
"627",2112380.01,278237.249,27.308,"LV","SAKI NAKA.csv",165
"628",2112441.375,278241.679,25.893,"LV","SAKI NAKA.csv",166
"629",2112556.467,278245.118,24.452,"LV","SAKI NAKA.csv",167
"630",2112376.805,278203.567,31.324,"LV","SAKI NAKA.csv",168
"631",2112321.658,278168.76,32.73,"LV","SAKI NAKA.csv",169
"632",2112285.321,278132.691,33.055,"LV","SAKI NAKA.csv",170
"633",2112221.789,278115.474,30.57,"LV","SAKI NAKA.csv",171
"634",2112158.077,278088.688,29.037,"LV","SAKI NAKA.csv",172
"635",2112146.559,278084.087,28.481,"LV","SAKI NAKA.csv",173
"636",2112149.047,278077.856,27.993,"LV","SAKI NAKA.csv",174
"637",2112079.876,278062.659,27.471,"LV","SAKI NAKA.csv",175
"638",2112068.96,278124.204,28.901,"LV","SAKI NAKA.csv",176
"639",2111967.401,278171.018,31.663,"LV","SAKI NAKA.csv",177
"640",2111989.635,278221.821,31.948,"LV","SAKI NAKA.csv",178
"641",2112025.261,278308.321,30.026,"LV","SAKI NAKA.csv",179
"642",2112062.189,278360.161,29.683,"LV","SAKI NAKA.csv",180
"643",2112026.485,278368.26,32.243,"LV","SAKI NAKA.csv",181
"644",2111987.137,278363.427,32.887,"LV","SAKI NAKA.csv",182
"645",2112096.358,278347.198,26.633,"LV","SAKI NAKA.csv",183
"646",2112125.215,278322.387,24.076,"LV","SAKI NAKA.csv",184
"647",2112194.667,278304.781,24.828,"LV","SAKI NAKA.csv",185
"648",2112246.212,278292.444,26.665,"LV","SAKI NAKA.csv",186
"D20",2112230.444,277199.676,12.035,"ST","SAKI NAKA.csv",188
"D21",2112230.441,277199.673,12.03,"ST","SAKI NAKA.csv",189
"605",2111788.733,277072.882,9.927,"LV","SAKI NAKA.csv",190
"606",2111803.44,277076.298,10.136,"LV","SAKI NAKA.csv",191
"607",2111820.682,277079.975,10.384,"LV","SAKI NAKA.csv",192
"608",2111845.326,277083.874,10.46,"LV","SAKI NAKA.csv",193
"609",2111873.787,277086.139,10.427,"LV","SAKI NAKA.csv",194
"610",2111906.062,277087.372,10.409,"LV","SAKI NAKA.csv",195
"611",2111925.803,277084.145,10.336,"LV","SAKI NAKA.csv",196
"612",2111960.441,277090.388,10.397,"LV","SAKI NAKA.csv",197
"613",2111981.712,277098.565,10.368,"LV","SAKI NAKA.csv",198
"C2",2112060.875,277119.737,10.808,"ST","SAKI NAKA.csv",200
"650",2112109.141,277143.071,11.457,"LV","SAKI NAKA.csv",201
"651",2112124.436,277097.391,11.74,"LV","SAKI NAKA.csv",202
"652",2112149.878,277101.441,12.41,"LV","SAKI NAKA.csv",203
"653",2112185.817,277097.113,12.627,"LV","SAKI NAKA.csv",204
"654",2112225.56,277096.841,11.964,"LV","SAKI NAKA.csv",205
"655",2112266.478,277095.454,12.404,"LV","SAKI NAKA.csv",206
"656",2112283.472,277099.323,11.316,"LV","SAKI NAKA.csv",207
"657",2112296.82,277029.04,10.045,"LV","SAKI NAKA.csv",208
"658",2112301.01,276942.654,1.217,"LV","SAKI NAKA.csv",209
"659",2112368.321,276887.147,4.806,"LV","SAKI NAKA.csv",210
"660",2112418.122,276873.348,4.043,"LV","SAKI NAKA.csv",211
"661",2112416.682,276826.903,3.518,"LV","SAKI NAKA.csv",212
"662",2112392.453,276835.866,3.972,"LV","SAKI NAKA.csv",213
"663",2112354.808,276845.687,4.512,"LV","SAKI NAKA.csv",214
"664",2112462.582,276818.051,5.592,"LV","SAKI NAKA.csv",215
"665",2112509.835,276815.587,4.5,"LV","SAKI NAKA.csv",216
"666",2112572.53,276847.489,5.258,"LV","SAKI NAKA.csv",217
"667",2112605.221,276872.76,6.187,"LV","SAKI NAKA.csv",218
"668",2112626.036,276921.698,5.772,"LV","SAKI NAKA.csv",219
"669",2112606.417,276869.552,6.557,"CW TOP1","SAKI NAKA.csv",220
"670",2112607.596,276870.399,3.368,"BED","SAKI NAKA.csv",221
"671",2112619.492,276893.614,3.265,"BED","SAKI NAKA.csv",222
"672",2112617.743,276890.783,6.164,"N","SAKI NAKA.csv",223
"673",2112634.26,276925.07,5.647,"N","SAKI NAKA.csv",224
"674",2112630.5,276920.063,5.7,"N","SAKI NAKA.csv",225
"675",2112629.512,276918.009,5.953,"N","SAKI NAKA.csv",226
"676",2112624.871,276908.16,6.213,"N","SAKI NAKA.csv",227
"677",2112612.785,276877.812,6.209,"N","SAKI NAKA.csv",228
"678",2112606.988,276870.584,6.007,"N","SAKI NAKA.csv",229
"679",2112597.288,276861.977,5.945,"N","SAKI NAKA.csv",230
"680",2112571.284,276840.919,5.345,"N","SAKI NAKA.csv",231
"681",2112553.111,276827.195,4.707,"N","SAKI NAKA.csv",232
"682",2112544.315,276821.343,3.246,"BAD","SAKI NAKA.csv",233
"683",2112530.737,276815.605,4.582,"N","SAKI NAKA.csv",234
"684",2112520.041,276811.73,4.4,"N","SAKI NAKA.csv",235
"685",2112508.306,276810.861,4.608,"N","SAKI NAKA.csv",236
"686",2112470.846,276816.064,5.798,"N","SAKI NAKA.csv",237
"687",2112469.396,276816.036,3.452,"BAD","SAKI NAKA.csv",238
"688",2112421.695,276822.66,4.452,"N","SAKI NAKA.csv",239
"689",2112420.273,276822.537,3.159,"BAD","SAKI NAKA.csv",240
"690",2112356.355,276837.885,4.668,"N","SAKI NAKA.csv",241
"691",2112356.862,276837.463,3.204,"BAD","SAKI NAKA.csv",242
"692",2112334.699,276845.608,4.999,"N","SAKI NAKA.csv",243
"693",2112330.963,276846.712,4.778,"N","SAKI NAKA.csv",244
"694",2112326.968,276847.776,5.069,"N","SAKI NAKA.csv",245
"695",2112317.849,276850.061,6.138,"N","SAKI NAKA.csv",246
"696",2112294.748,276856.972,6.162,"N","SAKI NAKA.csv",247
"697",2112285.885,276859.453,2.049,"BAD","SAKI NAKA.csv",248
"698",2112277.582,276862.265,6.064,"N","SAKI NAKA.csv",249
"699",2112277.093,276868.258,6.431,"CW","SAKI NAKA.csv",250
"700",2112277.318,276872.27,6.489,"CW","SAKI NAKA.csv",251
"701",2112288.999,276891.462,6.316,"CW","SAKI NAKA.csv",252
"702",2112377.267,276891.978,4.331,"LV","SAKI NAKA.csv",253
"703",2112383.965,276951.133,5.885,"LV","SAKI NAKA.csv",254
"704",2112441.102,276946.56,7.624,"LV","SAKI NAKA.csv",255
"705",2112444.176,277001.658,8.227,"LV","SAKI NAKA.csv",256
"706",2112478.796,277059.705,8.596,"LV","SAKI NAKA.csv",257
